<?xml version="1.0" encoding="UTF-8"?>
<gpx creator="Garmin Connect" version="1.1"
  xsi:schemaLocation="http://www.topografix.com/GPX/1/1 http://www.topografix.com/GPX/11.xsd"
  xmlns:ns3="http://www.garmin.com/xmlschemas/TrackPointExtension/v1"
  xmlns="http://www.topografix.com/GPX/1/1"
  xmlns:xsi="http://www.w3.org/2001/XMLSchema-instance" xmlns:ns2="http://www.garmin.com/xmlschemas/GpxExtensions/v3">
  <metadata>
    <link href="connect.garmin.com">
      <text>Garmin Connect</text>
    </link>
    <time>2026-05-17T07:30:00.000Z</time>
  </metadata>
  <trk>
    <name>Sortie de démonstration</name>
    <type>road_biking</type>
    <trkseg>
      <trkpt lat="46.1000329468" lon="7.0701080369">
        <ele>460.04</ele>
        <time>2026-05-17T07:30:00.000Z</time>
        <extensions>
          <ns3:TrackPointExtension>
            <ns3:atemp>18.0</ns3:atemp>
            <ns3:hr>123</ns3:hr>
            <ns3:cad>78</ns3:cad>
            <ns3:power>187</ns3:power>
          </ns3:TrackPointExtension>
        </extensions>
      </trkpt>
      <trkpt lat="46.1000652009" lon="7.0702125661">
        <ele>460.09</ele>
        <time>2026-05-17T07:30:01.000Z</time>
        <extensions>
          <ns3:TrackPointExtension>
            <ns3:atemp>18.0</ns3:atemp>
            <ns3:hr>123</ns3:hr>
            <ns3:cad>78</ns3:cad>
            <ns3:power>188</ns3:power>
          </ns3:TrackPointExtension>
        </extensions>
      </trkpt>
      <trkpt lat="46.1000909920" lon="7.0703169313">
        <ele>460.13</ele>
        <time>2026-05-17T07:30:02.000Z</time>
        <extensions>
          <ns3:TrackPointExtension>
            <ns3:atemp>18.0</ns3:atemp>
            <ns3:hr>123</ns3:hr>
            <ns3:cad>78</ns3:cad>
            <ns3:power>188</ns3:power>
          </ns3:TrackPointExtension>
        </extensions>
      </trkpt>
      <trkpt lat="46.1001219877" lon="7.0704212267">
        <ele>460.17</ele>
        <time>2026-05-17T07:30:03.000Z</time>
        <extensions>
          <ns3:TrackPointExtension>
            <ns3:atemp>18.0</ns3:atemp>
            <ns3:hr>123</ns3:hr>
            <ns3:cad>79</ns3:cad>
            <ns3:power>189</ns3:power>
          </ns3:TrackPointExtension>
        </extensions>
      </trkpt>
      <trkpt lat="46.1001504176" lon="7.0705247516">
        <ele>460.21</ele>
        <time>2026-05-17T07:30:04.000Z</time>
        <extensions>
          <ns3:TrackPointExtension>
            <ns3:atemp>18.0</ns3:atemp>
            <ns3:hr>123</ns3:hr>
            <ns3:cad>79</ns3:cad>
            <ns3:power>189</ns3:power>
          </ns3:TrackPointExtension>
        </extensions>
      </trkpt>
      <trkpt lat="46.1001796513" lon="7.0706239631">
        <ele>460.26</ele>
        <time>2026-05-17T07:30:05.000Z</time>
        <extensions>
          <ns3:TrackPointExtension>
            <ns3:atemp>18.0</ns3:atemp>
            <ns3:hr>123</ns3:hr>
            <ns3:cad>79</ns3:cad>
            <ns3:power>190</ns3:power>
          </ns3:TrackPointExtension>
        </extensions>
      </trkpt>
      <trkpt lat="46.1002132446" lon="7.0707196654">
        <ele>460.30</ele>
        <time>2026-05-17T07:30:06.000Z</time>
        <extensions>
          <ns3:TrackPointExtension>
            <ns3:atemp>18.0</ns3:atemp>
            <ns3:hr>123</ns3:hr>
            <ns3:cad>79</ns3:cad>
            <ns3:power>191</ns3:power>
          </ns3:TrackPointExtension>
        </extensions>
      </trkpt>
      <trkpt lat="46.1002417551" lon="7.0708190904">
        <ele>460.34</ele>
        <time>2026-05-17T07:30:07.000Z</time>
        <extensions>
          <ns3:TrackPointExtension>
            <ns3:atemp>18.0</ns3:atemp>
            <ns3:hr>124</ns3:hr>
            <ns3:cad>80</ns3:cad>
            <ns3:power>191</ns3:power>
          </ns3:TrackPointExtension>
        </extensions>
      </trkpt>
      <trkpt lat="46.1002720477" lon="7.0709269227">
        <ele>460.38</ele>
        <time>2026-05-17T07:30:08.000Z</time>
        <extensions>
          <ns3:TrackPointExtension>
            <ns3:atemp>18.0</ns3:atemp>
            <ns3:hr>124</ns3:hr>
            <ns3:cad>80</ns3:cad>
            <ns3:power>192</ns3:power>
          </ns3:TrackPointExtension>
        </extensions>
      </trkpt>
      <trkpt lat="46.1003068905" lon="7.0710297091">
        <ele>460.43</ele>
        <time>2026-05-17T07:30:09.000Z</time>
        <extensions>
          <ns3:TrackPointExtension>
            <ns3:atemp>18.0</ns3:atemp>
            <ns3:hr>124</ns3:hr>
            <ns3:cad>80</ns3:cad>
            <ns3:power>192</ns3:power>
          </ns3:TrackPointExtension>
        </extensions>
      </trkpt>
      <trkpt lat="46.1003411956" lon="7.0711291273">
        <ele>460.47</ele>
        <time>2026-05-17T07:30:10.000Z</time>
        <extensions>
          <ns3:TrackPointExtension>
            <ns3:atemp>18.0</ns3:atemp>
            <ns3:hr>124</ns3:hr>
            <ns3:cad>80</ns3:cad>
            <ns3:power>193</ns3:power>
          </ns3:TrackPointExtension>
        </extensions>
      </trkpt>
      <trkpt lat="46.1003767652" lon="7.0712291010">
        <ele>460.51</ele>
        <time>2026-05-17T07:30:11.000Z</time>
        <extensions>
          <ns3:TrackPointExtension>
            <ns3:atemp>18.0</ns3:atemp>
            <ns3:hr>124</ns3:hr>
            <ns3:cad>80</ns3:cad>
            <ns3:power>193</ns3:power>
          </ns3:TrackPointExtension>
        </extensions>
      </trkpt>
      <trkpt lat="46.1004035080" lon="7.0713323797">
        <ele>460.56</ele>
        <time>2026-05-17T07:30:12.000Z</time>
        <extensions>
          <ns3:TrackPointExtension>
            <ns3:atemp>18.0</ns3:atemp>
            <ns3:hr>124</ns3:hr>
            <ns3:cad>81</ns3:cad>
            <ns3:power>194</ns3:power>
          </ns3:TrackPointExtension>
        </extensions>
      </trkpt>
      <trkpt lat="46.1004391935" lon="7.0714331030">
        <ele>460.60</ele>
        <time>2026-05-17T07:30:13.000Z</time>
        <extensions>
          <ns3:TrackPointExtension>
            <ns3:atemp>18.0</ns3:atemp>
            <ns3:hr>124</ns3:hr>
            <ns3:cad>81</ns3:cad>
            <ns3:power>195</ns3:power>
          </ns3:TrackPointExtension>
        </extensions>
      </trkpt>
      <trkpt lat="46.1004682512" lon="7.0715324607">
        <ele>460.64</ele>
        <time>2026-05-17T07:30:14.000Z</time>
        <extensions>
          <ns3:TrackPointExtension>
            <ns3:atemp>18.0</ns3:atemp>
            <ns3:hr>124</ns3:hr>
            <ns3:cad>81</ns3:cad>
            <ns3:power>195</ns3:power>
          </ns3:TrackPointExtension>
        </extensions>
      </trkpt>
      <trkpt lat="46.1004978065" lon="7.0716386286">
        <ele>460.69</ele>
        <time>2026-05-17T07:30:15.000Z</time>
        <extensions>
          <ns3:TrackPointExtension>
            <ns3:atemp>18.0</ns3:atemp>
            <ns3:hr>124</ns3:hr>
            <ns3:cad>81</ns3:cad>
            <ns3:power>196</ns3:power>
          </ns3:TrackPointExtension>
        </extensions>
      </trkpt>
      <trkpt lat="46.1005336380" lon="7.0717359683">
        <ele>460.73</ele>
        <time>2026-05-17T07:30:16.000Z</time>
        <extensions>
          <ns3:TrackPointExtension>
            <ns3:atemp>18.0</ns3:atemp>
            <ns3:hr>124</ns3:hr>
            <ns3:cad>82</ns3:cad>
            <ns3:power>196</ns3:power>
          </ns3:TrackPointExtension>
        </extensions>
      </trkpt>
      <trkpt lat="46.1005662931" lon="7.0718446132">
        <ele>460.77</ele>
        <time>2026-05-17T07:30:17.000Z</time>
        <extensions>
          <ns3:TrackPointExtension>
            <ns3:atemp>18.0</ns3:atemp>
            <ns3:hr>124</ns3:hr>
            <ns3:cad>82</ns3:cad>
            <ns3:power>197</ns3:power>
          </ns3:TrackPointExtension>
        </extensions>
      </trkpt>
      <trkpt lat="46.1006001488" lon="7.0719501150">
        <ele>460.82</ele>
        <time>2026-05-17T07:30:18.000Z</time>
        <extensions>
          <ns3:TrackPointExtension>
            <ns3:atemp>18.0</ns3:atemp>
            <ns3:hr>125</ns3:hr>
            <ns3:cad>82</ns3:cad>
            <ns3:power>197</ns3:power>
          </ns3:TrackPointExtension>
        </extensions>
      </trkpt>
      <trkpt lat="46.1006382782" lon="7.0720590392">
        <ele>460.86</ele>
        <time>2026-05-17T07:30:19.000Z</time>
        <extensions>
          <ns3:TrackPointExtension>
            <ns3:atemp>18.0</ns3:atemp>
            <ns3:hr>125</ns3:hr>
            <ns3:cad>82</ns3:cad>
            <ns3:power>198</ns3:power>
          </ns3:TrackPointExtension>
        </extensions>
      </trkpt>
      <trkpt lat="46.1006696994" lon="7.0721656977">
        <ele>460.90</ele>
        <time>2026-05-17T07:30:20.000Z</time>
        <extensions>
          <ns3:TrackPointExtension>
            <ns3:atemp>18.0</ns3:atemp>
            <ns3:hr>125</ns3:hr>
            <ns3:cad>82</ns3:cad>
            <ns3:power>198</ns3:power>
          </ns3:TrackPointExtension>
        </extensions>
      </trkpt>
      <trkpt lat="46.1007069026" lon="7.0722729386">
        <ele>460.95</ele>
        <time>2026-05-17T07:30:21.000Z</time>
        <extensions>
          <ns3:TrackPointExtension>
            <ns3:atemp>18.0</ns3:atemp>
            <ns3:hr>125</ns3:hr>
            <ns3:cad>83</ns3:cad>
            <ns3:power>199</ns3:power>
          </ns3:TrackPointExtension>
        </extensions>
      </trkpt>
      <trkpt lat="46.1007387059" lon="7.0723784558">
        <ele>460.99</ele>
        <time>2026-05-17T07:30:22.000Z</time>
        <extensions>
          <ns3:TrackPointExtension>
            <ns3:atemp>18.0</ns3:atemp>
            <ns3:hr>125</ns3:hr>
            <ns3:cad>83</ns3:cad>
            <ns3:power>199</ns3:power>
          </ns3:TrackPointExtension>
        </extensions>
      </trkpt>
      <trkpt lat="46.1007680122" lon="7.0724782953">
        <ele>461.04</ele>
        <time>2026-05-17T07:30:23.000Z</time>
        <extensions>
          <ns3:TrackPointExtension>
            <ns3:atemp>18.0</ns3:atemp>
            <ns3:hr>125</ns3:hr>
            <ns3:cad>83</ns3:cad>
            <ns3:power>200</ns3:power>
          </ns3:TrackPointExtension>
        </extensions>
      </trkpt>
      <trkpt lat="46.1008060381" lon="7.0725828857">
        <ele>461.08</ele>
        <time>2026-05-17T07:30:24.000Z</time>
        <extensions>
          <ns3:TrackPointExtension>
            <ns3:atemp>18.0</ns3:atemp>
            <ns3:hr>125</ns3:hr>
            <ns3:cad>83</ns3:cad>
            <ns3:power>200</ns3:power>
          </ns3:TrackPointExtension>
        </extensions>
      </trkpt>
      <trkpt lat="46.1008351684" lon="7.0726823177">
        <ele>461.12</ele>
        <time>2026-05-17T07:30:25.000Z</time>
        <extensions>
          <ns3:TrackPointExtension>
            <ns3:atemp>18.0</ns3:atemp>
            <ns3:hr>125</ns3:hr>
            <ns3:cad>83</ns3:cad>
            <ns3:power>201</ns3:power>
          </ns3:TrackPointExtension>
        </extensions>
      </trkpt>
      <trkpt lat="46.1008656466" lon="7.0727922523">
        <ele>461.17</ele>
        <time>2026-05-17T07:30:26.000Z</time>
        <extensions>
          <ns3:TrackPointExtension>
            <ns3:atemp>18.0</ns3:atemp>
            <ns3:hr>125</ns3:hr>
            <ns3:cad>84</ns3:cad>
            <ns3:power>201</ns3:power>
          </ns3:TrackPointExtension>
        </extensions>
      </trkpt>
      <trkpt lat="46.1009053085" lon="7.0729001731">
        <ele>461.21</ele>
        <time>2026-05-17T07:30:27.000Z</time>
        <extensions>
          <ns3:TrackPointExtension>
            <ns3:atemp>18.0</ns3:atemp>
            <ns3:hr>125</ns3:hr>
            <ns3:cad>84</ns3:cad>
            <ns3:power>202</ns3:power>
          </ns3:TrackPointExtension>
        </extensions>
      </trkpt>
      <trkpt lat="46.1009355205" lon="7.0730006352">
        <ele>461.25</ele>
        <time>2026-05-17T07:30:28.000Z</time>
        <extensions>
          <ns3:TrackPointExtension>
            <ns3:atemp>18.0</ns3:atemp>
            <ns3:hr>126</ns3:hr>
            <ns3:cad>84</ns3:cad>
            <ns3:power>202</ns3:power>
          </ns3:TrackPointExtension>
        </extensions>
      </trkpt>
      <trkpt lat="46.1009705053" lon="7.0730952668">
        <ele>461.30</ele>
        <time>2026-05-17T07:30:29.000Z</time>
        <extensions>
          <ns3:TrackPointExtension>
            <ns3:atemp>18.0</ns3:atemp>
            <ns3:hr>126</ns3:hr>
            <ns3:cad>84</ns3:cad>
            <ns3:power>202</ns3:power>
          </ns3:TrackPointExtension>
        </extensions>
      </trkpt>
      <trkpt lat="46.1010096548" lon="7.0732038883">
        <ele>461.34</ele>
        <time>2026-05-17T07:30:30.000Z</time>
        <extensions>
          <ns3:TrackPointExtension>
            <ns3:atemp>18.0</ns3:atemp>
            <ns3:hr>126</ns3:hr>
            <ns3:cad>84</ns3:cad>
            <ns3:power>203</ns3:power>
          </ns3:TrackPointExtension>
        </extensions>
      </trkpt>
      <trkpt lat="46.1010410660" lon="7.0733080089">
        <ele>461.39</ele>
        <time>2026-05-17T07:30:31.000Z</time>
        <extensions>
          <ns3:TrackPointExtension>
            <ns3:atemp>18.0</ns3:atemp>
            <ns3:hr>126</ns3:hr>
            <ns3:cad>84</ns3:cad>
            <ns3:power>203</ns3:power>
          </ns3:TrackPointExtension>
        </extensions>
      </trkpt>
      <trkpt lat="46.1010759480" lon="7.0734081915">
        <ele>461.43</ele>
        <time>2026-05-17T07:30:32.000Z</time>
        <extensions>
          <ns3:TrackPointExtension>
            <ns3:atemp>18.0</ns3:atemp>
            <ns3:hr>126</ns3:hr>
            <ns3:cad>85</ns3:cad>
            <ns3:power>204</ns3:power>
          </ns3:TrackPointExtension>
        </extensions>
      </trkpt>
      <trkpt lat="46.1011123025" lon="7.0735138054">
        <ele>461.48</ele>
        <time>2026-05-17T07:30:33.000Z</time>
        <extensions>
          <ns3:TrackPointExtension>
            <ns3:atemp>18.0</ns3:atemp>
            <ns3:hr>126</ns3:hr>
            <ns3:cad>85</ns3:cad>
            <ns3:power>204</ns3:power>
          </ns3:TrackPointExtension>
        </extensions>
      </trkpt>
      <trkpt lat="46.1011489153" lon="7.0736192499">
        <ele>461.52</ele>
        <time>2026-05-17T07:30:34.000Z</time>
        <extensions>
          <ns3:TrackPointExtension>
            <ns3:atemp>18.0</ns3:atemp>
            <ns3:hr>126</ns3:hr>
            <ns3:cad>85</ns3:cad>
            <ns3:power>204</ns3:power>
          </ns3:TrackPointExtension>
        </extensions>
      </trkpt>
      <trkpt lat="46.1011899533" lon="7.0737235775">
        <ele>461.56</ele>
        <time>2026-05-17T07:30:35.000Z</time>
        <extensions>
          <ns3:TrackPointExtension>
            <ns3:atemp>18.0</ns3:atemp>
            <ns3:hr>126</ns3:hr>
            <ns3:cad>85</ns3:cad>
            <ns3:power>205</ns3:power>
          </ns3:TrackPointExtension>
        </extensions>
      </trkpt>
      <trkpt lat="46.1012294362" lon="7.0738291680">
        <ele>461.61</ele>
        <time>2026-05-17T07:30:36.000Z</time>
        <extensions>
          <ns3:TrackPointExtension>
            <ns3:atemp>18.0</ns3:atemp>
            <ns3:hr>126</ns3:hr>
            <ns3:cad>85</ns3:cad>
            <ns3:power>205</ns3:power>
          </ns3:TrackPointExtension>
        </extensions>
      </trkpt>
      <trkpt lat="46.1012635333" lon="7.0739243347">
        <ele>461.65</ele>
        <time>2026-05-17T07:30:37.000Z</time>
        <extensions>
          <ns3:TrackPointExtension>
            <ns3:atemp>18.0</ns3:atemp>
            <ns3:hr>126</ns3:hr>
            <ns3:cad>85</ns3:cad>
            <ns3:power>206</ns3:power>
          </ns3:TrackPointExtension>
        </extensions>
      </trkpt>
      <trkpt lat="46.1012997119" lon="7.0740208506">
        <ele>461.70</ele>
        <time>2026-05-17T07:30:38.000Z</time>
        <extensions>
          <ns3:TrackPointExtension>
            <ns3:atemp>18.0</ns3:atemp>
            <ns3:hr>126</ns3:hr>
            <ns3:cad>86</ns3:cad>
            <ns3:power>206</ns3:power>
          </ns3:TrackPointExtension>
        </extensions>
      </trkpt>
      <trkpt lat="46.1013416763" lon="7.0741200057">
        <ele>461.74</ele>
        <time>2026-05-17T07:30:39.000Z</time>
        <extensions>
          <ns3:TrackPointExtension>
            <ns3:atemp>18.0</ns3:atemp>
            <ns3:hr>126</ns3:hr>
            <ns3:cad>86</ns3:cad>
            <ns3:power>206</ns3:power>
          </ns3:TrackPointExtension>
        </extensions>
      </trkpt>
      <trkpt lat="46.1013829795" lon="7.0742230960">
        <ele>461.79</ele>
        <time>2026-05-17T07:30:40.000Z</time>
        <extensions>
          <ns3:TrackPointExtension>
            <ns3:atemp>18.1</ns3:atemp>
            <ns3:hr>127</ns3:hr>
            <ns3:cad>86</ns3:cad>
            <ns3:power>206</ns3:power>
          </ns3:TrackPointExtension>
        </extensions>
      </trkpt>
      <trkpt lat="46.1014217586" lon="7.0743301078">
        <ele>461.83</ele>
        <time>2026-05-17T07:30:41.000Z</time>
        <extensions>
          <ns3:TrackPointExtension>
            <ns3:atemp>18.1</ns3:atemp>
            <ns3:hr>127</ns3:hr>
            <ns3:cad>86</ns3:cad>
            <ns3:power>207</ns3:power>
          </ns3:TrackPointExtension>
        </extensions>
      </trkpt>
      <trkpt lat="46.1014586103" lon="7.0744312438">
        <ele>461.87</ele>
        <time>2026-05-17T07:30:42.000Z</time>
        <extensions>
          <ns3:TrackPointExtension>
            <ns3:atemp>18.1</ns3:atemp>
            <ns3:hr>127</ns3:hr>
            <ns3:cad>86</ns3:cad>
            <ns3:power>207</ns3:power>
          </ns3:TrackPointExtension>
        </extensions>
      </trkpt>
      <trkpt lat="46.1014959692" lon="7.0745282726">
        <ele>461.92</ele>
        <time>2026-05-17T07:30:43.000Z</time>
        <extensions>
          <ns3:TrackPointExtension>
            <ns3:atemp>18.1</ns3:atemp>
            <ns3:hr>127</ns3:hr>
            <ns3:cad>86</ns3:cad>
            <ns3:power>207</ns3:power>
          </ns3:TrackPointExtension>
        </extensions>
      </trkpt>
      <trkpt lat="46.1015318296" lon="7.0746343821">
        <ele>461.96</ele>
        <time>2026-05-17T07:30:44.000Z</time>
        <extensions>
          <ns3:TrackPointExtension>
            <ns3:atemp>18.1</ns3:atemp>
            <ns3:hr>127</ns3:hr>
            <ns3:cad>86</ns3:cad>
            <ns3:power>208</ns3:power>
          </ns3:TrackPointExtension>
        </extensions>
      </trkpt>
      <trkpt lat="46.1015690541" lon="7.0747304047">
        <ele>462.01</ele>
        <time>2026-05-17T07:30:45.000Z</time>
        <extensions>
          <ns3:TrackPointExtension>
            <ns3:atemp>18.1</ns3:atemp>
            <ns3:hr>127</ns3:hr>
            <ns3:cad>87</ns3:cad>
            <ns3:power>208</ns3:power>
          </ns3:TrackPointExtension>
        </extensions>
      </trkpt>
      <trkpt lat="46.1016103845" lon="7.0748316813">
        <ele>462.05</ele>
        <time>2026-05-17T07:30:46.000Z</time>
        <extensions>
          <ns3:TrackPointExtension>
            <ns3:atemp>18.1</ns3:atemp>
            <ns3:hr>127</ns3:hr>
            <ns3:cad>87</ns3:cad>
            <ns3:power>208</ns3:power>
          </ns3:TrackPointExtension>
        </extensions>
      </trkpt>
      <trkpt lat="46.1016454008" lon="7.0749292855">
        <ele>462.10</ele>
        <time>2026-05-17T07:30:47.000Z</time>
        <extensions>
          <ns3:TrackPointExtension>
            <ns3:atemp>18.1</ns3:atemp>
            <ns3:hr>127</ns3:hr>
            <ns3:cad>87</ns3:cad>
            <ns3:power>208</ns3:power>
          </ns3:TrackPointExtension>
        </extensions>
      </trkpt>
      <trkpt lat="46.1016809384" lon="7.0750261991">
        <ele>462.14</ele>
        <time>2026-05-17T07:30:48.000Z</time>
        <extensions>
          <ns3:TrackPointExtension>
            <ns3:atemp>18.1</ns3:atemp>
            <ns3:hr>127</ns3:hr>
            <ns3:cad>87</ns3:cad>
            <ns3:power>208</ns3:power>
          </ns3:TrackPointExtension>
        </extensions>
      </trkpt>
      <trkpt lat="46.1017256370" lon="7.0751311377">
        <ele>462.19</ele>
        <time>2026-05-17T07:30:49.000Z</time>
        <extensions>
          <ns3:TrackPointExtension>
            <ns3:atemp>18.1</ns3:atemp>
            <ns3:hr>127</ns3:hr>
            <ns3:cad>87</ns3:cad>
            <ns3:power>208</ns3:power>
          </ns3:TrackPointExtension>
        </extensions>
      </trkpt>
      <trkpt lat="46.1017675728" lon="7.0752242473">
        <ele>462.23</ele>
        <time>2026-05-17T07:30:50.000Z</time>
        <extensions>
          <ns3:TrackPointExtension>
            <ns3:atemp>18.1</ns3:atemp>
            <ns3:hr>127</ns3:hr>
            <ns3:cad>87</ns3:cad>
            <ns3:power>209</ns3:power>
          </ns3:TrackPointExtension>
        </extensions>
      </trkpt>
      <trkpt lat="46.1018099476" lon="7.0753198561">
        <ele>462.27</ele>
        <time>2026-05-17T07:30:51.000Z</time>
        <extensions>
          <ns3:TrackPointExtension>
            <ns3:atemp>18.1</ns3:atemp>
            <ns3:hr>127</ns3:hr>
            <ns3:cad>87</ns3:cad>
            <ns3:power>209</ns3:power>
          </ns3:TrackPointExtension>
        </extensions>
      </trkpt>
      <trkpt lat="46.1018547364" lon="7.0754253079">
        <ele>462.32</ele>
        <time>2026-05-17T07:30:52.000Z</time>
        <extensions>
          <ns3:TrackPointExtension>
            <ns3:atemp>18.1</ns3:atemp>
            <ns3:hr>127</ns3:hr>
            <ns3:cad>87</ns3:cad>
            <ns3:power>209</ns3:power>
          </ns3:TrackPointExtension>
        </extensions>
      </trkpt>
      <trkpt lat="46.1018930804" lon="7.0755319930">
        <ele>462.36</ele>
        <time>2026-05-17T07:30:53.000Z</time>
        <extensions>
          <ns3:TrackPointExtension>
            <ns3:atemp>18.1</ns3:atemp>
            <ns3:hr>127</ns3:hr>
            <ns3:cad>87</ns3:cad>
            <ns3:power>209</ns3:power>
          </ns3:TrackPointExtension>
        </extensions>
      </trkpt>
      <trkpt lat="46.1019364172" lon="7.0756305318">
        <ele>462.41</ele>
        <time>2026-05-17T07:30:54.000Z</time>
        <extensions>
          <ns3:TrackPointExtension>
            <ns3:atemp>18.1</ns3:atemp>
            <ns3:hr>128</ns3:hr>
            <ns3:cad>87</ns3:cad>
            <ns3:power>209</ns3:power>
          </ns3:TrackPointExtension>
        </extensions>
      </trkpt>
      <trkpt lat="46.1019737464" lon="7.0757352404">
        <ele>462.45</ele>
        <time>2026-05-17T07:30:55.000Z</time>
        <extensions>
          <ns3:TrackPointExtension>
            <ns3:atemp>18.1</ns3:atemp>
            <ns3:hr>128</ns3:hr>
            <ns3:cad>87</ns3:cad>
            <ns3:power>209</ns3:power>
          </ns3:TrackPointExtension>
        </extensions>
      </trkpt>
      <trkpt lat="46.1020127048" lon="7.0758288170">
        <ele>462.50</ele>
        <time>2026-05-17T07:30:56.000Z</time>
        <extensions>
          <ns3:TrackPointExtension>
            <ns3:atemp>18.1</ns3:atemp>
            <ns3:hr>128</ns3:hr>
            <ns3:cad>88</ns3:cad>
            <ns3:power>209</ns3:power>
          </ns3:TrackPointExtension>
        </extensions>
      </trkpt>
      <trkpt lat="46.1020513581" lon="7.0759220900">
        <ele>462.54</ele>
        <time>2026-05-17T07:30:57.000Z</time>
        <extensions>
          <ns3:TrackPointExtension>
            <ns3:atemp>18.1</ns3:atemp>
            <ns3:hr>128</ns3:hr>
            <ns3:cad>88</ns3:cad>
            <ns3:power>209</ns3:power>
          </ns3:TrackPointExtension>
        </extensions>
      </trkpt>
      <trkpt lat="46.1020876643" lon="7.0760146232">
        <ele>462.59</ele>
        <time>2026-05-17T07:30:58.000Z</time>
        <extensions>
          <ns3:TrackPointExtension>
            <ns3:atemp>18.1</ns3:atemp>
            <ns3:hr>128</ns3:hr>
            <ns3:cad>88</ns3:cad>
            <ns3:power>209</ns3:power>
          </ns3:TrackPointExtension>
        </extensions>
      </trkpt>
      <trkpt lat="46.1021292759" lon="7.0761080593">
        <ele>462.63</ele>
        <time>2026-05-17T07:30:59.000Z</time>
        <extensions>
          <ns3:TrackPointExtension>
            <ns3:atemp>18.1</ns3:atemp>
            <ns3:hr>128</ns3:hr>
            <ns3:cad>88</ns3:cad>
            <ns3:power>209</ns3:power>
          </ns3:TrackPointExtension>
        </extensions>
      </trkpt>
      <trkpt lat="46.1021702937" lon="7.0762010388">
        <ele>462.68</ele>
        <time>2026-05-17T07:31:00.000Z</time>
        <extensions>
          <ns3:TrackPointExtension>
            <ns3:atemp>18.1</ns3:atemp>
            <ns3:hr>128</ns3:hr>
            <ns3:cad>88</ns3:cad>
            <ns3:power>209</ns3:power>
          </ns3:TrackPointExtension>
        </extensions>
      </trkpt>
      <trkpt lat="46.1022116271" lon="7.0762924088">
        <ele>462.72</ele>
        <time>2026-05-17T07:31:01.000Z</time>
        <extensions>
          <ns3:TrackPointExtension>
            <ns3:atemp>18.1</ns3:atemp>
            <ns3:hr>128</ns3:hr>
            <ns3:cad>88</ns3:cad>
            <ns3:power>209</ns3:power>
          </ns3:TrackPointExtension>
        </extensions>
      </trkpt>
      <trkpt lat="46.1022584750" lon="7.0763962809">
        <ele>462.77</ele>
        <time>2026-05-17T07:31:02.000Z</time>
        <extensions>
          <ns3:TrackPointExtension>
            <ns3:atemp>18.1</ns3:atemp>
            <ns3:hr>128</ns3:hr>
            <ns3:cad>88</ns3:cad>
            <ns3:power>209</ns3:power>
          </ns3:TrackPointExtension>
        </extensions>
      </trkpt>
      <trkpt lat="46.1023012180" lon="7.0764886460">
        <ele>462.81</ele>
        <time>2026-05-17T07:31:03.000Z</time>
        <extensions>
          <ns3:TrackPointExtension>
            <ns3:atemp>18.1</ns3:atemp>
            <ns3:hr>128</ns3:hr>
            <ns3:cad>88</ns3:cad>
            <ns3:power>209</ns3:power>
          </ns3:TrackPointExtension>
        </extensions>
      </trkpt>
      <trkpt lat="46.1023404812" lon="7.0765835989">
        <ele>462.85</ele>
        <time>2026-05-17T07:31:04.000Z</time>
        <extensions>
          <ns3:TrackPointExtension>
            <ns3:atemp>18.1</ns3:atemp>
            <ns3:hr>128</ns3:hr>
            <ns3:cad>88</ns3:cad>
            <ns3:power>209</ns3:power>
          </ns3:TrackPointExtension>
        </extensions>
      </trkpt>
      <trkpt lat="46.1023853070" lon="7.0766763882">
        <ele>462.90</ele>
        <time>2026-05-17T07:31:05.000Z</time>
        <extensions>
          <ns3:TrackPointExtension>
            <ns3:atemp>18.1</ns3:atemp>
            <ns3:hr>128</ns3:hr>
            <ns3:cad>88</ns3:cad>
            <ns3:power>209</ns3:power>
          </ns3:TrackPointExtension>
        </extensions>
      </trkpt>
      <trkpt lat="46.1024292829" lon="7.0767807675">
        <ele>462.94</ele>
        <time>2026-05-17T07:31:06.000Z</time>
        <extensions>
          <ns3:TrackPointExtension>
            <ns3:atemp>18.1</ns3:atemp>
            <ns3:hr>128</ns3:hr>
            <ns3:cad>88</ns3:cad>
            <ns3:power>209</ns3:power>
          </ns3:TrackPointExtension>
        </extensions>
      </trkpt>
      <trkpt lat="46.1024768234" lon="7.0768784718">
        <ele>462.99</ele>
        <time>2026-05-17T07:31:07.000Z</time>
        <extensions>
          <ns3:TrackPointExtension>
            <ns3:atemp>18.1</ns3:atemp>
            <ns3:hr>128</ns3:hr>
            <ns3:cad>88</ns3:cad>
            <ns3:power>209</ns3:power>
          </ns3:TrackPointExtension>
        </extensions>
      </trkpt>
      <trkpt lat="46.1025175875" lon="7.0769799599">
        <ele>463.03</ele>
        <time>2026-05-17T07:31:08.000Z</time>
        <extensions>
          <ns3:TrackPointExtension>
            <ns3:atemp>18.1</ns3:atemp>
            <ns3:hr>128</ns3:hr>
            <ns3:cad>88</ns3:cad>
            <ns3:power>208</ns3:power>
          </ns3:TrackPointExtension>
        </extensions>
      </trkpt>
      <trkpt lat="46.1025599699" lon="7.0770819504">
        <ele>463.08</ele>
        <time>2026-05-17T07:31:09.000Z</time>
        <extensions>
          <ns3:TrackPointExtension>
            <ns3:atemp>18.1</ns3:atemp>
            <ns3:hr>128</ns3:hr>
            <ns3:cad>88</ns3:cad>
            <ns3:power>208</ns3:power>
          </ns3:TrackPointExtension>
        </extensions>
      </trkpt>
      <trkpt lat="46.1025988013" lon="7.0771850108">
        <ele>463.12</ele>
        <time>2026-05-17T07:31:10.000Z</time>
        <extensions>
          <ns3:TrackPointExtension>
            <ns3:atemp>18.1</ns3:atemp>
            <ns3:hr>128</ns3:hr>
            <ns3:cad>88</ns3:cad>
            <ns3:power>208</ns3:power>
          </ns3:TrackPointExtension>
        </extensions>
      </trkpt>
      <trkpt lat="46.1026462313" lon="7.0772791340">
        <ele>463.17</ele>
        <time>2026-05-17T07:31:11.000Z</time>
        <extensions>
          <ns3:TrackPointExtension>
            <ns3:atemp>18.1</ns3:atemp>
            <ns3:hr>128</ns3:hr>
            <ns3:cad>88</ns3:cad>
            <ns3:power>208</ns3:power>
          </ns3:TrackPointExtension>
        </extensions>
      </trkpt>
      <trkpt lat="46.1026863516" lon="7.0773744514">
        <ele>463.21</ele>
        <time>2026-05-17T07:31:12.000Z</time>
        <extensions>
          <ns3:TrackPointExtension>
            <ns3:atemp>18.1</ns3:atemp>
            <ns3:hr>128</ns3:hr>
            <ns3:cad>88</ns3:cad>
            <ns3:power>208</ns3:power>
          </ns3:TrackPointExtension>
        </extensions>
      </trkpt>
      <trkpt lat="46.1027294783" lon="7.0774697826">
        <ele>463.26</ele>
        <time>2026-05-17T07:31:13.000Z</time>
        <extensions>
          <ns3:TrackPointExtension>
            <ns3:atemp>18.1</ns3:atemp>
            <ns3:hr>128</ns3:hr>
            <ns3:cad>88</ns3:cad>
            <ns3:power>207</ns3:power>
          </ns3:TrackPointExtension>
        </extensions>
      </trkpt>
      <trkpt lat="46.1027739564" lon="7.0775654909">
        <ele>463.30</ele>
        <time>2026-05-17T07:31:14.000Z</time>
        <extensions>
          <ns3:TrackPointExtension>
            <ns3:atemp>18.1</ns3:atemp>
            <ns3:hr>128</ns3:hr>
            <ns3:cad>88</ns3:cad>
            <ns3:power>207</ns3:power>
          </ns3:TrackPointExtension>
        </extensions>
      </trkpt>
      <trkpt lat="46.1028167496" lon="7.0776617554">
        <ele>463.34</ele>
        <time>2026-05-17T07:31:15.000Z</time>
        <extensions>
          <ns3:TrackPointExtension>
            <ns3:atemp>18.1</ns3:atemp>
            <ns3:hr>129</ns3:hr>
            <ns3:cad>88</ns3:cad>
            <ns3:power>207</ns3:power>
          </ns3:TrackPointExtension>
        </extensions>
      </trkpt>
      <trkpt lat="46.1028597222" lon="7.0777604629">
        <ele>463.39</ele>
        <time>2026-05-17T07:31:16.000Z</time>
        <extensions>
          <ns3:TrackPointExtension>
            <ns3:atemp>18.1</ns3:atemp>
            <ns3:hr>129</ns3:hr>
            <ns3:cad>88</ns3:cad>
            <ns3:power>207</ns3:power>
          </ns3:TrackPointExtension>
        </extensions>
      </trkpt>
      <trkpt lat="46.1029039705" lon="7.0778607076">
        <ele>463.43</ele>
        <time>2026-05-17T07:31:17.000Z</time>
        <extensions>
          <ns3:TrackPointExtension>
            <ns3:atemp>18.1</ns3:atemp>
            <ns3:hr>129</ns3:hr>
            <ns3:cad>88</ns3:cad>
            <ns3:power>206</ns3:power>
          </ns3:TrackPointExtension>
        </extensions>
      </trkpt>
      <trkpt lat="46.1029522797" lon="7.0779523664">
        <ele>463.48</ele>
        <time>2026-05-17T07:31:18.000Z</time>
        <extensions>
          <ns3:TrackPointExtension>
            <ns3:atemp>18.1</ns3:atemp>
            <ns3:hr>129</ns3:hr>
            <ns3:cad>88</ns3:cad>
            <ns3:power>206</ns3:power>
          </ns3:TrackPointExtension>
        </extensions>
      </trkpt>
      <trkpt lat="46.1029946844" lon="7.0780499999">
        <ele>463.52</ele>
        <time>2026-05-17T07:31:19.000Z</time>
        <extensions>
          <ns3:TrackPointExtension>
            <ns3:atemp>18.1</ns3:atemp>
            <ns3:hr>129</ns3:hr>
            <ns3:cad>88</ns3:cad>
            <ns3:power>206</ns3:power>
          </ns3:TrackPointExtension>
        </extensions>
      </trkpt>
      <trkpt lat="46.1030440301" lon="7.0781425589">
        <ele>463.57</ele>
        <time>2026-05-17T07:31:20.000Z</time>
        <extensions>
          <ns3:TrackPointExtension>
            <ns3:atemp>18.1</ns3:atemp>
            <ns3:hr>129</ns3:hr>
            <ns3:cad>88</ns3:cad>
            <ns3:power>205</ns3:power>
          </ns3:TrackPointExtension>
        </extensions>
      </trkpt>
      <trkpt lat="46.1030897948" lon="7.0782375062">
        <ele>463.61</ele>
        <time>2026-05-17T07:31:21.000Z</time>
        <extensions>
          <ns3:TrackPointExtension>
            <ns3:atemp>18.1</ns3:atemp>
            <ns3:hr>129</ns3:hr>
            <ns3:cad>88</ns3:cad>
            <ns3:power>205</ns3:power>
          </ns3:TrackPointExtension>
        </extensions>
      </trkpt>
      <trkpt lat="46.1031378568" lon="7.0783273876">
        <ele>463.65</ele>
        <time>2026-05-17T07:31:22.000Z</time>
        <extensions>
          <ns3:TrackPointExtension>
            <ns3:atemp>18.1</ns3:atemp>
            <ns3:hr>129</ns3:hr>
            <ns3:cad>88</ns3:cad>
            <ns3:power>205</ns3:power>
          </ns3:TrackPointExtension>
        </extensions>
      </trkpt>
      <trkpt lat="46.1031824421" lon="7.0784205603">
        <ele>463.70</ele>
        <time>2026-05-17T07:31:23.000Z</time>
        <extensions>
          <ns3:TrackPointExtension>
            <ns3:atemp>18.1</ns3:atemp>
            <ns3:hr>129</ns3:hr>
            <ns3:cad>88</ns3:cad>
            <ns3:power>204</ns3:power>
          </ns3:TrackPointExtension>
        </extensions>
      </trkpt>
      <trkpt lat="46.1032268505" lon="7.0785082619">
        <ele>463.74</ele>
        <time>2026-05-17T07:31:24.000Z</time>
        <extensions>
          <ns3:TrackPointExtension>
            <ns3:atemp>18.1</ns3:atemp>
            <ns3:hr>129</ns3:hr>
            <ns3:cad>87</ns3:cad>
            <ns3:power>204</ns3:power>
          </ns3:TrackPointExtension>
        </extensions>
      </trkpt>
      <trkpt lat="46.1032728904" lon="7.0786063245">
        <ele>463.79</ele>
        <time>2026-05-17T07:31:25.000Z</time>
        <extensions>
          <ns3:TrackPointExtension>
            <ns3:atemp>18.1</ns3:atemp>
            <ns3:hr>129</ns3:hr>
            <ns3:cad>87</ns3:cad>
            <ns3:power>203</ns3:power>
          </ns3:TrackPointExtension>
        </extensions>
      </trkpt>
      <trkpt lat="46.1033147935" lon="7.0786946106">
        <ele>463.83</ele>
        <time>2026-05-17T07:31:26.000Z</time>
        <extensions>
          <ns3:TrackPointExtension>
            <ns3:atemp>18.1</ns3:atemp>
            <ns3:hr>129</ns3:hr>
            <ns3:cad>87</ns3:cad>
            <ns3:power>203</ns3:power>
          </ns3:TrackPointExtension>
        </extensions>
      </trkpt>
      <trkpt lat="46.1033646922" lon="7.0787941858">
        <ele>463.87</ele>
        <time>2026-05-17T07:31:27.000Z</time>
        <extensions>
          <ns3:TrackPointExtension>
            <ns3:atemp>18.1</ns3:atemp>
            <ns3:hr>129</ns3:hr>
            <ns3:cad>87</ns3:cad>
            <ns3:power>203</ns3:power>
          </ns3:TrackPointExtension>
        </extensions>
      </trkpt>
      <trkpt lat="46.1034143297" lon="7.0788816858">
        <ele>463.92</ele>
        <time>2026-05-17T07:31:28.000Z</time>
        <extensions>
          <ns3:TrackPointExtension>
            <ns3:atemp>18.1</ns3:atemp>
            <ns3:hr>129</ns3:hr>
            <ns3:cad>87</ns3:cad>
            <ns3:power>202</ns3:power>
          </ns3:TrackPointExtension>
        </extensions>
      </trkpt>
      <trkpt lat="46.1034643245" lon="7.0789761747">
        <ele>463.96</ele>
        <time>2026-05-17T07:31:29.000Z</time>
        <extensions>
          <ns3:TrackPointExtension>
            <ns3:atemp>18.1</ns3:atemp>
            <ns3:hr>129</ns3:hr>
            <ns3:cad>87</ns3:cad>
            <ns3:power>202</ns3:power>
          </ns3:TrackPointExtension>
        </extensions>
      </trkpt>
      <trkpt lat="46.1035112420" lon="7.0790738097">
        <ele>464.01</ele>
        <time>2026-05-17T07:31:30.000Z</time>
        <extensions>
          <ns3:TrackPointExtension>
            <ns3:atemp>18.1</ns3:atemp>
            <ns3:hr>129</ns3:hr>
            <ns3:cad>87</ns3:cad>
            <ns3:power>201</ns3:power>
          </ns3:TrackPointExtension>
        </extensions>
      </trkpt>
      <trkpt lat="46.1035626492" lon="7.0791667894">
        <ele>464.05</ele>
        <time>2026-05-17T07:31:31.000Z</time>
        <extensions>
          <ns3:TrackPointExtension>
            <ns3:atemp>18.1</ns3:atemp>
            <ns3:hr>129</ns3:hr>
            <ns3:cad>87</ns3:cad>
            <ns3:power>201</ns3:power>
          </ns3:TrackPointExtension>
        </extensions>
      </trkpt>
      <trkpt lat="46.1036141475" lon="7.0792523673">
        <ele>464.09</ele>
        <time>2026-05-17T07:31:32.000Z</time>
        <extensions>
          <ns3:TrackPointExtension>
            <ns3:atemp>18.1</ns3:atemp>
            <ns3:hr>129</ns3:hr>
            <ns3:cad>87</ns3:cad>
            <ns3:power>200</ns3:power>
          </ns3:TrackPointExtension>
        </extensions>
      </trkpt>
      <trkpt lat="46.1036606006" lon="7.0793434151">
        <ele>464.14</ele>
        <time>2026-05-17T07:31:33.000Z</time>
        <extensions>
          <ns3:TrackPointExtension>
            <ns3:atemp>18.1</ns3:atemp>
            <ns3:hr>129</ns3:hr>
            <ns3:cad>87</ns3:cad>
            <ns3:power>200</ns3:power>
          </ns3:TrackPointExtension>
        </extensions>
      </trkpt>
      <trkpt lat="46.1037035767" lon="7.0794321329">
        <ele>464.18</ele>
        <time>2026-05-17T07:31:34.000Z</time>
        <extensions>
          <ns3:TrackPointExtension>
            <ns3:atemp>18.1</ns3:atemp>
            <ns3:hr>129</ns3:hr>
            <ns3:cad>86</ns3:cad>
            <ns3:power>199</ns3:power>
          </ns3:TrackPointExtension>
        </extensions>
      </trkpt>
      <trkpt lat="46.1037511331" lon="7.0795240194">
        <ele>464.23</ele>
        <time>2026-05-17T07:31:35.000Z</time>
        <extensions>
          <ns3:TrackPointExtension>
            <ns3:atemp>18.1</ns3:atemp>
            <ns3:hr>129</ns3:hr>
            <ns3:cad>86</ns3:cad>
            <ns3:power>199</ns3:power>
          </ns3:TrackPointExtension>
        </extensions>
      </trkpt>
      <trkpt lat="46.1038029269" lon="7.0796168759">
        <ele>464.27</ele>
        <time>2026-05-17T07:31:36.000Z</time>
        <extensions>
          <ns3:TrackPointExtension>
            <ns3:atemp>18.1</ns3:atemp>
            <ns3:hr>129</ns3:hr>
            <ns3:cad>86</ns3:cad>
            <ns3:power>198</ns3:power>
          </ns3:TrackPointExtension>
        </extensions>
      </trkpt>
      <trkpt lat="46.1038541356" lon="7.0796999679">
        <ele>464.31</ele>
        <time>2026-05-17T07:31:37.000Z</time>
        <extensions>
          <ns3:TrackPointExtension>
            <ns3:atemp>18.1</ns3:atemp>
            <ns3:hr>129</ns3:hr>
            <ns3:cad>86</ns3:cad>
            <ns3:power>198</ns3:power>
          </ns3:TrackPointExtension>
        </extensions>
      </trkpt>
      <trkpt lat="46.1039021950" lon="7.0797861748">
        <ele>464.36</ele>
        <time>2026-05-17T07:31:38.000Z</time>
        <extensions>
          <ns3:TrackPointExtension>
            <ns3:atemp>18.1</ns3:atemp>
            <ns3:hr>129</ns3:hr>
            <ns3:cad>86</ns3:cad>
            <ns3:power>197</ns3:power>
          </ns3:TrackPointExtension>
        </extensions>
      </trkpt>
      <trkpt lat="46.1039509699" lon="7.0798722081">
        <ele>464.40</ele>
        <time>2026-05-17T07:31:39.000Z</time>
        <extensions>
          <ns3:TrackPointExtension>
            <ns3:atemp>18.1</ns3:atemp>
            <ns3:hr>129</ns3:hr>
            <ns3:cad>86</ns3:cad>
            <ns3:power>197</ns3:power>
          </ns3:TrackPointExtension>
        </extensions>
      </trkpt>
      <trkpt lat="46.1040032835" lon="7.0799652992">
        <ele>464.44</ele>
        <time>2026-05-17T07:31:40.000Z</time>
        <extensions>
          <ns3:TrackPointExtension>
            <ns3:atemp>18.1</ns3:atemp>
            <ns3:hr>129</ns3:hr>
            <ns3:cad>86</ns3:cad>
            <ns3:power>196</ns3:power>
          </ns3:TrackPointExtension>
        </extensions>
      </trkpt>
      <trkpt lat="46.1040551568" lon="7.0800563829">
        <ele>464.49</ele>
        <time>2026-05-17T07:31:41.000Z</time>
        <extensions>
          <ns3:TrackPointExtension>
            <ns3:atemp>18.1</ns3:atemp>
            <ns3:hr>129</ns3:hr>
            <ns3:cad>85</ns3:cad>
            <ns3:power>196</ns3:power>
          </ns3:TrackPointExtension>
        </extensions>
      </trkpt>
      <trkpt lat="46.1041030206" lon="7.0801445995">
        <ele>464.53</ele>
        <time>2026-05-17T07:31:42.000Z</time>
        <extensions>
          <ns3:TrackPointExtension>
            <ns3:atemp>18.1</ns3:atemp>
            <ns3:hr>129</ns3:hr>
            <ns3:cad>85</ns3:cad>
            <ns3:power>195</ns3:power>
          </ns3:TrackPointExtension>
        </extensions>
      </trkpt>
      <trkpt lat="46.1041509076" lon="7.0802342721">
        <ele>464.57</ele>
        <time>2026-05-17T07:31:43.000Z</time>
        <extensions>
          <ns3:TrackPointExtension>
            <ns3:atemp>18.1</ns3:atemp>
            <ns3:hr>129</ns3:hr>
            <ns3:cad>85</ns3:cad>
            <ns3:power>195</ns3:power>
          </ns3:TrackPointExtension>
        </extensions>
      </trkpt>
      <trkpt lat="46.1042036736" lon="7.0803139335">
        <ele>464.62</ele>
        <time>2026-05-17T07:31:44.000Z</time>
        <extensions>
          <ns3:TrackPointExtension>
            <ns3:atemp>18.1</ns3:atemp>
            <ns3:hr>129</ns3:hr>
            <ns3:cad>85</ns3:cad>
            <ns3:power>194</ns3:power>
          </ns3:TrackPointExtension>
        </extensions>
      </trkpt>
      <trkpt lat="46.1042598845" lon="7.0803986854">
        <ele>464.66</ele>
        <time>2026-05-17T07:31:45.000Z</time>
        <extensions>
          <ns3:TrackPointExtension>
            <ns3:atemp>18.1</ns3:atemp>
            <ns3:hr>129</ns3:hr>
            <ns3:cad>85</ns3:cad>
            <ns3:power>194</ns3:power>
          </ns3:TrackPointExtension>
        </extensions>
      </trkpt>
      <trkpt lat="46.1043146682" lon="7.0804823211">
        <ele>464.70</ele>
        <time>2026-05-17T07:31:46.000Z</time>
        <extensions>
          <ns3:TrackPointExtension>
            <ns3:atemp>18.1</ns3:atemp>
            <ns3:hr>129</ns3:hr>
            <ns3:cad>85</ns3:cad>
            <ns3:power>193</ns3:power>
          </ns3:TrackPointExtension>
        </extensions>
      </trkpt>
      <trkpt lat="46.1043642736" lon="7.0805646510">
        <ele>464.75</ele>
        <time>2026-05-17T07:31:47.000Z</time>
        <extensions>
          <ns3:TrackPointExtension>
            <ns3:atemp>18.1</ns3:atemp>
            <ns3:hr>129</ns3:hr>
            <ns3:cad>85</ns3:cad>
            <ns3:power>192</ns3:power>
          </ns3:TrackPointExtension>
        </extensions>
      </trkpt>
      <trkpt lat="46.1044191548" lon="7.0806530725">
        <ele>464.79</ele>
        <time>2026-05-17T07:31:48.000Z</time>
        <extensions>
          <ns3:TrackPointExtension>
            <ns3:atemp>18.1</ns3:atemp>
            <ns3:hr>129</ns3:hr>
            <ns3:cad>84</ns3:cad>
            <ns3:power>192</ns3:power>
          </ns3:TrackPointExtension>
        </extensions>
      </trkpt>
      <trkpt lat="46.1044748363" lon="7.0807287241">
        <ele>464.83</ele>
        <time>2026-05-17T07:31:49.000Z</time>
        <extensions>
          <ns3:TrackPointExtension>
            <ns3:atemp>18.1</ns3:atemp>
            <ns3:hr>129</ns3:hr>
            <ns3:cad>84</ns3:cad>
            <ns3:power>191</ns3:power>
          </ns3:TrackPointExtension>
        </extensions>
      </trkpt>
      <trkpt lat="46.1045218198" lon="7.0808034815">
        <ele>464.87</ele>
        <time>2026-05-17T07:31:50.000Z</time>
        <extensions>
          <ns3:TrackPointExtension>
            <ns3:atemp>18.1</ns3:atemp>
            <ns3:hr>129</ns3:hr>
            <ns3:cad>84</ns3:cad>
            <ns3:power>191</ns3:power>
          </ns3:TrackPointExtension>
        </extensions>
      </trkpt>
      <trkpt lat="46.1045762674" lon="7.0808909315">
        <ele>464.92</ele>
        <time>2026-05-17T07:31:51.000Z</time>
        <extensions>
          <ns3:TrackPointExtension>
            <ns3:atemp>18.1</ns3:atemp>
            <ns3:hr>129</ns3:hr>
            <ns3:cad>84</ns3:cad>
            <ns3:power>190</ns3:power>
          </ns3:TrackPointExtension>
        </extensions>
      </trkpt>
      <trkpt lat="46.1046255731" lon="7.0809739853">
        <ele>464.96</ele>
        <time>2026-05-17T07:31:52.000Z</time>
        <extensions>
          <ns3:TrackPointExtension>
            <ns3:atemp>18.1</ns3:atemp>
            <ns3:hr>129</ns3:hr>
            <ns3:cad>84</ns3:cad>
            <ns3:power>190</ns3:power>
          </ns3:TrackPointExtension>
        </extensions>
      </trkpt>
      <trkpt lat="46.1046754855" lon="7.0810485034">
        <ele>465.00</ele>
        <time>2026-05-17T07:31:53.000Z</time>
        <extensions>
          <ns3:TrackPointExtension>
            <ns3:atemp>18.1</ns3:atemp>
            <ns3:hr>129</ns3:hr>
            <ns3:cad>83</ns3:cad>
            <ns3:power>189</ns3:power>
          </ns3:TrackPointExtension>
        </extensions>
      </trkpt>
      <trkpt lat="46.1047260667" lon="7.0811211426">
        <ele>465.04</ele>
        <time>2026-05-17T07:31:54.000Z</time>
        <extensions>
          <ns3:TrackPointExtension>
            <ns3:atemp>18.1</ns3:atemp>
            <ns3:hr>128</ns3:hr>
            <ns3:cad>83</ns3:cad>
            <ns3:power>188</ns3:power>
          </ns3:TrackPointExtension>
        </extensions>
      </trkpt>
      <trkpt lat="46.1047771523" lon="7.0811932256">
        <ele>465.09</ele>
        <time>2026-05-17T07:31:55.000Z</time>
        <extensions>
          <ns3:TrackPointExtension>
            <ns3:atemp>18.1</ns3:atemp>
            <ns3:hr>128</ns3:hr>
            <ns3:cad>83</ns3:cad>
            <ns3:power>188</ns3:power>
          </ns3:TrackPointExtension>
        </extensions>
      </trkpt>
      <trkpt lat="46.1048297218" lon="7.0812675367">
        <ele>465.13</ele>
        <time>2026-05-17T07:31:56.000Z</time>
        <extensions>
          <ns3:TrackPointExtension>
            <ns3:atemp>18.1</ns3:atemp>
            <ns3:hr>128</ns3:hr>
            <ns3:cad>83</ns3:cad>
            <ns3:power>187</ns3:power>
          </ns3:TrackPointExtension>
        </extensions>
      </trkpt>
      <trkpt lat="46.1048842379" lon="7.0813493126">
        <ele>465.17</ele>
        <time>2026-05-17T07:31:57.000Z</time>
        <extensions>
          <ns3:TrackPointExtension>
            <ns3:atemp>18.1</ns3:atemp>
            <ns3:hr>128</ns3:hr>
            <ns3:cad>83</ns3:cad>
            <ns3:power>187</ns3:power>
          </ns3:TrackPointExtension>
        </extensions>
      </trkpt>
      <trkpt lat="46.1049352907" lon="7.0814323795">
        <ele>465.21</ele>
        <time>2026-05-17T07:31:58.000Z</time>
        <extensions>
          <ns3:TrackPointExtension>
            <ns3:atemp>18.1</ns3:atemp>
            <ns3:hr>128</ns3:hr>
            <ns3:cad>82</ns3:cad>
            <ns3:power>186</ns3:power>
          </ns3:TrackPointExtension>
        </extensions>
      </trkpt>
      <trkpt lat="46.1049911421" lon="7.0815065091">
        <ele>465.26</ele>
        <time>2026-05-17T07:31:59.000Z</time>
        <extensions>
          <ns3:TrackPointExtension>
            <ns3:atemp>18.1</ns3:atemp>
            <ns3:hr>128</ns3:hr>
            <ns3:cad>82</ns3:cad>
            <ns3:power>186</ns3:power>
          </ns3:TrackPointExtension>
        </extensions>
      </trkpt>
      <trkpt lat="46.1050474816" lon="7.0815784779">
        <ele>465.30</ele>
        <time>2026-05-17T07:32:00.000Z</time>
        <extensions>
          <ns3:TrackPointExtension>
            <ns3:atemp>18.1</ns3:atemp>
            <ns3:hr>128</ns3:hr>
            <ns3:cad>82</ns3:cad>
            <ns3:power>185</ns3:power>
          </ns3:TrackPointExtension>
        </extensions>
      </trkpt>
      <trkpt lat="46.1050970711" lon="7.0816537804">
        <ele>465.34</ele>
        <time>2026-05-17T07:32:01.000Z</time>
        <extensions>
          <ns3:TrackPointExtension>
            <ns3:atemp>18.2</ns3:atemp>
            <ns3:hr>128</ns3:hr>
            <ns3:cad>82</ns3:cad>
            <ns3:power>184</ns3:power>
          </ns3:TrackPointExtension>
        </extensions>
      </trkpt>
      <trkpt lat="46.1051523295" lon="7.0817376451">
        <ele>465.38</ele>
        <time>2026-05-17T07:32:02.000Z</time>
        <extensions>
          <ns3:TrackPointExtension>
            <ns3:atemp>18.2</ns3:atemp>
            <ns3:hr>128</ns3:hr>
            <ns3:cad>82</ns3:cad>
            <ns3:power>184</ns3:power>
          </ns3:TrackPointExtension>
        </extensions>
      </trkpt>
      <trkpt lat="46.1052052466" lon="7.0818117109">
        <ele>465.43</ele>
        <time>2026-05-17T07:32:03.000Z</time>
        <extensions>
          <ns3:TrackPointExtension>
            <ns3:atemp>18.2</ns3:atemp>
            <ns3:hr>128</ns3:hr>
            <ns3:cad>81</ns3:cad>
            <ns3:power>183</ns3:power>
          </ns3:TrackPointExtension>
        </extensions>
      </trkpt>
      <trkpt lat="46.1052557921" lon="7.0818831578">
        <ele>465.47</ele>
        <time>2026-05-17T07:32:04.000Z</time>
        <extensions>
          <ns3:TrackPointExtension>
            <ns3:atemp>18.2</ns3:atemp>
            <ns3:hr>128</ns3:hr>
            <ns3:cad>81</ns3:cad>
            <ns3:power>183</ns3:power>
          </ns3:TrackPointExtension>
        </extensions>
      </trkpt>
      <trkpt lat="46.1053115299" lon="7.0819613618">
        <ele>465.51</ele>
        <time>2026-05-17T07:32:05.000Z</time>
        <extensions>
          <ns3:TrackPointExtension>
            <ns3:atemp>18.2</ns3:atemp>
            <ns3:hr>128</ns3:hr>
            <ns3:cad>81</ns3:cad>
            <ns3:power>182</ns3:power>
          </ns3:TrackPointExtension>
        </extensions>
      </trkpt>
      <trkpt lat="46.1053698553" lon="7.0820360404">
        <ele>465.55</ele>
        <time>2026-05-17T07:32:06.000Z</time>
        <extensions>
          <ns3:TrackPointExtension>
            <ns3:atemp>18.2</ns3:atemp>
            <ns3:hr>128</ns3:hr>
            <ns3:cad>81</ns3:cad>
            <ns3:power>182</ns3:power>
          </ns3:TrackPointExtension>
        </extensions>
      </trkpt>
      <trkpt lat="46.1054263203" lon="7.0821093131">
        <ele>465.59</ele>
        <time>2026-05-17T07:32:07.000Z</time>
        <extensions>
          <ns3:TrackPointExtension>
            <ns3:atemp>18.2</ns3:atemp>
            <ns3:hr>128</ns3:hr>
            <ns3:cad>81</ns3:cad>
            <ns3:power>181</ns3:power>
          </ns3:TrackPointExtension>
        </extensions>
      </trkpt>
      <trkpt lat="46.1054839011" lon="7.0821897286">
        <ele>465.64</ele>
        <time>2026-05-17T07:32:08.000Z</time>
        <extensions>
          <ns3:TrackPointExtension>
            <ns3:atemp>18.2</ns3:atemp>
            <ns3:hr>128</ns3:hr>
            <ns3:cad>80</ns3:cad>
            <ns3:power>181</ns3:power>
          </ns3:TrackPointExtension>
        </extensions>
      </trkpt>
      <trkpt lat="46.1055404524" lon="7.0822596700">
        <ele>465.68</ele>
        <time>2026-05-17T07:32:09.000Z</time>
        <extensions>
          <ns3:TrackPointExtension>
            <ns3:atemp>18.2</ns3:atemp>
            <ns3:hr>128</ns3:hr>
            <ns3:cad>80</ns3:cad>
            <ns3:power>180</ns3:power>
          </ns3:TrackPointExtension>
        </extensions>
      </trkpt>
      <trkpt lat="46.1055936119" lon="7.0823299885">
        <ele>465.72</ele>
        <time>2026-05-17T07:32:10.000Z</time>
        <extensions>
          <ns3:TrackPointExtension>
            <ns3:atemp>18.2</ns3:atemp>
            <ns3:hr>128</ns3:hr>
            <ns3:cad>80</ns3:cad>
            <ns3:power>180</ns3:power>
          </ns3:TrackPointExtension>
        </extensions>
      </trkpt>
      <trkpt lat="46.1056431149" lon="7.0824063749">
        <ele>465.76</ele>
        <time>2026-05-17T07:32:11.000Z</time>
        <extensions>
          <ns3:TrackPointExtension>
            <ns3:atemp>18.2</ns3:atemp>
            <ns3:hr>128</ns3:hr>
            <ns3:cad>80</ns3:cad>
            <ns3:power>179</ns3:power>
          </ns3:TrackPointExtension>
        </extensions>
      </trkpt>
      <trkpt lat="46.1056967116" lon="7.0824803602">
        <ele>465.80</ele>
        <time>2026-05-17T07:32:12.000Z</time>
        <extensions>
          <ns3:TrackPointExtension>
            <ns3:atemp>18.2</ns3:atemp>
            <ns3:hr>128</ns3:hr>
            <ns3:cad>79</ns3:cad>
            <ns3:power>179</ns3:power>
          </ns3:TrackPointExtension>
        </extensions>
      </trkpt>
      <trkpt lat="46.1057525909" lon="7.0825614363">
        <ele>465.84</ele>
        <time>2026-05-17T07:32:13.000Z</time>
        <extensions>
          <ns3:TrackPointExtension>
            <ns3:atemp>18.2</ns3:atemp>
            <ns3:hr>128</ns3:hr>
            <ns3:cad>79</ns3:cad>
            <ns3:power>178</ns3:power>
          </ns3:TrackPointExtension>
        </extensions>
      </trkpt>
      <trkpt lat="46.1058025375" lon="7.0826323107">
        <ele>465.89</ele>
        <time>2026-05-17T07:32:14.000Z</time>
        <extensions>
          <ns3:TrackPointExtension>
            <ns3:atemp>18.2</ns3:atemp>
            <ns3:hr>128</ns3:hr>
            <ns3:cad>79</ns3:cad>
            <ns3:power>178</ns3:power>
          </ns3:TrackPointExtension>
        </extensions>
      </trkpt>
      <trkpt lat="46.1058535431" lon="7.0827061344">
        <ele>465.93</ele>
        <time>2026-05-17T07:32:15.000Z</time>
        <extensions>
          <ns3:TrackPointExtension>
            <ns3:atemp>18.2</ns3:atemp>
            <ns3:hr>127</ns3:hr>
            <ns3:cad>79</ns3:cad>
            <ns3:power>177</ns3:power>
          </ns3:TrackPointExtension>
        </extensions>
      </trkpt>
      <trkpt lat="46.1059104888" lon="7.0827796839">
        <ele>465.97</ele>
        <time>2026-05-17T07:32:16.000Z</time>
        <extensions>
          <ns3:TrackPointExtension>
            <ns3:atemp>18.2</ns3:atemp>
            <ns3:hr>127</ns3:hr>
            <ns3:cad>79</ns3:cad>
            <ns3:power>177</ns3:power>
          </ns3:TrackPointExtension>
        </extensions>
      </trkpt>
      <trkpt lat="46.1059694687" lon="7.0828448698">
        <ele>466.01</ele>
        <time>2026-05-17T07:32:17.000Z</time>
        <extensions>
          <ns3:TrackPointExtension>
            <ns3:atemp>18.2</ns3:atemp>
            <ns3:hr>127</ns3:hr>
            <ns3:cad>78</ns3:cad>
            <ns3:power>176</ns3:power>
          </ns3:TrackPointExtension>
        </extensions>
      </trkpt>
      <trkpt lat="46.1060231367" lon="7.0829152223">
        <ele>466.05</ele>
        <time>2026-05-17T07:32:18.000Z</time>
        <extensions>
          <ns3:TrackPointExtension>
            <ns3:atemp>18.2</ns3:atemp>
            <ns3:hr>127</ns3:hr>
            <ns3:cad>78</ns3:cad>
            <ns3:power>176</ns3:power>
          </ns3:TrackPointExtension>
        </extensions>
      </trkpt>
      <trkpt lat="46.1060795878" lon="7.0829803500">
        <ele>466.09</ele>
        <time>2026-05-17T07:32:19.000Z</time>
        <extensions>
          <ns3:TrackPointExtension>
            <ns3:atemp>18.2</ns3:atemp>
            <ns3:hr>127</ns3:hr>
            <ns3:cad>78</ns3:cad>
            <ns3:power>175</ns3:power>
          </ns3:TrackPointExtension>
        </extensions>
      </trkpt>
      <trkpt lat="46.1061393020" lon="7.0830480840">
        <ele>466.13</ele>
        <time>2026-05-17T07:32:20.000Z</time>
        <extensions>
          <ns3:TrackPointExtension>
            <ns3:atemp>18.2</ns3:atemp>
            <ns3:hr>127</ns3:hr>
            <ns3:cad>78</ns3:cad>
            <ns3:power>175</ns3:power>
          </ns3:TrackPointExtension>
        </extensions>
      </trkpt>
      <trkpt lat="46.1061908955" lon="7.0831216093">
        <ele>466.17</ele>
        <time>2026-05-17T07:32:21.000Z</time>
        <extensions>
          <ns3:TrackPointExtension>
            <ns3:atemp>18.2</ns3:atemp>
            <ns3:hr>127</ns3:hr>
            <ns3:cad>77</ns3:cad>
            <ns3:power>174</ns3:power>
          </ns3:TrackPointExtension>
        </extensions>
      </trkpt>
      <trkpt lat="46.1062443929" lon="7.0831973316">
        <ele>466.22</ele>
        <time>2026-05-17T07:32:22.000Z</time>
        <extensions>
          <ns3:TrackPointExtension>
            <ns3:atemp>18.2</ns3:atemp>
            <ns3:hr>127</ns3:hr>
            <ns3:cad>77</ns3:cad>
            <ns3:power>174</ns3:power>
          </ns3:TrackPointExtension>
        </extensions>
      </trkpt>
      <trkpt lat="46.1063024294" lon="7.0832756942">
        <ele>466.26</ele>
        <time>2026-05-17T07:32:23.000Z</time>
        <extensions>
          <ns3:TrackPointExtension>
            <ns3:atemp>18.2</ns3:atemp>
            <ns3:hr>127</ns3:hr>
            <ns3:cad>77</ns3:cad>
            <ns3:power>174</ns3:power>
          </ns3:TrackPointExtension>
        </extensions>
      </trkpt>
      <trkpt lat="46.1063595625" lon="7.0833522887">
        <ele>466.30</ele>
        <time>2026-05-17T07:32:24.000Z</time>
        <extensions>
          <ns3:TrackPointExtension>
            <ns3:atemp>18.2</ns3:atemp>
            <ns3:hr>127</ns3:hr>
            <ns3:cad>77</ns3:cad>
            <ns3:power>173</ns3:power>
          </ns3:TrackPointExtension>
        </extensions>
      </trkpt>
      <trkpt lat="46.1064114524" lon="7.0834298691">
        <ele>466.34</ele>
        <time>2026-05-17T07:32:25.000Z</time>
        <extensions>
          <ns3:TrackPointExtension>
            <ns3:atemp>18.2</ns3:atemp>
            <ns3:hr>127</ns3:hr>
            <ns3:cad>76</ns3:cad>
            <ns3:power>173</ns3:power>
          </ns3:TrackPointExtension>
        </extensions>
      </trkpt>
      <trkpt lat="46.1064609068" lon="7.0835045509">
        <ele>466.38</ele>
        <time>2026-05-17T07:32:26.000Z</time>
        <extensions>
          <ns3:TrackPointExtension>
            <ns3:atemp>18.2</ns3:atemp>
            <ns3:hr>127</ns3:hr>
            <ns3:cad>76</ns3:cad>
            <ns3:power>172</ns3:power>
          </ns3:TrackPointExtension>
        </extensions>
      </trkpt>
      <trkpt lat="46.1065127402" lon="7.0835767384">
        <ele>466.42</ele>
        <time>2026-05-17T07:32:27.000Z</time>
        <extensions>
          <ns3:TrackPointExtension>
            <ns3:atemp>18.2</ns3:atemp>
            <ns3:hr>127</ns3:hr>
            <ns3:cad>76</ns3:cad>
            <ns3:power>172</ns3:power>
          </ns3:TrackPointExtension>
        </extensions>
      </trkpt>
      <trkpt lat="46.1065701154" lon="7.0836406182">
        <ele>466.46</ele>
        <time>2026-05-17T07:32:28.000Z</time>
        <extensions>
          <ns3:TrackPointExtension>
            <ns3:atemp>18.2</ns3:atemp>
            <ns3:hr>127</ns3:hr>
            <ns3:cad>76</ns3:cad>
            <ns3:power>172</ns3:power>
          </ns3:TrackPointExtension>
        </extensions>
      </trkpt>
      <trkpt lat="46.1066223582" lon="7.0837156798">
        <ele>466.50</ele>
        <time>2026-05-17T07:32:29.000Z</time>
        <extensions>
          <ns3:TrackPointExtension>
            <ns3:atemp>18.2</ns3:atemp>
            <ns3:hr>126</ns3:hr>
            <ns3:cad>76</ns3:cad>
            <ns3:power>171</ns3:power>
          </ns3:TrackPointExtension>
        </extensions>
      </trkpt>
      <trkpt lat="46.1066773711" lon="7.0837894972">
        <ele>466.54</ele>
        <time>2026-05-17T07:32:30.000Z</time>
        <extensions>
          <ns3:TrackPointExtension>
            <ns3:atemp>18.2</ns3:atemp>
            <ns3:hr>126</ns3:hr>
            <ns3:cad>75</ns3:cad>
            <ns3:power>171</ns3:power>
          </ns3:TrackPointExtension>
        </extensions>
      </trkpt>
      <trkpt lat="46.1067353253" lon="7.0838676825">
        <ele>466.58</ele>
        <time>2026-05-17T07:32:31.000Z</time>
        <extensions>
          <ns3:TrackPointExtension>
            <ns3:atemp>18.2</ns3:atemp>
            <ns3:hr>126</ns3:hr>
            <ns3:cad>75</ns3:cad>
            <ns3:power>171</ns3:power>
          </ns3:TrackPointExtension>
        </extensions>
      </trkpt>
      <trkpt lat="46.1067923272" lon="7.0839409551">
        <ele>466.62</ele>
        <time>2026-05-17T07:32:32.000Z</time>
        <extensions>
          <ns3:TrackPointExtension>
            <ns3:atemp>18.2</ns3:atemp>
            <ns3:hr>126</ns3:hr>
            <ns3:cad>75</ns3:cad>
            <ns3:power>170</ns3:power>
          </ns3:TrackPointExtension>
        </extensions>
      </trkpt>
      <trkpt lat="46.1068469447" lon="7.0840076268">
        <ele>466.67</ele>
        <time>2026-05-17T07:32:33.000Z</time>
        <extensions>
          <ns3:TrackPointExtension>
            <ns3:atemp>18.2</ns3:atemp>
            <ns3:hr>126</ns3:hr>
            <ns3:cad>75</ns3:cad>
            <ns3:power>170</ns3:power>
          </ns3:TrackPointExtension>
        </extensions>
      </trkpt>
      <trkpt lat="46.1068994005" lon="7.0840759553">
        <ele>466.71</ele>
        <time>2026-05-17T07:32:34.000Z</time>
        <extensions>
          <ns3:TrackPointExtension>
            <ns3:atemp>18.2</ns3:atemp>
            <ns3:hr>126</ns3:hr>
            <ns3:cad>74</ns3:cad>
            <ns3:power>170</ns3:power>
          </ns3:TrackPointExtension>
        </extensions>
      </trkpt>
      <trkpt lat="46.1069580343" lon="7.0841466244">
        <ele>466.75</ele>
        <time>2026-05-17T07:32:35.000Z</time>
        <extensions>
          <ns3:TrackPointExtension>
            <ns3:atemp>18.2</ns3:atemp>
            <ns3:hr>126</ns3:hr>
            <ns3:cad>74</ns3:cad>
            <ns3:power>169</ns3:power>
          </ns3:TrackPointExtension>
        </extensions>
      </trkpt>
      <trkpt lat="46.1070133447" lon="7.0842130779">
        <ele>466.79</ele>
        <time>2026-05-17T07:32:36.000Z</time>
        <extensions>
          <ns3:TrackPointExtension>
            <ns3:atemp>18.2</ns3:atemp>
            <ns3:hr>126</ns3:hr>
            <ns3:cad>74</ns3:cad>
            <ns3:power>169</ns3:power>
          </ns3:TrackPointExtension>
        </extensions>
      </trkpt>
      <trkpt lat="46.1070630801" lon="7.0842795840">
        <ele>466.83</ele>
        <time>2026-05-17T07:32:37.000Z</time>
        <extensions>
          <ns3:TrackPointExtension>
            <ns3:atemp>18.2</ns3:atemp>
            <ns3:hr>126</ns3:hr>
            <ns3:cad>74</ns3:cad>
            <ns3:power>169</ns3:power>
          </ns3:TrackPointExtension>
        </extensions>
      </trkpt>
      <trkpt lat="46.1071119804" lon="7.0843478141">
        <ele>466.87</ele>
        <time>2026-05-17T07:32:38.000Z</time>
        <extensions>
          <ns3:TrackPointExtension>
            <ns3:atemp>18.2</ns3:atemp>
            <ns3:hr>126</ns3:hr>
            <ns3:cad>74</ns3:cad>
            <ns3:power>169</ns3:power>
          </ns3:TrackPointExtension>
        </extensions>
      </trkpt>
      <trkpt lat="46.1071624180" lon="7.0844245170">
        <ele>466.91</ele>
        <time>2026-05-17T07:32:39.000Z</time>
        <extensions>
          <ns3:TrackPointExtension>
            <ns3:atemp>18.2</ns3:atemp>
            <ns3:hr>126</ns3:hr>
            <ns3:cad>73</ns3:cad>
            <ns3:power>168</ns3:power>
          </ns3:TrackPointExtension>
        </extensions>
      </trkpt>
      <trkpt lat="46.1072205227" lon="7.0844966463">
        <ele>466.95</ele>
        <time>2026-05-17T07:32:40.000Z</time>
        <extensions>
          <ns3:TrackPointExtension>
            <ns3:atemp>18.2</ns3:atemp>
            <ns3:hr>126</ns3:hr>
            <ns3:cad>73</ns3:cad>
            <ns3:power>168</ns3:power>
          </ns3:TrackPointExtension>
        </extensions>
      </trkpt>
      <trkpt lat="46.1072703359" lon="7.0845607585">
        <ele>466.99</ele>
        <time>2026-05-17T07:32:41.000Z</time>
        <extensions>
          <ns3:TrackPointExtension>
            <ns3:atemp>18.2</ns3:atemp>
            <ns3:hr>125</ns3:hr>
            <ns3:cad>73</ns3:cad>
            <ns3:power>168</ns3:power>
          </ns3:TrackPointExtension>
        </extensions>
      </trkpt>
      <trkpt lat="46.1073245141" lon="7.0846371776">
        <ele>467.03</ele>
        <time>2026-05-17T07:32:42.000Z</time>
        <extensions>
          <ns3:TrackPointExtension>
            <ns3:atemp>18.2</ns3:atemp>
            <ns3:hr>125</ns3:hr>
            <ns3:cad>73</ns3:cad>
            <ns3:power>168</ns3:power>
          </ns3:TrackPointExtension>
        </extensions>
      </trkpt>
      <trkpt lat="46.1073768703" lon="7.0847119584">
        <ele>467.07</ele>
        <time>2026-05-17T07:32:43.000Z</time>
        <extensions>
          <ns3:TrackPointExtension>
            <ns3:atemp>18.2</ns3:atemp>
            <ns3:hr>125</ns3:hr>
            <ns3:cad>73</ns3:cad>
            <ns3:power>168</ns3:power>
          </ns3:TrackPointExtension>
        </extensions>
      </trkpt>
      <trkpt lat="46.1074295480" lon="7.0847799039">
        <ele>467.11</ele>
        <time>2026-05-17T07:32:44.000Z</time>
        <extensions>
          <ns3:TrackPointExtension>
            <ns3:atemp>18.2</ns3:atemp>
            <ns3:hr>125</ns3:hr>
            <ns3:cad>72</ns3:cad>
            <ns3:power>168</ns3:power>
          </ns3:TrackPointExtension>
        </extensions>
      </trkpt>
      <trkpt lat="46.1074830063" lon="7.0848430036">
        <ele>467.15</ele>
        <time>2026-05-17T07:32:45.000Z</time>
        <extensions>
          <ns3:TrackPointExtension>
            <ns3:atemp>18.2</ns3:atemp>
            <ns3:hr>125</ns3:hr>
            <ns3:cad>72</ns3:cad>
            <ns3:power>167</ns3:power>
          </ns3:TrackPointExtension>
        </extensions>
      </trkpt>
      <trkpt lat="46.1075353954" lon="7.0849102964">
        <ele>467.19</ele>
        <time>2026-05-17T07:32:46.000Z</time>
        <extensions>
          <ns3:TrackPointExtension>
            <ns3:atemp>18.2</ns3:atemp>
            <ns3:hr>125</ns3:hr>
            <ns3:cad>72</ns3:cad>
            <ns3:power>167</ns3:power>
          </ns3:TrackPointExtension>
        </extensions>
      </trkpt>
      <trkpt lat="46.1075921396" lon="7.0849860292">
        <ele>467.23</ele>
        <time>2026-05-17T07:32:47.000Z</time>
        <extensions>
          <ns3:TrackPointExtension>
            <ns3:atemp>18.2</ns3:atemp>
            <ns3:hr>125</ns3:hr>
            <ns3:cad>72</ns3:cad>
            <ns3:power>167</ns3:power>
          </ns3:TrackPointExtension>
        </extensions>
      </trkpt>
      <trkpt lat="46.1076413700" lon="7.0850497120">
        <ele>467.27</ele>
        <time>2026-05-17T07:32:48.000Z</time>
        <extensions>
          <ns3:TrackPointExtension>
            <ns3:atemp>18.2</ns3:atemp>
            <ns3:hr>125</ns3:hr>
            <ns3:cad>72</ns3:cad>
            <ns3:power>167</ns3:power>
          </ns3:TrackPointExtension>
        </extensions>
      </trkpt>
      <trkpt lat="46.1076957487" lon="7.0851252247">
        <ele>467.31</ele>
        <time>2026-05-17T07:32:49.000Z</time>
        <extensions>
          <ns3:TrackPointExtension>
            <ns3:atemp>18.2</ns3:atemp>
            <ns3:hr>125</ns3:hr>
            <ns3:cad>72</ns3:cad>
            <ns3:power>167</ns3:power>
          </ns3:TrackPointExtension>
        </extensions>
      </trkpt>
      <trkpt lat="46.1077484528" lon="7.0852018914">
        <ele>467.35</ele>
        <time>2026-05-17T07:32:50.000Z</time>
        <extensions>
          <ns3:TrackPointExtension>
            <ns3:atemp>18.2</ns3:atemp>
            <ns3:hr>125</ns3:hr>
            <ns3:cad>71</ns3:cad>
            <ns3:power>167</ns3:power>
          </ns3:TrackPointExtension>
        </extensions>
      </trkpt>
      <trkpt lat="46.1078069766" lon="7.0852769799">
        <ele>467.39</ele>
        <time>2026-05-17T07:32:51.000Z</time>
        <extensions>
          <ns3:TrackPointExtension>
            <ns3:atemp>18.2</ns3:atemp>
            <ns3:hr>125</ns3:hr>
            <ns3:cad>71</ns3:cad>
            <ns3:power>167</ns3:power>
          </ns3:TrackPointExtension>
        </extensions>
      </trkpt>
      <trkpt lat="46.1078571285" lon="7.0853507563">
        <ele>467.44</ele>
        <time>2026-05-17T07:32:52.000Z</time>
        <extensions>
          <ns3:TrackPointExtension>
            <ns3:atemp>18.2</ns3:atemp>
            <ns3:hr>124</ns3:hr>
            <ns3:cad>71</ns3:cad>
            <ns3:power>167</ns3:power>
          </ns3:TrackPointExtension>
        </extensions>
      </trkpt>
      <trkpt lat="46.1079101073" lon="7.0854226161">
        <ele>467.48</ele>
        <time>2026-05-17T07:32:53.000Z</time>
        <extensions>
          <ns3:TrackPointExtension>
            <ns3:atemp>18.2</ns3:atemp>
            <ns3:hr>124</ns3:hr>
            <ns3:cad>71</ns3:cad>
            <ns3:power>167</ns3:power>
          </ns3:TrackPointExtension>
        </extensions>
      </trkpt>
      <trkpt lat="46.1079601434" lon="7.0854884286">
        <ele>467.52</ele>
        <time>2026-05-17T07:32:54.000Z</time>
        <extensions>
          <ns3:TrackPointExtension>
            <ns3:atemp>18.2</ns3:atemp>
            <ns3:hr>124</ns3:hr>
            <ns3:cad>71</ns3:cad>
            <ns3:power>167</ns3:power>
          </ns3:TrackPointExtension>
        </extensions>
      </trkpt>
      <trkpt lat="46.1080128161" lon="7.0855516752">
        <ele>467.56</ele>
        <time>2026-05-17T07:32:55.000Z</time>
        <extensions>
          <ns3:TrackPointExtension>
            <ns3:atemp>18.2</ns3:atemp>
            <ns3:hr>124</ns3:hr>
            <ns3:cad>71</ns3:cad>
            <ns3:power>167</ns3:power>
          </ns3:TrackPointExtension>
        </extensions>
      </trkpt>
      <trkpt lat="46.1080675132" lon="7.0856171159">
        <ele>467.60</ele>
        <time>2026-05-17T07:32:56.000Z</time>
        <extensions>
          <ns3:TrackPointExtension>
            <ns3:atemp>18.2</ns3:atemp>
            <ns3:hr>124</ns3:hr>
            <ns3:cad>70</ns3:cad>
            <ns3:power>167</ns3:power>
          </ns3:TrackPointExtension>
        </extensions>
      </trkpt>
      <trkpt lat="46.1081199393" lon="7.0856886727">
        <ele>467.64</ele>
        <time>2026-05-17T07:32:57.000Z</time>
        <extensions>
          <ns3:TrackPointExtension>
            <ns3:atemp>18.2</ns3:atemp>
            <ns3:hr>124</ns3:hr>
            <ns3:cad>70</ns3:cad>
            <ns3:power>167</ns3:power>
          </ns3:TrackPointExtension>
        </extensions>
      </trkpt>
      <trkpt lat="46.1081725013" lon="7.0857508903">
        <ele>467.68</ele>
        <time>2026-05-17T07:32:58.000Z</time>
        <extensions>
          <ns3:TrackPointExtension>
            <ns3:atemp>18.2</ns3:atemp>
            <ns3:hr>124</ns3:hr>
            <ns3:cad>70</ns3:cad>
            <ns3:power>167</ns3:power>
          </ns3:TrackPointExtension>
        </extensions>
      </trkpt>
      <trkpt lat="46.1082220753" lon="7.0858241204">
        <ele>467.72</ele>
        <time>2026-05-17T07:32:59.000Z</time>
        <extensions>
          <ns3:TrackPointExtension>
            <ns3:atemp>18.2</ns3:atemp>
            <ns3:hr>124</ns3:hr>
            <ns3:cad>70</ns3:cad>
            <ns3:power>167</ns3:power>
          </ns3:TrackPointExtension>
        </extensions>
      </trkpt>
      <trkpt lat="46.1082743670" lon="7.0858998210">
        <ele>467.76</ele>
        <time>2026-05-17T07:33:00.000Z</time>
        <extensions>
          <ns3:TrackPointExtension>
            <ns3:atemp>18.2</ns3:atemp>
            <ns3:hr>124</ns3:hr>
            <ns3:cad>70</ns3:cad>
            <ns3:power>167</ns3:power>
          </ns3:TrackPointExtension>
        </extensions>
      </trkpt>
      <trkpt lat="46.1083315779" lon="7.0859730161">
        <ele>467.80</ele>
        <time>2026-05-17T07:33:01.000Z</time>
        <extensions>
          <ns3:TrackPointExtension>
            <ns3:atemp>18.2</ns3:atemp>
            <ns3:hr>124</ns3:hr>
            <ns3:cad>70</ns3:cad>
            <ns3:power>167</ns3:power>
          </ns3:TrackPointExtension>
        </extensions>
      </trkpt>
      <trkpt lat="46.1083898389" lon="7.0860362538">
        <ele>467.84</ele>
        <time>2026-05-17T07:33:02.000Z</time>
        <extensions>
          <ns3:TrackPointExtension>
            <ns3:atemp>18.2</ns3:atemp>
            <ns3:hr>123</ns3:hr>
            <ns3:cad>70</ns3:cad>
            <ns3:power>167</ns3:power>
          </ns3:TrackPointExtension>
        </extensions>
      </trkpt>
      <trkpt lat="46.1084404420" lon="7.0860974930">
        <ele>467.88</ele>
        <time>2026-05-17T07:33:03.000Z</time>
        <extensions>
          <ns3:TrackPointExtension>
            <ns3:atemp>18.2</ns3:atemp>
            <ns3:hr>123</ns3:hr>
            <ns3:cad>69</ns3:cad>
            <ns3:power>167</ns3:power>
          </ns3:TrackPointExtension>
        </extensions>
      </trkpt>
      <trkpt lat="46.1084950969" lon="7.0861592235">
        <ele>467.92</ele>
        <time>2026-05-17T07:33:04.000Z</time>
        <extensions>
          <ns3:TrackPointExtension>
            <ns3:atemp>18.2</ns3:atemp>
            <ns3:hr>123</ns3:hr>
            <ns3:cad>69</ns3:cad>
            <ns3:power>168</ns3:power>
          </ns3:TrackPointExtension>
        </extensions>
      </trkpt>
      <trkpt lat="46.1085467325" lon="7.0862250049">
        <ele>467.96</ele>
        <time>2026-05-17T07:33:05.000Z</time>
        <extensions>
          <ns3:TrackPointExtension>
            <ns3:atemp>18.2</ns3:atemp>
            <ns3:hr>123</ns3:hr>
            <ns3:cad>69</ns3:cad>
            <ns3:power>168</ns3:power>
          </ns3:TrackPointExtension>
        </extensions>
      </trkpt>
      <trkpt lat="46.1085984426" lon="7.0862952171">
        <ele>468.00</ele>
        <time>2026-05-17T07:33:06.000Z</time>
        <extensions>
          <ns3:TrackPointExtension>
            <ns3:atemp>18.2</ns3:atemp>
            <ns3:hr>123</ns3:hr>
            <ns3:cad>69</ns3:cad>
            <ns3:power>168</ns3:power>
          </ns3:TrackPointExtension>
        </extensions>
      </trkpt>
      <trkpt lat="46.1086485083" lon="7.0863570583">
        <ele>468.04</ele>
        <time>2026-05-17T07:33:07.000Z</time>
        <extensions>
          <ns3:TrackPointExtension>
            <ns3:atemp>18.2</ns3:atemp>
            <ns3:hr>123</ns3:hr>
            <ns3:cad>69</ns3:cad>
            <ns3:power>168</ns3:power>
          </ns3:TrackPointExtension>
        </extensions>
      </trkpt>
      <trkpt lat="46.1086984045" lon="7.0864313303">
        <ele>468.08</ele>
        <time>2026-05-17T07:33:08.000Z</time>
        <extensions>
          <ns3:TrackPointExtension>
            <ns3:atemp>18.2</ns3:atemp>
            <ns3:hr>123</ns3:hr>
            <ns3:cad>69</ns3:cad>
            <ns3:power>168</ns3:power>
          </ns3:TrackPointExtension>
        </extensions>
      </trkpt>
      <trkpt lat="46.1087521413" lon="7.0864968550">
        <ele>468.12</ele>
        <time>2026-05-17T07:33:09.000Z</time>
        <extensions>
          <ns3:TrackPointExtension>
            <ns3:atemp>18.2</ns3:atemp>
            <ns3:hr>123</ns3:hr>
            <ns3:cad>69</ns3:cad>
            <ns3:power>168</ns3:power>
          </ns3:TrackPointExtension>
        </extensions>
      </trkpt>
      <trkpt lat="46.1088064264" lon="7.0865655848">
        <ele>468.16</ele>
        <time>2026-05-17T07:33:10.000Z</time>
        <extensions>
          <ns3:TrackPointExtension>
            <ns3:atemp>18.2</ns3:atemp>
            <ns3:hr>123</ns3:hr>
            <ns3:cad>69</ns3:cad>
            <ns3:power>169</ns3:power>
          </ns3:TrackPointExtension>
        </extensions>
      </trkpt>
      <trkpt lat="46.1088652887" lon="7.0866304553">
        <ele>468.20</ele>
        <time>2026-05-17T07:33:11.000Z</time>
        <extensions>
          <ns3:TrackPointExtension>
            <ns3:atemp>18.2</ns3:atemp>
            <ns3:hr>123</ns3:hr>
            <ns3:cad>69</ns3:cad>
            <ns3:power>169</ns3:power>
          </ns3:TrackPointExtension>
        </extensions>
      </trkpt>
      <trkpt lat="46.1089192750" lon="7.0867032293">
        <ele>468.24</ele>
        <time>2026-05-17T07:33:12.000Z</time>
        <extensions>
          <ns3:TrackPointExtension>
            <ns3:atemp>18.2</ns3:atemp>
            <ns3:hr>122</ns3:hr>
            <ns3:cad>69</ns3:cad>
            <ns3:power>169</ns3:power>
          </ns3:TrackPointExtension>
        </extensions>
      </trkpt>
      <trkpt lat="46.1089739289" lon="7.0867660771">
        <ele>468.28</ele>
        <time>2026-05-17T07:33:13.000Z</time>
        <extensions>
          <ns3:TrackPointExtension>
            <ns3:atemp>18.2</ns3:atemp>
            <ns3:hr>122</ns3:hr>
            <ns3:cad>69</ns3:cad>
            <ns3:power>169</ns3:power>
          </ns3:TrackPointExtension>
        </extensions>
      </trkpt>
      <trkpt lat="46.1090338873" lon="7.0868277885">
        <ele>468.33</ele>
        <time>2026-05-17T07:33:14.000Z</time>
        <extensions>
          <ns3:TrackPointExtension>
            <ns3:atemp>18.2</ns3:atemp>
            <ns3:hr>122</ns3:hr>
            <ns3:cad>68</ns3:cad>
            <ns3:power>170</ns3:power>
          </ns3:TrackPointExtension>
        </extensions>
      </trkpt>
      <trkpt lat="46.1090861204" lon="7.0868902681">
        <ele>468.37</ele>
        <time>2026-05-17T07:33:15.000Z</time>
        <extensions>
          <ns3:TrackPointExtension>
            <ns3:atemp>18.2</ns3:atemp>
            <ns3:hr>122</ns3:hr>
            <ns3:cad>68</ns3:cad>
            <ns3:power>170</ns3:power>
          </ns3:TrackPointExtension>
        </extensions>
      </trkpt>
      <trkpt lat="46.1091441188" lon="7.0869623919">
        <ele>468.41</ele>
        <time>2026-05-17T07:33:16.000Z</time>
        <extensions>
          <ns3:TrackPointExtension>
            <ns3:atemp>18.2</ns3:atemp>
            <ns3:hr>122</ns3:hr>
            <ns3:cad>68</ns3:cad>
            <ns3:power>170</ns3:power>
          </ns3:TrackPointExtension>
        </extensions>
      </trkpt>
      <trkpt lat="46.1091996698" lon="7.0870294545">
        <ele>468.45</ele>
        <time>2026-05-17T07:33:17.000Z</time>
        <extensions>
          <ns3:TrackPointExtension>
            <ns3:atemp>18.2</ns3:atemp>
            <ns3:hr>122</ns3:hr>
            <ns3:cad>68</ns3:cad>
            <ns3:power>170</ns3:power>
          </ns3:TrackPointExtension>
        </extensions>
      </trkpt>
      <trkpt lat="46.1092513777" lon="7.0870987414">
        <ele>468.49</ele>
        <time>2026-05-17T07:33:18.000Z</time>
        <extensions>
          <ns3:TrackPointExtension>
            <ns3:atemp>18.2</ns3:atemp>
            <ns3:hr>122</ns3:hr>
            <ns3:cad>68</ns3:cad>
            <ns3:power>171</ns3:power>
          </ns3:TrackPointExtension>
        </extensions>
      </trkpt>
      <trkpt lat="46.1093081839" lon="7.0871691277">
        <ele>468.53</ele>
        <time>2026-05-17T07:33:19.000Z</time>
        <extensions>
          <ns3:TrackPointExtension>
            <ns3:atemp>18.2</ns3:atemp>
            <ns3:hr>122</ns3:hr>
            <ns3:cad>68</ns3:cad>
            <ns3:power>171</ns3:power>
          </ns3:TrackPointExtension>
        </extensions>
      </trkpt>
      <trkpt lat="46.1093624892" lon="7.0872384635">
        <ele>468.57</ele>
        <time>2026-05-17T07:33:20.000Z</time>
        <extensions>
          <ns3:TrackPointExtension>
            <ns3:atemp>18.3</ns3:atemp>
            <ns3:hr>122</ns3:hr>
            <ns3:cad>68</ns3:cad>
            <ns3:power>171</ns3:power>
          </ns3:TrackPointExtension>
        </extensions>
      </trkpt>
      <trkpt lat="46.1094154228" lon="7.0873061656">
        <ele>468.61</ele>
        <time>2026-05-17T07:33:21.000Z</time>
        <extensions>
          <ns3:TrackPointExtension>
            <ns3:atemp>18.3</ns3:atemp>
            <ns3:hr>122</ns3:hr>
            <ns3:cad>68</ns3:cad>
            <ns3:power>172</ns3:power>
          </ns3:TrackPointExtension>
        </extensions>
      </trkpt>
      <trkpt lat="46.1094759254" lon="7.0873773801">
        <ele>468.65</ele>
        <time>2026-05-17T07:33:22.000Z</time>
        <extensions>
          <ns3:TrackPointExtension>
            <ns3:atemp>18.3</ns3:atemp>
            <ns3:hr>121</ns3:hr>
            <ns3:cad>68</ns3:cad>
            <ns3:power>172</ns3:power>
          </ns3:TrackPointExtension>
        </extensions>
      </trkpt>
      <trkpt lat="46.1095346475" lon="7.0874470047">
        <ele>468.69</ele>
        <time>2026-05-17T07:33:23.000Z</time>
        <extensions>
          <ns3:TrackPointExtension>
            <ns3:atemp>18.3</ns3:atemp>
            <ns3:hr>121</ns3:hr>
            <ns3:cad>68</ns3:cad>
            <ns3:power>172</ns3:power>
          </ns3:TrackPointExtension>
        </extensions>
      </trkpt>
      <trkpt lat="46.1095913005" lon="7.0875225226">
        <ele>468.73</ele>
        <time>2026-05-17T07:33:24.000Z</time>
        <extensions>
          <ns3:TrackPointExtension>
            <ns3:atemp>18.3</ns3:atemp>
            <ns3:hr>121</ns3:hr>
            <ns3:cad>68</ns3:cad>
            <ns3:power>173</ns3:power>
          </ns3:TrackPointExtension>
        </extensions>
      </trkpt>
      <trkpt lat="46.1096487049" lon="7.0875990577">
        <ele>468.77</ele>
        <time>2026-05-17T07:33:25.000Z</time>
        <extensions>
          <ns3:TrackPointExtension>
            <ns3:atemp>18.3</ns3:atemp>
            <ns3:hr>121</ns3:hr>
            <ns3:cad>68</ns3:cad>
            <ns3:power>173</ns3:power>
          </ns3:TrackPointExtension>
        </extensions>
      </trkpt>
      <trkpt lat="46.1097031057" lon="7.0876736294">
        <ele>468.82</ele>
        <time>2026-05-17T07:33:26.000Z</time>
        <extensions>
          <ns3:TrackPointExtension>
            <ns3:atemp>18.3</ns3:atemp>
            <ns3:hr>121</ns3:hr>
            <ns3:cad>68</ns3:cad>
            <ns3:power>174</ns3:power>
          </ns3:TrackPointExtension>
        </extensions>
      </trkpt>
      <trkpt lat="46.1097547148" lon="7.0877390951">
        <ele>468.86</ele>
        <time>2026-05-17T07:33:27.000Z</time>
        <extensions>
          <ns3:TrackPointExtension>
            <ns3:atemp>18.3</ns3:atemp>
            <ns3:hr>121</ns3:hr>
            <ns3:cad>68</ns3:cad>
            <ns3:power>174</ns3:power>
          </ns3:TrackPointExtension>
        </extensions>
      </trkpt>
      <trkpt lat="46.1098134210" lon="7.0878119500">
        <ele>468.90</ele>
        <time>2026-05-17T07:33:28.000Z</time>
        <extensions>
          <ns3:TrackPointExtension>
            <ns3:atemp>18.3</ns3:atemp>
            <ns3:hr>121</ns3:hr>
            <ns3:cad>68</ns3:cad>
            <ns3:power>174</ns3:power>
          </ns3:TrackPointExtension>
        </extensions>
      </trkpt>
      <trkpt lat="46.1098640727" lon="7.0878905388">
        <ele>468.94</ele>
        <time>2026-05-17T07:33:29.000Z</time>
        <extensions>
          <ns3:TrackPointExtension>
            <ns3:atemp>18.3</ns3:atemp>
            <ns3:hr>121</ns3:hr>
            <ns3:cad>68</ns3:cad>
            <ns3:power>175</ns3:power>
          </ns3:TrackPointExtension>
        </extensions>
      </trkpt>
      <trkpt lat="46.1099185040" lon="7.0879605157">
        <ele>468.98</ele>
        <time>2026-05-17T07:33:30.000Z</time>
        <extensions>
          <ns3:TrackPointExtension>
            <ns3:atemp>18.3</ns3:atemp>
            <ns3:hr>121</ns3:hr>
            <ns3:cad>68</ns3:cad>
            <ns3:power>175</ns3:power>
          </ns3:TrackPointExtension>
        </extensions>
      </trkpt>
      <trkpt lat="46.1099742871" lon="7.0880300660">
        <ele>469.02</ele>
        <time>2026-05-17T07:33:31.000Z</time>
        <extensions>
          <ns3:TrackPointExtension>
            <ns3:atemp>18.3</ns3:atemp>
            <ns3:hr>121</ns3:hr>
            <ns3:cad>68</ns3:cad>
            <ns3:power>176</ns3:power>
          </ns3:TrackPointExtension>
        </extensions>
      </trkpt>
      <trkpt lat="46.1100289809" lon="7.0881106683">
        <ele>469.06</ele>
        <time>2026-05-17T07:33:32.000Z</time>
        <extensions>
          <ns3:TrackPointExtension>
            <ns3:atemp>18.3</ns3:atemp>
            <ns3:hr>121</ns3:hr>
            <ns3:cad>68</ns3:cad>
            <ns3:power>176</ns3:power>
          </ns3:TrackPointExtension>
        </extensions>
      </trkpt>
      <trkpt lat="46.1100825009" lon="7.0881854595">
        <ele>469.11</ele>
        <time>2026-05-17T07:33:33.000Z</time>
        <extensions>
          <ns3:TrackPointExtension>
            <ns3:atemp>18.3</ns3:atemp>
            <ns3:hr>120</ns3:hr>
            <ns3:cad>68</ns3:cad>
            <ns3:power>177</ns3:power>
          </ns3:TrackPointExtension>
        </extensions>
      </trkpt>
      <trkpt lat="46.1101391414" lon="7.0882659212">
        <ele>469.15</ele>
        <time>2026-05-17T07:33:34.000Z</time>
        <extensions>
          <ns3:TrackPointExtension>
            <ns3:atemp>18.3</ns3:atemp>
            <ns3:hr>120</ns3:hr>
            <ns3:cad>68</ns3:cad>
            <ns3:power>177</ns3:power>
          </ns3:TrackPointExtension>
        </extensions>
      </trkpt>
      <trkpt lat="46.1101914087" lon="7.0883375191">
        <ele>469.19</ele>
        <time>2026-05-17T07:33:35.000Z</time>
        <extensions>
          <ns3:TrackPointExtension>
            <ns3:atemp>18.3</ns3:atemp>
            <ns3:hr>120</ns3:hr>
            <ns3:cad>68</ns3:cad>
            <ns3:power>178</ns3:power>
          </ns3:TrackPointExtension>
        </extensions>
      </trkpt>
      <trkpt lat="46.1102424078" lon="7.0884193336">
        <ele>469.23</ele>
        <time>2026-05-17T07:33:36.000Z</time>
        <extensions>
          <ns3:TrackPointExtension>
            <ns3:atemp>18.3</ns3:atemp>
            <ns3:hr>120</ns3:hr>
            <ns3:cad>68</ns3:cad>
            <ns3:power>178</ns3:power>
          </ns3:TrackPointExtension>
        </extensions>
      </trkpt>
      <trkpt lat="46.1102969816" lon="7.0884884099">
        <ele>469.27</ele>
        <time>2026-05-17T07:33:37.000Z</time>
        <extensions>
          <ns3:TrackPointExtension>
            <ns3:atemp>18.3</ns3:atemp>
            <ns3:hr>120</ns3:hr>
            <ns3:cad>68</ns3:cad>
            <ns3:power>179</ns3:power>
          </ns3:TrackPointExtension>
        </extensions>
      </trkpt>
      <trkpt lat="46.1103521017" lon="7.0885569981">
        <ele>469.31</ele>
        <time>2026-05-17T07:33:38.000Z</time>
        <extensions>
          <ns3:TrackPointExtension>
            <ns3:atemp>18.3</ns3:atemp>
            <ns3:hr>120</ns3:hr>
            <ns3:cad>68</ns3:cad>
            <ns3:power>179</ns3:power>
          </ns3:TrackPointExtension>
        </extensions>
      </trkpt>
      <trkpt lat="46.1104020613" lon="7.0886328016">
        <ele>469.35</ele>
        <time>2026-05-17T07:33:39.000Z</time>
        <extensions>
          <ns3:TrackPointExtension>
            <ns3:atemp>18.3</ns3:atemp>
            <ns3:hr>120</ns3:hr>
            <ns3:cad>68</ns3:cad>
            <ns3:power>180</ns3:power>
          </ns3:TrackPointExtension>
        </extensions>
      </trkpt>
      <trkpt lat="46.1104571211" lon="7.0887036544">
        <ele>469.40</ele>
        <time>2026-05-17T07:33:40.000Z</time>
        <extensions>
          <ns3:TrackPointExtension>
            <ns3:atemp>18.3</ns3:atemp>
            <ns3:hr>120</ns3:hr>
            <ns3:cad>68</ns3:cad>
            <ns3:power>180</ns3:power>
          </ns3:TrackPointExtension>
        </extensions>
      </trkpt>
      <trkpt lat="46.1105092218" lon="7.0887778217">
        <ele>469.44</ele>
        <time>2026-05-17T07:33:41.000Z</time>
        <extensions>
          <ns3:TrackPointExtension>
            <ns3:atemp>18.3</ns3:atemp>
            <ns3:hr>120</ns3:hr>
            <ns3:cad>68</ns3:cad>
            <ns3:power>181</ns3:power>
          </ns3:TrackPointExtension>
        </extensions>
      </trkpt>
      <trkpt lat="46.1105589757" lon="7.0888625468">
        <ele>469.48</ele>
        <time>2026-05-17T07:33:42.000Z</time>
        <extensions>
          <ns3:TrackPointExtension>
            <ns3:atemp>18.3</ns3:atemp>
            <ns3:hr>120</ns3:hr>
            <ns3:cad>69</ns3:cad>
            <ns3:power>181</ns3:power>
          </ns3:TrackPointExtension>
        </extensions>
      </trkpt>
      <trkpt lat="46.1106139529" lon="7.0889340312">
        <ele>469.52</ele>
        <time>2026-05-17T07:33:43.000Z</time>
        <extensions>
          <ns3:TrackPointExtension>
            <ns3:atemp>18.3</ns3:atemp>
            <ns3:hr>120</ns3:hr>
            <ns3:cad>69</ns3:cad>
            <ns3:power>182</ns3:power>
          </ns3:TrackPointExtension>
        </extensions>
      </trkpt>
      <trkpt lat="46.1106673675" lon="7.0890138247">
        <ele>469.56</ele>
        <time>2026-05-17T07:33:44.000Z</time>
        <extensions>
          <ns3:TrackPointExtension>
            <ns3:atemp>18.3</ns3:atemp>
            <ns3:hr>119</ns3:hr>
            <ns3:cad>69</ns3:cad>
            <ns3:power>182</ns3:power>
          </ns3:TrackPointExtension>
        </extensions>
      </trkpt>
      <trkpt lat="46.1107186121" lon="7.0890954665">
        <ele>469.61</ele>
        <time>2026-05-17T07:33:45.000Z</time>
        <extensions>
          <ns3:TrackPointExtension>
            <ns3:atemp>18.3</ns3:atemp>
            <ns3:hr>119</ns3:hr>
            <ns3:cad>69</ns3:cad>
            <ns3:power>183</ns3:power>
          </ns3:TrackPointExtension>
        </extensions>
      </trkpt>
      <trkpt lat="46.1107749038" lon="7.0891730833">
        <ele>469.65</ele>
        <time>2026-05-17T07:33:46.000Z</time>
        <extensions>
          <ns3:TrackPointExtension>
            <ns3:atemp>18.3</ns3:atemp>
            <ns3:hr>119</ns3:hr>
            <ns3:cad>69</ns3:cad>
            <ns3:power>183</ns3:power>
          </ns3:TrackPointExtension>
        </extensions>
      </trkpt>
      <trkpt lat="46.1108319029" lon="7.0892603790">
        <ele>469.69</ele>
        <time>2026-05-17T07:33:47.000Z</time>
        <extensions>
          <ns3:TrackPointExtension>
            <ns3:atemp>18.3</ns3:atemp>
            <ns3:hr>119</ns3:hr>
            <ns3:cad>69</ns3:cad>
            <ns3:power>184</ns3:power>
          </ns3:TrackPointExtension>
        </extensions>
      </trkpt>
      <trkpt lat="46.1108803544" lon="7.0893340416">
        <ele>469.73</ele>
        <time>2026-05-17T07:33:48.000Z</time>
        <extensions>
          <ns3:TrackPointExtension>
            <ns3:atemp>18.3</ns3:atemp>
            <ns3:hr>119</ns3:hr>
            <ns3:cad>69</ns3:cad>
            <ns3:power>185</ns3:power>
          </ns3:TrackPointExtension>
        </extensions>
      </trkpt>
      <trkpt lat="46.1109301367" lon="7.0894108211">
        <ele>469.78</ele>
        <time>2026-05-17T07:33:49.000Z</time>
        <extensions>
          <ns3:TrackPointExtension>
            <ns3:atemp>18.3</ns3:atemp>
            <ns3:hr>119</ns3:hr>
            <ns3:cad>69</ns3:cad>
            <ns3:power>185</ns3:power>
          </ns3:TrackPointExtension>
        </extensions>
      </trkpt>
      <trkpt lat="46.1109842258" lon="7.0894867458">
        <ele>469.82</ele>
        <time>2026-05-17T07:33:50.000Z</time>
        <extensions>
          <ns3:TrackPointExtension>
            <ns3:atemp>18.3</ns3:atemp>
            <ns3:hr>119</ns3:hr>
            <ns3:cad>69</ns3:cad>
            <ns3:power>186</ns3:power>
          </ns3:TrackPointExtension>
        </extensions>
      </trkpt>
      <trkpt lat="46.1110370348" lon="7.0895737769">
        <ele>469.86</ele>
        <time>2026-05-17T07:33:51.000Z</time>
        <extensions>
          <ns3:TrackPointExtension>
            <ns3:atemp>18.3</ns3:atemp>
            <ns3:hr>119</ns3:hr>
            <ns3:cad>69</ns3:cad>
            <ns3:power>186</ns3:power>
          </ns3:TrackPointExtension>
        </extensions>
      </trkpt>
      <trkpt lat="46.1110902018" lon="7.0896527263">
        <ele>469.90</ele>
        <time>2026-05-17T07:33:52.000Z</time>
        <extensions>
          <ns3:TrackPointExtension>
            <ns3:atemp>18.3</ns3:atemp>
            <ns3:hr>119</ns3:hr>
            <ns3:cad>70</ns3:cad>
            <ns3:power>187</ns3:power>
          </ns3:TrackPointExtension>
        </extensions>
      </trkpt>
      <trkpt lat="46.1111429829" lon="7.0897346501">
        <ele>469.95</ele>
        <time>2026-05-17T07:33:53.000Z</time>
        <extensions>
          <ns3:TrackPointExtension>
            <ns3:atemp>18.3</ns3:atemp>
            <ns3:hr>119</ns3:hr>
            <ns3:cad>70</ns3:cad>
            <ns3:power>187</ns3:power>
          </ns3:TrackPointExtension>
        </extensions>
      </trkpt>
      <trkpt lat="46.1111901131" lon="7.0898163579">
        <ele>469.99</ele>
        <time>2026-05-17T07:33:54.000Z</time>
        <extensions>
          <ns3:TrackPointExtension>
            <ns3:atemp>18.3</ns3:atemp>
            <ns3:hr>119</ns3:hr>
            <ns3:cad>70</ns3:cad>
            <ns3:power>188</ns3:power>
          </ns3:TrackPointExtension>
        </extensions>
      </trkpt>
      <trkpt lat="46.1112407451" lon="7.0899067302">
        <ele>470.03</ele>
        <time>2026-05-17T07:33:55.000Z</time>
        <extensions>
          <ns3:TrackPointExtension>
            <ns3:atemp>18.3</ns3:atemp>
            <ns3:hr>119</ns3:hr>
            <ns3:cad>70</ns3:cad>
            <ns3:power>189</ns3:power>
          </ns3:TrackPointExtension>
        </extensions>
      </trkpt>
      <trkpt lat="46.1112959675" lon="7.0899901084">
        <ele>470.07</ele>
        <time>2026-05-17T07:33:56.000Z</time>
        <extensions>
          <ns3:TrackPointExtension>
            <ns3:atemp>18.3</ns3:atemp>
            <ns3:hr>119</ns3:hr>
            <ns3:cad>70</ns3:cad>
            <ns3:power>189</ns3:power>
          </ns3:TrackPointExtension>
        </extensions>
      </trkpt>
      <trkpt lat="46.1113450269" lon="7.0900756323">
        <ele>470.12</ele>
        <time>2026-05-17T07:33:57.000Z</time>
        <extensions>
          <ns3:TrackPointExtension>
            <ns3:atemp>18.3</ns3:atemp>
            <ns3:hr>118</ns3:hr>
            <ns3:cad>70</ns3:cad>
            <ns3:power>190</ns3:power>
          </ns3:TrackPointExtension>
        </extensions>
      </trkpt>
      <trkpt lat="46.1114002171" lon="7.0901619707">
        <ele>470.16</ele>
        <time>2026-05-17T07:33:58.000Z</time>
        <extensions>
          <ns3:TrackPointExtension>
            <ns3:atemp>18.3</ns3:atemp>
            <ns3:hr>118</ns3:hr>
            <ns3:cad>70</ns3:cad>
            <ns3:power>190</ns3:power>
          </ns3:TrackPointExtension>
        </extensions>
      </trkpt>
      <trkpt lat="46.1114500657" lon="7.0902453601">
        <ele>470.20</ele>
        <time>2026-05-17T07:33:59.000Z</time>
        <extensions>
          <ns3:TrackPointExtension>
            <ns3:atemp>18.3</ns3:atemp>
            <ns3:hr>118</ns3:hr>
            <ns3:cad>70</ns3:cad>
            <ns3:power>191</ns3:power>
          </ns3:TrackPointExtension>
        </extensions>
      </trkpt>
      <trkpt lat="46.1115031981" lon="7.0903343219">
        <ele>470.24</ele>
        <time>2026-05-17T07:34:00.000Z</time>
        <extensions>
          <ns3:TrackPointExtension>
            <ns3:atemp>18.3</ns3:atemp>
            <ns3:hr>118</ns3:hr>
            <ns3:cad>71</ns3:cad>
            <ns3:power>191</ns3:power>
          </ns3:TrackPointExtension>
        </extensions>
      </trkpt>
      <trkpt lat="46.1115549244" lon="7.0904251076">
        <ele>470.29</ele>
        <time>2026-05-17T07:34:01.000Z</time>
        <extensions>
          <ns3:TrackPointExtension>
            <ns3:atemp>18.3</ns3:atemp>
            <ns3:hr>118</ns3:hr>
            <ns3:cad>71</ns3:cad>
            <ns3:power>192</ns3:power>
          </ns3:TrackPointExtension>
        </extensions>
      </trkpt>
      <trkpt lat="46.1116028966" lon="7.0905175854">
        <ele>470.33</ele>
        <time>2026-05-17T07:34:02.000Z</time>
        <extensions>
          <ns3:TrackPointExtension>
            <ns3:atemp>18.3</ns3:atemp>
            <ns3:hr>118</ns3:hr>
            <ns3:cad>71</ns3:cad>
            <ns3:power>193</ns3:power>
          </ns3:TrackPointExtension>
        </extensions>
      </trkpt>
      <trkpt lat="46.1116529806" lon="7.0906101471">
        <ele>470.37</ele>
        <time>2026-05-17T07:34:03.000Z</time>
        <extensions>
          <ns3:TrackPointExtension>
            <ns3:atemp>18.3</ns3:atemp>
            <ns3:hr>118</ns3:hr>
            <ns3:cad>71</ns3:cad>
            <ns3:power>193</ns3:power>
          </ns3:TrackPointExtension>
        </extensions>
      </trkpt>
      <trkpt lat="46.1117011155" lon="7.0906961784">
        <ele>470.42</ele>
        <time>2026-05-17T07:34:04.000Z</time>
        <extensions>
          <ns3:TrackPointExtension>
            <ns3:atemp>18.3</ns3:atemp>
            <ns3:hr>118</ns3:hr>
            <ns3:cad>71</ns3:cad>
            <ns3:power>194</ns3:power>
          </ns3:TrackPointExtension>
        </extensions>
      </trkpt>
      <trkpt lat="46.1117467169" lon="7.0907800108">
        <ele>470.46</ele>
        <time>2026-05-17T07:34:05.000Z</time>
        <extensions>
          <ns3:TrackPointExtension>
            <ns3:atemp>18.3</ns3:atemp>
            <ns3:hr>118</ns3:hr>
            <ns3:cad>71</ns3:cad>
            <ns3:power>194</ns3:power>
          </ns3:TrackPointExtension>
        </extensions>
      </trkpt>
      <trkpt lat="46.1117988194" lon="7.0908705125">
        <ele>470.50</ele>
        <time>2026-05-17T07:34:06.000Z</time>
        <extensions>
          <ns3:TrackPointExtension>
            <ns3:atemp>18.3</ns3:atemp>
            <ns3:hr>118</ns3:hr>
            <ns3:cad>72</ns3:cad>
            <ns3:power>195</ns3:power>
          </ns3:TrackPointExtension>
        </extensions>
      </trkpt>
      <trkpt lat="46.1118426495" lon="7.0909565827">
        <ele>470.55</ele>
        <time>2026-05-17T07:34:07.000Z</time>
        <extensions>
          <ns3:TrackPointExtension>
            <ns3:atemp>18.3</ns3:atemp>
            <ns3:hr>118</ns3:hr>
            <ns3:cad>72</ns3:cad>
            <ns3:power>195</ns3:power>
          </ns3:TrackPointExtension>
        </extensions>
      </trkpt>
      <trkpt lat="46.1118886208" lon="7.0910401102">
        <ele>470.59</ele>
        <time>2026-05-17T07:34:08.000Z</time>
        <extensions>
          <ns3:TrackPointExtension>
            <ns3:atemp>18.3</ns3:atemp>
            <ns3:hr>118</ns3:hr>
            <ns3:cad>72</ns3:cad>
            <ns3:power>196</ns3:power>
          </ns3:TrackPointExtension>
        </extensions>
      </trkpt>
      <trkpt lat="46.1119410797" lon="7.0911312310">
        <ele>470.63</ele>
        <time>2026-05-17T07:34:09.000Z</time>
        <extensions>
          <ns3:TrackPointExtension>
            <ns3:atemp>18.3</ns3:atemp>
            <ns3:hr>118</ns3:hr>
            <ns3:cad>72</ns3:cad>
            <ns3:power>196</ns3:power>
          </ns3:TrackPointExtension>
        </extensions>
      </trkpt>
      <trkpt lat="46.1119885549" lon="7.0912145901">
        <ele>470.68</ele>
        <time>2026-05-17T07:34:10.000Z</time>
        <extensions>
          <ns3:TrackPointExtension>
            <ns3:atemp>18.3</ns3:atemp>
            <ns3:hr>118</ns3:hr>
            <ns3:cad>72</ns3:cad>
            <ns3:power>197</ns3:power>
          </ns3:TrackPointExtension>
        </extensions>
      </trkpt>
      <trkpt lat="46.1120344804" lon="7.0913017604">
        <ele>470.72</ele>
        <time>2026-05-17T07:34:11.000Z</time>
        <extensions>
          <ns3:TrackPointExtension>
            <ns3:atemp>18.3</ns3:atemp>
            <ns3:hr>118</ns3:hr>
            <ns3:cad>73</ns3:cad>
            <ns3:power>197</ns3:power>
          </ns3:TrackPointExtension>
        </extensions>
      </trkpt>
      <trkpt lat="46.1120854151" lon="7.0913894380">
        <ele>470.76</ele>
        <time>2026-05-17T07:34:12.000Z</time>
        <extensions>
          <ns3:TrackPointExtension>
            <ns3:atemp>18.3</ns3:atemp>
            <ns3:hr>118</ns3:hr>
            <ns3:cad>73</ns3:cad>
            <ns3:power>198</ns3:power>
          </ns3:TrackPointExtension>
        </extensions>
      </trkpt>
      <trkpt lat="46.1121289481" lon="7.0914728453">
        <ele>470.81</ele>
        <time>2026-05-17T07:34:13.000Z</time>
        <extensions>
          <ns3:TrackPointExtension>
            <ns3:atemp>18.3</ns3:atemp>
            <ns3:hr>118</ns3:hr>
            <ns3:cad>73</ns3:cad>
            <ns3:power>199</ns3:power>
          </ns3:TrackPointExtension>
        </extensions>
      </trkpt>
      <trkpt lat="46.1121769854" lon="7.0915711429">
        <ele>470.85</ele>
        <time>2026-05-17T07:34:14.000Z</time>
        <extensions>
          <ns3:TrackPointExtension>
            <ns3:atemp>18.3</ns3:atemp>
            <ns3:hr>117</ns3:hr>
            <ns3:cad>73</ns3:cad>
            <ns3:power>199</ns3:power>
          </ns3:TrackPointExtension>
        </extensions>
      </trkpt>
      <trkpt lat="46.1122193830" lon="7.0916674211">
        <ele>470.89</ele>
        <time>2026-05-17T07:34:15.000Z</time>
        <extensions>
          <ns3:TrackPointExtension>
            <ns3:atemp>18.3</ns3:atemp>
            <ns3:hr>117</ns3:hr>
            <ns3:cad>73</ns3:cad>
            <ns3:power>200</ns3:power>
          </ns3:TrackPointExtension>
        </extensions>
      </trkpt>
      <trkpt lat="46.1122656212" lon="7.0917609295">
        <ele>470.94</ele>
        <time>2026-05-17T07:34:16.000Z</time>
        <extensions>
          <ns3:TrackPointExtension>
            <ns3:atemp>18.3</ns3:atemp>
            <ns3:hr>117</ns3:hr>
            <ns3:cad>74</ns3:cad>
            <ns3:power>200</ns3:power>
          </ns3:TrackPointExtension>
        </extensions>
      </trkpt>
      <trkpt lat="46.1123104817" lon="7.0918489192">
        <ele>470.98</ele>
        <time>2026-05-17T07:34:17.000Z</time>
        <extensions>
          <ns3:TrackPointExtension>
            <ns3:atemp>18.3</ns3:atemp>
            <ns3:hr>117</ns3:hr>
            <ns3:cad>74</ns3:cad>
            <ns3:power>200</ns3:power>
          </ns3:TrackPointExtension>
        </extensions>
      </trkpt>
      <trkpt lat="46.1123566232" lon="7.0919413578">
        <ele>471.03</ele>
        <time>2026-05-17T07:34:18.000Z</time>
        <extensions>
          <ns3:TrackPointExtension>
            <ns3:atemp>18.3</ns3:atemp>
            <ns3:hr>117</ns3:hr>
            <ns3:cad>74</ns3:cad>
            <ns3:power>201</ns3:power>
          </ns3:TrackPointExtension>
        </extensions>
      </trkpt>
      <trkpt lat="46.1123990725" lon="7.0920357563">
        <ele>471.07</ele>
        <time>2026-05-17T07:34:19.000Z</time>
        <extensions>
          <ns3:TrackPointExtension>
            <ns3:atemp>18.3</ns3:atemp>
            <ns3:hr>117</ns3:hr>
            <ns3:cad>74</ns3:cad>
            <ns3:power>201</ns3:power>
          </ns3:TrackPointExtension>
        </extensions>
      </trkpt>
      <trkpt lat="46.1124507941" lon="7.0921282490">
        <ele>471.11</ele>
        <time>2026-05-17T07:34:20.000Z</time>
        <extensions>
          <ns3:TrackPointExtension>
            <ns3:atemp>18.3</ns3:atemp>
            <ns3:hr>117</ns3:hr>
            <ns3:cad>74</ns3:cad>
            <ns3:power>202</ns3:power>
          </ns3:TrackPointExtension>
        </extensions>
      </trkpt>
      <trkpt lat="46.1125009490" lon="7.0922246181">
        <ele>471.16</ele>
        <time>2026-05-17T07:34:21.000Z</time>
        <extensions>
          <ns3:TrackPointExtension>
            <ns3:atemp>18.3</ns3:atemp>
            <ns3:hr>117</ns3:hr>
            <ns3:cad>75</ns3:cad>
            <ns3:power>202</ns3:power>
          </ns3:TrackPointExtension>
        </extensions>
      </trkpt>
      <trkpt lat="46.1125417055" lon="7.0923208503">
        <ele>471.20</ele>
        <time>2026-05-17T07:34:22.000Z</time>
        <extensions>
          <ns3:TrackPointExtension>
            <ns3:atemp>18.3</ns3:atemp>
            <ns3:hr>117</ns3:hr>
            <ns3:cad>75</ns3:cad>
            <ns3:power>203</ns3:power>
          </ns3:TrackPointExtension>
        </extensions>
      </trkpt>
      <trkpt lat="46.1125876991" lon="7.0924175591">
        <ele>471.25</ele>
        <time>2026-05-17T07:34:23.000Z</time>
        <extensions>
          <ns3:TrackPointExtension>
            <ns3:atemp>18.3</ns3:atemp>
            <ns3:hr>117</ns3:hr>
            <ns3:cad>75</ns3:cad>
            <ns3:power>203</ns3:power>
          </ns3:TrackPointExtension>
        </extensions>
      </trkpt>
      <trkpt lat="46.1126330399" lon="7.0925078355">
        <ele>471.29</ele>
        <time>2026-05-17T07:34:24.000Z</time>
        <extensions>
          <ns3:TrackPointExtension>
            <ns3:atemp>18.3</ns3:atemp>
            <ns3:hr>117</ns3:hr>
            <ns3:cad>75</ns3:cad>
            <ns3:power>204</ns3:power>
          </ns3:TrackPointExtension>
        </extensions>
      </trkpt>
      <trkpt lat="46.1126749416" lon="7.0925983378">
        <ele>471.33</ele>
        <time>2026-05-17T07:34:25.000Z</time>
        <extensions>
          <ns3:TrackPointExtension>
            <ns3:atemp>18.3</ns3:atemp>
            <ns3:hr>117</ns3:hr>
            <ns3:cad>75</ns3:cad>
            <ns3:power>204</ns3:power>
          </ns3:TrackPointExtension>
        </extensions>
      </trkpt>
      <trkpt lat="46.1127163447" lon="7.0926844810">
        <ele>471.38</ele>
        <time>2026-05-17T07:34:26.000Z</time>
        <extensions>
          <ns3:TrackPointExtension>
            <ns3:atemp>18.3</ns3:atemp>
            <ns3:hr>117</ns3:hr>
            <ns3:cad>76</ns3:cad>
            <ns3:power>204</ns3:power>
          </ns3:TrackPointExtension>
        </extensions>
      </trkpt>
      <trkpt lat="46.1127584777" lon="7.0927833001">
        <ele>471.42</ele>
        <time>2026-05-17T07:34:27.000Z</time>
        <extensions>
          <ns3:TrackPointExtension>
            <ns3:atemp>18.3</ns3:atemp>
            <ns3:hr>117</ns3:hr>
            <ns3:cad>76</ns3:cad>
            <ns3:power>205</ns3:power>
          </ns3:TrackPointExtension>
        </extensions>
      </trkpt>
      <trkpt lat="46.1128061428" lon="7.0928745436">
        <ele>471.47</ele>
        <time>2026-05-17T07:34:28.000Z</time>
        <extensions>
          <ns3:TrackPointExtension>
            <ns3:atemp>18.3</ns3:atemp>
            <ns3:hr>117</ns3:hr>
            <ns3:cad>76</ns3:cad>
            <ns3:power>205</ns3:power>
          </ns3:TrackPointExtension>
        </extensions>
      </trkpt>
      <trkpt lat="46.1128462948" lon="7.0929628687">
        <ele>471.51</ele>
        <time>2026-05-17T07:34:29.000Z</time>
        <extensions>
          <ns3:TrackPointExtension>
            <ns3:atemp>18.3</ns3:atemp>
            <ns3:hr>117</ns3:hr>
            <ns3:cad>76</ns3:cad>
            <ns3:power>205</ns3:power>
          </ns3:TrackPointExtension>
        </extensions>
      </trkpt>
      <trkpt lat="46.1128949986" lon="7.0930538718">
        <ele>471.56</ele>
        <time>2026-05-17T07:34:30.000Z</time>
        <extensions>
          <ns3:TrackPointExtension>
            <ns3:atemp>18.3</ns3:atemp>
            <ns3:hr>117</ns3:hr>
            <ns3:cad>77</ns3:cad>
            <ns3:power>206</ns3:power>
          </ns3:TrackPointExtension>
        </extensions>
      </trkpt>
      <trkpt lat="46.1129432113" lon="7.0931480725">
        <ele>471.60</ele>
        <time>2026-05-17T07:34:31.000Z</time>
        <extensions>
          <ns3:TrackPointExtension>
            <ns3:atemp>18.3</ns3:atemp>
            <ns3:hr>117</ns3:hr>
            <ns3:cad>77</ns3:cad>
            <ns3:power>206</ns3:power>
          </ns3:TrackPointExtension>
        </extensions>
      </trkpt>
      <trkpt lat="46.1129853726" lon="7.0932388754">
        <ele>471.64</ele>
        <time>2026-05-17T07:34:32.000Z</time>
        <extensions>
          <ns3:TrackPointExtension>
            <ns3:atemp>18.3</ns3:atemp>
            <ns3:hr>117</ns3:hr>
            <ns3:cad>77</ns3:cad>
            <ns3:power>206</ns3:power>
          </ns3:TrackPointExtension>
        </extensions>
      </trkpt>
      <trkpt lat="46.1130291809" lon="7.0933313962">
        <ele>471.69</ele>
        <time>2026-05-17T07:34:33.000Z</time>
        <extensions>
          <ns3:TrackPointExtension>
            <ns3:atemp>18.3</ns3:atemp>
            <ns3:hr>117</ns3:hr>
            <ns3:cad>77</ns3:cad>
            <ns3:power>207</ns3:power>
          </ns3:TrackPointExtension>
        </extensions>
      </trkpt>
      <trkpt lat="46.1130757981" lon="7.0934273947">
        <ele>471.73</ele>
        <time>2026-05-17T07:34:34.000Z</time>
        <extensions>
          <ns3:TrackPointExtension>
            <ns3:atemp>18.3</ns3:atemp>
            <ns3:hr>117</ns3:hr>
            <ns3:cad>77</ns3:cad>
            <ns3:power>207</ns3:power>
          </ns3:TrackPointExtension>
        </extensions>
      </trkpt>
      <trkpt lat="46.1131215349" lon="7.0935242630">
        <ele>471.78</ele>
        <time>2026-05-17T07:34:35.000Z</time>
        <extensions>
          <ns3:TrackPointExtension>
            <ns3:atemp>18.3</ns3:atemp>
            <ns3:hr>117</ns3:hr>
            <ns3:cad>78</ns3:cad>
            <ns3:power>207</ns3:power>
          </ns3:TrackPointExtension>
        </extensions>
      </trkpt>
      <trkpt lat="46.1131659199" lon="7.0936238862">
        <ele>471.82</ele>
        <time>2026-05-17T07:34:36.000Z</time>
        <extensions>
          <ns3:TrackPointExtension>
            <ns3:atemp>18.3</ns3:atemp>
            <ns3:hr>117</ns3:hr>
            <ns3:cad>78</ns3:cad>
            <ns3:power>207</ns3:power>
          </ns3:TrackPointExtension>
        </extensions>
      </trkpt>
      <trkpt lat="46.1132152780" lon="7.0937131648">
        <ele>471.87</ele>
        <time>2026-05-17T07:34:37.000Z</time>
        <extensions>
          <ns3:TrackPointExtension>
            <ns3:atemp>18.3</ns3:atemp>
            <ns3:hr>117</ns3:hr>
            <ns3:cad>78</ns3:cad>
            <ns3:power>208</ns3:power>
          </ns3:TrackPointExtension>
        </extensions>
      </trkpt>
      <trkpt lat="46.1132566651" lon="7.0938150829">
        <ele>471.91</ele>
        <time>2026-05-17T07:34:38.000Z</time>
        <extensions>
          <ns3:TrackPointExtension>
            <ns3:atemp>18.3</ns3:atemp>
            <ns3:hr>117</ns3:hr>
            <ns3:cad>78</ns3:cad>
            <ns3:power>208</ns3:power>
          </ns3:TrackPointExtension>
        </extensions>
      </trkpt>
      <trkpt lat="46.1133041241" lon="7.0939185513">
        <ele>471.96</ele>
        <time>2026-05-17T07:34:39.000Z</time>
        <extensions>
          <ns3:TrackPointExtension>
            <ns3:atemp>18.3</ns3:atemp>
            <ns3:hr>117</ns3:hr>
            <ns3:cad>79</ns3:cad>
            <ns3:power>208</ns3:power>
          </ns3:TrackPointExtension>
        </extensions>
      </trkpt>
      <trkpt lat="46.1133434827" lon="7.0940167782">
        <ele>472.00</ele>
        <time>2026-05-17T07:34:40.000Z</time>
        <extensions>
          <ns3:TrackPointExtension>
            <ns3:atemp>18.4</ns3:atemp>
            <ns3:hr>117</ns3:hr>
            <ns3:cad>79</ns3:cad>
            <ns3:power>208</ns3:power>
          </ns3:TrackPointExtension>
        </extensions>
      </trkpt>
      <trkpt lat="46.1133849179" lon="7.0941126505">
        <ele>472.04</ele>
        <time>2026-05-17T07:34:41.000Z</time>
        <extensions>
          <ns3:TrackPointExtension>
            <ns3:atemp>18.4</ns3:atemp>
            <ns3:hr>117</ns3:hr>
            <ns3:cad>79</ns3:cad>
            <ns3:power>208</ns3:power>
          </ns3:TrackPointExtension>
        </extensions>
      </trkpt>
      <trkpt lat="46.1134322809" lon="7.0942030200">
        <ele>472.09</ele>
        <time>2026-05-17T07:34:42.000Z</time>
        <extensions>
          <ns3:TrackPointExtension>
            <ns3:atemp>18.4</ns3:atemp>
            <ns3:hr>117</ns3:hr>
            <ns3:cad>79</ns3:cad>
            <ns3:power>209</ns3:power>
          </ns3:TrackPointExtension>
        </extensions>
      </trkpt>
      <trkpt lat="46.1134707821" lon="7.0943063489">
        <ele>472.13</ele>
        <time>2026-05-17T07:34:43.000Z</time>
        <extensions>
          <ns3:TrackPointExtension>
            <ns3:atemp>18.4</ns3:atemp>
            <ns3:hr>117</ns3:hr>
            <ns3:cad>79</ns3:cad>
            <ns3:power>209</ns3:power>
          </ns3:TrackPointExtension>
        </extensions>
      </trkpt>
      <trkpt lat="46.1135111753" lon="7.0944025498">
        <ele>472.18</ele>
        <time>2026-05-17T07:34:44.000Z</time>
        <extensions>
          <ns3:TrackPointExtension>
            <ns3:atemp>18.4</ns3:atemp>
            <ns3:hr>117</ns3:hr>
            <ns3:cad>80</ns3:cad>
            <ns3:power>209</ns3:power>
          </ns3:TrackPointExtension>
        </extensions>
      </trkpt>
      <trkpt lat="46.1135543144" lon="7.0945064080">
        <ele>472.22</ele>
        <time>2026-05-17T07:34:45.000Z</time>
        <extensions>
          <ns3:TrackPointExtension>
            <ns3:atemp>18.4</ns3:atemp>
            <ns3:hr>117</ns3:hr>
            <ns3:cad>80</ns3:cad>
            <ns3:power>209</ns3:power>
          </ns3:TrackPointExtension>
        </extensions>
      </trkpt>
      <trkpt lat="46.1135912573" lon="7.0946103061">
        <ele>472.27</ele>
        <time>2026-05-17T07:34:46.000Z</time>
        <extensions>
          <ns3:TrackPointExtension>
            <ns3:atemp>18.4</ns3:atemp>
            <ns3:hr>117</ns3:hr>
            <ns3:cad>80</ns3:cad>
            <ns3:power>209</ns3:power>
          </ns3:TrackPointExtension>
        </extensions>
      </trkpt>
      <trkpt lat="46.1136334797" lon="7.0947029368">
        <ele>472.31</ele>
        <time>2026-05-17T07:34:47.000Z</time>
        <extensions>
          <ns3:TrackPointExtension>
            <ns3:atemp>18.4</ns3:atemp>
            <ns3:hr>117</ns3:hr>
            <ns3:cad>80</ns3:cad>
            <ns3:power>209</ns3:power>
          </ns3:TrackPointExtension>
        </extensions>
      </trkpt>
      <trkpt lat="46.1136784991" lon="7.0948081337">
        <ele>472.36</ele>
        <time>2026-05-17T07:34:48.000Z</time>
        <extensions>
          <ns3:TrackPointExtension>
            <ns3:atemp>18.4</ns3:atemp>
            <ns3:hr>117</ns3:hr>
            <ns3:cad>81</ns3:cad>
            <ns3:power>209</ns3:power>
          </ns3:TrackPointExtension>
        </extensions>
      </trkpt>
      <trkpt lat="46.1137206731" lon="7.0949110949">
        <ele>472.40</ele>
        <time>2026-05-17T07:34:49.000Z</time>
        <extensions>
          <ns3:TrackPointExtension>
            <ns3:atemp>18.4</ns3:atemp>
            <ns3:hr>117</ns3:hr>
            <ns3:cad>81</ns3:cad>
            <ns3:power>209</ns3:power>
          </ns3:TrackPointExtension>
        </extensions>
      </trkpt>
      <trkpt lat="46.1137597128" lon="7.0950042134">
        <ele>472.45</ele>
        <time>2026-05-17T07:34:50.000Z</time>
        <extensions>
          <ns3:TrackPointExtension>
            <ns3:atemp>18.4</ns3:atemp>
            <ns3:hr>117</ns3:hr>
            <ns3:cad>81</ns3:cad>
            <ns3:power>209</ns3:power>
          </ns3:TrackPointExtension>
        </extensions>
      </trkpt>
      <trkpt lat="46.1137985963" lon="7.0951075517">
        <ele>472.49</ele>
        <time>2026-05-17T07:34:51.000Z</time>
        <extensions>
          <ns3:TrackPointExtension>
            <ns3:atemp>18.4</ns3:atemp>
            <ns3:hr>117</ns3:hr>
            <ns3:cad>81</ns3:cad>
            <ns3:power>209</ns3:power>
          </ns3:TrackPointExtension>
        </extensions>
      </trkpt>
      <trkpt lat="46.1138406505" lon="7.0952092987">
        <ele>472.54</ele>
        <time>2026-05-17T07:34:52.000Z</time>
        <extensions>
          <ns3:TrackPointExtension>
            <ns3:atemp>18.4</ns3:atemp>
            <ns3:hr>117</ns3:hr>
            <ns3:cad>81</ns3:cad>
            <ns3:power>209</ns3:power>
          </ns3:TrackPointExtension>
        </extensions>
      </trkpt>
      <trkpt lat="46.1138834376" lon="7.0953159467">
        <ele>472.58</ele>
        <time>2026-05-17T07:34:53.000Z</time>
        <extensions>
          <ns3:TrackPointExtension>
            <ns3:atemp>18.4</ns3:atemp>
            <ns3:hr>117</ns3:hr>
            <ns3:cad>82</ns3:cad>
            <ns3:power>209</ns3:power>
          </ns3:TrackPointExtension>
        </extensions>
      </trkpt>
      <trkpt lat="46.1139201052" lon="7.0954124494">
        <ele>472.62</ele>
        <time>2026-05-17T07:34:54.000Z</time>
        <extensions>
          <ns3:TrackPointExtension>
            <ns3:atemp>18.4</ns3:atemp>
            <ns3:hr>117</ns3:hr>
            <ns3:cad>82</ns3:cad>
            <ns3:power>209</ns3:power>
          </ns3:TrackPointExtension>
        </extensions>
      </trkpt>
      <trkpt lat="46.1139648043" lon="7.0955206650">
        <ele>472.67</ele>
        <time>2026-05-17T07:34:55.000Z</time>
        <extensions>
          <ns3:TrackPointExtension>
            <ns3:atemp>18.4</ns3:atemp>
            <ns3:hr>117</ns3:hr>
            <ns3:cad>82</ns3:cad>
            <ns3:power>209</ns3:power>
          </ns3:TrackPointExtension>
        </extensions>
      </trkpt>
      <trkpt lat="46.1140062311" lon="7.0956177218">
        <ele>472.71</ele>
        <time>2026-05-17T07:34:56.000Z</time>
        <extensions>
          <ns3:TrackPointExtension>
            <ns3:atemp>18.4</ns3:atemp>
            <ns3:hr>117</ns3:hr>
            <ns3:cad>82</ns3:cad>
            <ns3:power>209</ns3:power>
          </ns3:TrackPointExtension>
        </extensions>
      </trkpt>
      <trkpt lat="46.1140453743" lon="7.0957249559">
        <ele>472.76</ele>
        <time>2026-05-17T07:34:57.000Z</time>
        <extensions>
          <ns3:TrackPointExtension>
            <ns3:atemp>18.4</ns3:atemp>
            <ns3:hr>117</ns3:hr>
            <ns3:cad>83</ns3:cad>
            <ns3:power>209</ns3:power>
          </ns3:TrackPointExtension>
        </extensions>
      </trkpt>
      <trkpt lat="46.1140797666" lon="7.0958226156">
        <ele>472.80</ele>
        <time>2026-05-17T07:34:58.000Z</time>
        <extensions>
          <ns3:TrackPointExtension>
            <ns3:atemp>18.4</ns3:atemp>
            <ns3:hr>117</ns3:hr>
            <ns3:cad>83</ns3:cad>
            <ns3:power>209</ns3:power>
          </ns3:TrackPointExtension>
        </extensions>
      </trkpt>
      <trkpt lat="46.1141214988" lon="7.0959296608">
        <ele>472.85</ele>
        <time>2026-05-17T07:34:59.000Z</time>
        <extensions>
          <ns3:TrackPointExtension>
            <ns3:atemp>18.4</ns3:atemp>
            <ns3:hr>117</ns3:hr>
            <ns3:cad>83</ns3:cad>
            <ns3:power>209</ns3:power>
          </ns3:TrackPointExtension>
        </extensions>
      </trkpt>
      <trkpt lat="46.1141597977" lon="7.0960266773">
        <ele>472.89</ele>
        <time>2026-05-17T07:35:00.000Z</time>
        <extensions>
          <ns3:TrackPointExtension>
            <ns3:atemp>18.4</ns3:atemp>
            <ns3:hr>117</ns3:hr>
            <ns3:cad>83</ns3:cad>
            <ns3:power>208</ns3:power>
          </ns3:TrackPointExtension>
        </extensions>
      </trkpt>
      <trkpt lat="46.1141999618" lon="7.0961346664">
        <ele>472.94</ele>
        <time>2026-05-17T07:35:01.000Z</time>
        <extensions>
          <ns3:TrackPointExtension>
            <ns3:atemp>18.4</ns3:atemp>
            <ns3:hr>117</ns3:hr>
            <ns3:cad>83</ns3:cad>
            <ns3:power>208</ns3:power>
          </ns3:TrackPointExtension>
        </extensions>
      </trkpt>
      <trkpt lat="46.1142396486" lon="7.0962376081">
        <ele>472.98</ele>
        <time>2026-05-17T07:35:02.000Z</time>
        <extensions>
          <ns3:TrackPointExtension>
            <ns3:atemp>18.4</ns3:atemp>
            <ns3:hr>117</ns3:hr>
            <ns3:cad>83</ns3:cad>
            <ns3:power>208</ns3:power>
          </ns3:TrackPointExtension>
        </extensions>
      </trkpt>
      <trkpt lat="46.1142818297" lon="7.0963430573">
        <ele>473.03</ele>
        <time>2026-05-17T07:35:03.000Z</time>
        <extensions>
          <ns3:TrackPointExtension>
            <ns3:atemp>18.4</ns3:atemp>
            <ns3:hr>117</ns3:hr>
            <ns3:cad>84</ns3:cad>
            <ns3:power>208</ns3:power>
          </ns3:TrackPointExtension>
        </extensions>
      </trkpt>
      <trkpt lat="46.1143134462" lon="7.0964515669">
        <ele>473.07</ele>
        <time>2026-05-17T07:35:04.000Z</time>
        <extensions>
          <ns3:TrackPointExtension>
            <ns3:atemp>18.4</ns3:atemp>
            <ns3:hr>117</ns3:hr>
            <ns3:cad>84</ns3:cad>
            <ns3:power>208</ns3:power>
          </ns3:TrackPointExtension>
        </extensions>
      </trkpt>
      <trkpt lat="46.1143475047" lon="7.0965579040">
        <ele>473.11</ele>
        <time>2026-05-17T07:35:05.000Z</time>
        <extensions>
          <ns3:TrackPointExtension>
            <ns3:atemp>18.4</ns3:atemp>
            <ns3:hr>117</ns3:hr>
            <ns3:cad>84</ns3:cad>
            <ns3:power>207</ns3:power>
          </ns3:TrackPointExtension>
        </extensions>
      </trkpt>
      <trkpt lat="46.1143833621" lon="7.0966662308">
        <ele>473.16</ele>
        <time>2026-05-17T07:35:06.000Z</time>
        <extensions>
          <ns3:TrackPointExtension>
            <ns3:atemp>18.4</ns3:atemp>
            <ns3:hr>117</ns3:hr>
            <ns3:cad>84</ns3:cad>
            <ns3:power>207</ns3:power>
          </ns3:TrackPointExtension>
        </extensions>
      </trkpt>
      <trkpt lat="46.1144203804" lon="7.0967759500">
        <ele>473.20</ele>
        <time>2026-05-17T07:35:07.000Z</time>
        <extensions>
          <ns3:TrackPointExtension>
            <ns3:atemp>18.4</ns3:atemp>
            <ns3:hr>117</ns3:hr>
            <ns3:cad>84</ns3:cad>
            <ns3:power>207</ns3:power>
          </ns3:TrackPointExtension>
        </extensions>
      </trkpt>
      <trkpt lat="46.1144517979" lon="7.0968767213">
        <ele>473.25</ele>
        <time>2026-05-17T07:35:08.000Z</time>
        <extensions>
          <ns3:TrackPointExtension>
            <ns3:atemp>18.4</ns3:atemp>
            <ns3:hr>117</ns3:hr>
            <ns3:cad>85</ns3:cad>
            <ns3:power>207</ns3:power>
          </ns3:TrackPointExtension>
        </extensions>
      </trkpt>
      <trkpt lat="46.1144876130" lon="7.0969864906">
        <ele>473.29</ele>
        <time>2026-05-17T07:35:09.000Z</time>
        <extensions>
          <ns3:TrackPointExtension>
            <ns3:atemp>18.4</ns3:atemp>
            <ns3:hr>117</ns3:hr>
            <ns3:cad>85</ns3:cad>
            <ns3:power>206</ns3:power>
          </ns3:TrackPointExtension>
        </extensions>
      </trkpt>
      <trkpt lat="46.1145232275" lon="7.0970831311">
        <ele>473.34</ele>
        <time>2026-05-17T07:35:10.000Z</time>
        <extensions>
          <ns3:TrackPointExtension>
            <ns3:atemp>18.4</ns3:atemp>
            <ns3:hr>117</ns3:hr>
            <ns3:cad>85</ns3:cad>
            <ns3:power>206</ns3:power>
          </ns3:TrackPointExtension>
        </extensions>
      </trkpt>
      <trkpt lat="46.1145608390" lon="7.0971864572">
        <ele>473.38</ele>
        <time>2026-05-17T07:35:11.000Z</time>
        <extensions>
          <ns3:TrackPointExtension>
            <ns3:atemp>18.4</ns3:atemp>
            <ns3:hr>117</ns3:hr>
            <ns3:cad>85</ns3:cad>
            <ns3:power>206</ns3:power>
          </ns3:TrackPointExtension>
        </extensions>
      </trkpt>
      <trkpt lat="46.1145903110" lon="7.0972863885">
        <ele>473.42</ele>
        <time>2026-05-17T07:35:12.000Z</time>
        <extensions>
          <ns3:TrackPointExtension>
            <ns3:atemp>18.4</ns3:atemp>
            <ns3:hr>118</ns3:hr>
            <ns3:cad>85</ns3:cad>
            <ns3:power>205</ns3:power>
          </ns3:TrackPointExtension>
        </extensions>
      </trkpt>
      <trkpt lat="46.1146196079" lon="7.0973971439">
        <ele>473.47</ele>
        <time>2026-05-17T07:35:13.000Z</time>
        <extensions>
          <ns3:TrackPointExtension>
            <ns3:atemp>18.4</ns3:atemp>
            <ns3:hr>118</ns3:hr>
            <ns3:cad>85</ns3:cad>
            <ns3:power>205</ns3:power>
          </ns3:TrackPointExtension>
        </extensions>
      </trkpt>
      <trkpt lat="46.1146542972" lon="7.0975048084">
        <ele>473.51</ele>
        <time>2026-05-17T07:35:14.000Z</time>
        <extensions>
          <ns3:TrackPointExtension>
            <ns3:atemp>18.4</ns3:atemp>
            <ns3:hr>118</ns3:hr>
            <ns3:cad>86</ns3:cad>
            <ns3:power>205</ns3:power>
          </ns3:TrackPointExtension>
        </extensions>
      </trkpt>
      <trkpt lat="46.1146923601" lon="7.0976058579">
        <ele>473.56</ele>
        <time>2026-05-17T07:35:15.000Z</time>
        <extensions>
          <ns3:TrackPointExtension>
            <ns3:atemp>18.4</ns3:atemp>
            <ns3:hr>118</ns3:hr>
            <ns3:cad>86</ns3:cad>
            <ns3:power>204</ns3:power>
          </ns3:TrackPointExtension>
        </extensions>
      </trkpt>
      <trkpt lat="46.1147280547" lon="7.0977138204">
        <ele>473.60</ele>
        <time>2026-05-17T07:35:16.000Z</time>
        <extensions>
          <ns3:TrackPointExtension>
            <ns3:atemp>18.4</ns3:atemp>
            <ns3:hr>118</ns3:hr>
            <ns3:cad>86</ns3:cad>
            <ns3:power>204</ns3:power>
          </ns3:TrackPointExtension>
        </extensions>
      </trkpt>
      <trkpt lat="46.1147631943" lon="7.0978182193">
        <ele>473.65</ele>
        <time>2026-05-17T07:35:17.000Z</time>
        <extensions>
          <ns3:TrackPointExtension>
            <ns3:atemp>18.4</ns3:atemp>
            <ns3:hr>118</ns3:hr>
            <ns3:cad>86</ns3:cad>
            <ns3:power>204</ns3:power>
          </ns3:TrackPointExtension>
        </extensions>
      </trkpt>
      <trkpt lat="46.1147983230" lon="7.0979191147">
        <ele>473.69</ele>
        <time>2026-05-17T07:35:18.000Z</time>
        <extensions>
          <ns3:TrackPointExtension>
            <ns3:atemp>18.4</ns3:atemp>
            <ns3:hr>118</ns3:hr>
            <ns3:cad>86</ns3:cad>
            <ns3:power>203</ns3:power>
          </ns3:TrackPointExtension>
        </extensions>
      </trkpt>
      <trkpt lat="46.1148291274" lon="7.0980265285">
        <ele>473.73</ele>
        <time>2026-05-17T07:35:19.000Z</time>
        <extensions>
          <ns3:TrackPointExtension>
            <ns3:atemp>18.4</ns3:atemp>
            <ns3:hr>118</ns3:hr>
            <ns3:cad>86</ns3:cad>
            <ns3:power>203</ns3:power>
          </ns3:TrackPointExtension>
        </extensions>
      </trkpt>
      <trkpt lat="46.1148570659" lon="7.0981375688">
        <ele>473.78</ele>
        <time>2026-05-17T07:35:20.000Z</time>
        <extensions>
          <ns3:TrackPointExtension>
            <ns3:atemp>18.4</ns3:atemp>
            <ns3:hr>118</ns3:hr>
            <ns3:cad>86</ns3:cad>
            <ns3:power>202</ns3:power>
          </ns3:TrackPointExtension>
        </extensions>
      </trkpt>
      <trkpt lat="46.1148947699" lon="7.0982470179">
        <ele>473.82</ele>
        <time>2026-05-17T07:35:21.000Z</time>
        <extensions>
          <ns3:TrackPointExtension>
            <ns3:atemp>18.4</ns3:atemp>
            <ns3:hr>118</ns3:hr>
            <ns3:cad>86</ns3:cad>
            <ns3:power>202</ns3:power>
          </ns3:TrackPointExtension>
        </extensions>
      </trkpt>
      <trkpt lat="46.1149317391" lon="7.0983554987">
        <ele>473.87</ele>
        <time>2026-05-17T07:35:22.000Z</time>
        <extensions>
          <ns3:TrackPointExtension>
            <ns3:atemp>18.4</ns3:atemp>
            <ns3:hr>118</ns3:hr>
            <ns3:cad>87</ns3:cad>
            <ns3:power>201</ns3:power>
          </ns3:TrackPointExtension>
        </extensions>
      </trkpt>
      <trkpt lat="46.1149591313" lon="7.0984548474">
        <ele>473.91</ele>
        <time>2026-05-17T07:35:23.000Z</time>
        <extensions>
          <ns3:TrackPointExtension>
            <ns3:atemp>18.4</ns3:atemp>
            <ns3:hr>118</ns3:hr>
            <ns3:cad>87</ns3:cad>
            <ns3:power>201</ns3:power>
          </ns3:TrackPointExtension>
        </extensions>
      </trkpt>
      <trkpt lat="46.1149902624" lon="7.0985537878">
        <ele>473.95</ele>
        <time>2026-05-17T07:35:24.000Z</time>
        <extensions>
          <ns3:TrackPointExtension>
            <ns3:atemp>18.4</ns3:atemp>
            <ns3:hr>118</ns3:hr>
            <ns3:cad>87</ns3:cad>
            <ns3:power>201</ns3:power>
          </ns3:TrackPointExtension>
        </extensions>
      </trkpt>
      <trkpt lat="46.1150238785" lon="7.0986613730">
        <ele>474.00</ele>
        <time>2026-05-17T07:35:25.000Z</time>
        <extensions>
          <ns3:TrackPointExtension>
            <ns3:atemp>18.4</ns3:atemp>
            <ns3:hr>118</ns3:hr>
            <ns3:cad>87</ns3:cad>
            <ns3:power>200</ns3:power>
          </ns3:TrackPointExtension>
        </extensions>
      </trkpt>
      <trkpt lat="46.1150528130" lon="7.0987592676">
        <ele>474.04</ele>
        <time>2026-05-17T07:35:26.000Z</time>
        <extensions>
          <ns3:TrackPointExtension>
            <ns3:atemp>18.4</ns3:atemp>
            <ns3:hr>118</ns3:hr>
            <ns3:cad>87</ns3:cad>
            <ns3:power>200</ns3:power>
          </ns3:TrackPointExtension>
        </extensions>
      </trkpt>
      <trkpt lat="46.1150838660" lon="7.0988644612">
        <ele>474.08</ele>
        <time>2026-05-17T07:35:27.000Z</time>
        <extensions>
          <ns3:TrackPointExtension>
            <ns3:atemp>18.4</ns3:atemp>
            <ns3:hr>118</ns3:hr>
            <ns3:cad>87</ns3:cad>
            <ns3:power>199</ns3:power>
          </ns3:TrackPointExtension>
        </extensions>
      </trkpt>
      <trkpt lat="46.1151150720" lon="7.0989733016">
        <ele>474.13</ele>
        <time>2026-05-17T07:35:28.000Z</time>
        <extensions>
          <ns3:TrackPointExtension>
            <ns3:atemp>18.4</ns3:atemp>
            <ns3:hr>118</ns3:hr>
            <ns3:cad>87</ns3:cad>
            <ns3:power>199</ns3:power>
          </ns3:TrackPointExtension>
        </extensions>
      </trkpt>
      <trkpt lat="46.1151493958" lon="7.0990771132">
        <ele>474.17</ele>
        <time>2026-05-17T07:35:29.000Z</time>
        <extensions>
          <ns3:TrackPointExtension>
            <ns3:atemp>18.4</ns3:atemp>
            <ns3:hr>119</ns3:hr>
            <ns3:cad>87</ns3:cad>
            <ns3:power>198</ns3:power>
          </ns3:TrackPointExtension>
        </extensions>
      </trkpt>
      <trkpt lat="46.1151847295" lon="7.0991844376">
        <ele>474.22</ele>
        <time>2026-05-17T07:35:30.000Z</time>
        <extensions>
          <ns3:TrackPointExtension>
            <ns3:atemp>18.4</ns3:atemp>
            <ns3:hr>119</ns3:hr>
            <ns3:cad>87</ns3:cad>
            <ns3:power>198</ns3:power>
          </ns3:TrackPointExtension>
        </extensions>
      </trkpt>
      <trkpt lat="46.1152208939" lon="7.0992877959">
        <ele>474.26</ele>
        <time>2026-05-17T07:35:31.000Z</time>
        <extensions>
          <ns3:TrackPointExtension>
            <ns3:atemp>18.4</ns3:atemp>
            <ns3:hr>119</ns3:hr>
            <ns3:cad>87</ns3:cad>
            <ns3:power>197</ns3:power>
          </ns3:TrackPointExtension>
        </extensions>
      </trkpt>
      <trkpt lat="46.1152517888" lon="7.0993925801">
        <ele>474.30</ele>
        <time>2026-05-17T07:35:32.000Z</time>
        <extensions>
          <ns3:TrackPointExtension>
            <ns3:atemp>18.4</ns3:atemp>
            <ns3:hr>119</ns3:hr>
            <ns3:cad>88</ns3:cad>
            <ns3:power>197</ns3:power>
          </ns3:TrackPointExtension>
        </extensions>
      </trkpt>
      <trkpt lat="46.1152808948" lon="7.0994922114">
        <ele>474.35</ele>
        <time>2026-05-17T07:35:33.000Z</time>
        <extensions>
          <ns3:TrackPointExtension>
            <ns3:atemp>18.4</ns3:atemp>
            <ns3:hr>119</ns3:hr>
            <ns3:cad>88</ns3:cad>
            <ns3:power>196</ns3:power>
          </ns3:TrackPointExtension>
        </extensions>
      </trkpt>
      <trkpt lat="46.1153128133" lon="7.0995887949">
        <ele>474.39</ele>
        <time>2026-05-17T07:35:34.000Z</time>
        <extensions>
          <ns3:TrackPointExtension>
            <ns3:atemp>18.4</ns3:atemp>
            <ns3:hr>119</ns3:hr>
            <ns3:cad>88</ns3:cad>
            <ns3:power>195</ns3:power>
          </ns3:TrackPointExtension>
        </extensions>
      </trkpt>
      <trkpt lat="46.1153426059" lon="7.0996842491">
        <ele>474.43</ele>
        <time>2026-05-17T07:35:35.000Z</time>
        <extensions>
          <ns3:TrackPointExtension>
            <ns3:atemp>18.4</ns3:atemp>
            <ns3:hr>119</ns3:hr>
            <ns3:cad>88</ns3:cad>
            <ns3:power>195</ns3:power>
          </ns3:TrackPointExtension>
        </extensions>
      </trkpt>
      <trkpt lat="46.1153763313" lon="7.0997884283">
        <ele>474.48</ele>
        <time>2026-05-17T07:35:36.000Z</time>
        <extensions>
          <ns3:TrackPointExtension>
            <ns3:atemp>18.4</ns3:atemp>
            <ns3:hr>119</ns3:hr>
            <ns3:cad>88</ns3:cad>
            <ns3:power>194</ns3:power>
          </ns3:TrackPointExtension>
        </extensions>
      </trkpt>
      <trkpt lat="46.1154048123" lon="7.0998929268">
        <ele>474.52</ele>
        <time>2026-05-17T07:35:37.000Z</time>
        <extensions>
          <ns3:TrackPointExtension>
            <ns3:atemp>18.4</ns3:atemp>
            <ns3:hr>119</ns3:hr>
            <ns3:cad>88</ns3:cad>
            <ns3:power>194</ns3:power>
          </ns3:TrackPointExtension>
        </extensions>
      </trkpt>
      <trkpt lat="46.1154402748" lon="7.0999977258">
        <ele>474.56</ele>
        <time>2026-05-17T07:35:38.000Z</time>
        <extensions>
          <ns3:TrackPointExtension>
            <ns3:atemp>18.4</ns3:atemp>
            <ns3:hr>119</ns3:hr>
            <ns3:cad>88</ns3:cad>
            <ns3:power>193</ns3:power>
          </ns3:TrackPointExtension>
        </extensions>
      </trkpt>
      <trkpt lat="46.1154660442" lon="7.1000990758">
        <ele>474.60</ele>
        <time>2026-05-17T07:35:39.000Z</time>
        <extensions>
          <ns3:TrackPointExtension>
            <ns3:atemp>18.4</ns3:atemp>
            <ns3:hr>119</ns3:hr>
            <ns3:cad>88</ns3:cad>
            <ns3:power>193</ns3:power>
          </ns3:TrackPointExtension>
        </extensions>
      </trkpt>
      <trkpt lat="46.1154976608" lon="7.1002027492">
        <ele>474.65</ele>
        <time>2026-05-17T07:35:40.000Z</time>
        <extensions>
          <ns3:TrackPointExtension>
            <ns3:atemp>18.4</ns3:atemp>
            <ns3:hr>119</ns3:hr>
            <ns3:cad>88</ns3:cad>
            <ns3:power>192</ns3:power>
          </ns3:TrackPointExtension>
        </extensions>
      </trkpt>
      <trkpt lat="46.1155301825" lon="7.1003019374">
        <ele>474.69</ele>
        <time>2026-05-17T07:35:41.000Z</time>
        <extensions>
          <ns3:TrackPointExtension>
            <ns3:atemp>18.4</ns3:atemp>
            <ns3:hr>119</ns3:hr>
            <ns3:cad>88</ns3:cad>
            <ns3:power>192</ns3:power>
          </ns3:TrackPointExtension>
        </extensions>
      </trkpt>
      <trkpt lat="46.1155625319" lon="7.1004102930">
        <ele>474.73</ele>
        <time>2026-05-17T07:35:42.000Z</time>
        <extensions>
          <ns3:TrackPointExtension>
            <ns3:atemp>18.4</ns3:atemp>
            <ns3:hr>120</ns3:hr>
            <ns3:cad>88</ns3:cad>
            <ns3:power>191</ns3:power>
          </ns3:TrackPointExtension>
        </extensions>
      </trkpt>
      <trkpt lat="46.1155908661" lon="7.1005196028">
        <ele>474.78</ele>
        <time>2026-05-17T07:35:43.000Z</time>
        <extensions>
          <ns3:TrackPointExtension>
            <ns3:atemp>18.4</ns3:atemp>
            <ns3:hr>120</ns3:hr>
            <ns3:cad>88</ns3:cad>
            <ns3:power>190</ns3:power>
          </ns3:TrackPointExtension>
        </extensions>
      </trkpt>
      <trkpt lat="46.1156253403" lon="7.1006266148">
        <ele>474.82</ele>
        <time>2026-05-17T07:35:44.000Z</time>
        <extensions>
          <ns3:TrackPointExtension>
            <ns3:atemp>18.4</ns3:atemp>
            <ns3:hr>120</ns3:hr>
            <ns3:cad>88</ns3:cad>
            <ns3:power>190</ns3:power>
          </ns3:TrackPointExtension>
        </extensions>
      </trkpt>
      <trkpt lat="46.1156601850" lon="7.1007224830">
        <ele>474.86</ele>
        <time>2026-05-17T07:35:45.000Z</time>
        <extensions>
          <ns3:TrackPointExtension>
            <ns3:atemp>18.4</ns3:atemp>
            <ns3:hr>120</ns3:hr>
            <ns3:cad>88</ns3:cad>
            <ns3:power>189</ns3:power>
          </ns3:TrackPointExtension>
        </extensions>
      </trkpt>
      <trkpt lat="46.1156938539" lon="7.1008208476">
        <ele>474.90</ele>
        <time>2026-05-17T07:35:46.000Z</time>
        <extensions>
          <ns3:TrackPointExtension>
            <ns3:atemp>18.4</ns3:atemp>
            <ns3:hr>120</ns3:hr>
            <ns3:cad>88</ns3:cad>
            <ns3:power>189</ns3:power>
          </ns3:TrackPointExtension>
        </extensions>
      </trkpt>
      <trkpt lat="46.1157280241" lon="7.1009203202">
        <ele>474.95</ele>
        <time>2026-05-17T07:35:47.000Z</time>
        <extensions>
          <ns3:TrackPointExtension>
            <ns3:atemp>18.4</ns3:atemp>
            <ns3:hr>120</ns3:hr>
            <ns3:cad>88</ns3:cad>
            <ns3:power>188</ns3:power>
          </ns3:TrackPointExtension>
        </extensions>
      </trkpt>
      <trkpt lat="46.1157582811" lon="7.1010278175">
        <ele>474.99</ele>
        <time>2026-05-17T07:35:48.000Z</time>
        <extensions>
          <ns3:TrackPointExtension>
            <ns3:atemp>18.4</ns3:atemp>
            <ns3:hr>120</ns3:hr>
            <ns3:cad>88</ns3:cad>
            <ns3:power>188</ns3:power>
          </ns3:TrackPointExtension>
        </extensions>
      </trkpt>
      <trkpt lat="46.1157860713" lon="7.1011225879">
        <ele>475.03</ele>
        <time>2026-05-17T07:35:49.000Z</time>
        <extensions>
          <ns3:TrackPointExtension>
            <ns3:atemp>18.4</ns3:atemp>
            <ns3:hr>120</ns3:hr>
            <ns3:cad>88</ns3:cad>
            <ns3:power>187</ns3:power>
          </ns3:TrackPointExtension>
        </extensions>
      </trkpt>
      <trkpt lat="46.1158122000" lon="7.1012216226">
        <ele>475.07</ele>
        <time>2026-05-17T07:35:50.000Z</time>
        <extensions>
          <ns3:TrackPointExtension>
            <ns3:atemp>18.4</ns3:atemp>
            <ns3:hr>120</ns3:hr>
            <ns3:cad>88</ns3:cad>
            <ns3:power>186</ns3:power>
          </ns3:TrackPointExtension>
        </extensions>
      </trkpt>
      <trkpt lat="46.1158463823" lon="7.1013147242">
        <ele>475.12</ele>
        <time>2026-05-17T07:35:51.000Z</time>
        <extensions>
          <ns3:TrackPointExtension>
            <ns3:atemp>18.4</ns3:atemp>
            <ns3:hr>120</ns3:hr>
            <ns3:cad>88</ns3:cad>
            <ns3:power>186</ns3:power>
          </ns3:TrackPointExtension>
        </extensions>
      </trkpt>
      <trkpt lat="46.1158763773" lon="7.1014163710">
        <ele>475.16</ele>
        <time>2026-05-17T07:35:52.000Z</time>
        <extensions>
          <ns3:TrackPointExtension>
            <ns3:atemp>18.4</ns3:atemp>
            <ns3:hr>120</ns3:hr>
            <ns3:cad>88</ns3:cad>
            <ns3:power>185</ns3:power>
          </ns3:TrackPointExtension>
        </extensions>
      </trkpt>
      <trkpt lat="46.1159126105" lon="7.1015222476">
        <ele>475.20</ele>
        <time>2026-05-17T07:35:53.000Z</time>
        <extensions>
          <ns3:TrackPointExtension>
            <ns3:atemp>18.4</ns3:atemp>
            <ns3:hr>120</ns3:hr>
            <ns3:cad>88</ns3:cad>
            <ns3:power>185</ns3:power>
          </ns3:TrackPointExtension>
        </extensions>
      </trkpt>
      <trkpt lat="46.1159491577" lon="7.1016239741">
        <ele>475.24</ele>
        <time>2026-05-17T07:35:54.000Z</time>
        <extensions>
          <ns3:TrackPointExtension>
            <ns3:atemp>18.4</ns3:atemp>
            <ns3:hr>121</ns3:hr>
            <ns3:cad>88</ns3:cad>
            <ns3:power>184</ns3:power>
          </ns3:TrackPointExtension>
        </extensions>
      </trkpt>
      <trkpt lat="46.1159863812" lon="7.1017173635">
        <ele>475.29</ele>
        <time>2026-05-17T07:35:55.000Z</time>
        <extensions>
          <ns3:TrackPointExtension>
            <ns3:atemp>18.4</ns3:atemp>
            <ns3:hr>121</ns3:hr>
            <ns3:cad>88</ns3:cad>
            <ns3:power>184</ns3:power>
          </ns3:TrackPointExtension>
        </extensions>
      </trkpt>
      <trkpt lat="46.1160145237" lon="7.1018218485">
        <ele>475.33</ele>
        <time>2026-05-17T07:35:56.000Z</time>
        <extensions>
          <ns3:TrackPointExtension>
            <ns3:atemp>18.4</ns3:atemp>
            <ns3:hr>121</ns3:hr>
            <ns3:cad>88</ns3:cad>
            <ns3:power>183</ns3:power>
          </ns3:TrackPointExtension>
        </extensions>
      </trkpt>
      <trkpt lat="46.1160480460" lon="7.1019136504">
        <ele>475.37</ele>
        <time>2026-05-17T07:35:57.000Z</time>
        <extensions>
          <ns3:TrackPointExtension>
            <ns3:atemp>18.4</ns3:atemp>
            <ns3:hr>121</ns3:hr>
            <ns3:cad>88</ns3:cad>
            <ns3:power>182</ns3:power>
          </ns3:TrackPointExtension>
        </extensions>
      </trkpt>
      <trkpt lat="46.1160801445" lon="7.1020059525">
        <ele>475.41</ele>
        <time>2026-05-17T07:35:58.000Z</time>
        <extensions>
          <ns3:TrackPointExtension>
            <ns3:atemp>18.4</ns3:atemp>
            <ns3:hr>121</ns3:hr>
            <ns3:cad>88</ns3:cad>
            <ns3:power>182</ns3:power>
          </ns3:TrackPointExtension>
        </extensions>
      </trkpt>
      <trkpt lat="46.1161149123" lon="7.1021084127">
        <ele>475.45</ele>
        <time>2026-05-17T07:35:59.000Z</time>
        <extensions>
          <ns3:TrackPointExtension>
            <ns3:atemp>18.4</ns3:atemp>
            <ns3:hr>121</ns3:hr>
            <ns3:cad>88</ns3:cad>
            <ns3:power>181</ns3:power>
          </ns3:TrackPointExtension>
        </extensions>
      </trkpt>
      <trkpt lat="46.1161442991" lon="7.1022052537">
        <ele>475.50</ele>
        <time>2026-05-17T07:36:00.000Z</time>
        <extensions>
          <ns3:TrackPointExtension>
            <ns3:atemp>18.4</ns3:atemp>
            <ns3:hr>121</ns3:hr>
            <ns3:cad>87</ns3:cad>
            <ns3:power>181</ns3:power>
          </ns3:TrackPointExtension>
        </extensions>
      </trkpt>
      <trkpt lat="46.1161765770" lon="7.1022974067">
        <ele>475.54</ele>
        <time>2026-05-17T07:36:01.000Z</time>
        <extensions>
          <ns3:TrackPointExtension>
            <ns3:atemp>18.5</ns3:atemp>
            <ns3:hr>121</ns3:hr>
            <ns3:cad>87</ns3:cad>
            <ns3:power>180</ns3:power>
          </ns3:TrackPointExtension>
        </extensions>
      </trkpt>
      <trkpt lat="46.1162137165" lon="7.1023984157">
        <ele>475.58</ele>
        <time>2026-05-17T07:36:02.000Z</time>
        <extensions>
          <ns3:TrackPointExtension>
            <ns3:atemp>18.5</ns3:atemp>
            <ns3:hr>121</ns3:hr>
            <ns3:cad>87</ns3:cad>
            <ns3:power>180</ns3:power>
          </ns3:TrackPointExtension>
        </extensions>
      </trkpt>
      <trkpt lat="46.1162485653" lon="7.1024881572">
        <ele>475.62</ele>
        <time>2026-05-17T07:36:03.000Z</time>
        <extensions>
          <ns3:TrackPointExtension>
            <ns3:atemp>18.5</ns3:atemp>
            <ns3:hr>121</ns3:hr>
            <ns3:cad>87</ns3:cad>
            <ns3:power>179</ns3:power>
          </ns3:TrackPointExtension>
        </extensions>
      </trkpt>
      <trkpt lat="46.1162841755" lon="7.1025849432">
        <ele>475.66</ele>
        <time>2026-05-17T07:36:04.000Z</time>
        <extensions>
          <ns3:TrackPointExtension>
            <ns3:atemp>18.5</ns3:atemp>
            <ns3:hr>122</ns3:hr>
            <ns3:cad>87</ns3:cad>
            <ns3:power>179</ns3:power>
          </ns3:TrackPointExtension>
        </extensions>
      </trkpt>
      <trkpt lat="46.1163158962" lon="7.1026892419">
        <ele>475.70</ele>
        <time>2026-05-17T07:36:05.000Z</time>
        <extensions>
          <ns3:TrackPointExtension>
            <ns3:atemp>18.5</ns3:atemp>
            <ns3:hr>122</ns3:hr>
            <ns3:cad>87</ns3:cad>
            <ns3:power>178</ns3:power>
          </ns3:TrackPointExtension>
        </extensions>
      </trkpt>
      <trkpt lat="46.1163520177" lon="7.1027813528">
        <ele>475.75</ele>
        <time>2026-05-17T07:36:06.000Z</time>
        <extensions>
          <ns3:TrackPointExtension>
            <ns3:atemp>18.5</ns3:atemp>
            <ns3:hr>122</ns3:hr>
            <ns3:cad>87</ns3:cad>
            <ns3:power>178</ns3:power>
          </ns3:TrackPointExtension>
        </extensions>
      </trkpt>
      <trkpt lat="46.1163839401" lon="7.1028814097">
        <ele>475.79</ele>
        <time>2026-05-17T07:36:07.000Z</time>
        <extensions>
          <ns3:TrackPointExtension>
            <ns3:atemp>18.5</ns3:atemp>
            <ns3:hr>122</ns3:hr>
            <ns3:cad>87</ns3:cad>
            <ns3:power>177</ns3:power>
          </ns3:TrackPointExtension>
        </extensions>
      </trkpt>
      <trkpt lat="46.1164168166" lon="7.1029774331">
        <ele>475.83</ele>
        <time>2026-05-17T07:36:08.000Z</time>
        <extensions>
          <ns3:TrackPointExtension>
            <ns3:atemp>18.5</ns3:atemp>
            <ns3:hr>122</ns3:hr>
            <ns3:cad>87</ns3:cad>
            <ns3:power>177</ns3:power>
          </ns3:TrackPointExtension>
        </extensions>
      </trkpt>
      <trkpt lat="46.1164473219" lon="7.1030673432">
        <ele>475.87</ele>
        <time>2026-05-17T07:36:09.000Z</time>
        <extensions>
          <ns3:TrackPointExtension>
            <ns3:atemp>18.5</ns3:atemp>
            <ns3:hr>122</ns3:hr>
            <ns3:cad>87</ns3:cad>
            <ns3:power>176</ns3:power>
          </ns3:TrackPointExtension>
        </extensions>
      </trkpt>
      <trkpt lat="46.1164776427" lon="7.1031651506">
        <ele>475.91</ele>
        <time>2026-05-17T07:36:10.000Z</time>
        <extensions>
          <ns3:TrackPointExtension>
            <ns3:atemp>18.5</ns3:atemp>
            <ns3:hr>122</ns3:hr>
            <ns3:cad>86</ns3:cad>
            <ns3:power>176</ns3:power>
          </ns3:TrackPointExtension>
        </extensions>
      </trkpt>
      <trkpt lat="46.1165112161" lon="7.1032663053">
        <ele>475.95</ele>
        <time>2026-05-17T07:36:11.000Z</time>
        <extensions>
          <ns3:TrackPointExtension>
            <ns3:atemp>18.5</ns3:atemp>
            <ns3:hr>122</ns3:hr>
            <ns3:cad>86</ns3:cad>
            <ns3:power>175</ns3:power>
          </ns3:TrackPointExtension>
        </extensions>
      </trkpt>
      <trkpt lat="46.1165485743" lon="7.1033626368">
        <ele>475.99</ele>
        <time>2026-05-17T07:36:12.000Z</time>
        <extensions>
          <ns3:TrackPointExtension>
            <ns3:atemp>18.5</ns3:atemp>
            <ns3:hr>122</ns3:hr>
            <ns3:cad>86</ns3:cad>
            <ns3:power>175</ns3:power>
          </ns3:TrackPointExtension>
        </extensions>
      </trkpt>
      <trkpt lat="46.1165770480" lon="7.1034628359">
        <ele>476.04</ele>
        <time>2026-05-17T07:36:13.000Z</time>
        <extensions>
          <ns3:TrackPointExtension>
            <ns3:atemp>18.5</ns3:atemp>
            <ns3:hr>122</ns3:hr>
            <ns3:cad>86</ns3:cad>
            <ns3:power>175</ns3:power>
          </ns3:TrackPointExtension>
        </extensions>
      </trkpt>
      <trkpt lat="46.1166074720" lon="7.1035568712">
        <ele>476.08</ele>
        <time>2026-05-17T07:36:14.000Z</time>
        <extensions>
          <ns3:TrackPointExtension>
            <ns3:atemp>18.5</ns3:atemp>
            <ns3:hr>123</ns3:hr>
            <ns3:cad>86</ns3:cad>
            <ns3:power>174</ns3:power>
          </ns3:TrackPointExtension>
        </extensions>
      </trkpt>
      <trkpt lat="46.1166384772" lon="7.1036455388">
        <ele>476.12</ele>
        <time>2026-05-17T07:36:15.000Z</time>
        <extensions>
          <ns3:TrackPointExtension>
            <ns3:atemp>18.5</ns3:atemp>
            <ns3:hr>123</ns3:hr>
            <ns3:cad>86</ns3:cad>
            <ns3:power>174</ns3:power>
          </ns3:TrackPointExtension>
        </extensions>
      </trkpt>
      <trkpt lat="46.1166736004" lon="7.1037421957">
        <ele>476.16</ele>
        <time>2026-05-17T07:36:16.000Z</time>
        <extensions>
          <ns3:TrackPointExtension>
            <ns3:atemp>18.5</ns3:atemp>
            <ns3:hr>123</ns3:hr>
            <ns3:cad>86</ns3:cad>
            <ns3:power>173</ns3:power>
          </ns3:TrackPointExtension>
        </extensions>
      </trkpt>
      <trkpt lat="46.1167087098" lon="7.1038417818">
        <ele>476.20</ele>
        <time>2026-05-17T07:36:17.000Z</time>
        <extensions>
          <ns3:TrackPointExtension>
            <ns3:atemp>18.5</ns3:atemp>
            <ns3:hr>123</ns3:hr>
            <ns3:cad>86</ns3:cad>
            <ns3:power>173</ns3:power>
          </ns3:TrackPointExtension>
        </extensions>
      </trkpt>
      <trkpt lat="46.1167446103" lon="7.1039375402">
        <ele>476.24</ele>
        <time>2026-05-17T07:36:18.000Z</time>
        <extensions>
          <ns3:TrackPointExtension>
            <ns3:atemp>18.5</ns3:atemp>
            <ns3:hr>123</ns3:hr>
            <ns3:cad>85</ns3:cad>
            <ns3:power>173</ns3:power>
          </ns3:TrackPointExtension>
        </extensions>
      </trkpt>
      <trkpt lat="46.1167763657" lon="7.1040244085">
        <ele>476.28</ele>
        <time>2026-05-17T07:36:19.000Z</time>
        <extensions>
          <ns3:TrackPointExtension>
            <ns3:atemp>18.5</ns3:atemp>
            <ns3:hr>123</ns3:hr>
            <ns3:cad>85</ns3:cad>
            <ns3:power>172</ns3:power>
          </ns3:TrackPointExtension>
        </extensions>
      </trkpt>
      <trkpt lat="46.1168072859" lon="7.1041226250">
        <ele>476.32</ele>
        <time>2026-05-17T07:36:20.000Z</time>
        <extensions>
          <ns3:TrackPointExtension>
            <ns3:atemp>18.5</ns3:atemp>
            <ns3:hr>123</ns3:hr>
            <ns3:cad>85</ns3:cad>
            <ns3:power>172</ns3:power>
          </ns3:TrackPointExtension>
        </extensions>
      </trkpt>
      <trkpt lat="46.1168372063" lon="7.1042109285">
        <ele>476.36</ele>
        <time>2026-05-17T07:36:21.000Z</time>
        <extensions>
          <ns3:TrackPointExtension>
            <ns3:atemp>18.5</ns3:atemp>
            <ns3:hr>123</ns3:hr>
            <ns3:cad>85</ns3:cad>
            <ns3:power>171</ns3:power>
          </ns3:TrackPointExtension>
        </extensions>
      </trkpt>
      <trkpt lat="46.1168758616" lon="7.1043096610">
        <ele>476.40</ele>
        <time>2026-05-17T07:36:22.000Z</time>
        <extensions>
          <ns3:TrackPointExtension>
            <ns3:atemp>18.5</ns3:atemp>
            <ns3:hr>123</ns3:hr>
            <ns3:cad>85</ns3:cad>
            <ns3:power>171</ns3:power>
          </ns3:TrackPointExtension>
        </extensions>
      </trkpt>
      <trkpt lat="46.1169123524" lon="7.1044102523">
        <ele>476.44</ele>
        <time>2026-05-17T07:36:23.000Z</time>
        <extensions>
          <ns3:TrackPointExtension>
            <ns3:atemp>18.5</ns3:atemp>
            <ns3:hr>123</ns3:hr>
            <ns3:cad>85</ns3:cad>
            <ns3:power>171</ns3:power>
          </ns3:TrackPointExtension>
        </extensions>
      </trkpt>
      <trkpt lat="46.1169461682" lon="7.1045101529">
        <ele>476.49</ele>
        <time>2026-05-17T07:36:24.000Z</time>
        <extensions>
          <ns3:TrackPointExtension>
            <ns3:atemp>18.5</ns3:atemp>
            <ns3:hr>124</ns3:hr>
            <ns3:cad>84</ns3:cad>
            <ns3:power>170</ns3:power>
          </ns3:TrackPointExtension>
        </extensions>
      </trkpt>
      <trkpt lat="46.1169785695" lon="7.1046044531">
        <ele>476.53</ele>
        <time>2026-05-17T07:36:25.000Z</time>
        <extensions>
          <ns3:TrackPointExtension>
            <ns3:atemp>18.5</ns3:atemp>
            <ns3:hr>124</ns3:hr>
            <ns3:cad>84</ns3:cad>
            <ns3:power>170</ns3:power>
          </ns3:TrackPointExtension>
        </extensions>
      </trkpt>
      <trkpt lat="46.1170099019" lon="7.1046921709">
        <ele>476.57</ele>
        <time>2026-05-17T07:36:26.000Z</time>
        <extensions>
          <ns3:TrackPointExtension>
            <ns3:atemp>18.5</ns3:atemp>
            <ns3:hr>124</ns3:hr>
            <ns3:cad>84</ns3:cad>
            <ns3:power>170</ns3:power>
          </ns3:TrackPointExtension>
        </extensions>
      </trkpt>
      <trkpt lat="46.1170432928" lon="7.1047891224">
        <ele>476.61</ele>
        <time>2026-05-17T07:36:27.000Z</time>
        <extensions>
          <ns3:TrackPointExtension>
            <ns3:atemp>18.5</ns3:atemp>
            <ns3:hr>124</ns3:hr>
            <ns3:cad>84</ns3:cad>
            <ns3:power>170</ns3:power>
          </ns3:TrackPointExtension>
        </extensions>
      </trkpt>
      <trkpt lat="46.1170823554" lon="7.1048826904">
        <ele>476.65</ele>
        <time>2026-05-17T07:36:28.000Z</time>
        <extensions>
          <ns3:TrackPointExtension>
            <ns3:atemp>18.5</ns3:atemp>
            <ns3:hr>124</ns3:hr>
            <ns3:cad>84</ns3:cad>
            <ns3:power>169</ns3:power>
          </ns3:TrackPointExtension>
        </extensions>
      </trkpt>
      <trkpt lat="46.1171176159" lon="7.1049751418">
        <ele>476.69</ele>
        <time>2026-05-17T07:36:29.000Z</time>
        <extensions>
          <ns3:TrackPointExtension>
            <ns3:atemp>18.5</ns3:atemp>
            <ns3:hr>124</ns3:hr>
            <ns3:cad>84</ns3:cad>
            <ns3:power>169</ns3:power>
          </ns3:TrackPointExtension>
        </extensions>
      </trkpt>
      <trkpt lat="46.1171477001" lon="7.1050639251">
        <ele>476.73</ele>
        <time>2026-05-17T07:36:30.000Z</time>
        <extensions>
          <ns3:TrackPointExtension>
            <ns3:atemp>18.5</ns3:atemp>
            <ns3:hr>124</ns3:hr>
            <ns3:cad>83</ns3:cad>
            <ns3:power>169</ns3:power>
          </ns3:TrackPointExtension>
        </extensions>
      </trkpt>
      <trkpt lat="46.1171819763" lon="7.1051645420">
        <ele>476.77</ele>
        <time>2026-05-17T07:36:31.000Z</time>
        <extensions>
          <ns3:TrackPointExtension>
            <ns3:atemp>18.5</ns3:atemp>
            <ns3:hr>124</ns3:hr>
            <ns3:cad>83</ns3:cad>
            <ns3:power>169</ns3:power>
          </ns3:TrackPointExtension>
        </extensions>
      </trkpt>
      <trkpt lat="46.1172146419" lon="7.1052545813">
        <ele>476.81</ele>
        <time>2026-05-17T07:36:32.000Z</time>
        <extensions>
          <ns3:TrackPointExtension>
            <ns3:atemp>18.5</ns3:atemp>
            <ns3:hr>124</ns3:hr>
            <ns3:cad>83</ns3:cad>
            <ns3:power>168</ns3:power>
          </ns3:TrackPointExtension>
        </extensions>
      </trkpt>
      <trkpt lat="46.1172486735" lon="7.1053530775">
        <ele>476.85</ele>
        <time>2026-05-17T07:36:33.000Z</time>
        <extensions>
          <ns3:TrackPointExtension>
            <ns3:atemp>18.5</ns3:atemp>
            <ns3:hr>124</ns3:hr>
            <ns3:cad>83</ns3:cad>
            <ns3:power>168</ns3:power>
          </ns3:TrackPointExtension>
        </extensions>
      </trkpt>
      <trkpt lat="46.1172834870" lon="7.1054398727">
        <ele>476.89</ele>
        <time>2026-05-17T07:36:34.000Z</time>
        <extensions>
          <ns3:TrackPointExtension>
            <ns3:atemp>18.5</ns3:atemp>
            <ns3:hr>124</ns3:hr>
            <ns3:cad>83</ns3:cad>
            <ns3:power>168</ns3:power>
          </ns3:TrackPointExtension>
        </extensions>
      </trkpt>
      <trkpt lat="46.1173152644" lon="7.1055319564">
        <ele>476.93</ele>
        <time>2026-05-17T07:36:35.000Z</time>
        <extensions>
          <ns3:TrackPointExtension>
            <ns3:atemp>18.5</ns3:atemp>
            <ns3:hr>125</ns3:hr>
            <ns3:cad>82</ns3:cad>
            <ns3:power>168</ns3:power>
          </ns3:TrackPointExtension>
        </extensions>
      </trkpt>
      <trkpt lat="46.1173450173" lon="7.1056187259">
        <ele>476.97</ele>
        <time>2026-05-17T07:36:36.000Z</time>
        <extensions>
          <ns3:TrackPointExtension>
            <ns3:atemp>18.5</ns3:atemp>
            <ns3:hr>125</ns3:hr>
            <ns3:cad>82</ns3:cad>
            <ns3:power>168</ns3:power>
          </ns3:TrackPointExtension>
        </extensions>
      </trkpt>
      <trkpt lat="46.1173805233" lon="7.1057120002">
        <ele>477.01</ele>
        <time>2026-05-17T07:36:37.000Z</time>
        <extensions>
          <ns3:TrackPointExtension>
            <ns3:atemp>18.5</ns3:atemp>
            <ns3:hr>125</ns3:hr>
            <ns3:cad>82</ns3:cad>
            <ns3:power>168</ns3:power>
          </ns3:TrackPointExtension>
        </extensions>
      </trkpt>
      <trkpt lat="46.1174121741" lon="7.1058015270">
        <ele>477.05</ele>
        <time>2026-05-17T07:36:38.000Z</time>
        <extensions>
          <ns3:TrackPointExtension>
            <ns3:atemp>18.5</ns3:atemp>
            <ns3:hr>125</ns3:hr>
            <ns3:cad>82</ns3:cad>
            <ns3:power>167</ns3:power>
          </ns3:TrackPointExtension>
        </extensions>
      </trkpt>
      <trkpt lat="46.1174505827" lon="7.1058932063">
        <ele>477.09</ele>
        <time>2026-05-17T07:36:39.000Z</time>
        <extensions>
          <ns3:TrackPointExtension>
            <ns3:atemp>18.5</ns3:atemp>
            <ns3:hr>125</ns3:hr>
            <ns3:cad>81</ns3:cad>
            <ns3:power>167</ns3:power>
          </ns3:TrackPointExtension>
        </extensions>
      </trkpt>
      <trkpt lat="46.1174868919" lon="7.1059796582">
        <ele>477.13</ele>
        <time>2026-05-17T07:36:40.000Z</time>
        <extensions>
          <ns3:TrackPointExtension>
            <ns3:atemp>18.5</ns3:atemp>
            <ns3:hr>125</ns3:hr>
            <ns3:cad>81</ns3:cad>
            <ns3:power>167</ns3:power>
          </ns3:TrackPointExtension>
        </extensions>
      </trkpt>
      <trkpt lat="46.1175228869" lon="7.1060644968">
        <ele>477.17</ele>
        <time>2026-05-17T07:36:41.000Z</time>
        <extensions>
          <ns3:TrackPointExtension>
            <ns3:atemp>18.5</ns3:atemp>
            <ns3:hr>125</ns3:hr>
            <ns3:cad>81</ns3:cad>
            <ns3:power>167</ns3:power>
          </ns3:TrackPointExtension>
        </extensions>
      </trkpt>
      <trkpt lat="46.1175635709" lon="7.1061602382">
        <ele>477.22</ele>
        <time>2026-05-17T07:36:42.000Z</time>
        <extensions>
          <ns3:TrackPointExtension>
            <ns3:atemp>18.5</ns3:atemp>
            <ns3:hr>125</ns3:hr>
            <ns3:cad>81</ns3:cad>
            <ns3:power>167</ns3:power>
          </ns3:TrackPointExtension>
        </extensions>
      </trkpt>
      <trkpt lat="46.1175963836" lon="7.1062561196">
        <ele>477.26</ele>
        <time>2026-05-17T07:36:43.000Z</time>
        <extensions>
          <ns3:TrackPointExtension>
            <ns3:atemp>18.5</ns3:atemp>
            <ns3:hr>125</ns3:hr>
            <ns3:cad>81</ns3:cad>
            <ns3:power>167</ns3:power>
          </ns3:TrackPointExtension>
        </extensions>
      </trkpt>
      <trkpt lat="46.1176268506" lon="7.1063480038">
        <ele>477.30</ele>
        <time>2026-05-17T07:36:44.000Z</time>
        <extensions>
          <ns3:TrackPointExtension>
            <ns3:atemp>18.5</ns3:atemp>
            <ns3:hr>125</ns3:hr>
            <ns3:cad>80</ns3:cad>
            <ns3:power>167</ns3:power>
          </ns3:TrackPointExtension>
        </extensions>
      </trkpt>
      <trkpt lat="46.1176660802" lon="7.1064442712">
        <ele>477.34</ele>
        <time>2026-05-17T07:36:45.000Z</time>
        <extensions>
          <ns3:TrackPointExtension>
            <ns3:atemp>18.5</ns3:atemp>
            <ns3:hr>126</ns3:hr>
            <ns3:cad>80</ns3:cad>
            <ns3:power>167</ns3:power>
          </ns3:TrackPointExtension>
        </extensions>
      </trkpt>
      <trkpt lat="46.1177016228" lon="7.1065276482">
        <ele>477.38</ele>
        <time>2026-05-17T07:36:46.000Z</time>
        <extensions>
          <ns3:TrackPointExtension>
            <ns3:atemp>18.5</ns3:atemp>
            <ns3:hr>126</ns3:hr>
            <ns3:cad>80</ns3:cad>
            <ns3:power>167</ns3:power>
          </ns3:TrackPointExtension>
        </extensions>
      </trkpt>
      <trkpt lat="46.1177329684" lon="7.1066178560">
        <ele>477.42</ele>
        <time>2026-05-17T07:36:47.000Z</time>
        <extensions>
          <ns3:TrackPointExtension>
            <ns3:atemp>18.5</ns3:atemp>
            <ns3:hr>126</ns3:hr>
            <ns3:cad>80</ns3:cad>
            <ns3:power>167</ns3:power>
          </ns3:TrackPointExtension>
        </extensions>
      </trkpt>
      <trkpt lat="46.1177649213" lon="7.1067030536">
        <ele>477.46</ele>
        <time>2026-05-17T07:36:48.000Z</time>
        <extensions>
          <ns3:TrackPointExtension>
            <ns3:atemp>18.5</ns3:atemp>
            <ns3:hr>126</ns3:hr>
            <ns3:cad>80</ns3:cad>
            <ns3:power>167</ns3:power>
          </ns3:TrackPointExtension>
        </extensions>
      </trkpt>
      <trkpt lat="46.1177977381" lon="7.1067890389">
        <ele>477.50</ele>
        <time>2026-05-17T07:36:49.000Z</time>
        <extensions>
          <ns3:TrackPointExtension>
            <ns3:atemp>18.5</ns3:atemp>
            <ns3:hr>126</ns3:hr>
            <ns3:cad>79</ns3:cad>
            <ns3:power>167</ns3:power>
          </ns3:TrackPointExtension>
        </extensions>
      </trkpt>
      <trkpt lat="46.1178378012" lon="7.1068860200">
        <ele>477.54</ele>
        <time>2026-05-17T07:36:50.000Z</time>
        <extensions>
          <ns3:TrackPointExtension>
            <ns3:atemp>18.5</ns3:atemp>
            <ns3:hr>126</ns3:hr>
            <ns3:cad>79</ns3:cad>
            <ns3:power>167</ns3:power>
          </ns3:TrackPointExtension>
        </extensions>
      </trkpt>
      <trkpt lat="46.1178759697" lon="7.1069834943">
        <ele>477.58</ele>
        <time>2026-05-17T07:36:51.000Z</time>
        <extensions>
          <ns3:TrackPointExtension>
            <ns3:atemp>18.5</ns3:atemp>
            <ns3:hr>126</ns3:hr>
            <ns3:cad>79</ns3:cad>
            <ns3:power>167</ns3:power>
          </ns3:TrackPointExtension>
        </extensions>
      </trkpt>
      <trkpt lat="46.1179175246" lon="7.1070777420">
        <ele>477.62</ele>
        <time>2026-05-17T07:36:52.000Z</time>
        <extensions>
          <ns3:TrackPointExtension>
            <ns3:atemp>18.5</ns3:atemp>
            <ns3:hr>126</ns3:hr>
            <ns3:cad>79</ns3:cad>
            <ns3:power>167</ns3:power>
          </ns3:TrackPointExtension>
        </extensions>
      </trkpt>
      <trkpt lat="46.1179585795" lon="7.1071639655">
        <ele>477.66</ele>
        <time>2026-05-17T07:36:53.000Z</time>
        <extensions>
          <ns3:TrackPointExtension>
            <ns3:atemp>18.5</ns3:atemp>
            <ns3:hr>126</ns3:hr>
            <ns3:cad>78</ns3:cad>
            <ns3:power>167</ns3:power>
          </ns3:TrackPointExtension>
        </extensions>
      </trkpt>
      <trkpt lat="46.1179971711" lon="7.1072456039">
        <ele>477.70</ele>
        <time>2026-05-17T07:36:54.000Z</time>
        <extensions>
          <ns3:TrackPointExtension>
            <ns3:atemp>18.5</ns3:atemp>
            <ns3:hr>126</ns3:hr>
            <ns3:cad>78</ns3:cad>
            <ns3:power>167</ns3:power>
          </ns3:TrackPointExtension>
        </extensions>
      </trkpt>
      <trkpt lat="46.1180321804" lon="7.1073317928">
        <ele>477.74</ele>
        <time>2026-05-17T07:36:55.000Z</time>
        <extensions>
          <ns3:TrackPointExtension>
            <ns3:atemp>18.5</ns3:atemp>
            <ns3:hr>126</ns3:hr>
            <ns3:cad>78</ns3:cad>
            <ns3:power>167</ns3:power>
          </ns3:TrackPointExtension>
        </extensions>
      </trkpt>
      <trkpt lat="46.1180687008" lon="7.1074188577">
        <ele>477.78</ele>
        <time>2026-05-17T07:36:56.000Z</time>
        <extensions>
          <ns3:TrackPointExtension>
            <ns3:atemp>18.5</ns3:atemp>
            <ns3:hr>126</ns3:hr>
            <ns3:cad>78</ns3:cad>
            <ns3:power>167</ns3:power>
          </ns3:TrackPointExtension>
        </extensions>
      </trkpt>
      <trkpt lat="46.1181129737" lon="7.1075084873">
        <ele>477.82</ele>
        <time>2026-05-17T07:36:57.000Z</time>
        <extensions>
          <ns3:TrackPointExtension>
            <ns3:atemp>18.5</ns3:atemp>
            <ns3:hr>127</ns3:hr>
            <ns3:cad>77</ns3:cad>
            <ns3:power>168</ns3:power>
          </ns3:TrackPointExtension>
        </extensions>
      </trkpt>
      <trkpt lat="46.1181477955" lon="7.1075960106">
        <ele>477.86</ele>
        <time>2026-05-17T07:36:58.000Z</time>
        <extensions>
          <ns3:TrackPointExtension>
            <ns3:atemp>18.5</ns3:atemp>
            <ns3:hr>127</ns3:hr>
            <ns3:cad>77</ns3:cad>
            <ns3:power>168</ns3:power>
          </ns3:TrackPointExtension>
        </extensions>
      </trkpt>
      <trkpt lat="46.1181863070" lon="7.1076797060">
        <ele>477.90</ele>
        <time>2026-05-17T07:36:59.000Z</time>
        <extensions>
          <ns3:TrackPointExtension>
            <ns3:atemp>18.5</ns3:atemp>
            <ns3:hr>127</ns3:hr>
            <ns3:cad>77</ns3:cad>
            <ns3:power>168</ns3:power>
          </ns3:TrackPointExtension>
        </extensions>
      </trkpt>
      <trkpt lat="46.1182222201" lon="7.1077695267">
        <ele>477.94</ele>
        <time>2026-05-17T07:37:00.000Z</time>
        <extensions>
          <ns3:TrackPointExtension>
            <ns3:atemp>18.5</ns3:atemp>
            <ns3:hr>127</ns3:hr>
            <ns3:cad>77</ns3:cad>
            <ns3:power>168</ns3:power>
          </ns3:TrackPointExtension>
        </extensions>
      </trkpt>
      <trkpt lat="46.1182637884" lon="7.1078639059">
        <ele>477.98</ele>
        <time>2026-05-17T07:37:01.000Z</time>
        <extensions>
          <ns3:TrackPointExtension>
            <ns3:atemp>18.5</ns3:atemp>
            <ns3:hr>127</ns3:hr>
            <ns3:cad>77</ns3:cad>
            <ns3:power>168</ns3:power>
          </ns3:TrackPointExtension>
        </extensions>
      </trkpt>
      <trkpt lat="46.1183092587" lon="7.1079573093">
        <ele>478.02</ele>
        <time>2026-05-17T07:37:02.000Z</time>
        <extensions>
          <ns3:TrackPointExtension>
            <ns3:atemp>18.5</ns3:atemp>
            <ns3:hr>127</ns3:hr>
            <ns3:cad>76</ns3:cad>
            <ns3:power>168</ns3:power>
          </ns3:TrackPointExtension>
        </extensions>
      </trkpt>
      <trkpt lat="46.1183464698" lon="7.1080458224">
        <ele>478.06</ele>
        <time>2026-05-17T07:37:03.000Z</time>
        <extensions>
          <ns3:TrackPointExtension>
            <ns3:atemp>18.5</ns3:atemp>
            <ns3:hr>127</ns3:hr>
            <ns3:cad>76</ns3:cad>
            <ns3:power>169</ns3:power>
          </ns3:TrackPointExtension>
        </extensions>
      </trkpt>
      <trkpt lat="46.1183847428" lon="7.1081326111">
        <ele>478.10</ele>
        <time>2026-05-17T07:37:04.000Z</time>
        <extensions>
          <ns3:TrackPointExtension>
            <ns3:atemp>18.5</ns3:atemp>
            <ns3:hr>127</ns3:hr>
            <ns3:cad>76</ns3:cad>
            <ns3:power>169</ns3:power>
          </ns3:TrackPointExtension>
        </extensions>
      </trkpt>
      <trkpt lat="46.1184282779" lon="7.1082233699">
        <ele>478.15</ele>
        <time>2026-05-17T07:37:05.000Z</time>
        <extensions>
          <ns3:TrackPointExtension>
            <ns3:atemp>18.5</ns3:atemp>
            <ns3:hr>127</ns3:hr>
            <ns3:cad>76</ns3:cad>
            <ns3:power>169</ns3:power>
          </ns3:TrackPointExtension>
        </extensions>
      </trkpt>
      <trkpt lat="46.1184718709" lon="7.1083067008">
        <ele>478.19</ele>
        <time>2026-05-17T07:37:06.000Z</time>
        <extensions>
          <ns3:TrackPointExtension>
            <ns3:atemp>18.5</ns3:atemp>
            <ns3:hr>127</ns3:hr>
            <ns3:cad>75</ns3:cad>
            <ns3:power>169</ns3:power>
          </ns3:TrackPointExtension>
        </extensions>
      </trkpt>
      <trkpt lat="46.1185149848" lon="7.1083928530">
        <ele>478.23</ele>
        <time>2026-05-17T07:37:07.000Z</time>
        <extensions>
          <ns3:TrackPointExtension>
            <ns3:atemp>18.5</ns3:atemp>
            <ns3:hr>127</ns3:hr>
            <ns3:cad>75</ns3:cad>
            <ns3:power>170</ns3:power>
          </ns3:TrackPointExtension>
        </extensions>
      </trkpt>
      <trkpt lat="46.1185590773" lon="7.1084760809">
        <ele>478.27</ele>
        <time>2026-05-17T07:37:08.000Z</time>
        <extensions>
          <ns3:TrackPointExtension>
            <ns3:atemp>18.5</ns3:atemp>
            <ns3:hr>127</ns3:hr>
            <ns3:cad>75</ns3:cad>
            <ns3:power>170</ns3:power>
          </ns3:TrackPointExtension>
        </extensions>
      </trkpt>
      <trkpt lat="46.1185969551" lon="7.1085545407">
        <ele>478.31</ele>
        <time>2026-05-17T07:37:09.000Z</time>
        <extensions>
          <ns3:TrackPointExtension>
            <ns3:atemp>18.5</ns3:atemp>
            <ns3:hr>127</ns3:hr>
            <ns3:cad>75</ns3:cad>
            <ns3:power>170</ns3:power>
          </ns3:TrackPointExtension>
        </extensions>
      </trkpt>
      <trkpt lat="46.1186413787" lon="7.1086408543">
        <ele>478.35</ele>
        <time>2026-05-17T07:37:10.000Z</time>
        <extensions>
          <ns3:TrackPointExtension>
            <ns3:atemp>18.5</ns3:atemp>
            <ns3:hr>127</ns3:hr>
            <ns3:cad>75</ns3:cad>
            <ns3:power>171</ns3:power>
          </ns3:TrackPointExtension>
        </extensions>
      </trkpt>
      <trkpt lat="46.1186872467" lon="7.1087266274">
        <ele>478.39</ele>
        <time>2026-05-17T07:37:11.000Z</time>
        <extensions>
          <ns3:TrackPointExtension>
            <ns3:atemp>18.5</ns3:atemp>
            <ns3:hr>128</ns3:hr>
            <ns3:cad>74</ns3:cad>
            <ns3:power>171</ns3:power>
          </ns3:TrackPointExtension>
        </extensions>
      </trkpt>
      <trkpt lat="46.1187318345" lon="7.1088076845">
        <ele>478.43</ele>
        <time>2026-05-17T07:37:12.000Z</time>
        <extensions>
          <ns3:TrackPointExtension>
            <ns3:atemp>18.5</ns3:atemp>
            <ns3:hr>128</ns3:hr>
            <ns3:cad>74</ns3:cad>
            <ns3:power>171</ns3:power>
          </ns3:TrackPointExtension>
        </extensions>
      </trkpt>
      <trkpt lat="46.1187774074" lon="7.1088953413">
        <ele>478.47</ele>
        <time>2026-05-17T07:37:13.000Z</time>
        <extensions>
          <ns3:TrackPointExtension>
            <ns3:atemp>18.5</ns3:atemp>
            <ns3:hr>128</ns3:hr>
            <ns3:cad>74</ns3:cad>
            <ns3:power>172</ns3:power>
          </ns3:TrackPointExtension>
        </extensions>
      </trkpt>
      <trkpt lat="46.1188219677" lon="7.1089863459">
        <ele>478.51</ele>
        <time>2026-05-17T07:37:14.000Z</time>
        <extensions>
          <ns3:TrackPointExtension>
            <ns3:atemp>18.5</ns3:atemp>
            <ns3:hr>128</ns3:hr>
            <ns3:cad>74</ns3:cad>
            <ns3:power>172</ns3:power>
          </ns3:TrackPointExtension>
        </extensions>
      </trkpt>
      <trkpt lat="46.1188708573" lon="7.1090640262">
        <ele>478.55</ele>
        <time>2026-05-17T07:37:15.000Z</time>
        <extensions>
          <ns3:TrackPointExtension>
            <ns3:atemp>18.5</ns3:atemp>
            <ns3:hr>128</ns3:hr>
            <ns3:cad>74</ns3:cad>
            <ns3:power>172</ns3:power>
          </ns3:TrackPointExtension>
        </extensions>
      </trkpt>
      <trkpt lat="46.1189125515" lon="7.1091479046">
        <ele>478.59</ele>
        <time>2026-05-17T07:37:16.000Z</time>
        <extensions>
          <ns3:TrackPointExtension>
            <ns3:atemp>18.5</ns3:atemp>
            <ns3:hr>128</ns3:hr>
            <ns3:cad>73</ns3:cad>
            <ns3:power>173</ns3:power>
          </ns3:TrackPointExtension>
        </extensions>
      </trkpt>
      <trkpt lat="46.1189593150" lon="7.1092249715">
        <ele>478.64</ele>
        <time>2026-05-17T07:37:17.000Z</time>
        <extensions>
          <ns3:TrackPointExtension>
            <ns3:atemp>18.5</ns3:atemp>
            <ns3:hr>128</ns3:hr>
            <ns3:cad>73</ns3:cad>
            <ns3:power>173</ns3:power>
          </ns3:TrackPointExtension>
        </extensions>
      </trkpt>
      <trkpt lat="46.1190107883" lon="7.1093026908">
        <ele>478.68</ele>
        <time>2026-05-17T07:37:18.000Z</time>
        <extensions>
          <ns3:TrackPointExtension>
            <ns3:atemp>18.5</ns3:atemp>
            <ns3:hr>128</ns3:hr>
            <ns3:cad>73</ns3:cad>
            <ns3:power>173</ns3:power>
          </ns3:TrackPointExtension>
        </extensions>
      </trkpt>
      <trkpt lat="46.1190583765" lon="7.1093930954">
        <ele>478.72</ele>
        <time>2026-05-17T07:37:19.000Z</time>
        <extensions>
          <ns3:TrackPointExtension>
            <ns3:atemp>18.5</ns3:atemp>
            <ns3:hr>128</ns3:hr>
            <ns3:cad>73</ns3:cad>
            <ns3:power>174</ns3:power>
          </ns3:TrackPointExtension>
        </extensions>
      </trkpt>
      <trkpt lat="46.1191077153" lon="7.1094702672">
        <ele>478.76</ele>
        <time>2026-05-17T07:37:20.000Z</time>
        <extensions>
          <ns3:TrackPointExtension>
            <ns3:atemp>18.6</ns3:atemp>
            <ns3:hr>128</ns3:hr>
            <ns3:cad>73</ns3:cad>
            <ns3:power>174</ns3:power>
          </ns3:TrackPointExtension>
        </extensions>
      </trkpt>
      <trkpt lat="46.1191513750" lon="7.1095554128">
        <ele>478.80</ele>
        <time>2026-05-17T07:37:21.000Z</time>
        <extensions>
          <ns3:TrackPointExtension>
            <ns3:atemp>18.6</ns3:atemp>
            <ns3:hr>128</ns3:hr>
            <ns3:cad>72</ns3:cad>
            <ns3:power>175</ns3:power>
          </ns3:TrackPointExtension>
        </extensions>
      </trkpt>
      <trkpt lat="46.1192000021" lon="7.1096440571">
        <ele>478.84</ele>
        <time>2026-05-17T07:37:22.000Z</time>
        <extensions>
          <ns3:TrackPointExtension>
            <ns3:atemp>18.6</ns3:atemp>
            <ns3:hr>128</ns3:hr>
            <ns3:cad>72</ns3:cad>
            <ns3:power>175</ns3:power>
          </ns3:TrackPointExtension>
        </extensions>
      </trkpt>
      <trkpt lat="46.1192449810" lon="7.1097187438">
        <ele>478.88</ele>
        <time>2026-05-17T07:37:23.000Z</time>
        <extensions>
          <ns3:TrackPointExtension>
            <ns3:atemp>18.6</ns3:atemp>
            <ns3:hr>128</ns3:hr>
            <ns3:cad>72</ns3:cad>
            <ns3:power>176</ns3:power>
          </ns3:TrackPointExtension>
        </extensions>
      </trkpt>
      <trkpt lat="46.1192959959" lon="7.1097986251">
        <ele>478.92</ele>
        <time>2026-05-17T07:37:24.000Z</time>
        <extensions>
          <ns3:TrackPointExtension>
            <ns3:atemp>18.6</ns3:atemp>
            <ns3:hr>128</ns3:hr>
            <ns3:cad>72</ns3:cad>
            <ns3:power>176</ns3:power>
          </ns3:TrackPointExtension>
        </extensions>
      </trkpt>
      <trkpt lat="46.1193424485" lon="7.1098873954">
        <ele>478.97</ele>
        <time>2026-05-17T07:37:25.000Z</time>
        <extensions>
          <ns3:TrackPointExtension>
            <ns3:atemp>18.6</ns3:atemp>
            <ns3:hr>128</ns3:hr>
            <ns3:cad>72</ns3:cad>
            <ns3:power>176</ns3:power>
          </ns3:TrackPointExtension>
        </extensions>
      </trkpt>
      <trkpt lat="46.1193860767" lon="7.1099762824">
        <ele>479.01</ele>
        <time>2026-05-17T07:37:26.000Z</time>
        <extensions>
          <ns3:TrackPointExtension>
            <ns3:atemp>18.6</ns3:atemp>
            <ns3:hr>128</ns3:hr>
            <ns3:cad>71</ns3:cad>
            <ns3:power>177</ns3:power>
          </ns3:TrackPointExtension>
        </extensions>
      </trkpt>
      <trkpt lat="46.1194308227" lon="7.1100573684">
        <ele>479.05</ele>
        <time>2026-05-17T07:37:27.000Z</time>
        <extensions>
          <ns3:TrackPointExtension>
            <ns3:atemp>18.6</ns3:atemp>
            <ns3:hr>128</ns3:hr>
            <ns3:cad>71</ns3:cad>
            <ns3:power>177</ns3:power>
          </ns3:TrackPointExtension>
        </extensions>
      </trkpt>
      <trkpt lat="46.1194826378" lon="7.1101369832">
        <ele>479.09</ele>
        <time>2026-05-17T07:37:28.000Z</time>
        <extensions>
          <ns3:TrackPointExtension>
            <ns3:atemp>18.6</ns3:atemp>
            <ns3:hr>128</ns3:hr>
            <ns3:cad>71</ns3:cad>
            <ns3:power>178</ns3:power>
          </ns3:TrackPointExtension>
        </extensions>
      </trkpt>
      <trkpt lat="46.1195364126" lon="7.1102181804">
        <ele>479.13</ele>
        <time>2026-05-17T07:37:29.000Z</time>
        <extensions>
          <ns3:TrackPointExtension>
            <ns3:atemp>18.6</ns3:atemp>
            <ns3:hr>128</ns3:hr>
            <ns3:cad>71</ns3:cad>
            <ns3:power>178</ns3:power>
          </ns3:TrackPointExtension>
        </extensions>
      </trkpt>
      <trkpt lat="46.1195814120" lon="7.1103046405">
        <ele>479.17</ele>
        <time>2026-05-17T07:37:30.000Z</time>
        <extensions>
          <ns3:TrackPointExtension>
            <ns3:atemp>18.6</ns3:atemp>
            <ns3:hr>128</ns3:hr>
            <ns3:cad>71</ns3:cad>
            <ns3:power>179</ns3:power>
          </ns3:TrackPointExtension>
        </extensions>
      </trkpt>
      <trkpt lat="46.1196346160" lon="7.1103856665">
        <ele>479.22</ele>
        <time>2026-05-17T07:37:31.000Z</time>
        <extensions>
          <ns3:TrackPointExtension>
            <ns3:atemp>18.6</ns3:atemp>
            <ns3:hr>128</ns3:hr>
            <ns3:cad>71</ns3:cad>
            <ns3:power>179</ns3:power>
          </ns3:TrackPointExtension>
        </extensions>
      </trkpt>
      <trkpt lat="46.1196872413" lon="7.1104585312">
        <ele>479.26</ele>
        <time>2026-05-17T07:37:32.000Z</time>
        <extensions>
          <ns3:TrackPointExtension>
            <ns3:atemp>18.6</ns3:atemp>
            <ns3:hr>129</ns3:hr>
            <ns3:cad>71</ns3:cad>
            <ns3:power>180</ns3:power>
          </ns3:TrackPointExtension>
        </extensions>
      </trkpt>
      <trkpt lat="46.1197329109" lon="7.1105353525">
        <ele>479.30</ele>
        <time>2026-05-17T07:37:33.000Z</time>
        <extensions>
          <ns3:TrackPointExtension>
            <ns3:atemp>18.6</ns3:atemp>
            <ns3:hr>129</ns3:hr>
            <ns3:cad>70</ns3:cad>
            <ns3:power>180</ns3:power>
          </ns3:TrackPointExtension>
        </extensions>
      </trkpt>
      <trkpt lat="46.1197876206" lon="7.1106177861">
        <ele>479.34</ele>
        <time>2026-05-17T07:37:34.000Z</time>
        <extensions>
          <ns3:TrackPointExtension>
            <ns3:atemp>18.6</ns3:atemp>
            <ns3:hr>129</ns3:hr>
            <ns3:cad>70</ns3:cad>
            <ns3:power>181</ns3:power>
          </ns3:TrackPointExtension>
        </extensions>
      </trkpt>
      <trkpt lat="46.1198355250" lon="7.1106984064">
        <ele>479.38</ele>
        <time>2026-05-17T07:37:35.000Z</time>
        <extensions>
          <ns3:TrackPointExtension>
            <ns3:atemp>18.6</ns3:atemp>
            <ns3:hr>129</ns3:hr>
            <ns3:cad>70</ns3:cad>
            <ns3:power>182</ns3:power>
          </ns3:TrackPointExtension>
        </extensions>
      </trkpt>
      <trkpt lat="46.1198839654" lon="7.1107740084">
        <ele>479.42</ele>
        <time>2026-05-17T07:37:36.000Z</time>
        <extensions>
          <ns3:TrackPointExtension>
            <ns3:atemp>18.6</ns3:atemp>
            <ns3:hr>129</ns3:hr>
            <ns3:cad>70</ns3:cad>
            <ns3:power>182</ns3:power>
          </ns3:TrackPointExtension>
        </extensions>
      </trkpt>
      <trkpt lat="46.1199329950" lon="7.1108531151">
        <ele>479.47</ele>
        <time>2026-05-17T07:37:37.000Z</time>
        <extensions>
          <ns3:TrackPointExtension>
            <ns3:atemp>18.6</ns3:atemp>
            <ns3:hr>129</ns3:hr>
            <ns3:cad>70</ns3:cad>
            <ns3:power>183</ns3:power>
          </ns3:TrackPointExtension>
        </extensions>
      </trkpt>
      <trkpt lat="46.1199824806" lon="7.1109287067">
        <ele>479.51</ele>
        <time>2026-05-17T07:37:38.000Z</time>
        <extensions>
          <ns3:TrackPointExtension>
            <ns3:atemp>18.6</ns3:atemp>
            <ns3:hr>129</ns3:hr>
            <ns3:cad>70</ns3:cad>
            <ns3:power>183</ns3:power>
          </ns3:TrackPointExtension>
        </extensions>
      </trkpt>
      <trkpt lat="46.1200372433" lon="7.1110119371">
        <ele>479.55</ele>
        <time>2026-05-17T07:37:39.000Z</time>
        <extensions>
          <ns3:TrackPointExtension>
            <ns3:atemp>18.6</ns3:atemp>
            <ns3:hr>129</ns3:hr>
            <ns3:cad>70</ns3:cad>
            <ns3:power>184</ns3:power>
          </ns3:TrackPointExtension>
        </extensions>
      </trkpt>
      <trkpt lat="46.1200884622" lon="7.1110904318">
        <ele>479.59</ele>
        <time>2026-05-17T07:37:40.000Z</time>
        <extensions>
          <ns3:TrackPointExtension>
            <ns3:atemp>18.6</ns3:atemp>
            <ns3:hr>129</ns3:hr>
            <ns3:cad>69</ns3:cad>
            <ns3:power>184</ns3:power>
          </ns3:TrackPointExtension>
        </extensions>
      </trkpt>
      <trkpt lat="46.1201448109" lon="7.1111710492">
        <ele>479.64</ele>
        <time>2026-05-17T07:37:41.000Z</time>
        <extensions>
          <ns3:TrackPointExtension>
            <ns3:atemp>18.6</ns3:atemp>
            <ns3:hr>129</ns3:hr>
            <ns3:cad>69</ns3:cad>
            <ns3:power>185</ns3:power>
          </ns3:TrackPointExtension>
        </extensions>
      </trkpt>
      <trkpt lat="46.1201943533" lon="7.1112506236">
        <ele>479.68</ele>
        <time>2026-05-17T07:37:42.000Z</time>
        <extensions>
          <ns3:TrackPointExtension>
            <ns3:atemp>18.6</ns3:atemp>
            <ns3:hr>129</ns3:hr>
            <ns3:cad>69</ns3:cad>
            <ns3:power>185</ns3:power>
          </ns3:TrackPointExtension>
        </extensions>
      </trkpt>
      <trkpt lat="46.1202458999" lon="7.1113357711">
        <ele>479.72</ele>
        <time>2026-05-17T07:37:43.000Z</time>
        <extensions>
          <ns3:TrackPointExtension>
            <ns3:atemp>18.6</ns3:atemp>
            <ns3:hr>129</ns3:hr>
            <ns3:cad>69</ns3:cad>
            <ns3:power>186</ns3:power>
          </ns3:TrackPointExtension>
        </extensions>
      </trkpt>
      <trkpt lat="46.1202974850" lon="7.1114168201">
        <ele>479.76</ele>
        <time>2026-05-17T07:37:44.000Z</time>
        <extensions>
          <ns3:TrackPointExtension>
            <ns3:atemp>18.6</ns3:atemp>
            <ns3:hr>129</ns3:hr>
            <ns3:cad>69</ns3:cad>
            <ns3:power>187</ns3:power>
          </ns3:TrackPointExtension>
        </extensions>
      </trkpt>
      <trkpt lat="46.1203513202" lon="7.1115018284">
        <ele>479.81</ele>
        <time>2026-05-17T07:37:45.000Z</time>
        <extensions>
          <ns3:TrackPointExtension>
            <ns3:atemp>18.6</ns3:atemp>
            <ns3:hr>129</ns3:hr>
            <ns3:cad>69</ns3:cad>
            <ns3:power>187</ns3:power>
          </ns3:TrackPointExtension>
        </extensions>
      </trkpt>
      <trkpt lat="46.1204023931" lon="7.1115859156">
        <ele>479.85</ele>
        <time>2026-05-17T07:37:46.000Z</time>
        <extensions>
          <ns3:TrackPointExtension>
            <ns3:atemp>18.6</ns3:atemp>
            <ns3:hr>129</ns3:hr>
            <ns3:cad>69</ns3:cad>
            <ns3:power>188</ns3:power>
          </ns3:TrackPointExtension>
        </extensions>
      </trkpt>
      <trkpt lat="46.1204554541" lon="7.1116577825">
        <ele>479.89</ele>
        <time>2026-05-17T07:37:47.000Z</time>
        <extensions>
          <ns3:TrackPointExtension>
            <ns3:atemp>18.6</ns3:atemp>
            <ns3:hr>129</ns3:hr>
            <ns3:cad>69</ns3:cad>
            <ns3:power>188</ns3:power>
          </ns3:TrackPointExtension>
        </extensions>
      </trkpt>
      <trkpt lat="46.1205046938" lon="7.1117291603">
        <ele>479.93</ele>
        <time>2026-05-17T07:37:48.000Z</time>
        <extensions>
          <ns3:TrackPointExtension>
            <ns3:atemp>18.6</ns3:atemp>
            <ns3:hr>129</ns3:hr>
            <ns3:cad>69</ns3:cad>
            <ns3:power>189</ns3:power>
          </ns3:TrackPointExtension>
        </extensions>
      </trkpt>
      <trkpt lat="46.1205634691" lon="7.1118057335">
        <ele>479.98</ele>
        <time>2026-05-17T07:37:49.000Z</time>
        <extensions>
          <ns3:TrackPointExtension>
            <ns3:atemp>18.6</ns3:atemp>
            <ns3:hr>129</ns3:hr>
            <ns3:cad>69</ns3:cad>
            <ns3:power>189</ns3:power>
          </ns3:TrackPointExtension>
        </extensions>
      </trkpt>
      <trkpt lat="46.1206166263" lon="7.1118841346">
        <ele>480.02</ele>
        <time>2026-05-17T07:37:50.000Z</time>
        <extensions>
          <ns3:TrackPointExtension>
            <ns3:atemp>18.6</ns3:atemp>
            <ns3:hr>129</ns3:hr>
            <ns3:cad>68</ns3:cad>
            <ns3:power>190</ns3:power>
          </ns3:TrackPointExtension>
        </extensions>
      </trkpt>
      <trkpt lat="46.1206676755" lon="7.1119688759">
        <ele>480.06</ele>
        <time>2026-05-17T07:37:51.000Z</time>
        <extensions>
          <ns3:TrackPointExtension>
            <ns3:atemp>18.6</ns3:atemp>
            <ns3:hr>129</ns3:hr>
            <ns3:cad>68</ns3:cad>
            <ns3:power>191</ns3:power>
          </ns3:TrackPointExtension>
        </extensions>
      </trkpt>
      <trkpt lat="46.1207206678" lon="7.1120406582">
        <ele>480.10</ele>
        <time>2026-05-17T07:37:52.000Z</time>
        <extensions>
          <ns3:TrackPointExtension>
            <ns3:atemp>18.6</ns3:atemp>
            <ns3:hr>129</ns3:hr>
            <ns3:cad>68</ns3:cad>
            <ns3:power>191</ns3:power>
          </ns3:TrackPointExtension>
        </extensions>
      </trkpt>
      <trkpt lat="46.1207785601" lon="7.1121190630">
        <ele>480.15</ele>
        <time>2026-05-17T07:37:53.000Z</time>
        <extensions>
          <ns3:TrackPointExtension>
            <ns3:atemp>18.6</ns3:atemp>
            <ns3:hr>129</ns3:hr>
            <ns3:cad>68</ns3:cad>
            <ns3:power>192</ns3:power>
          </ns3:TrackPointExtension>
        </extensions>
      </trkpt>
      <trkpt lat="46.1208319684" lon="7.1121938127">
        <ele>480.19</ele>
        <time>2026-05-17T07:37:54.000Z</time>
        <extensions>
          <ns3:TrackPointExtension>
            <ns3:atemp>18.6</ns3:atemp>
            <ns3:hr>129</ns3:hr>
            <ns3:cad>68</ns3:cad>
            <ns3:power>192</ns3:power>
          </ns3:TrackPointExtension>
        </extensions>
      </trkpt>
      <trkpt lat="46.1208904231" lon="7.1122707864">
        <ele>480.23</ele>
        <time>2026-05-17T07:37:55.000Z</time>
        <extensions>
          <ns3:TrackPointExtension>
            <ns3:atemp>18.6</ns3:atemp>
            <ns3:hr>129</ns3:hr>
            <ns3:cad>68</ns3:cad>
            <ns3:power>193</ns3:power>
          </ns3:TrackPointExtension>
        </extensions>
      </trkpt>
      <trkpt lat="46.1209447533" lon="7.1123533858">
        <ele>480.28</ele>
        <time>2026-05-17T07:37:56.000Z</time>
        <extensions>
          <ns3:TrackPointExtension>
            <ns3:atemp>18.6</ns3:atemp>
            <ns3:hr>129</ns3:hr>
            <ns3:cad>68</ns3:cad>
            <ns3:power>193</ns3:power>
          </ns3:TrackPointExtension>
        </extensions>
      </trkpt>
      <trkpt lat="46.1210004444" lon="7.1124348139">
        <ele>480.32</ele>
        <time>2026-05-17T07:37:57.000Z</time>
        <extensions>
          <ns3:TrackPointExtension>
            <ns3:atemp>18.6</ns3:atemp>
            <ns3:hr>129</ns3:hr>
            <ns3:cad>68</ns3:cad>
            <ns3:power>194</ns3:power>
          </ns3:TrackPointExtension>
        </extensions>
      </trkpt>
      <trkpt lat="46.1210544863" lon="7.1125210613">
        <ele>480.36</ele>
        <time>2026-05-17T07:37:58.000Z</time>
        <extensions>
          <ns3:TrackPointExtension>
            <ns3:atemp>18.6</ns3:atemp>
            <ns3:hr>129</ns3:hr>
            <ns3:cad>68</ns3:cad>
            <ns3:power>195</ns3:power>
          </ns3:TrackPointExtension>
        </extensions>
      </trkpt>
      <trkpt lat="46.1211129042" lon="7.1126029081">
        <ele>480.41</ele>
        <time>2026-05-17T07:37:59.000Z</time>
        <extensions>
          <ns3:TrackPointExtension>
            <ns3:atemp>18.6</ns3:atemp>
            <ns3:hr>129</ns3:hr>
            <ns3:cad>68</ns3:cad>
            <ns3:power>195</ns3:power>
          </ns3:TrackPointExtension>
        </extensions>
      </trkpt>
      <trkpt lat="46.1211399892" lon="7.1126401772">
        <ele>480.57</ele>
        <time>2026-05-17T07:38:00.000Z</time>
        <extensions>
          <ns3:TrackPointExtension>
            <ns3:atemp>18.6</ns3:atemp>
            <ns3:hr>151</ns3:hr>
            <ns3:cad>68</ns3:cad>
            <ns3:power>155</ns3:power>
          </ns3:TrackPointExtension>
        </extensions>
      </trkpt>
      <trkpt lat="46.1211630831" lon="7.1126669640">
        <ele>480.73</ele>
        <time>2026-05-17T07:38:01.000Z</time>
        <extensions>
          <ns3:TrackPointExtension>
            <ns3:atemp>18.6</ns3:atemp>
            <ns3:hr>151</ns3:hr>
            <ns3:cad>68</ns3:cad>
            <ns3:power>156</ns3:power>
          </ns3:TrackPointExtension>
        </extensions>
      </trkpt>
      <trkpt lat="46.1211836747" lon="7.1127034086">
        <ele>480.89</ele>
        <time>2026-05-17T07:38:02.000Z</time>
        <extensions>
          <ns3:TrackPointExtension>
            <ns3:atemp>18.6</ns3:atemp>
            <ns3:hr>151</ns3:hr>
            <ns3:cad>68</ns3:cad>
            <ns3:power>156</ns3:power>
          </ns3:TrackPointExtension>
        </extensions>
      </trkpt>
      <trkpt lat="46.1212110572" lon="7.1127307381">
        <ele>481.05</ele>
        <time>2026-05-17T07:38:03.000Z</time>
        <extensions>
          <ns3:TrackPointExtension>
            <ns3:atemp>18.6</ns3:atemp>
            <ns3:hr>151</ns3:hr>
            <ns3:cad>68</ns3:cad>
            <ns3:power>157</ns3:power>
          </ns3:TrackPointExtension>
        </extensions>
      </trkpt>
      <trkpt lat="46.1212339859" lon="7.1127604183">
        <ele>481.22</ele>
        <time>2026-05-17T07:38:04.000Z</time>
        <extensions>
          <ns3:TrackPointExtension>
            <ns3:atemp>18.6</ns3:atemp>
            <ns3:hr>151</ns3:hr>
            <ns3:cad>68</ns3:cad>
            <ns3:power>158</ns3:power>
          </ns3:TrackPointExtension>
        </extensions>
      </trkpt>
      <trkpt lat="46.1212607150" lon="7.1127972715">
        <ele>481.38</ele>
        <time>2026-05-17T07:38:05.000Z</time>
        <extensions>
          <ns3:TrackPointExtension>
            <ns3:atemp>18.6</ns3:atemp>
            <ns3:hr>151</ns3:hr>
            <ns3:cad>68</ns3:cad>
            <ns3:power>158</ns3:power>
          </ns3:TrackPointExtension>
        </extensions>
      </trkpt>
      <trkpt lat="46.1212840499" lon="7.1128307052">
        <ele>481.54</ele>
        <time>2026-05-17T07:38:06.000Z</time>
        <extensions>
          <ns3:TrackPointExtension>
            <ns3:atemp>18.6</ns3:atemp>
            <ns3:hr>151</ns3:hr>
            <ns3:cad>68</ns3:cad>
            <ns3:power>159</ns3:power>
          </ns3:TrackPointExtension>
        </extensions>
      </trkpt>
      <trkpt lat="46.1213039700" lon="7.1128602111">
        <ele>481.71</ele>
        <time>2026-05-17T07:38:07.000Z</time>
        <extensions>
          <ns3:TrackPointExtension>
            <ns3:atemp>18.6</ns3:atemp>
            <ns3:hr>151</ns3:hr>
            <ns3:cad>68</ns3:cad>
            <ns3:power>159</ns3:power>
          </ns3:TrackPointExtension>
        </extensions>
      </trkpt>
      <trkpt lat="46.1213326428" lon="7.1128996528">
        <ele>481.88</ele>
        <time>2026-05-17T07:38:08.000Z</time>
        <extensions>
          <ns3:TrackPointExtension>
            <ns3:atemp>18.6</ns3:atemp>
            <ns3:hr>151</ns3:hr>
            <ns3:cad>68</ns3:cad>
            <ns3:power>160</ns3:power>
          </ns3:TrackPointExtension>
        </extensions>
      </trkpt>
      <trkpt lat="46.1213536415" lon="7.1129299316">
        <ele>482.04</ele>
        <time>2026-05-17T07:38:09.000Z</time>
        <extensions>
          <ns3:TrackPointExtension>
            <ns3:atemp>18.6</ns3:atemp>
            <ns3:hr>151</ns3:hr>
            <ns3:cad>68</ns3:cad>
            <ns3:power>161</ns3:power>
          </ns3:TrackPointExtension>
        </extensions>
      </trkpt>
      <trkpt lat="46.1213799667" lon="7.1129701376">
        <ele>482.21</ele>
        <time>2026-05-17T07:38:10.000Z</time>
        <extensions>
          <ns3:TrackPointExtension>
            <ns3:atemp>18.6</ns3:atemp>
            <ns3:hr>151</ns3:hr>
            <ns3:cad>68</ns3:cad>
            <ns3:power>161</ns3:power>
          </ns3:TrackPointExtension>
        </extensions>
      </trkpt>
      <trkpt lat="46.1214042687" lon="7.1130072385">
        <ele>482.38</ele>
        <time>2026-05-17T07:38:11.000Z</time>
        <extensions>
          <ns3:TrackPointExtension>
            <ns3:atemp>18.6</ns3:atemp>
            <ns3:hr>151</ns3:hr>
            <ns3:cad>68</ns3:cad>
            <ns3:power>162</ns3:power>
          </ns3:TrackPointExtension>
        </extensions>
      </trkpt>
      <trkpt lat="46.1214284239" lon="7.1130427283">
        <ele>482.55</ele>
        <time>2026-05-17T07:38:12.000Z</time>
        <extensions>
          <ns3:TrackPointExtension>
            <ns3:atemp>18.6</ns3:atemp>
            <ns3:hr>151</ns3:hr>
            <ns3:cad>68</ns3:cad>
            <ns3:power>163</ns3:power>
          </ns3:TrackPointExtension>
        </extensions>
      </trkpt>
      <trkpt lat="46.1214476459" lon="7.1130800872">
        <ele>482.72</ele>
        <time>2026-05-17T07:38:13.000Z</time>
        <extensions>
          <ns3:TrackPointExtension>
            <ns3:atemp>18.6</ns3:atemp>
            <ns3:hr>151</ns3:hr>
            <ns3:cad>68</ns3:cad>
            <ns3:power>163</ns3:power>
          </ns3:TrackPointExtension>
        </extensions>
      </trkpt>
      <trkpt lat="46.1214722975" lon="7.1131061051">
        <ele>482.89</ele>
        <time>2026-05-17T07:38:14.000Z</time>
        <extensions>
          <ns3:TrackPointExtension>
            <ns3:atemp>18.6</ns3:atemp>
            <ns3:hr>151</ns3:hr>
            <ns3:cad>68</ns3:cad>
            <ns3:power>164</ns3:power>
          </ns3:TrackPointExtension>
        </extensions>
      </trkpt>
      <trkpt lat="46.1215009899" lon="7.1131372382">
        <ele>483.06</ele>
        <time>2026-05-17T07:38:15.000Z</time>
        <extensions>
          <ns3:TrackPointExtension>
            <ns3:atemp>18.6</ns3:atemp>
            <ns3:hr>151</ns3:hr>
            <ns3:cad>68</ns3:cad>
            <ns3:power>165</ns3:power>
          </ns3:TrackPointExtension>
        </extensions>
      </trkpt>
      <trkpt lat="46.1215249008" lon="7.1131705045">
        <ele>483.23</ele>
        <time>2026-05-17T07:38:16.000Z</time>
        <extensions>
          <ns3:TrackPointExtension>
            <ns3:atemp>18.6</ns3:atemp>
            <ns3:hr>151</ns3:hr>
            <ns3:cad>68</ns3:cad>
            <ns3:power>165</ns3:power>
          </ns3:TrackPointExtension>
        </extensions>
      </trkpt>
      <trkpt lat="46.1215503985" lon="7.1131999854">
        <ele>483.40</ele>
        <time>2026-05-17T07:38:17.000Z</time>
        <extensions>
          <ns3:TrackPointExtension>
            <ns3:atemp>18.6</ns3:atemp>
            <ns3:hr>151</ns3:hr>
            <ns3:cad>68</ns3:cad>
            <ns3:power>166</ns3:power>
          </ns3:TrackPointExtension>
        </extensions>
      </trkpt>
      <trkpt lat="46.1215728451" lon="7.1132394735">
        <ele>483.58</ele>
        <time>2026-05-17T07:38:18.000Z</time>
        <extensions>
          <ns3:TrackPointExtension>
            <ns3:atemp>18.6</ns3:atemp>
            <ns3:hr>151</ns3:hr>
            <ns3:cad>69</ns3:cad>
            <ns3:power>166</ns3:power>
          </ns3:TrackPointExtension>
        </extensions>
      </trkpt>
      <trkpt lat="46.1215975280" lon="7.1132658541">
        <ele>483.75</ele>
        <time>2026-05-17T07:38:19.000Z</time>
        <extensions>
          <ns3:TrackPointExtension>
            <ns3:atemp>18.6</ns3:atemp>
            <ns3:hr>152</ns3:hr>
            <ns3:cad>69</ns3:cad>
            <ns3:power>167</ns3:power>
          </ns3:TrackPointExtension>
        </extensions>
      </trkpt>
      <trkpt lat="46.1216179586" lon="7.1132939149">
        <ele>483.93</ele>
        <time>2026-05-17T07:38:20.000Z</time>
        <extensions>
          <ns3:TrackPointExtension>
            <ns3:atemp>18.6</ns3:atemp>
            <ns3:hr>152</ns3:hr>
            <ns3:cad>69</ns3:cad>
            <ns3:power>168</ns3:power>
          </ns3:TrackPointExtension>
        </extensions>
      </trkpt>
      <trkpt lat="46.1216394324" lon="7.1133217350">
        <ele>484.10</ele>
        <time>2026-05-17T07:38:21.000Z</time>
        <extensions>
          <ns3:TrackPointExtension>
            <ns3:atemp>18.6</ns3:atemp>
            <ns3:hr>152</ns3:hr>
            <ns3:cad>69</ns3:cad>
            <ns3:power>168</ns3:power>
          </ns3:TrackPointExtension>
        </extensions>
      </trkpt>
      <trkpt lat="46.1216666749" lon="7.1133472802">
        <ele>484.28</ele>
        <time>2026-05-17T07:38:22.000Z</time>
        <extensions>
          <ns3:TrackPointExtension>
            <ns3:atemp>18.6</ns3:atemp>
            <ns3:hr>152</ns3:hr>
            <ns3:cad>69</ns3:cad>
            <ns3:power>169</ns3:power>
          </ns3:TrackPointExtension>
        </extensions>
      </trkpt>
      <trkpt lat="46.1216910368" lon="7.1133845131">
        <ele>484.46</ele>
        <time>2026-05-17T07:38:23.000Z</time>
        <extensions>
          <ns3:TrackPointExtension>
            <ns3:atemp>18.6</ns3:atemp>
            <ns3:hr>152</ns3:hr>
            <ns3:cad>69</ns3:cad>
            <ns3:power>170</ns3:power>
          </ns3:TrackPointExtension>
        </extensions>
      </trkpt>
      <trkpt lat="46.1217165084" lon="7.1134211766">
        <ele>484.63</ele>
        <time>2026-05-17T07:38:24.000Z</time>
        <extensions>
          <ns3:TrackPointExtension>
            <ns3:atemp>18.6</ns3:atemp>
            <ns3:hr>152</ns3:hr>
            <ns3:cad>69</ns3:cad>
            <ns3:power>170</ns3:power>
          </ns3:TrackPointExtension>
        </extensions>
      </trkpt>
      <trkpt lat="46.1217405760" lon="7.1134598337">
        <ele>484.81</ele>
        <time>2026-05-17T07:38:25.000Z</time>
        <extensions>
          <ns3:TrackPointExtension>
            <ns3:atemp>18.6</ns3:atemp>
            <ns3:hr>152</ns3:hr>
            <ns3:cad>69</ns3:cad>
            <ns3:power>171</ns3:power>
          </ns3:TrackPointExtension>
        </extensions>
      </trkpt>
      <trkpt lat="46.1217703707" lon="7.1134938840">
        <ele>484.99</ele>
        <time>2026-05-17T07:38:26.000Z</time>
        <extensions>
          <ns3:TrackPointExtension>
            <ns3:atemp>18.6</ns3:atemp>
            <ns3:hr>152</ns3:hr>
            <ns3:cad>69</ns3:cad>
            <ns3:power>172</ns3:power>
          </ns3:TrackPointExtension>
        </extensions>
      </trkpt>
      <trkpt lat="46.1217984174" lon="7.1135220481">
        <ele>485.17</ele>
        <time>2026-05-17T07:38:27.000Z</time>
        <extensions>
          <ns3:TrackPointExtension>
            <ns3:atemp>18.6</ns3:atemp>
            <ns3:hr>152</ns3:hr>
            <ns3:cad>69</ns3:cad>
            <ns3:power>172</ns3:power>
          </ns3:TrackPointExtension>
        </extensions>
      </trkpt>
      <trkpt lat="46.1218228102" lon="7.1135564508">
        <ele>485.35</ele>
        <time>2026-05-17T07:38:28.000Z</time>
        <extensions>
          <ns3:TrackPointExtension>
            <ns3:atemp>18.6</ns3:atemp>
            <ns3:hr>152</ns3:hr>
            <ns3:cad>69</ns3:cad>
            <ns3:power>173</ns3:power>
          </ns3:TrackPointExtension>
        </extensions>
      </trkpt>
      <trkpt lat="46.1218491592" lon="7.1135862244">
        <ele>485.53</ele>
        <time>2026-05-17T07:38:29.000Z</time>
        <extensions>
          <ns3:TrackPointExtension>
            <ns3:atemp>18.6</ns3:atemp>
            <ns3:hr>152</ns3:hr>
            <ns3:cad>70</ns3:cad>
            <ns3:power>174</ns3:power>
          </ns3:TrackPointExtension>
        </extensions>
      </trkpt>
      <trkpt lat="46.1218738081" lon="7.1136121253">
        <ele>485.72</ele>
        <time>2026-05-17T07:38:30.000Z</time>
        <extensions>
          <ns3:TrackPointExtension>
            <ns3:atemp>18.6</ns3:atemp>
            <ns3:hr>152</ns3:hr>
            <ns3:cad>70</ns3:cad>
            <ns3:power>174</ns3:power>
          </ns3:TrackPointExtension>
        </extensions>
      </trkpt>
      <trkpt lat="46.1218950959" lon="7.1136391166">
        <ele>485.90</ele>
        <time>2026-05-17T07:38:31.000Z</time>
        <extensions>
          <ns3:TrackPointExtension>
            <ns3:atemp>18.6</ns3:atemp>
            <ns3:hr>152</ns3:hr>
            <ns3:cad>70</ns3:cad>
            <ns3:power>175</ns3:power>
          </ns3:TrackPointExtension>
        </extensions>
      </trkpt>
      <trkpt lat="46.1219196065" lon="7.1136726096">
        <ele>486.08</ele>
        <time>2026-05-17T07:38:32.000Z</time>
        <extensions>
          <ns3:TrackPointExtension>
            <ns3:atemp>18.6</ns3:atemp>
            <ns3:hr>152</ns3:hr>
            <ns3:cad>70</ns3:cad>
            <ns3:power>176</ns3:power>
          </ns3:TrackPointExtension>
        </extensions>
      </trkpt>
      <trkpt lat="46.1219412170" lon="7.1136996754">
        <ele>486.27</ele>
        <time>2026-05-17T07:38:33.000Z</time>
        <extensions>
          <ns3:TrackPointExtension>
            <ns3:atemp>18.6</ns3:atemp>
            <ns3:hr>152</ns3:hr>
            <ns3:cad>70</ns3:cad>
            <ns3:power>176</ns3:power>
          </ns3:TrackPointExtension>
        </extensions>
      </trkpt>
      <trkpt lat="46.1219701114" lon="7.1137268575">
        <ele>486.45</ele>
        <time>2026-05-17T07:38:34.000Z</time>
        <extensions>
          <ns3:TrackPointExtension>
            <ns3:atemp>18.6</ns3:atemp>
            <ns3:hr>152</ns3:hr>
            <ns3:cad>70</ns3:cad>
            <ns3:power>177</ns3:power>
          </ns3:TrackPointExtension>
        </extensions>
      </trkpt>
      <trkpt lat="46.1220011170" lon="7.1137652870">
        <ele>486.64</ele>
        <time>2026-05-17T07:38:35.000Z</time>
        <extensions>
          <ns3:TrackPointExtension>
            <ns3:atemp>18.6</ns3:atemp>
            <ns3:hr>152</ns3:hr>
            <ns3:cad>70</ns3:cad>
            <ns3:power>177</ns3:power>
          </ns3:TrackPointExtension>
        </extensions>
      </trkpt>
      <trkpt lat="46.1220238825" lon="7.1138045153">
        <ele>486.83</ele>
        <time>2026-05-17T07:38:36.000Z</time>
        <extensions>
          <ns3:TrackPointExtension>
            <ns3:atemp>18.6</ns3:atemp>
            <ns3:hr>152</ns3:hr>
            <ns3:cad>71</ns3:cad>
            <ns3:power>178</ns3:power>
          </ns3:TrackPointExtension>
        </extensions>
      </trkpt>
      <trkpt lat="46.1220445446" lon="7.1138409978">
        <ele>487.02</ele>
        <time>2026-05-17T07:38:37.000Z</time>
        <extensions>
          <ns3:TrackPointExtension>
            <ns3:atemp>18.6</ns3:atemp>
            <ns3:hr>152</ns3:hr>
            <ns3:cad>71</ns3:cad>
            <ns3:power>179</ns3:power>
          </ns3:TrackPointExtension>
        </extensions>
      </trkpt>
      <trkpt lat="46.1220708082" lon="7.1138698349">
        <ele>487.20</ele>
        <time>2026-05-17T07:38:38.000Z</time>
        <extensions>
          <ns3:TrackPointExtension>
            <ns3:atemp>18.6</ns3:atemp>
            <ns3:hr>152</ns3:hr>
            <ns3:cad>71</ns3:cad>
            <ns3:power>179</ns3:power>
          </ns3:TrackPointExtension>
        </extensions>
      </trkpt>
      <trkpt lat="46.1221014328" lon="7.1138950158">
        <ele>487.39</ele>
        <time>2026-05-17T07:38:39.000Z</time>
        <extensions>
          <ns3:TrackPointExtension>
            <ns3:atemp>18.6</ns3:atemp>
            <ns3:hr>152</ns3:hr>
            <ns3:cad>71</ns3:cad>
            <ns3:power>180</ns3:power>
          </ns3:TrackPointExtension>
        </extensions>
      </trkpt>
      <trkpt lat="46.1221223175" lon="7.1139191636">
        <ele>487.58</ele>
        <time>2026-05-17T07:38:40.000Z</time>
        <extensions>
          <ns3:TrackPointExtension>
            <ns3:atemp>18.6</ns3:atemp>
            <ns3:hr>152</ns3:hr>
            <ns3:cad>71</ns3:cad>
            <ns3:power>181</ns3:power>
          </ns3:TrackPointExtension>
        </extensions>
      </trkpt>
      <trkpt lat="46.1221503842" lon="7.1139502377">
        <ele>487.78</ele>
        <time>2026-05-17T07:38:41.000Z</time>
        <extensions>
          <ns3:TrackPointExtension>
            <ns3:atemp>18.7</ns3:atemp>
            <ns3:hr>152</ns3:hr>
            <ns3:cad>71</ns3:cad>
            <ns3:power>181</ns3:power>
          </ns3:TrackPointExtension>
        </extensions>
      </trkpt>
      <trkpt lat="46.1221743324" lon="7.1139881156">
        <ele>487.97</ele>
        <time>2026-05-17T07:38:42.000Z</time>
        <extensions>
          <ns3:TrackPointExtension>
            <ns3:atemp>18.7</ns3:atemp>
            <ns3:hr>153</ns3:hr>
            <ns3:cad>72</ns3:cad>
            <ns3:power>182</ns3:power>
          </ns3:TrackPointExtension>
        </extensions>
      </trkpt>
      <trkpt lat="46.1221975552" lon="7.1140155436">
        <ele>488.16</ele>
        <time>2026-05-17T07:38:43.000Z</time>
        <extensions>
          <ns3:TrackPointExtension>
            <ns3:atemp>18.7</ns3:atemp>
            <ns3:hr>153</ns3:hr>
            <ns3:cad>72</ns3:cad>
            <ns3:power>182</ns3:power>
          </ns3:TrackPointExtension>
        </extensions>
      </trkpt>
      <trkpt lat="46.1222280913" lon="7.1140490889">
        <ele>488.35</ele>
        <time>2026-05-17T07:38:44.000Z</time>
        <extensions>
          <ns3:TrackPointExtension>
            <ns3:atemp>18.7</ns3:atemp>
            <ns3:hr>153</ns3:hr>
            <ns3:cad>72</ns3:cad>
            <ns3:power>183</ns3:power>
          </ns3:TrackPointExtension>
        </extensions>
      </trkpt>
      <trkpt lat="46.1222577065" lon="7.1140826626">
        <ele>488.55</ele>
        <time>2026-05-17T07:38:45.000Z</time>
        <extensions>
          <ns3:TrackPointExtension>
            <ns3:atemp>18.7</ns3:atemp>
            <ns3:hr>153</ns3:hr>
            <ns3:cad>72</ns3:cad>
            <ns3:power>184</ns3:power>
          </ns3:TrackPointExtension>
        </extensions>
      </trkpt>
      <trkpt lat="46.1222862239" lon="7.1141171641">
        <ele>488.74</ele>
        <time>2026-05-17T07:38:46.000Z</time>
        <extensions>
          <ns3:TrackPointExtension>
            <ns3:atemp>18.7</ns3:atemp>
            <ns3:hr>153</ns3:hr>
            <ns3:cad>72</ns3:cad>
            <ns3:power>184</ns3:power>
          </ns3:TrackPointExtension>
        </extensions>
      </trkpt>
      <trkpt lat="46.1223124723" lon="7.1141561553">
        <ele>488.94</ele>
        <time>2026-05-17T07:38:47.000Z</time>
        <extensions>
          <ns3:TrackPointExtension>
            <ns3:atemp>18.7</ns3:atemp>
            <ns3:hr>153</ns3:hr>
            <ns3:cad>72</ns3:cad>
            <ns3:power>185</ns3:power>
          </ns3:TrackPointExtension>
        </extensions>
      </trkpt>
      <trkpt lat="46.1223417730" lon="7.1141916304">
        <ele>489.13</ele>
        <time>2026-05-17T07:38:48.000Z</time>
        <extensions>
          <ns3:TrackPointExtension>
            <ns3:atemp>18.7</ns3:atemp>
            <ns3:hr>153</ns3:hr>
            <ns3:cad>73</ns3:cad>
            <ns3:power>185</ns3:power>
          </ns3:TrackPointExtension>
        </extensions>
      </trkpt>
      <trkpt lat="46.1223661954" lon="7.1142213674">
        <ele>489.33</ele>
        <time>2026-05-17T07:38:49.000Z</time>
        <extensions>
          <ns3:TrackPointExtension>
            <ns3:atemp>18.7</ns3:atemp>
            <ns3:hr>153</ns3:hr>
            <ns3:cad>73</ns3:cad>
            <ns3:power>186</ns3:power>
          </ns3:TrackPointExtension>
        </extensions>
      </trkpt>
      <trkpt lat="46.1223909963" lon="7.1142508269">
        <ele>489.53</ele>
        <time>2026-05-17T07:38:50.000Z</time>
        <extensions>
          <ns3:TrackPointExtension>
            <ns3:atemp>18.7</ns3:atemp>
            <ns3:hr>153</ns3:hr>
            <ns3:cad>73</ns3:cad>
            <ns3:power>187</ns3:power>
          </ns3:TrackPointExtension>
        </extensions>
      </trkpt>
      <trkpt lat="46.1224219564" lon="7.1142775645">
        <ele>489.73</ele>
        <time>2026-05-17T07:38:51.000Z</time>
        <extensions>
          <ns3:TrackPointExtension>
            <ns3:atemp>18.7</ns3:atemp>
            <ns3:hr>153</ns3:hr>
            <ns3:cad>73</ns3:cad>
            <ns3:power>187</ns3:power>
          </ns3:TrackPointExtension>
        </extensions>
      </trkpt>
      <trkpt lat="46.1224430186" lon="7.1143124288">
        <ele>489.92</ele>
        <time>2026-05-17T07:38:52.000Z</time>
        <extensions>
          <ns3:TrackPointExtension>
            <ns3:atemp>18.7</ns3:atemp>
            <ns3:hr>153</ns3:hr>
            <ns3:cad>73</ns3:cad>
            <ns3:power>188</ns3:power>
          </ns3:TrackPointExtension>
        </extensions>
      </trkpt>
      <trkpt lat="46.1224713447" lon="7.1143393054">
        <ele>490.12</ele>
        <time>2026-05-17T07:38:53.000Z</time>
        <extensions>
          <ns3:TrackPointExtension>
            <ns3:atemp>18.7</ns3:atemp>
            <ns3:hr>153</ns3:hr>
            <ns3:cad>74</ns3:cad>
            <ns3:power>188</ns3:power>
          </ns3:TrackPointExtension>
        </extensions>
      </trkpt>
      <trkpt lat="46.1224924885" lon="7.1143755965">
        <ele>490.32</ele>
        <time>2026-05-17T07:38:54.000Z</time>
        <extensions>
          <ns3:TrackPointExtension>
            <ns3:atemp>18.7</ns3:atemp>
            <ns3:hr>153</ns3:hr>
            <ns3:cad>74</ns3:cad>
            <ns3:power>189</ns3:power>
          </ns3:TrackPointExtension>
        </extensions>
      </trkpt>
      <trkpt lat="46.1225233837" lon="7.1144112264">
        <ele>490.53</ele>
        <time>2026-05-17T07:38:55.000Z</time>
        <extensions>
          <ns3:TrackPointExtension>
            <ns3:atemp>18.7</ns3:atemp>
            <ns3:hr>153</ns3:hr>
            <ns3:cad>74</ns3:cad>
            <ns3:power>189</ns3:power>
          </ns3:TrackPointExtension>
        </extensions>
      </trkpt>
      <trkpt lat="46.1225466647" lon="7.1144417776">
        <ele>490.73</ele>
        <time>2026-05-17T07:38:56.000Z</time>
        <extensions>
          <ns3:TrackPointExtension>
            <ns3:atemp>18.7</ns3:atemp>
            <ns3:hr>153</ns3:hr>
            <ns3:cad>74</ns3:cad>
            <ns3:power>190</ns3:power>
          </ns3:TrackPointExtension>
        </extensions>
      </trkpt>
      <trkpt lat="46.1225742174" lon="7.1144789179">
        <ele>490.93</ele>
        <time>2026-05-17T07:38:57.000Z</time>
        <extensions>
          <ns3:TrackPointExtension>
            <ns3:atemp>18.7</ns3:atemp>
            <ns3:hr>153</ns3:hr>
            <ns3:cad>74</ns3:cad>
            <ns3:power>191</ns3:power>
          </ns3:TrackPointExtension>
        </extensions>
      </trkpt>
      <trkpt lat="46.1226024458" lon="7.1145068963">
        <ele>491.13</ele>
        <time>2026-05-17T07:38:58.000Z</time>
        <extensions>
          <ns3:TrackPointExtension>
            <ns3:atemp>18.7</ns3:atemp>
            <ns3:hr>153</ns3:hr>
            <ns3:cad>75</ns3:cad>
            <ns3:power>191</ns3:power>
          </ns3:TrackPointExtension>
        </extensions>
      </trkpt>
      <trkpt lat="46.1226298215" lon="7.1145436795">
        <ele>491.34</ele>
        <time>2026-05-17T07:38:59.000Z</time>
        <extensions>
          <ns3:TrackPointExtension>
            <ns3:atemp>18.7</ns3:atemp>
            <ns3:hr>153</ns3:hr>
            <ns3:cad>75</ns3:cad>
            <ns3:power>192</ns3:power>
          </ns3:TrackPointExtension>
        </extensions>
      </trkpt>
      <trkpt lat="46.1226531632" lon="7.1145834090">
        <ele>491.54</ele>
        <time>2026-05-17T07:39:00.000Z</time>
        <extensions>
          <ns3:TrackPointExtension>
            <ns3:atemp>18.7</ns3:atemp>
            <ns3:hr>153</ns3:hr>
            <ns3:cad>75</ns3:cad>
            <ns3:power>192</ns3:power>
          </ns3:TrackPointExtension>
        </extensions>
      </trkpt>
      <trkpt lat="46.1226739511" lon="7.1146079207">
        <ele>491.75</ele>
        <time>2026-05-17T07:39:01.000Z</time>
        <extensions>
          <ns3:TrackPointExtension>
            <ns3:atemp>18.7</ns3:atemp>
            <ns3:hr>153</ns3:hr>
            <ns3:cad>75</ns3:cad>
            <ns3:power>193</ns3:power>
          </ns3:TrackPointExtension>
        </extensions>
      </trkpt>
      <trkpt lat="46.1227039124" lon="7.1146345297">
        <ele>491.95</ele>
        <time>2026-05-17T07:39:02.000Z</time>
        <extensions>
          <ns3:TrackPointExtension>
            <ns3:atemp>18.7</ns3:atemp>
            <ns3:hr>153</ns3:hr>
            <ns3:cad>76</ns3:cad>
            <ns3:power>193</ns3:power>
          </ns3:TrackPointExtension>
        </extensions>
      </trkpt>
      <trkpt lat="46.1227328851" lon="7.1146623934">
        <ele>492.16</ele>
        <time>2026-05-17T07:39:03.000Z</time>
        <extensions>
          <ns3:TrackPointExtension>
            <ns3:atemp>18.7</ns3:atemp>
            <ns3:hr>153</ns3:hr>
            <ns3:cad>76</ns3:cad>
            <ns3:power>194</ns3:power>
          </ns3:TrackPointExtension>
        </extensions>
      </trkpt>
      <trkpt lat="46.1227579455" lon="7.1146897110">
        <ele>492.37</ele>
        <time>2026-05-17T07:39:04.000Z</time>
        <extensions>
          <ns3:TrackPointExtension>
            <ns3:atemp>18.7</ns3:atemp>
            <ns3:hr>153</ns3:hr>
            <ns3:cad>76</ns3:cad>
            <ns3:power>194</ns3:power>
          </ns3:TrackPointExtension>
        </extensions>
      </trkpt>
      <trkpt lat="46.1227861211" lon="7.1147216696">
        <ele>492.58</ele>
        <time>2026-05-17T07:39:05.000Z</time>
        <extensions>
          <ns3:TrackPointExtension>
            <ns3:atemp>18.7</ns3:atemp>
            <ns3:hr>153</ns3:hr>
            <ns3:cad>76</ns3:cad>
            <ns3:power>195</ns3:power>
          </ns3:TrackPointExtension>
        </extensions>
      </trkpt>
      <trkpt lat="46.1228071638" lon="7.1147565391">
        <ele>492.78</ele>
        <time>2026-05-17T07:39:06.000Z</time>
        <extensions>
          <ns3:TrackPointExtension>
            <ns3:atemp>18.7</ns3:atemp>
            <ns3:hr>153</ns3:hr>
            <ns3:cad>76</ns3:cad>
            <ns3:power>195</ns3:power>
          </ns3:TrackPointExtension>
        </extensions>
      </trkpt>
      <trkpt lat="46.1228274640" lon="7.1147829188">
        <ele>492.99</ele>
        <time>2026-05-17T07:39:07.000Z</time>
        <extensions>
          <ns3:TrackPointExtension>
            <ns3:atemp>18.7</ns3:atemp>
            <ns3:hr>153</ns3:hr>
            <ns3:cad>77</ns3:cad>
            <ns3:power>196</ns3:power>
          </ns3:TrackPointExtension>
        </extensions>
      </trkpt>
      <trkpt lat="46.1228506666" lon="7.1148202744">
        <ele>493.20</ele>
        <time>2026-05-17T07:39:08.000Z</time>
        <extensions>
          <ns3:TrackPointExtension>
            <ns3:atemp>18.7</ns3:atemp>
            <ns3:hr>153</ns3:hr>
            <ns3:cad>77</ns3:cad>
            <ns3:power>196</ns3:power>
          </ns3:TrackPointExtension>
        </extensions>
      </trkpt>
      <trkpt lat="46.1228722482" lon="7.1148492803">
        <ele>493.41</ele>
        <time>2026-05-17T07:39:09.000Z</time>
        <extensions>
          <ns3:TrackPointExtension>
            <ns3:atemp>18.7</ns3:atemp>
            <ns3:hr>153</ns3:hr>
            <ns3:cad>77</ns3:cad>
            <ns3:power>197</ns3:power>
          </ns3:TrackPointExtension>
        </extensions>
      </trkpt>
      <trkpt lat="46.1229016696" lon="7.1148780539">
        <ele>493.63</ele>
        <time>2026-05-17T07:39:10.000Z</time>
        <extensions>
          <ns3:TrackPointExtension>
            <ns3:atemp>18.7</ns3:atemp>
            <ns3:hr>153</ns3:hr>
            <ns3:cad>77</ns3:cad>
            <ns3:power>197</ns3:power>
          </ns3:TrackPointExtension>
        </extensions>
      </trkpt>
      <trkpt lat="46.1229290458" lon="7.1149175471">
        <ele>493.84</ele>
        <time>2026-05-17T07:39:11.000Z</time>
        <extensions>
          <ns3:TrackPointExtension>
            <ns3:atemp>18.7</ns3:atemp>
            <ns3:hr>153</ns3:hr>
            <ns3:cad>78</ns3:cad>
            <ns3:power>198</ns3:power>
          </ns3:TrackPointExtension>
        </extensions>
      </trkpt>
      <trkpt lat="46.1229538386" lon="7.1149547945">
        <ele>494.05</ele>
        <time>2026-05-17T07:39:12.000Z</time>
        <extensions>
          <ns3:TrackPointExtension>
            <ns3:atemp>18.7</ns3:atemp>
            <ns3:hr>153</ns3:hr>
            <ns3:cad>78</ns3:cad>
            <ns3:power>198</ns3:power>
          </ns3:TrackPointExtension>
        </extensions>
      </trkpt>
      <trkpt lat="46.1229774897" lon="7.1149906538">
        <ele>494.26</ele>
        <time>2026-05-17T07:39:13.000Z</time>
        <extensions>
          <ns3:TrackPointExtension>
            <ns3:atemp>18.7</ns3:atemp>
            <ns3:hr>153</ns3:hr>
            <ns3:cad>78</ns3:cad>
            <ns3:power>199</ns3:power>
          </ns3:TrackPointExtension>
        </extensions>
      </trkpt>
      <trkpt lat="46.1229963501" lon="7.1150194327">
        <ele>494.48</ele>
        <time>2026-05-17T07:39:14.000Z</time>
        <extensions>
          <ns3:TrackPointExtension>
            <ns3:atemp>18.7</ns3:atemp>
            <ns3:hr>153</ns3:hr>
            <ns3:cad>78</ns3:cad>
            <ns3:power>199</ns3:power>
          </ns3:TrackPointExtension>
        </extensions>
      </trkpt>
      <trkpt lat="46.1230231634" lon="7.1150588795">
        <ele>494.69</ele>
        <time>2026-05-17T07:39:15.000Z</time>
        <extensions>
          <ns3:TrackPointExtension>
            <ns3:atemp>18.7</ns3:atemp>
            <ns3:hr>153</ns3:hr>
            <ns3:cad>78</ns3:cad>
            <ns3:power>200</ns3:power>
          </ns3:TrackPointExtension>
        </extensions>
      </trkpt>
      <trkpt lat="46.1230487268" lon="7.1150984368">
        <ele>494.91</ele>
        <time>2026-05-17T07:39:16.000Z</time>
        <extensions>
          <ns3:TrackPointExtension>
            <ns3:atemp>18.7</ns3:atemp>
            <ns3:hr>154</ns3:hr>
            <ns3:cad>79</ns3:cad>
            <ns3:power>200</ns3:power>
          </ns3:TrackPointExtension>
        </extensions>
      </trkpt>
      <trkpt lat="46.1230698187" lon="7.1151248034">
        <ele>495.12</ele>
        <time>2026-05-17T07:39:17.000Z</time>
        <extensions>
          <ns3:TrackPointExtension>
            <ns3:atemp>18.7</ns3:atemp>
            <ns3:hr>154</ns3:hr>
            <ns3:cad>79</ns3:cad>
            <ns3:power>200</ns3:power>
          </ns3:TrackPointExtension>
        </extensions>
      </trkpt>
      <trkpt lat="46.1230948088" lon="7.1151540861">
        <ele>495.34</ele>
        <time>2026-05-17T07:39:18.000Z</time>
        <extensions>
          <ns3:TrackPointExtension>
            <ns3:atemp>18.7</ns3:atemp>
            <ns3:hr>154</ns3:hr>
            <ns3:cad>79</ns3:cad>
            <ns3:power>201</ns3:power>
          </ns3:TrackPointExtension>
        </extensions>
      </trkpt>
      <trkpt lat="46.1231221283" lon="7.1151927715">
        <ele>495.56</ele>
        <time>2026-05-17T07:39:19.000Z</time>
        <extensions>
          <ns3:TrackPointExtension>
            <ns3:atemp>18.7</ns3:atemp>
            <ns3:hr>154</ns3:hr>
            <ns3:cad>79</ns3:cad>
            <ns3:power>201</ns3:power>
          </ns3:TrackPointExtension>
        </extensions>
      </trkpt>
      <trkpt lat="46.1231403430" lon="7.1152211170">
        <ele>495.77</ele>
        <time>2026-05-17T07:39:20.000Z</time>
        <extensions>
          <ns3:TrackPointExtension>
            <ns3:atemp>18.7</ns3:atemp>
            <ns3:hr>154</ns3:hr>
            <ns3:cad>80</ns3:cad>
            <ns3:power>202</ns3:power>
          </ns3:TrackPointExtension>
        </extensions>
      </trkpt>
      <trkpt lat="46.1231632910" lon="7.1152481696">
        <ele>495.99</ele>
        <time>2026-05-17T07:39:21.000Z</time>
        <extensions>
          <ns3:TrackPointExtension>
            <ns3:atemp>18.7</ns3:atemp>
            <ns3:hr>154</ns3:hr>
            <ns3:cad>80</ns3:cad>
            <ns3:power>202</ns3:power>
          </ns3:TrackPointExtension>
        </extensions>
      </trkpt>
      <trkpt lat="46.1231817612" lon="7.1152834313">
        <ele>496.21</ele>
        <time>2026-05-17T07:39:22.000Z</time>
        <extensions>
          <ns3:TrackPointExtension>
            <ns3:atemp>18.7</ns3:atemp>
            <ns3:hr>154</ns3:hr>
            <ns3:cad>80</ns3:cad>
            <ns3:power>203</ns3:power>
          </ns3:TrackPointExtension>
        </extensions>
      </trkpt>
      <trkpt lat="46.1232014950" lon="7.1153237968">
        <ele>496.43</ele>
        <time>2026-05-17T07:39:23.000Z</time>
        <extensions>
          <ns3:TrackPointExtension>
            <ns3:atemp>18.7</ns3:atemp>
            <ns3:hr>154</ns3:hr>
            <ns3:cad>80</ns3:cad>
            <ns3:power>203</ns3:power>
          </ns3:TrackPointExtension>
        </extensions>
      </trkpt>
      <trkpt lat="46.1232288592" lon="7.1153591410">
        <ele>496.65</ele>
        <time>2026-05-17T07:39:24.000Z</time>
        <extensions>
          <ns3:TrackPointExtension>
            <ns3:atemp>18.7</ns3:atemp>
            <ns3:hr>154</ns3:hr>
            <ns3:cad>80</ns3:cad>
            <ns3:power>203</ns3:power>
          </ns3:TrackPointExtension>
        </extensions>
      </trkpt>
      <trkpt lat="46.1232564040" lon="7.1153977954">
        <ele>496.87</ele>
        <time>2026-05-17T07:39:25.000Z</time>
        <extensions>
          <ns3:TrackPointExtension>
            <ns3:atemp>18.7</ns3:atemp>
            <ns3:hr>154</ns3:hr>
            <ns3:cad>81</ns3:cad>
            <ns3:power>204</ns3:power>
          </ns3:TrackPointExtension>
        </extensions>
      </trkpt>
      <trkpt lat="46.1232806941" lon="7.1154361631">
        <ele>497.09</ele>
        <time>2026-05-17T07:39:26.000Z</time>
        <extensions>
          <ns3:TrackPointExtension>
            <ns3:atemp>18.7</ns3:atemp>
            <ns3:hr>154</ns3:hr>
            <ns3:cad>81</ns3:cad>
            <ns3:power>204</ns3:power>
          </ns3:TrackPointExtension>
        </extensions>
      </trkpt>
      <trkpt lat="46.1232981499" lon="7.1154630354">
        <ele>497.31</ele>
        <time>2026-05-17T07:39:27.000Z</time>
        <extensions>
          <ns3:TrackPointExtension>
            <ns3:atemp>18.7</ns3:atemp>
            <ns3:hr>154</ns3:hr>
            <ns3:cad>81</ns3:cad>
            <ns3:power>205</ns3:power>
          </ns3:TrackPointExtension>
        </extensions>
      </trkpt>
      <trkpt lat="46.1233253748" lon="7.1155023630">
        <ele>497.53</ele>
        <time>2026-05-17T07:39:28.000Z</time>
        <extensions>
          <ns3:TrackPointExtension>
            <ns3:atemp>18.7</ns3:atemp>
            <ns3:hr>154</ns3:hr>
            <ns3:cad>81</ns3:cad>
            <ns3:power>205</ns3:power>
          </ns3:TrackPointExtension>
        </extensions>
      </trkpt>
      <trkpt lat="46.1233436486" lon="7.1155330323">
        <ele>497.75</ele>
        <time>2026-05-17T07:39:29.000Z</time>
        <extensions>
          <ns3:TrackPointExtension>
            <ns3:atemp>18.7</ns3:atemp>
            <ns3:hr>154</ns3:hr>
            <ns3:cad>82</ns3:cad>
            <ns3:power>205</ns3:power>
          </ns3:TrackPointExtension>
        </extensions>
      </trkpt>
      <trkpt lat="46.1233657661" lon="7.1155681422">
        <ele>497.98</ele>
        <time>2026-05-17T07:39:30.000Z</time>
        <extensions>
          <ns3:TrackPointExtension>
            <ns3:atemp>18.7</ns3:atemp>
            <ns3:hr>154</ns3:hr>
            <ns3:cad>82</ns3:cad>
            <ns3:power>206</ns3:power>
          </ns3:TrackPointExtension>
        </extensions>
      </trkpt>
      <trkpt lat="46.1233908203" lon="7.1156102467">
        <ele>498.20</ele>
        <time>2026-05-17T07:39:31.000Z</time>
        <extensions>
          <ns3:TrackPointExtension>
            <ns3:atemp>18.7</ns3:atemp>
            <ns3:hr>154</ns3:hr>
            <ns3:cad>82</ns3:cad>
            <ns3:power>206</ns3:power>
          </ns3:TrackPointExtension>
        </extensions>
      </trkpt>
      <trkpt lat="46.1234148658" lon="7.1156449610">
        <ele>498.42</ele>
        <time>2026-05-17T07:39:32.000Z</time>
        <extensions>
          <ns3:TrackPointExtension>
            <ns3:atemp>18.7</ns3:atemp>
            <ns3:hr>154</ns3:hr>
            <ns3:cad>82</ns3:cad>
            <ns3:power>206</ns3:power>
          </ns3:TrackPointExtension>
        </extensions>
      </trkpt>
      <trkpt lat="46.1234392687" lon="7.1156817055">
        <ele>498.65</ele>
        <time>2026-05-17T07:39:33.000Z</time>
        <extensions>
          <ns3:TrackPointExtension>
            <ns3:atemp>18.7</ns3:atemp>
            <ns3:hr>154</ns3:hr>
            <ns3:cad>82</ns3:cad>
            <ns3:power>207</ns3:power>
          </ns3:TrackPointExtension>
        </extensions>
      </trkpt>
      <trkpt lat="46.1234649816" lon="7.1157155453">
        <ele>498.87</ele>
        <time>2026-05-17T07:39:34.000Z</time>
        <extensions>
          <ns3:TrackPointExtension>
            <ns3:atemp>18.7</ns3:atemp>
            <ns3:hr>154</ns3:hr>
            <ns3:cad>83</ns3:cad>
            <ns3:power>207</ns3:power>
          </ns3:TrackPointExtension>
        </extensions>
      </trkpt>
      <trkpt lat="46.1234878444" lon="7.1157484146">
        <ele>499.10</ele>
        <time>2026-05-17T07:39:35.000Z</time>
        <extensions>
          <ns3:TrackPointExtension>
            <ns3:atemp>18.7</ns3:atemp>
            <ns3:hr>154</ns3:hr>
            <ns3:cad>83</ns3:cad>
            <ns3:power>208</ns3:power>
          </ns3:TrackPointExtension>
        </extensions>
      </trkpt>
      <trkpt lat="46.1235041849" lon="7.1157806219">
        <ele>499.32</ele>
        <time>2026-05-17T07:39:36.000Z</time>
        <extensions>
          <ns3:TrackPointExtension>
            <ns3:atemp>18.7</ns3:atemp>
            <ns3:hr>154</ns3:hr>
            <ns3:cad>83</ns3:cad>
            <ns3:power>208</ns3:power>
          </ns3:TrackPointExtension>
        </extensions>
      </trkpt>
      <trkpt lat="46.1235209903" lon="7.1158134610">
        <ele>499.55</ele>
        <time>2026-05-17T07:39:37.000Z</time>
        <extensions>
          <ns3:TrackPointExtension>
            <ns3:atemp>18.7</ns3:atemp>
            <ns3:hr>154</ns3:hr>
            <ns3:cad>83</ns3:cad>
            <ns3:power>208</ns3:power>
          </ns3:TrackPointExtension>
        </extensions>
      </trkpt>
      <trkpt lat="46.1235416214" lon="7.1158536322">
        <ele>499.78</ele>
        <time>2026-05-17T07:39:38.000Z</time>
        <extensions>
          <ns3:TrackPointExtension>
            <ns3:atemp>18.7</ns3:atemp>
            <ns3:hr>154</ns3:hr>
            <ns3:cad>83</ns3:cad>
            <ns3:power>209</ns3:power>
          </ns3:TrackPointExtension>
        </extensions>
      </trkpt>
      <trkpt lat="46.1235614093" lon="7.1158849301">
        <ele>500.01</ele>
        <time>2026-05-17T07:39:39.000Z</time>
        <extensions>
          <ns3:TrackPointExtension>
            <ns3:atemp>18.7</ns3:atemp>
            <ns3:hr>154</ns3:hr>
            <ns3:cad>84</ns3:cad>
            <ns3:power>209</ns3:power>
          </ns3:TrackPointExtension>
        </extensions>
      </trkpt>
      <trkpt lat="46.1235824804" lon="7.1159231882">
        <ele>500.23</ele>
        <time>2026-05-17T07:39:40.000Z</time>
        <extensions>
          <ns3:TrackPointExtension>
            <ns3:atemp>18.7</ns3:atemp>
            <ns3:hr>154</ns3:hr>
            <ns3:cad>84</ns3:cad>
            <ns3:power>209</ns3:power>
          </ns3:TrackPointExtension>
        </extensions>
      </trkpt>
      <trkpt lat="46.1236033776" lon="7.1159582777">
        <ele>500.46</ele>
        <time>2026-05-17T07:39:41.000Z</time>
        <extensions>
          <ns3:TrackPointExtension>
            <ns3:atemp>18.7</ns3:atemp>
            <ns3:hr>154</ns3:hr>
            <ns3:cad>84</ns3:cad>
            <ns3:power>210</ns3:power>
          </ns3:TrackPointExtension>
        </extensions>
      </trkpt>
      <trkpt lat="46.1236267762" lon="7.1160010653">
        <ele>500.69</ele>
        <time>2026-05-17T07:39:42.000Z</time>
        <extensions>
          <ns3:TrackPointExtension>
            <ns3:atemp>18.7</ns3:atemp>
            <ns3:hr>154</ns3:hr>
            <ns3:cad>84</ns3:cad>
            <ns3:power>210</ns3:power>
          </ns3:TrackPointExtension>
        </extensions>
      </trkpt>
      <trkpt lat="46.1236506074" lon="7.1160298989">
        <ele>500.92</ele>
        <time>2026-05-17T07:39:43.000Z</time>
        <extensions>
          <ns3:TrackPointExtension>
            <ns3:atemp>18.7</ns3:atemp>
            <ns3:hr>154</ns3:hr>
            <ns3:cad>84</ns3:cad>
            <ns3:power>210</ns3:power>
          </ns3:TrackPointExtension>
        </extensions>
      </trkpt>
      <trkpt lat="46.1236690789" lon="7.1160717957">
        <ele>501.15</ele>
        <time>2026-05-17T07:39:44.000Z</time>
        <extensions>
          <ns3:TrackPointExtension>
            <ns3:atemp>18.7</ns3:atemp>
            <ns3:hr>154</ns3:hr>
            <ns3:cad>84</ns3:cad>
            <ns3:power>211</ns3:power>
          </ns3:TrackPointExtension>
        </extensions>
      </trkpt>
      <trkpt lat="46.1236852313" lon="7.1161004961">
        <ele>501.38</ele>
        <time>2026-05-17T07:39:45.000Z</time>
        <extensions>
          <ns3:TrackPointExtension>
            <ns3:atemp>18.7</ns3:atemp>
            <ns3:hr>154</ns3:hr>
            <ns3:cad>85</ns3:cad>
            <ns3:power>211</ns3:power>
          </ns3:TrackPointExtension>
        </extensions>
      </trkpt>
      <trkpt lat="46.1237111047" lon="7.1161281894">
        <ele>501.61</ele>
        <time>2026-05-17T07:39:46.000Z</time>
        <extensions>
          <ns3:TrackPointExtension>
            <ns3:atemp>18.7</ns3:atemp>
            <ns3:hr>154</ns3:hr>
            <ns3:cad>85</ns3:cad>
            <ns3:power>211</ns3:power>
          </ns3:TrackPointExtension>
        </extensions>
      </trkpt>
      <trkpt lat="46.1237359881" lon="7.1161581408">
        <ele>501.84</ele>
        <time>2026-05-17T07:39:47.000Z</time>
        <extensions>
          <ns3:TrackPointExtension>
            <ns3:atemp>18.7</ns3:atemp>
            <ns3:hr>154</ns3:hr>
            <ns3:cad>85</ns3:cad>
            <ns3:power>212</ns3:power>
          </ns3:TrackPointExtension>
        </extensions>
      </trkpt>
      <trkpt lat="46.1237613316" lon="7.1161923987">
        <ele>502.07</ele>
        <time>2026-05-17T07:39:48.000Z</time>
        <extensions>
          <ns3:TrackPointExtension>
            <ns3:atemp>18.7</ns3:atemp>
            <ns3:hr>154</ns3:hr>
            <ns3:cad>85</ns3:cad>
            <ns3:power>212</ns3:power>
          </ns3:TrackPointExtension>
        </extensions>
      </trkpt>
      <trkpt lat="46.1237859367" lon="7.1162228403">
        <ele>502.31</ele>
        <time>2026-05-17T07:39:49.000Z</time>
        <extensions>
          <ns3:TrackPointExtension>
            <ns3:atemp>18.7</ns3:atemp>
            <ns3:hr>154</ns3:hr>
            <ns3:cad>85</ns3:cad>
            <ns3:power>212</ns3:power>
          </ns3:TrackPointExtension>
        </extensions>
      </trkpt>
      <trkpt lat="46.1238026123" lon="7.1162619555">
        <ele>502.54</ele>
        <time>2026-05-17T07:39:50.000Z</time>
        <extensions>
          <ns3:TrackPointExtension>
            <ns3:atemp>18.7</ns3:atemp>
            <ns3:hr>154</ns3:hr>
            <ns3:cad>85</ns3:cad>
            <ns3:power>213</ns3:power>
          </ns3:TrackPointExtension>
        </extensions>
      </trkpt>
      <trkpt lat="46.1238217474" lon="7.1162954308">
        <ele>502.77</ele>
        <time>2026-05-17T07:39:51.000Z</time>
        <extensions>
          <ns3:TrackPointExtension>
            <ns3:atemp>18.7</ns3:atemp>
            <ns3:hr>154</ns3:hr>
            <ns3:cad>86</ns3:cad>
            <ns3:power>213</ns3:power>
          </ns3:TrackPointExtension>
        </extensions>
      </trkpt>
      <trkpt lat="46.1238455683" lon="7.1163302047">
        <ele>503.01</ele>
        <time>2026-05-17T07:39:52.000Z</time>
        <extensions>
          <ns3:TrackPointExtension>
            <ns3:atemp>18.7</ns3:atemp>
            <ns3:hr>154</ns3:hr>
            <ns3:cad>86</ns3:cad>
            <ns3:power>213</ns3:power>
          </ns3:TrackPointExtension>
        </extensions>
      </trkpt>
      <trkpt lat="46.1238702578" lon="7.1163613400">
        <ele>503.24</ele>
        <time>2026-05-17T07:39:53.000Z</time>
        <extensions>
          <ns3:TrackPointExtension>
            <ns3:atemp>18.7</ns3:atemp>
            <ns3:hr>154</ns3:hr>
            <ns3:cad>86</ns3:cad>
            <ns3:power>213</ns3:power>
          </ns3:TrackPointExtension>
        </extensions>
      </trkpt>
      <trkpt lat="46.1238920082" lon="7.1163965508">
        <ele>503.47</ele>
        <time>2026-05-17T07:39:54.000Z</time>
        <extensions>
          <ns3:TrackPointExtension>
            <ns3:atemp>18.7</ns3:atemp>
            <ns3:hr>155</ns3:hr>
            <ns3:cad>86</ns3:cad>
            <ns3:power>214</ns3:power>
          </ns3:TrackPointExtension>
        </extensions>
      </trkpt>
      <trkpt lat="46.1239096909" lon="7.1164294111">
        <ele>503.71</ele>
        <time>2026-05-17T07:39:55.000Z</time>
        <extensions>
          <ns3:TrackPointExtension>
            <ns3:atemp>18.7</ns3:atemp>
            <ns3:hr>155</ns3:hr>
            <ns3:cad>86</ns3:cad>
            <ns3:power>214</ns3:power>
          </ns3:TrackPointExtension>
        </extensions>
      </trkpt>
      <trkpt lat="46.1239323738" lon="7.1164704459">
        <ele>503.94</ele>
        <time>2026-05-17T07:39:56.000Z</time>
        <extensions>
          <ns3:TrackPointExtension>
            <ns3:atemp>18.7</ns3:atemp>
            <ns3:hr>155</ns3:hr>
            <ns3:cad>86</ns3:cad>
            <ns3:power>214</ns3:power>
          </ns3:TrackPointExtension>
        </extensions>
      </trkpt>
      <trkpt lat="46.1239469814" lon="7.1165067385">
        <ele>504.18</ele>
        <time>2026-05-17T07:39:57.000Z</time>
        <extensions>
          <ns3:TrackPointExtension>
            <ns3:atemp>18.7</ns3:atemp>
            <ns3:hr>155</ns3:hr>
            <ns3:cad>86</ns3:cad>
            <ns3:power>215</ns3:power>
          </ns3:TrackPointExtension>
        </extensions>
      </trkpt>
      <trkpt lat="46.1239679810" lon="7.1165454262">
        <ele>504.42</ele>
        <time>2026-05-17T07:39:58.000Z</time>
        <extensions>
          <ns3:TrackPointExtension>
            <ns3:atemp>18.7</ns3:atemp>
            <ns3:hr>155</ns3:hr>
            <ns3:cad>87</ns3:cad>
            <ns3:power>215</ns3:power>
          </ns3:TrackPointExtension>
        </extensions>
      </trkpt>
      <trkpt lat="46.1239825580" lon="7.1165758631">
        <ele>504.65</ele>
        <time>2026-05-17T07:39:59.000Z</time>
        <extensions>
          <ns3:TrackPointExtension>
            <ns3:atemp>18.7</ns3:atemp>
            <ns3:hr>155</ns3:hr>
            <ns3:cad>87</ns3:cad>
            <ns3:power>215</ns3:power>
          </ns3:TrackPointExtension>
        </extensions>
      </trkpt>
      <trkpt lat="46.1239982442" lon="7.1166086791">
        <ele>504.89</ele>
        <time>2026-05-17T07:40:00.000Z</time>
        <extensions>
          <ns3:TrackPointExtension>
            <ns3:atemp>18.8</ns3:atemp>
            <ns3:hr>155</ns3:hr>
            <ns3:cad>87</ns3:cad>
            <ns3:power>216</ns3:power>
          </ns3:TrackPointExtension>
        </extensions>
      </trkpt>
      <trkpt lat="46.1240132197" lon="7.1166473990">
        <ele>505.13</ele>
        <time>2026-05-17T07:40:01.000Z</time>
        <extensions>
          <ns3:TrackPointExtension>
            <ns3:atemp>18.8</ns3:atemp>
            <ns3:hr>155</ns3:hr>
            <ns3:cad>87</ns3:cad>
            <ns3:power>216</ns3:power>
          </ns3:TrackPointExtension>
        </extensions>
      </trkpt>
      <trkpt lat="46.1240363957" lon="7.1166895683">
        <ele>505.36</ele>
        <time>2026-05-17T07:40:02.000Z</time>
        <extensions>
          <ns3:TrackPointExtension>
            <ns3:atemp>18.8</ns3:atemp>
            <ns3:hr>155</ns3:hr>
            <ns3:cad>87</ns3:cad>
            <ns3:power>216</ns3:power>
          </ns3:TrackPointExtension>
        </extensions>
      </trkpt>
      <trkpt lat="46.1240571444" lon="7.1167212319">
        <ele>505.60</ele>
        <time>2026-05-17T07:40:03.000Z</time>
        <extensions>
          <ns3:TrackPointExtension>
            <ns3:atemp>18.8</ns3:atemp>
            <ns3:hr>155</ns3:hr>
            <ns3:cad>87</ns3:cad>
            <ns3:power>217</ns3:power>
          </ns3:TrackPointExtension>
        </extensions>
      </trkpt>
      <trkpt lat="46.1240802015" lon="7.1167622063">
        <ele>505.84</ele>
        <time>2026-05-17T07:40:04.000Z</time>
        <extensions>
          <ns3:TrackPointExtension>
            <ns3:atemp>18.8</ns3:atemp>
            <ns3:hr>155</ns3:hr>
            <ns3:cad>87</ns3:cad>
            <ns3:power>217</ns3:power>
          </ns3:TrackPointExtension>
        </extensions>
      </trkpt>
      <trkpt lat="46.1240967743" lon="7.1167999044">
        <ele>506.08</ele>
        <time>2026-05-17T07:40:05.000Z</time>
        <extensions>
          <ns3:TrackPointExtension>
            <ns3:atemp>18.8</ns3:atemp>
            <ns3:hr>155</ns3:hr>
            <ns3:cad>87</ns3:cad>
            <ns3:power>217</ns3:power>
          </ns3:TrackPointExtension>
        </extensions>
      </trkpt>
      <trkpt lat="46.1241115821" lon="7.1168297232">
        <ele>506.32</ele>
        <time>2026-05-17T07:40:06.000Z</time>
        <extensions>
          <ns3:TrackPointExtension>
            <ns3:atemp>18.8</ns3:atemp>
            <ns3:hr>155</ns3:hr>
            <ns3:cad>87</ns3:cad>
            <ns3:power>217</ns3:power>
          </ns3:TrackPointExtension>
        </extensions>
      </trkpt>
      <trkpt lat="46.1241297731" lon="7.1168658297">
        <ele>506.56</ele>
        <time>2026-05-17T07:40:07.000Z</time>
        <extensions>
          <ns3:TrackPointExtension>
            <ns3:atemp>18.8</ns3:atemp>
            <ns3:hr>155</ns3:hr>
            <ns3:cad>87</ns3:cad>
            <ns3:power>218</ns3:power>
          </ns3:TrackPointExtension>
        </extensions>
      </trkpt>
      <trkpt lat="46.1241510151" lon="7.1169015042">
        <ele>506.80</ele>
        <time>2026-05-17T07:40:08.000Z</time>
        <extensions>
          <ns3:TrackPointExtension>
            <ns3:atemp>18.8</ns3:atemp>
            <ns3:hr>155</ns3:hr>
            <ns3:cad>87</ns3:cad>
            <ns3:power>218</ns3:power>
          </ns3:TrackPointExtension>
        </extensions>
      </trkpt>
      <trkpt lat="46.1241733748" lon="7.1169403989">
        <ele>507.04</ele>
        <time>2026-05-17T07:40:09.000Z</time>
        <extensions>
          <ns3:TrackPointExtension>
            <ns3:atemp>18.8</ns3:atemp>
            <ns3:hr>155</ns3:hr>
            <ns3:cad>88</ns3:cad>
            <ns3:power>218</ns3:power>
          </ns3:TrackPointExtension>
        </extensions>
      </trkpt>
      <trkpt lat="46.1241938912" lon="7.1169803047">
        <ele>507.28</ele>
        <time>2026-05-17T07:40:10.000Z</time>
        <extensions>
          <ns3:TrackPointExtension>
            <ns3:atemp>18.8</ns3:atemp>
            <ns3:hr>155</ns3:hr>
            <ns3:cad>88</ns3:cad>
            <ns3:power>219</ns3:power>
          </ns3:TrackPointExtension>
        </extensions>
      </trkpt>
      <trkpt lat="46.1242103922" lon="7.1170208087">
        <ele>507.53</ele>
        <time>2026-05-17T07:40:11.000Z</time>
        <extensions>
          <ns3:TrackPointExtension>
            <ns3:atemp>18.8</ns3:atemp>
            <ns3:hr>155</ns3:hr>
            <ns3:cad>88</ns3:cad>
            <ns3:power>219</ns3:power>
          </ns3:TrackPointExtension>
        </extensions>
      </trkpt>
      <trkpt lat="46.1242236150" lon="7.1170508940">
        <ele>507.77</ele>
        <time>2026-05-17T07:40:12.000Z</time>
        <extensions>
          <ns3:TrackPointExtension>
            <ns3:atemp>18.8</ns3:atemp>
            <ns3:hr>155</ns3:hr>
            <ns3:cad>88</ns3:cad>
            <ns3:power>219</ns3:power>
          </ns3:TrackPointExtension>
        </extensions>
      </trkpt>
      <trkpt lat="46.1242393804" lon="7.1170816748">
        <ele>508.01</ele>
        <time>2026-05-17T07:40:13.000Z</time>
        <extensions>
          <ns3:TrackPointExtension>
            <ns3:atemp>18.8</ns3:atemp>
            <ns3:hr>155</ns3:hr>
            <ns3:cad>88</ns3:cad>
            <ns3:power>220</ns3:power>
          </ns3:TrackPointExtension>
        </extensions>
      </trkpt>
      <trkpt lat="46.1242568243" lon="7.1171121907">
        <ele>508.25</ele>
        <time>2026-05-17T07:40:14.000Z</time>
        <extensions>
          <ns3:TrackPointExtension>
            <ns3:atemp>18.8</ns3:atemp>
            <ns3:hr>155</ns3:hr>
            <ns3:cad>88</ns3:cad>
            <ns3:power>220</ns3:power>
          </ns3:TrackPointExtension>
        </extensions>
      </trkpt>
      <trkpt lat="46.1242705764" lon="7.1171421492">
        <ele>508.50</ele>
        <time>2026-05-17T07:40:15.000Z</time>
        <extensions>
          <ns3:TrackPointExtension>
            <ns3:atemp>18.8</ns3:atemp>
            <ns3:hr>155</ns3:hr>
            <ns3:cad>88</ns3:cad>
            <ns3:power>220</ns3:power>
          </ns3:TrackPointExtension>
        </extensions>
      </trkpt>
      <trkpt lat="46.1242925331" lon="7.1171795321">
        <ele>508.74</ele>
        <time>2026-05-17T07:40:16.000Z</time>
        <extensions>
          <ns3:TrackPointExtension>
            <ns3:atemp>18.8</ns3:atemp>
            <ns3:hr>155</ns3:hr>
            <ns3:cad>88</ns3:cad>
            <ns3:power>221</ns3:power>
          </ns3:TrackPointExtension>
        </extensions>
      </trkpt>
      <trkpt lat="46.1243080064" lon="7.1172125419">
        <ele>508.99</ele>
        <time>2026-05-17T07:40:17.000Z</time>
        <extensions>
          <ns3:TrackPointExtension>
            <ns3:atemp>18.8</ns3:atemp>
            <ns3:hr>155</ns3:hr>
            <ns3:cad>88</ns3:cad>
            <ns3:power>221</ns3:power>
          </ns3:TrackPointExtension>
        </extensions>
      </trkpt>
      <trkpt lat="46.1243294485" lon="7.1172511945">
        <ele>509.23</ele>
        <time>2026-05-17T07:40:18.000Z</time>
        <extensions>
          <ns3:TrackPointExtension>
            <ns3:atemp>18.8</ns3:atemp>
            <ns3:hr>155</ns3:hr>
            <ns3:cad>88</ns3:cad>
            <ns3:power>221</ns3:power>
          </ns3:TrackPointExtension>
        </extensions>
      </trkpt>
      <trkpt lat="46.1243478849" lon="7.1172943265">
        <ele>509.48</ele>
        <time>2026-05-17T07:40:19.000Z</time>
        <extensions>
          <ns3:TrackPointExtension>
            <ns3:atemp>18.8</ns3:atemp>
            <ns3:hr>155</ns3:hr>
            <ns3:cad>88</ns3:cad>
            <ns3:power>222</ns3:power>
          </ns3:TrackPointExtension>
        </extensions>
      </trkpt>
      <trkpt lat="46.1243598782" lon="7.1173288050">
        <ele>509.72</ele>
        <time>2026-05-17T07:40:20.000Z</time>
        <extensions>
          <ns3:TrackPointExtension>
            <ns3:atemp>18.8</ns3:atemp>
            <ns3:hr>155</ns3:hr>
            <ns3:cad>88</ns3:cad>
            <ns3:power>222</ns3:power>
          </ns3:TrackPointExtension>
        </extensions>
      </trkpt>
      <trkpt lat="46.1243807005" lon="7.1173586662">
        <ele>509.97</ele>
        <time>2026-05-17T07:40:21.000Z</time>
        <extensions>
          <ns3:TrackPointExtension>
            <ns3:atemp>18.8</ns3:atemp>
            <ns3:hr>155</ns3:hr>
            <ns3:cad>88</ns3:cad>
            <ns3:power>222</ns3:power>
          </ns3:TrackPointExtension>
        </extensions>
      </trkpt>
      <trkpt lat="46.1243989873" lon="7.1174008334">
        <ele>510.22</ele>
        <time>2026-05-17T07:40:22.000Z</time>
        <extensions>
          <ns3:TrackPointExtension>
            <ns3:atemp>18.8</ns3:atemp>
            <ns3:hr>156</ns3:hr>
            <ns3:cad>88</ns3:cad>
            <ns3:power>223</ns3:power>
          </ns3:TrackPointExtension>
        </extensions>
      </trkpt>
      <trkpt lat="46.1244152185" lon="7.1174408208">
        <ele>510.46</ele>
        <time>2026-05-17T07:40:23.000Z</time>
        <extensions>
          <ns3:TrackPointExtension>
            <ns3:atemp>18.8</ns3:atemp>
            <ns3:hr>156</ns3:hr>
            <ns3:cad>88</ns3:cad>
            <ns3:power>223</ns3:power>
          </ns3:TrackPointExtension>
        </extensions>
      </trkpt>
      <trkpt lat="46.1244270034" lon="7.1174727399">
        <ele>510.71</ele>
        <time>2026-05-17T07:40:24.000Z</time>
        <extensions>
          <ns3:TrackPointExtension>
            <ns3:atemp>18.8</ns3:atemp>
            <ns3:hr>156</ns3:hr>
            <ns3:cad>88</ns3:cad>
            <ns3:power>223</ns3:power>
          </ns3:TrackPointExtension>
        </extensions>
      </trkpt>
      <trkpt lat="46.1244416706" lon="7.1175048254">
        <ele>510.96</ele>
        <time>2026-05-17T07:40:25.000Z</time>
        <extensions>
          <ns3:TrackPointExtension>
            <ns3:atemp>18.8</ns3:atemp>
            <ns3:hr>156</ns3:hr>
            <ns3:cad>88</ns3:cad>
            <ns3:power>224</ns3:power>
          </ns3:TrackPointExtension>
        </extensions>
      </trkpt>
      <trkpt lat="46.1244540998" lon="7.1175361226">
        <ele>511.21</ele>
        <time>2026-05-17T07:40:26.000Z</time>
        <extensions>
          <ns3:TrackPointExtension>
            <ns3:atemp>18.8</ns3:atemp>
            <ns3:hr>156</ns3:hr>
            <ns3:cad>88</ns3:cad>
            <ns3:power>224</ns3:power>
          </ns3:TrackPointExtension>
        </extensions>
      </trkpt>
      <trkpt lat="46.1244715055" lon="7.1175736325">
        <ele>511.46</ele>
        <time>2026-05-17T07:40:27.000Z</time>
        <extensions>
          <ns3:TrackPointExtension>
            <ns3:atemp>18.8</ns3:atemp>
            <ns3:hr>156</ns3:hr>
            <ns3:cad>88</ns3:cad>
            <ns3:power>225</ns3:power>
          </ns3:TrackPointExtension>
        </extensions>
      </trkpt>
      <trkpt lat="46.1244914238" lon="7.1176142031">
        <ele>511.71</ele>
        <time>2026-05-17T07:40:28.000Z</time>
        <extensions>
          <ns3:TrackPointExtension>
            <ns3:atemp>18.8</ns3:atemp>
            <ns3:hr>156</ns3:hr>
            <ns3:cad>88</ns3:cad>
            <ns3:power>225</ns3:power>
          </ns3:TrackPointExtension>
        </extensions>
      </trkpt>
      <trkpt lat="46.1245044746" lon="7.1176494234">
        <ele>511.96</ele>
        <time>2026-05-17T07:40:29.000Z</time>
        <extensions>
          <ns3:TrackPointExtension>
            <ns3:atemp>18.8</ns3:atemp>
            <ns3:hr>156</ns3:hr>
            <ns3:cad>88</ns3:cad>
            <ns3:power>225</ns3:power>
          </ns3:TrackPointExtension>
        </extensions>
      </trkpt>
      <trkpt lat="46.1245234656" lon="7.1176889786">
        <ele>512.21</ele>
        <time>2026-05-17T07:40:30.000Z</time>
        <extensions>
          <ns3:TrackPointExtension>
            <ns3:atemp>18.8</ns3:atemp>
            <ns3:hr>156</ns3:hr>
            <ns3:cad>88</ns3:cad>
            <ns3:power>226</ns3:power>
          </ns3:TrackPointExtension>
        </extensions>
      </trkpt>
      <trkpt lat="46.1245439538" lon="7.1177328502">
        <ele>512.46</ele>
        <time>2026-05-17T07:40:31.000Z</time>
        <extensions>
          <ns3:TrackPointExtension>
            <ns3:atemp>18.8</ns3:atemp>
            <ns3:hr>156</ns3:hr>
            <ns3:cad>88</ns3:cad>
            <ns3:power>226</ns3:power>
          </ns3:TrackPointExtension>
        </extensions>
      </trkpt>
      <trkpt lat="46.1245566882" lon="7.1177694827">
        <ele>512.71</ele>
        <time>2026-05-17T07:40:32.000Z</time>
        <extensions>
          <ns3:TrackPointExtension>
            <ns3:atemp>18.8</ns3:atemp>
            <ns3:hr>156</ns3:hr>
            <ns3:cad>88</ns3:cad>
            <ns3:power>226</ns3:power>
          </ns3:TrackPointExtension>
        </extensions>
      </trkpt>
      <trkpt lat="46.1245753307" lon="7.1178119298">
        <ele>512.96</ele>
        <time>2026-05-17T07:40:33.000Z</time>
        <extensions>
          <ns3:TrackPointExtension>
            <ns3:atemp>18.8</ns3:atemp>
            <ns3:hr>156</ns3:hr>
            <ns3:cad>88</ns3:cad>
            <ns3:power>227</ns3:power>
          </ns3:TrackPointExtension>
        </extensions>
      </trkpt>
      <trkpt lat="46.1245883902" lon="7.1178475888">
        <ele>513.21</ele>
        <time>2026-05-17T07:40:34.000Z</time>
        <extensions>
          <ns3:TrackPointExtension>
            <ns3:atemp>18.8</ns3:atemp>
            <ns3:hr>156</ns3:hr>
            <ns3:cad>88</ns3:cad>
            <ns3:power>227</ns3:power>
          </ns3:TrackPointExtension>
        </extensions>
      </trkpt>
      <trkpt lat="46.1246078592" lon="7.1178923168">
        <ele>513.47</ele>
        <time>2026-05-17T07:40:35.000Z</time>
        <extensions>
          <ns3:TrackPointExtension>
            <ns3:atemp>18.8</ns3:atemp>
            <ns3:hr>156</ns3:hr>
            <ns3:cad>88</ns3:cad>
            <ns3:power>228</ns3:power>
          </ns3:TrackPointExtension>
        </extensions>
      </trkpt>
      <trkpt lat="46.1246251156" lon="7.1179330756">
        <ele>513.72</ele>
        <time>2026-05-17T07:40:36.000Z</time>
        <extensions>
          <ns3:TrackPointExtension>
            <ns3:atemp>18.8</ns3:atemp>
            <ns3:hr>156</ns3:hr>
            <ns3:cad>88</ns3:cad>
            <ns3:power>228</ns3:power>
          </ns3:TrackPointExtension>
        </extensions>
      </trkpt>
      <trkpt lat="46.1246383036" lon="7.1179731117">
        <ele>513.97</ele>
        <time>2026-05-17T07:40:37.000Z</time>
        <extensions>
          <ns3:TrackPointExtension>
            <ns3:atemp>18.8</ns3:atemp>
            <ns3:hr>156</ns3:hr>
            <ns3:cad>87</ns3:cad>
            <ns3:power>228</ns3:power>
          </ns3:TrackPointExtension>
        </extensions>
      </trkpt>
      <trkpt lat="46.1246578732" lon="7.1180146549">
        <ele>514.23</ele>
        <time>2026-05-17T07:40:38.000Z</time>
        <extensions>
          <ns3:TrackPointExtension>
            <ns3:atemp>18.8</ns3:atemp>
            <ns3:hr>156</ns3:hr>
            <ns3:cad>87</ns3:cad>
            <ns3:power>229</ns3:power>
          </ns3:TrackPointExtension>
        </extensions>
      </trkpt>
      <trkpt lat="46.1246718601" lon="7.1180608135">
        <ele>514.48</ele>
        <time>2026-05-17T07:40:39.000Z</time>
        <extensions>
          <ns3:TrackPointExtension>
            <ns3:atemp>18.8</ns3:atemp>
            <ns3:hr>156</ns3:hr>
            <ns3:cad>87</ns3:cad>
            <ns3:power>229</ns3:power>
          </ns3:TrackPointExtension>
        </extensions>
      </trkpt>
      <trkpt lat="46.1246891987" lon="7.1181005615">
        <ele>514.74</ele>
        <time>2026-05-17T07:40:40.000Z</time>
        <extensions>
          <ns3:TrackPointExtension>
            <ns3:atemp>18.8</ns3:atemp>
            <ns3:hr>156</ns3:hr>
            <ns3:cad>87</ns3:cad>
            <ns3:power>230</ns3:power>
          </ns3:TrackPointExtension>
        </extensions>
      </trkpt>
      <trkpt lat="46.1247038982" lon="7.1181358015">
        <ele>515.00</ele>
        <time>2026-05-17T07:40:41.000Z</time>
        <extensions>
          <ns3:TrackPointExtension>
            <ns3:atemp>18.8</ns3:atemp>
            <ns3:hr>156</ns3:hr>
            <ns3:cad>87</ns3:cad>
            <ns3:power>230</ns3:power>
          </ns3:TrackPointExtension>
        </extensions>
      </trkpt>
      <trkpt lat="46.1247130476" lon="7.1181803366">
        <ele>515.25</ele>
        <time>2026-05-17T07:40:42.000Z</time>
        <extensions>
          <ns3:TrackPointExtension>
            <ns3:atemp>18.8</ns3:atemp>
            <ns3:hr>156</ns3:hr>
            <ns3:cad>87</ns3:cad>
            <ns3:power>231</ns3:power>
          </ns3:TrackPointExtension>
        </extensions>
      </trkpt>
      <trkpt lat="46.1247263435" lon="7.1182251239">
        <ele>515.51</ele>
        <time>2026-05-17T07:40:43.000Z</time>
        <extensions>
          <ns3:TrackPointExtension>
            <ns3:atemp>18.8</ns3:atemp>
            <ns3:hr>157</ns3:hr>
            <ns3:cad>87</ns3:cad>
            <ns3:power>231</ns3:power>
          </ns3:TrackPointExtension>
        </extensions>
      </trkpt>
      <trkpt lat="46.1247435079" lon="7.1182623048">
        <ele>515.77</ele>
        <time>2026-05-17T07:40:44.000Z</time>
        <extensions>
          <ns3:TrackPointExtension>
            <ns3:atemp>18.8</ns3:atemp>
            <ns3:hr>157</ns3:hr>
            <ns3:cad>87</ns3:cad>
            <ns3:power>231</ns3:power>
          </ns3:TrackPointExtension>
        </extensions>
      </trkpt>
      <trkpt lat="46.1247578648" lon="7.1183092969">
        <ele>516.02</ele>
        <time>2026-05-17T07:40:45.000Z</time>
        <extensions>
          <ns3:TrackPointExtension>
            <ns3:atemp>18.8</ns3:atemp>
            <ns3:hr>157</ns3:hr>
            <ns3:cad>87</ns3:cad>
            <ns3:power>232</ns3:power>
          </ns3:TrackPointExtension>
        </extensions>
      </trkpt>
      <trkpt lat="46.1247695999" lon="7.1183427959">
        <ele>516.28</ele>
        <time>2026-05-17T07:40:46.000Z</time>
        <extensions>
          <ns3:TrackPointExtension>
            <ns3:atemp>18.8</ns3:atemp>
            <ns3:hr>157</ns3:hr>
            <ns3:cad>87</ns3:cad>
            <ns3:power>232</ns3:power>
          </ns3:TrackPointExtension>
        </extensions>
      </trkpt>
      <trkpt lat="46.1247785321" lon="7.1183804865">
        <ele>516.54</ele>
        <time>2026-05-17T07:40:47.000Z</time>
        <extensions>
          <ns3:TrackPointExtension>
            <ns3:atemp>18.8</ns3:atemp>
            <ns3:hr>157</ns3:hr>
            <ns3:cad>86</ns3:cad>
            <ns3:power>233</ns3:power>
          </ns3:TrackPointExtension>
        </extensions>
      </trkpt>
      <trkpt lat="46.1247882603" lon="7.1184219052">
        <ele>516.80</ele>
        <time>2026-05-17T07:40:48.000Z</time>
        <extensions>
          <ns3:TrackPointExtension>
            <ns3:atemp>18.8</ns3:atemp>
            <ns3:hr>157</ns3:hr>
            <ns3:cad>86</ns3:cad>
            <ns3:power>233</ns3:power>
          </ns3:TrackPointExtension>
        </extensions>
      </trkpt>
      <trkpt lat="46.1248000466" lon="7.1184676924">
        <ele>517.06</ele>
        <time>2026-05-17T07:40:49.000Z</time>
        <extensions>
          <ns3:TrackPointExtension>
            <ns3:atemp>18.8</ns3:atemp>
            <ns3:hr>157</ns3:hr>
            <ns3:cad>86</ns3:cad>
            <ns3:power>234</ns3:power>
          </ns3:TrackPointExtension>
        </extensions>
      </trkpt>
      <trkpt lat="46.1248169906" lon="7.1185151947">
        <ele>517.32</ele>
        <time>2026-05-17T07:40:50.000Z</time>
        <extensions>
          <ns3:TrackPointExtension>
            <ns3:atemp>18.8</ns3:atemp>
            <ns3:hr>157</ns3:hr>
            <ns3:cad>86</ns3:cad>
            <ns3:power>234</ns3:power>
          </ns3:TrackPointExtension>
        </extensions>
      </trkpt>
      <trkpt lat="46.1248340809" lon="7.1185605755">
        <ele>517.59</ele>
        <time>2026-05-17T07:40:51.000Z</time>
        <extensions>
          <ns3:TrackPointExtension>
            <ns3:atemp>18.8</ns3:atemp>
            <ns3:hr>157</ns3:hr>
            <ns3:cad>86</ns3:cad>
            <ns3:power>235</ns3:power>
          </ns3:TrackPointExtension>
        </extensions>
      </trkpt>
      <trkpt lat="46.1248452785" lon="7.1186038204">
        <ele>517.85</ele>
        <time>2026-05-17T07:40:52.000Z</time>
        <extensions>
          <ns3:TrackPointExtension>
            <ns3:atemp>18.8</ns3:atemp>
            <ns3:hr>157</ns3:hr>
            <ns3:cad>86</ns3:cad>
            <ns3:power>235</ns3:power>
          </ns3:TrackPointExtension>
        </extensions>
      </trkpt>
      <trkpt lat="46.1248602138" lon="7.1186388392">
        <ele>518.11</ele>
        <time>2026-05-17T07:40:53.000Z</time>
        <extensions>
          <ns3:TrackPointExtension>
            <ns3:atemp>18.8</ns3:atemp>
            <ns3:hr>157</ns3:hr>
            <ns3:cad>86</ns3:cad>
            <ns3:power>236</ns3:power>
          </ns3:TrackPointExtension>
        </extensions>
      </trkpt>
      <trkpt lat="46.1248711075" lon="7.1186817210">
        <ele>518.37</ele>
        <time>2026-05-17T07:40:54.000Z</time>
        <extensions>
          <ns3:TrackPointExtension>
            <ns3:atemp>18.8</ns3:atemp>
            <ns3:hr>157</ns3:hr>
            <ns3:cad>85</ns3:cad>
            <ns3:power>236</ns3:power>
          </ns3:TrackPointExtension>
        </extensions>
      </trkpt>
      <trkpt lat="46.1248895126" lon="7.1187205260">
        <ele>518.64</ele>
        <time>2026-05-17T07:40:55.000Z</time>
        <extensions>
          <ns3:TrackPointExtension>
            <ns3:atemp>18.8</ns3:atemp>
            <ns3:hr>157</ns3:hr>
            <ns3:cad>85</ns3:cad>
            <ns3:power>237</ns3:power>
          </ns3:TrackPointExtension>
        </extensions>
      </trkpt>
      <trkpt lat="46.1249028598" lon="7.1187629895">
        <ele>518.90</ele>
        <time>2026-05-17T07:40:56.000Z</time>
        <extensions>
          <ns3:TrackPointExtension>
            <ns3:atemp>18.8</ns3:atemp>
            <ns3:hr>157</ns3:hr>
            <ns3:cad>85</ns3:cad>
            <ns3:power>237</ns3:power>
          </ns3:TrackPointExtension>
        </extensions>
      </trkpt>
      <trkpt lat="46.1249113334" lon="7.1188066017">
        <ele>519.17</ele>
        <time>2026-05-17T07:40:57.000Z</time>
        <extensions>
          <ns3:TrackPointExtension>
            <ns3:atemp>18.8</ns3:atemp>
            <ns3:hr>157</ns3:hr>
            <ns3:cad>85</ns3:cad>
            <ns3:power>238</ns3:power>
          </ns3:TrackPointExtension>
        </extensions>
      </trkpt>
      <trkpt lat="46.1249248608" lon="7.1188436161">
        <ele>519.43</ele>
        <time>2026-05-17T07:40:58.000Z</time>
        <extensions>
          <ns3:TrackPointExtension>
            <ns3:atemp>18.8</ns3:atemp>
            <ns3:hr>157</ns3:hr>
            <ns3:cad>85</ns3:cad>
            <ns3:power>238</ns3:power>
          </ns3:TrackPointExtension>
        </extensions>
      </trkpt>
      <trkpt lat="46.1249384102" lon="7.1188789199">
        <ele>519.70</ele>
        <time>2026-05-17T07:40:59.000Z</time>
        <extensions>
          <ns3:TrackPointExtension>
            <ns3:atemp>18.8</ns3:atemp>
            <ns3:hr>157</ns3:hr>
            <ns3:cad>85</ns3:cad>
            <ns3:power>239</ns3:power>
          </ns3:TrackPointExtension>
        </extensions>
      </trkpt>
      <trkpt lat="46.1249483296" lon="7.1189241034">
        <ele>519.96</ele>
        <time>2026-05-17T07:41:00.000Z</time>
        <extensions>
          <ns3:TrackPointExtension>
            <ns3:atemp>18.8</ns3:atemp>
            <ns3:hr>158</ns3:hr>
            <ns3:cad>85</ns3:cad>
            <ns3:power>239</ns3:power>
          </ns3:TrackPointExtension>
        </extensions>
      </trkpt>
      <trkpt lat="46.1249581891" lon="7.1189602859">
        <ele>520.23</ele>
        <time>2026-05-17T07:41:01.000Z</time>
        <extensions>
          <ns3:TrackPointExtension>
            <ns3:atemp>18.8</ns3:atemp>
            <ns3:hr>158</ns3:hr>
            <ns3:cad>84</ns3:cad>
            <ns3:power>240</ns3:power>
          </ns3:TrackPointExtension>
        </extensions>
      </trkpt>
      <trkpt lat="46.1249720103" lon="7.1189948969">
        <ele>520.50</ele>
        <time>2026-05-17T07:41:02.000Z</time>
        <extensions>
          <ns3:TrackPointExtension>
            <ns3:atemp>18.8</ns3:atemp>
            <ns3:hr>158</ns3:hr>
            <ns3:cad>84</ns3:cad>
            <ns3:power>240</ns3:power>
          </ns3:TrackPointExtension>
        </extensions>
      </trkpt>
      <trkpt lat="46.1249815332" lon="7.1190326213">
        <ele>520.77</ele>
        <time>2026-05-17T07:41:03.000Z</time>
        <extensions>
          <ns3:TrackPointExtension>
            <ns3:atemp>18.8</ns3:atemp>
            <ns3:hr>158</ns3:hr>
            <ns3:cad>84</ns3:cad>
            <ns3:power>241</ns3:power>
          </ns3:TrackPointExtension>
        </extensions>
      </trkpt>
      <trkpt lat="46.1249948472" lon="7.1190727614">
        <ele>521.04</ele>
        <time>2026-05-17T07:41:04.000Z</time>
        <extensions>
          <ns3:TrackPointExtension>
            <ns3:atemp>18.8</ns3:atemp>
            <ns3:hr>158</ns3:hr>
            <ns3:cad>84</ns3:cad>
            <ns3:power>241</ns3:power>
          </ns3:TrackPointExtension>
        </extensions>
      </trkpt>
      <trkpt lat="46.1250048903" lon="7.1191117035">
        <ele>521.31</ele>
        <time>2026-05-17T07:41:05.000Z</time>
        <extensions>
          <ns3:TrackPointExtension>
            <ns3:atemp>18.8</ns3:atemp>
            <ns3:hr>158</ns3:hr>
            <ns3:cad>84</ns3:cad>
            <ns3:power>242</ns3:power>
          </ns3:TrackPointExtension>
        </extensions>
      </trkpt>
      <trkpt lat="46.1250214078" lon="7.1191589701">
        <ele>521.58</ele>
        <time>2026-05-17T07:41:06.000Z</time>
        <extensions>
          <ns3:TrackPointExtension>
            <ns3:atemp>18.8</ns3:atemp>
            <ns3:hr>158</ns3:hr>
            <ns3:cad>83</ns3:cad>
            <ns3:power>242</ns3:power>
          </ns3:TrackPointExtension>
        </extensions>
      </trkpt>
      <trkpt lat="46.1250364075" lon="7.1191993667">
        <ele>521.85</ele>
        <time>2026-05-17T07:41:07.000Z</time>
        <extensions>
          <ns3:TrackPointExtension>
            <ns3:atemp>18.8</ns3:atemp>
            <ns3:hr>158</ns3:hr>
            <ns3:cad>83</ns3:cad>
            <ns3:power>243</ns3:power>
          </ns3:TrackPointExtension>
        </extensions>
      </trkpt>
      <trkpt lat="46.1250467310" lon="7.1192390785">
        <ele>522.12</ele>
        <time>2026-05-17T07:41:08.000Z</time>
        <extensions>
          <ns3:TrackPointExtension>
            <ns3:atemp>18.8</ns3:atemp>
            <ns3:hr>158</ns3:hr>
            <ns3:cad>83</ns3:cad>
            <ns3:power>243</ns3:power>
          </ns3:TrackPointExtension>
        </extensions>
      </trkpt>
      <trkpt lat="46.1250647959" lon="7.1192728840">
        <ele>522.39</ele>
        <time>2026-05-17T07:41:09.000Z</time>
        <extensions>
          <ns3:TrackPointExtension>
            <ns3:atemp>18.8</ns3:atemp>
            <ns3:hr>158</ns3:hr>
            <ns3:cad>83</ns3:cad>
            <ns3:power>244</ns3:power>
          </ns3:TrackPointExtension>
        </extensions>
      </trkpt>
      <trkpt lat="46.1250766126" lon="7.1193063694">
        <ele>522.66</ele>
        <time>2026-05-17T07:41:10.000Z</time>
        <extensions>
          <ns3:TrackPointExtension>
            <ns3:atemp>18.8</ns3:atemp>
            <ns3:hr>158</ns3:hr>
            <ns3:cad>83</ns3:cad>
            <ns3:power>244</ns3:power>
          </ns3:TrackPointExtension>
        </extensions>
      </trkpt>
      <trkpt lat="46.1250877079" lon="7.1193492542">
        <ele>522.94</ele>
        <time>2026-05-17T07:41:11.000Z</time>
        <extensions>
          <ns3:TrackPointExtension>
            <ns3:atemp>18.8</ns3:atemp>
            <ns3:hr>158</ns3:hr>
            <ns3:cad>82</ns3:cad>
            <ns3:power>245</ns3:power>
          </ns3:TrackPointExtension>
        </extensions>
      </trkpt>
      <trkpt lat="46.1250956306" lon="7.1193894235">
        <ele>523.21</ele>
        <time>2026-05-17T07:41:12.000Z</time>
        <extensions>
          <ns3:TrackPointExtension>
            <ns3:atemp>18.8</ns3:atemp>
            <ns3:hr>158</ns3:hr>
            <ns3:cad>82</ns3:cad>
            <ns3:power>245</ns3:power>
          </ns3:TrackPointExtension>
        </extensions>
      </trkpt>
      <trkpt lat="46.1251073693" lon="7.1194319156">
        <ele>523.48</ele>
        <time>2026-05-17T07:41:13.000Z</time>
        <extensions>
          <ns3:TrackPointExtension>
            <ns3:atemp>18.8</ns3:atemp>
            <ns3:hr>158</ns3:hr>
            <ns3:cad>82</ns3:cad>
            <ns3:power>246</ns3:power>
          </ns3:TrackPointExtension>
        </extensions>
      </trkpt>
      <trkpt lat="46.1251176700" lon="7.1194655924">
        <ele>523.76</ele>
        <time>2026-05-17T07:41:14.000Z</time>
        <extensions>
          <ns3:TrackPointExtension>
            <ns3:atemp>18.8</ns3:atemp>
            <ns3:hr>158</ns3:hr>
            <ns3:cad>82</ns3:cad>
            <ns3:power>246</ns3:power>
          </ns3:TrackPointExtension>
        </extensions>
      </trkpt>
      <trkpt lat="46.1251261306" lon="7.1195128003">
        <ele>524.04</ele>
        <time>2026-05-17T07:41:15.000Z</time>
        <extensions>
          <ns3:TrackPointExtension>
            <ns3:atemp>18.8</ns3:atemp>
            <ns3:hr>158</ns3:hr>
            <ns3:cad>82</ns3:cad>
            <ns3:power>247</ns3:power>
          </ns3:TrackPointExtension>
        </extensions>
      </trkpt>
      <trkpt lat="46.1251357265" lon="7.1195551674">
        <ele>524.31</ele>
        <time>2026-05-17T07:41:16.000Z</time>
        <extensions>
          <ns3:TrackPointExtension>
            <ns3:atemp>18.8</ns3:atemp>
            <ns3:hr>159</ns3:hr>
            <ns3:cad>81</ns3:cad>
            <ns3:power>247</ns3:power>
          </ns3:TrackPointExtension>
        </extensions>
      </trkpt>
      <trkpt lat="46.1251482492" lon="7.1195973388">
        <ele>524.59</ele>
        <time>2026-05-17T07:41:17.000Z</time>
        <extensions>
          <ns3:TrackPointExtension>
            <ns3:atemp>18.8</ns3:atemp>
            <ns3:hr>159</ns3:hr>
            <ns3:cad>81</ns3:cad>
            <ns3:power>248</ns3:power>
          </ns3:TrackPointExtension>
        </extensions>
      </trkpt>
      <trkpt lat="46.1251562470" lon="7.1196391953">
        <ele>524.86</ele>
        <time>2026-05-17T07:41:18.000Z</time>
        <extensions>
          <ns3:TrackPointExtension>
            <ns3:atemp>18.8</ns3:atemp>
            <ns3:hr>159</ns3:hr>
            <ns3:cad>81</ns3:cad>
            <ns3:power>248</ns3:power>
          </ns3:TrackPointExtension>
        </extensions>
      </trkpt>
      <trkpt lat="46.1251739500" lon="7.1196843949">
        <ele>525.14</ele>
        <time>2026-05-17T07:41:19.000Z</time>
        <extensions>
          <ns3:TrackPointExtension>
            <ns3:atemp>18.8</ns3:atemp>
            <ns3:hr>159</ns3:hr>
            <ns3:cad>81</ns3:cad>
            <ns3:power>249</ns3:power>
          </ns3:TrackPointExtension>
        </extensions>
      </trkpt>
      <trkpt lat="46.1251843747" lon="7.1197246131">
        <ele>525.42</ele>
        <time>2026-05-17T07:41:20.000Z</time>
        <extensions>
          <ns3:TrackPointExtension>
            <ns3:atemp>18.9</ns3:atemp>
            <ns3:hr>159</ns3:hr>
            <ns3:cad>81</ns3:cad>
            <ns3:power>249</ns3:power>
          </ns3:TrackPointExtension>
        </extensions>
      </trkpt>
      <trkpt lat="46.1251943492" lon="7.1197719789">
        <ele>525.70</ele>
        <time>2026-05-17T07:41:21.000Z</time>
        <extensions>
          <ns3:TrackPointExtension>
            <ns3:atemp>18.9</ns3:atemp>
            <ns3:hr>159</ns3:hr>
            <ns3:cad>80</ns3:cad>
            <ns3:power>250</ns3:power>
          </ns3:TrackPointExtension>
        </extensions>
      </trkpt>
      <trkpt lat="46.1252037948" lon="7.1198102839">
        <ele>525.98</ele>
        <time>2026-05-17T07:41:22.000Z</time>
        <extensions>
          <ns3:TrackPointExtension>
            <ns3:atemp>18.9</ns3:atemp>
            <ns3:hr>159</ns3:hr>
            <ns3:cad>80</ns3:cad>
            <ns3:power>250</ns3:power>
          </ns3:TrackPointExtension>
        </extensions>
      </trkpt>
      <trkpt lat="46.1252205282" lon="7.1198552018">
        <ele>526.26</ele>
        <time>2026-05-17T07:41:23.000Z</time>
        <extensions>
          <ns3:TrackPointExtension>
            <ns3:atemp>18.9</ns3:atemp>
            <ns3:hr>159</ns3:hr>
            <ns3:cad>80</ns3:cad>
            <ns3:power>251</ns3:power>
          </ns3:TrackPointExtension>
        </extensions>
      </trkpt>
      <trkpt lat="46.1252355434" lon="7.1198961880">
        <ele>526.54</ele>
        <time>2026-05-17T07:41:24.000Z</time>
        <extensions>
          <ns3:TrackPointExtension>
            <ns3:atemp>18.9</ns3:atemp>
            <ns3:hr>159</ns3:hr>
            <ns3:cad>80</ns3:cad>
            <ns3:power>251</ns3:power>
          </ns3:TrackPointExtension>
        </extensions>
      </trkpt>
      <trkpt lat="46.1252523134" lon="7.1199426143">
        <ele>526.82</ele>
        <time>2026-05-17T07:41:25.000Z</time>
        <extensions>
          <ns3:TrackPointExtension>
            <ns3:atemp>18.9</ns3:atemp>
            <ns3:hr>159</ns3:hr>
            <ns3:cad>79</ns3:cad>
            <ns3:power>252</ns3:power>
          </ns3:TrackPointExtension>
        </extensions>
      </trkpt>
      <trkpt lat="46.1252610207" lon="7.1199765501">
        <ele>527.10</ele>
        <time>2026-05-17T07:41:26.000Z</time>
        <extensions>
          <ns3:TrackPointExtension>
            <ns3:atemp>18.9</ns3:atemp>
            <ns3:hr>159</ns3:hr>
            <ns3:cad>79</ns3:cad>
            <ns3:power>252</ns3:power>
          </ns3:TrackPointExtension>
        </extensions>
      </trkpt>
      <trkpt lat="46.1252695546" lon="7.1200214843">
        <ele>527.39</ele>
        <time>2026-05-17T07:41:27.000Z</time>
        <extensions>
          <ns3:TrackPointExtension>
            <ns3:atemp>18.9</ns3:atemp>
            <ns3:hr>159</ns3:hr>
            <ns3:cad>79</ns3:cad>
            <ns3:power>253</ns3:power>
          </ns3:TrackPointExtension>
        </extensions>
      </trkpt>
      <trkpt lat="46.1252827380" lon="7.1200699356">
        <ele>527.67</ele>
        <time>2026-05-17T07:41:28.000Z</time>
        <extensions>
          <ns3:TrackPointExtension>
            <ns3:atemp>18.9</ns3:atemp>
            <ns3:hr>159</ns3:hr>
            <ns3:cad>79</ns3:cad>
            <ns3:power>253</ns3:power>
          </ns3:TrackPointExtension>
        </extensions>
      </trkpt>
      <trkpt lat="46.1252911306" lon="7.1201096029">
        <ele>527.95</ele>
        <time>2026-05-17T07:41:29.000Z</time>
        <extensions>
          <ns3:TrackPointExtension>
            <ns3:atemp>18.9</ns3:atemp>
            <ns3:hr>159</ns3:hr>
            <ns3:cad>78</ns3:cad>
            <ns3:power>254</ns3:power>
          </ns3:TrackPointExtension>
        </extensions>
      </trkpt>
      <trkpt lat="46.1253047372" lon="7.1201582030">
        <ele>528.24</ele>
        <time>2026-05-17T07:41:30.000Z</time>
        <extensions>
          <ns3:TrackPointExtension>
            <ns3:atemp>18.9</ns3:atemp>
            <ns3:hr>160</ns3:hr>
            <ns3:cad>78</ns3:cad>
            <ns3:power>254</ns3:power>
          </ns3:TrackPointExtension>
        </extensions>
      </trkpt>
      <trkpt lat="46.1253231969" lon="7.1201934448">
        <ele>528.52</ele>
        <time>2026-05-17T07:41:31.000Z</time>
        <extensions>
          <ns3:TrackPointExtension>
            <ns3:atemp>18.9</ns3:atemp>
            <ns3:hr>160</ns3:hr>
            <ns3:cad>78</ns3:cad>
            <ns3:power>255</ns3:power>
          </ns3:TrackPointExtension>
        </extensions>
      </trkpt>
      <trkpt lat="46.1253406005" lon="7.1202352576">
        <ele>528.80</ele>
        <time>2026-05-17T07:41:32.000Z</time>
        <extensions>
          <ns3:TrackPointExtension>
            <ns3:atemp>18.9</ns3:atemp>
            <ns3:hr>160</ns3:hr>
            <ns3:cad>78</ns3:cad>
            <ns3:power>255</ns3:power>
          </ns3:TrackPointExtension>
        </extensions>
      </trkpt>
      <trkpt lat="46.1253567654" lon="7.1202834271">
        <ele>529.09</ele>
        <time>2026-05-17T07:41:33.000Z</time>
        <extensions>
          <ns3:TrackPointExtension>
            <ns3:atemp>18.9</ns3:atemp>
            <ns3:hr>160</ns3:hr>
            <ns3:cad>78</ns3:cad>
            <ns3:power>256</ns3:power>
          </ns3:TrackPointExtension>
        </extensions>
      </trkpt>
      <trkpt lat="46.1253654048" lon="7.1203219560">
        <ele>529.38</ele>
        <time>2026-05-17T07:41:34.000Z</time>
        <extensions>
          <ns3:TrackPointExtension>
            <ns3:atemp>18.9</ns3:atemp>
            <ns3:hr>160</ns3:hr>
            <ns3:cad>77</ns3:cad>
            <ns3:power>256</ns3:power>
          </ns3:TrackPointExtension>
        </extensions>
      </trkpt>
      <trkpt lat="46.1253804580" lon="7.1203717734">
        <ele>529.66</ele>
        <time>2026-05-17T07:41:35.000Z</time>
        <extensions>
          <ns3:TrackPointExtension>
            <ns3:atemp>18.9</ns3:atemp>
            <ns3:hr>160</ns3:hr>
            <ns3:cad>77</ns3:cad>
            <ns3:power>257</ns3:power>
          </ns3:TrackPointExtension>
        </extensions>
      </trkpt>
      <trkpt lat="46.1253969790" lon="7.1204113854">
        <ele>529.95</ele>
        <time>2026-05-17T07:41:36.000Z</time>
        <extensions>
          <ns3:TrackPointExtension>
            <ns3:atemp>18.9</ns3:atemp>
            <ns3:hr>160</ns3:hr>
            <ns3:cad>77</ns3:cad>
            <ns3:power>257</ns3:power>
          </ns3:TrackPointExtension>
        </extensions>
      </trkpt>
      <trkpt lat="46.1254072825" lon="7.1204602054">
        <ele>530.24</ele>
        <time>2026-05-17T07:41:37.000Z</time>
        <extensions>
          <ns3:TrackPointExtension>
            <ns3:atemp>18.9</ns3:atemp>
            <ns3:hr>160</ns3:hr>
            <ns3:cad>77</ns3:cad>
            <ns3:power>258</ns3:power>
          </ns3:TrackPointExtension>
        </extensions>
      </trkpt>
      <trkpt lat="46.1254209879" lon="7.1205012310">
        <ele>530.52</ele>
        <time>2026-05-17T07:41:38.000Z</time>
        <extensions>
          <ns3:TrackPointExtension>
            <ns3:atemp>18.9</ns3:atemp>
            <ns3:hr>160</ns3:hr>
            <ns3:cad>76</ns3:cad>
            <ns3:power>258</ns3:power>
          </ns3:TrackPointExtension>
        </extensions>
      </trkpt>
      <trkpt lat="46.1254381463" lon="7.1205480735">
        <ele>530.81</ele>
        <time>2026-05-17T07:41:39.000Z</time>
        <extensions>
          <ns3:TrackPointExtension>
            <ns3:atemp>18.9</ns3:atemp>
            <ns3:hr>160</ns3:hr>
            <ns3:cad>76</ns3:cad>
            <ns3:power>258</ns3:power>
          </ns3:TrackPointExtension>
        </extensions>
      </trkpt>
      <trkpt lat="46.1254471216" lon="7.1205932338">
        <ele>531.10</ele>
        <time>2026-05-17T07:41:40.000Z</time>
        <extensions>
          <ns3:TrackPointExtension>
            <ns3:atemp>18.9</ns3:atemp>
            <ns3:hr>160</ns3:hr>
            <ns3:cad>76</ns3:cad>
            <ns3:power>259</ns3:power>
          </ns3:TrackPointExtension>
        </extensions>
      </trkpt>
      <trkpt lat="46.1254558959" lon="7.1206313748">
        <ele>531.39</ele>
        <time>2026-05-17T07:41:41.000Z</time>
        <extensions>
          <ns3:TrackPointExtension>
            <ns3:atemp>18.9</ns3:atemp>
            <ns3:hr>160</ns3:hr>
            <ns3:cad>76</ns3:cad>
            <ns3:power>259</ns3:power>
          </ns3:TrackPointExtension>
        </extensions>
      </trkpt>
      <trkpt lat="46.1254750812" lon="7.1206701667">
        <ele>531.68</ele>
        <time>2026-05-17T07:41:42.000Z</time>
        <extensions>
          <ns3:TrackPointExtension>
            <ns3:atemp>18.9</ns3:atemp>
            <ns3:hr>160</ns3:hr>
            <ns3:cad>76</ns3:cad>
            <ns3:power>260</ns3:power>
          </ns3:TrackPointExtension>
        </extensions>
      </trkpt>
      <trkpt lat="46.1254886601" lon="7.1207159060">
        <ele>531.97</ele>
        <time>2026-05-17T07:41:43.000Z</time>
        <extensions>
          <ns3:TrackPointExtension>
            <ns3:atemp>18.9</ns3:atemp>
            <ns3:hr>160</ns3:hr>
            <ns3:cad>75</ns3:cad>
            <ns3:power>260</ns3:power>
          </ns3:TrackPointExtension>
        </extensions>
      </trkpt>
      <trkpt lat="46.1255035885" lon="7.1207644937">
        <ele>532.26</ele>
        <time>2026-05-17T07:41:44.000Z</time>
        <extensions>
          <ns3:TrackPointExtension>
            <ns3:atemp>18.9</ns3:atemp>
            <ns3:hr>161</ns3:hr>
            <ns3:cad>75</ns3:cad>
            <ns3:power>261</ns3:power>
          </ns3:TrackPointExtension>
        </extensions>
      </trkpt>
      <trkpt lat="46.1255148780" lon="7.1208073570">
        <ele>532.55</ele>
        <time>2026-05-17T07:41:45.000Z</time>
        <extensions>
          <ns3:TrackPointExtension>
            <ns3:atemp>18.9</ns3:atemp>
            <ns3:hr>161</ns3:hr>
            <ns3:cad>75</ns3:cad>
            <ns3:power>261</ns3:power>
          </ns3:TrackPointExtension>
        </extensions>
      </trkpt>
      <trkpt lat="46.1255245448" lon="7.1208539056">
        <ele>532.84</ele>
        <time>2026-05-17T07:41:46.000Z</time>
        <extensions>
          <ns3:TrackPointExtension>
            <ns3:atemp>18.9</ns3:atemp>
            <ns3:hr>161</ns3:hr>
            <ns3:cad>75</ns3:cad>
            <ns3:power>261</ns3:power>
          </ns3:TrackPointExtension>
        </extensions>
      </trkpt>
      <trkpt lat="46.1255384245" lon="7.1209042190">
        <ele>533.14</ele>
        <time>2026-05-17T07:41:47.000Z</time>
        <extensions>
          <ns3:TrackPointExtension>
            <ns3:atemp>18.9</ns3:atemp>
            <ns3:hr>161</ns3:hr>
            <ns3:cad>74</ns3:cad>
            <ns3:power>262</ns3:power>
          </ns3:TrackPointExtension>
        </extensions>
      </trkpt>
      <trkpt lat="46.1255574872" lon="7.1209466547">
        <ele>533.43</ele>
        <time>2026-05-17T07:41:48.000Z</time>
        <extensions>
          <ns3:TrackPointExtension>
            <ns3:atemp>18.9</ns3:atemp>
            <ns3:hr>161</ns3:hr>
            <ns3:cad>74</ns3:cad>
            <ns3:power>262</ns3:power>
          </ns3:TrackPointExtension>
        </extensions>
      </trkpt>
      <trkpt lat="46.1255734352" lon="7.1209833582">
        <ele>533.72</ele>
        <time>2026-05-17T07:41:49.000Z</time>
        <extensions>
          <ns3:TrackPointExtension>
            <ns3:atemp>18.9</ns3:atemp>
            <ns3:hr>161</ns3:hr>
            <ns3:cad>74</ns3:cad>
            <ns3:power>262</ns3:power>
          </ns3:TrackPointExtension>
        </extensions>
      </trkpt>
      <trkpt lat="46.1255919616" lon="7.1210261231">
        <ele>534.01</ele>
        <time>2026-05-17T07:41:50.000Z</time>
        <extensions>
          <ns3:TrackPointExtension>
            <ns3:atemp>18.9</ns3:atemp>
            <ns3:hr>161</ns3:hr>
            <ns3:cad>74</ns3:cad>
            <ns3:power>263</ns3:power>
          </ns3:TrackPointExtension>
        </extensions>
      </trkpt>
      <trkpt lat="46.1256015405" lon="7.1210717951">
        <ele>534.31</ele>
        <time>2026-05-17T07:41:51.000Z</time>
        <extensions>
          <ns3:TrackPointExtension>
            <ns3:atemp>18.9</ns3:atemp>
            <ns3:hr>161</ns3:hr>
            <ns3:cad>74</ns3:cad>
            <ns3:power>263</ns3:power>
          </ns3:TrackPointExtension>
        </extensions>
      </trkpt>
      <trkpt lat="46.1256153970" lon="7.1211104036">
        <ele>534.60</ele>
        <time>2026-05-17T07:41:52.000Z</time>
        <extensions>
          <ns3:TrackPointExtension>
            <ns3:atemp>18.9</ns3:atemp>
            <ns3:hr>161</ns3:hr>
            <ns3:cad>73</ns3:cad>
            <ns3:power>263</ns3:power>
          </ns3:TrackPointExtension>
        </extensions>
      </trkpt>
      <trkpt lat="46.1256291031" lon="7.1211564356">
        <ele>534.89</ele>
        <time>2026-05-17T07:41:53.000Z</time>
        <extensions>
          <ns3:TrackPointExtension>
            <ns3:atemp>18.9</ns3:atemp>
            <ns3:hr>161</ns3:hr>
            <ns3:cad>73</ns3:cad>
            <ns3:power>264</ns3:power>
          </ns3:TrackPointExtension>
        </extensions>
      </trkpt>
      <trkpt lat="46.1256446393" lon="7.1211978462">
        <ele>535.19</ele>
        <time>2026-05-17T07:41:54.000Z</time>
        <extensions>
          <ns3:TrackPointExtension>
            <ns3:atemp>18.9</ns3:atemp>
            <ns3:hr>161</ns3:hr>
            <ns3:cad>73</ns3:cad>
            <ns3:power>264</ns3:power>
          </ns3:TrackPointExtension>
        </extensions>
      </trkpt>
      <trkpt lat="46.1256556655" lon="7.1212459002">
        <ele>535.48</ele>
        <time>2026-05-17T07:41:55.000Z</time>
        <extensions>
          <ns3:TrackPointExtension>
            <ns3:atemp>18.9</ns3:atemp>
            <ns3:hr>161</ns3:hr>
            <ns3:cad>73</ns3:cad>
            <ns3:power>264</ns3:power>
          </ns3:TrackPointExtension>
        </extensions>
      </trkpt>
      <trkpt lat="46.1256665566" lon="7.1212836084">
        <ele>535.78</ele>
        <time>2026-05-17T07:41:56.000Z</time>
        <extensions>
          <ns3:TrackPointExtension>
            <ns3:atemp>18.9</ns3:atemp>
            <ns3:hr>161</ns3:hr>
            <ns3:cad>73</ns3:cad>
            <ns3:power>264</ns3:power>
          </ns3:TrackPointExtension>
        </extensions>
      </trkpt>
      <trkpt lat="46.1256822970" lon="7.1213327979">
        <ele>536.07</ele>
        <time>2026-05-17T07:41:57.000Z</time>
        <extensions>
          <ns3:TrackPointExtension>
            <ns3:atemp>18.9</ns3:atemp>
            <ns3:hr>161</ns3:hr>
            <ns3:cad>72</ns3:cad>
            <ns3:power>265</ns3:power>
          </ns3:TrackPointExtension>
        </extensions>
      </trkpt>
      <trkpt lat="46.1256963801" lon="7.1213731309">
        <ele>536.37</ele>
        <time>2026-05-17T07:41:58.000Z</time>
        <extensions>
          <ns3:TrackPointExtension>
            <ns3:atemp>18.9</ns3:atemp>
            <ns3:hr>162</ns3:hr>
            <ns3:cad>72</ns3:cad>
            <ns3:power>265</ns3:power>
          </ns3:TrackPointExtension>
        </extensions>
      </trkpt>
      <trkpt lat="46.1257100622" lon="7.1214239956">
        <ele>536.66</ele>
        <time>2026-05-17T07:41:59.000Z</time>
        <extensions>
          <ns3:TrackPointExtension>
            <ns3:atemp>18.9</ns3:atemp>
            <ns3:hr>162</ns3:hr>
            <ns3:cad>72</ns3:cad>
            <ns3:power>265</ns3:power>
          </ns3:TrackPointExtension>
        </extensions>
      </trkpt>
      <trkpt lat="46.1257210780" lon="7.1214699611">
        <ele>536.96</ele>
        <time>2026-05-17T07:42:00.000Z</time>
        <extensions>
          <ns3:TrackPointExtension>
            <ns3:atemp>18.9</ns3:atemp>
            <ns3:hr>162</ns3:hr>
            <ns3:cad>72</ns3:cad>
            <ns3:power>265</ns3:power>
          </ns3:TrackPointExtension>
        </extensions>
      </trkpt>
      <trkpt lat="46.1257388810" lon="7.1215119972">
        <ele>537.25</ele>
        <time>2026-05-17T07:42:01.000Z</time>
        <extensions>
          <ns3:TrackPointExtension>
            <ns3:atemp>18.9</ns3:atemp>
            <ns3:hr>162</ns3:hr>
            <ns3:cad>72</ns3:cad>
            <ns3:power>266</ns3:power>
          </ns3:TrackPointExtension>
        </extensions>
      </trkpt>
      <trkpt lat="46.1257501025" lon="7.1215492901">
        <ele>537.55</ele>
        <time>2026-05-17T07:42:02.000Z</time>
        <extensions>
          <ns3:TrackPointExtension>
            <ns3:atemp>18.9</ns3:atemp>
            <ns3:hr>162</ns3:hr>
            <ns3:cad>72</ns3:cad>
            <ns3:power>266</ns3:power>
          </ns3:TrackPointExtension>
        </extensions>
      </trkpt>
      <trkpt lat="46.1257628844" lon="7.1215991740">
        <ele>537.84</ele>
        <time>2026-05-17T07:42:03.000Z</time>
        <extensions>
          <ns3:TrackPointExtension>
            <ns3:atemp>18.9</ns3:atemp>
            <ns3:hr>162</ns3:hr>
            <ns3:cad>71</ns3:cad>
            <ns3:power>266</ns3:power>
          </ns3:TrackPointExtension>
        </extensions>
      </trkpt>
      <trkpt lat="46.1257755748" lon="7.1216396726">
        <ele>538.14</ele>
        <time>2026-05-17T07:42:04.000Z</time>
        <extensions>
          <ns3:TrackPointExtension>
            <ns3:atemp>18.9</ns3:atemp>
            <ns3:hr>162</ns3:hr>
            <ns3:cad>71</ns3:cad>
            <ns3:power>266</ns3:power>
          </ns3:TrackPointExtension>
        </extensions>
      </trkpt>
      <trkpt lat="46.1257919646" lon="7.1216825367">
        <ele>538.44</ele>
        <time>2026-05-17T07:42:05.000Z</time>
        <extensions>
          <ns3:TrackPointExtension>
            <ns3:atemp>18.9</ns3:atemp>
            <ns3:hr>162</ns3:hr>
            <ns3:cad>71</ns3:cad>
            <ns3:power>266</ns3:power>
          </ns3:TrackPointExtension>
        </extensions>
      </trkpt>
      <trkpt lat="46.1258079984" lon="7.1217295280">
        <ele>538.73</ele>
        <time>2026-05-17T07:42:06.000Z</time>
        <extensions>
          <ns3:TrackPointExtension>
            <ns3:atemp>18.9</ns3:atemp>
            <ns3:hr>162</ns3:hr>
            <ns3:cad>71</ns3:cad>
            <ns3:power>266</ns3:power>
          </ns3:TrackPointExtension>
        </extensions>
      </trkpt>
      <trkpt lat="46.1258181454" lon="7.1217787640">
        <ele>539.03</ele>
        <time>2026-05-17T07:42:07.000Z</time>
        <extensions>
          <ns3:TrackPointExtension>
            <ns3:atemp>18.9</ns3:atemp>
            <ns3:hr>162</ns3:hr>
            <ns3:cad>71</ns3:cad>
            <ns3:power>267</ns3:power>
          </ns3:TrackPointExtension>
        </extensions>
      </trkpt>
      <trkpt lat="46.1258277967" lon="7.1218153701">
        <ele>539.33</ele>
        <time>2026-05-17T07:42:08.000Z</time>
        <extensions>
          <ns3:TrackPointExtension>
            <ns3:atemp>18.9</ns3:atemp>
            <ns3:hr>162</ns3:hr>
            <ns3:cad>71</ns3:cad>
            <ns3:power>267</ns3:power>
          </ns3:TrackPointExtension>
        </extensions>
      </trkpt>
      <trkpt lat="46.1258442914" lon="7.1218657168">
        <ele>539.62</ele>
        <time>2026-05-17T07:42:09.000Z</time>
        <extensions>
          <ns3:TrackPointExtension>
            <ns3:atemp>18.9</ns3:atemp>
            <ns3:hr>162</ns3:hr>
            <ns3:cad>70</ns3:cad>
            <ns3:power>267</ns3:power>
          </ns3:TrackPointExtension>
        </extensions>
      </trkpt>
      <trkpt lat="46.1258596860" lon="7.1219077356">
        <ele>539.92</ele>
        <time>2026-05-17T07:42:10.000Z</time>
        <extensions>
          <ns3:TrackPointExtension>
            <ns3:atemp>18.9</ns3:atemp>
            <ns3:hr>162</ns3:hr>
            <ns3:cad>70</ns3:cad>
            <ns3:power>267</ns3:power>
          </ns3:TrackPointExtension>
        </extensions>
      </trkpt>
      <trkpt lat="46.1258748604" lon="7.1219582463">
        <ele>540.22</ele>
        <time>2026-05-17T07:42:11.000Z</time>
        <extensions>
          <ns3:TrackPointExtension>
            <ns3:atemp>18.9</ns3:atemp>
            <ns3:hr>162</ns3:hr>
            <ns3:cad>70</ns3:cad>
            <ns3:power>267</ns3:power>
          </ns3:TrackPointExtension>
        </extensions>
      </trkpt>
      <trkpt lat="46.1258894185" lon="7.1219980456">
        <ele>540.51</ele>
        <time>2026-05-17T07:42:12.000Z</time>
        <extensions>
          <ns3:TrackPointExtension>
            <ns3:atemp>18.9</ns3:atemp>
            <ns3:hr>162</ns3:hr>
            <ns3:cad>70</ns3:cad>
            <ns3:power>267</ns3:power>
          </ns3:TrackPointExtension>
        </extensions>
      </trkpt>
      <trkpt lat="46.1259031188" lon="7.1220356986">
        <ele>540.81</ele>
        <time>2026-05-17T07:42:13.000Z</time>
        <extensions>
          <ns3:TrackPointExtension>
            <ns3:atemp>18.9</ns3:atemp>
            <ns3:hr>162</ns3:hr>
            <ns3:cad>70</ns3:cad>
            <ns3:power>267</ns3:power>
          </ns3:TrackPointExtension>
        </extensions>
      </trkpt>
      <trkpt lat="46.1259173163" lon="7.1220826556">
        <ele>541.11</ele>
        <time>2026-05-17T07:42:14.000Z</time>
        <extensions>
          <ns3:TrackPointExtension>
            <ns3:atemp>18.9</ns3:atemp>
            <ns3:hr>163</ns3:hr>
            <ns3:cad>70</ns3:cad>
            <ns3:power>267</ns3:power>
          </ns3:TrackPointExtension>
        </extensions>
      </trkpt>
      <trkpt lat="46.1259331836" lon="7.1221320765">
        <ele>541.40</ele>
        <time>2026-05-17T07:42:15.000Z</time>
        <extensions>
          <ns3:TrackPointExtension>
            <ns3:atemp>18.9</ns3:atemp>
            <ns3:hr>163</ns3:hr>
            <ns3:cad>70</ns3:cad>
            <ns3:power>267</ns3:power>
          </ns3:TrackPointExtension>
        </extensions>
      </trkpt>
      <trkpt lat="46.1259490990" lon="7.1221763716">
        <ele>541.70</ele>
        <time>2026-05-17T07:42:16.000Z</time>
        <extensions>
          <ns3:TrackPointExtension>
            <ns3:atemp>18.9</ns3:atemp>
            <ns3:hr>163</ns3:hr>
            <ns3:cad>69</ns3:cad>
            <ns3:power>267</ns3:power>
          </ns3:TrackPointExtension>
        </extensions>
      </trkpt>
      <trkpt lat="46.1259667733" lon="7.1222135683">
        <ele>541.99</ele>
        <time>2026-05-17T07:42:17.000Z</time>
        <extensions>
          <ns3:TrackPointExtension>
            <ns3:atemp>18.9</ns3:atemp>
            <ns3:hr>163</ns3:hr>
            <ns3:cad>69</ns3:cad>
            <ns3:power>267</ns3:power>
          </ns3:TrackPointExtension>
        </extensions>
      </trkpt>
      <trkpt lat="46.1259808412" lon="7.1222639685">
        <ele>542.29</ele>
        <time>2026-05-17T07:42:18.000Z</time>
        <extensions>
          <ns3:TrackPointExtension>
            <ns3:atemp>18.9</ns3:atemp>
            <ns3:hr>163</ns3:hr>
            <ns3:cad>69</ns3:cad>
            <ns3:power>267</ns3:power>
          </ns3:TrackPointExtension>
        </extensions>
      </trkpt>
      <trkpt lat="46.1259976566" lon="7.1222998115">
        <ele>542.59</ele>
        <time>2026-05-17T07:42:19.000Z</time>
        <extensions>
          <ns3:TrackPointExtension>
            <ns3:atemp>18.9</ns3:atemp>
            <ns3:hr>163</ns3:hr>
            <ns3:cad>69</ns3:cad>
            <ns3:power>267</ns3:power>
          </ns3:TrackPointExtension>
        </extensions>
      </trkpt>
      <trkpt lat="46.1260148668" lon="7.1223443645">
        <ele>542.88</ele>
        <time>2026-05-17T07:42:20.000Z</time>
        <extensions>
          <ns3:TrackPointExtension>
            <ns3:atemp>18.9</ns3:atemp>
            <ns3:hr>163</ns3:hr>
            <ns3:cad>69</ns3:cad>
            <ns3:power>267</ns3:power>
          </ns3:TrackPointExtension>
        </extensions>
      </trkpt>
      <trkpt lat="46.1260302335" lon="7.1223894486">
        <ele>543.18</ele>
        <time>2026-05-17T07:42:21.000Z</time>
        <extensions>
          <ns3:TrackPointExtension>
            <ns3:atemp>18.9</ns3:atemp>
            <ns3:hr>163</ns3:hr>
            <ns3:cad>69</ns3:cad>
            <ns3:power>267</ns3:power>
          </ns3:TrackPointExtension>
        </extensions>
      </trkpt>
      <trkpt lat="46.1260465927" lon="7.1224363949">
        <ele>543.48</ele>
        <time>2026-05-17T07:42:22.000Z</time>
        <extensions>
          <ns3:TrackPointExtension>
            <ns3:atemp>18.9</ns3:atemp>
            <ns3:hr>163</ns3:hr>
            <ns3:cad>69</ns3:cad>
            <ns3:power>266</ns3:power>
          </ns3:TrackPointExtension>
        </extensions>
      </trkpt>
      <trkpt lat="46.1260613911" lon="7.1224862399">
        <ele>543.77</ele>
        <time>2026-05-17T07:42:23.000Z</time>
        <extensions>
          <ns3:TrackPointExtension>
            <ns3:atemp>18.9</ns3:atemp>
            <ns3:hr>163</ns3:hr>
            <ns3:cad>69</ns3:cad>
            <ns3:power>266</ns3:power>
          </ns3:TrackPointExtension>
        </extensions>
      </trkpt>
      <trkpt lat="46.1260733804" lon="7.1225320490">
        <ele>544.07</ele>
        <time>2026-05-17T07:42:24.000Z</time>
        <extensions>
          <ns3:TrackPointExtension>
            <ns3:atemp>18.9</ns3:atemp>
            <ns3:hr>163</ns3:hr>
            <ns3:cad>69</ns3:cad>
            <ns3:power>266</ns3:power>
          </ns3:TrackPointExtension>
        </extensions>
      </trkpt>
      <trkpt lat="46.1260901761" lon="7.1225744659">
        <ele>544.36</ele>
        <time>2026-05-17T07:42:25.000Z</time>
        <extensions>
          <ns3:TrackPointExtension>
            <ns3:atemp>18.9</ns3:atemp>
            <ns3:hr>163</ns3:hr>
            <ns3:cad>69</ns3:cad>
            <ns3:power>266</ns3:power>
          </ns3:TrackPointExtension>
        </extensions>
      </trkpt>
      <trkpt lat="46.1261116387" lon="7.1226212906">
        <ele>544.66</ele>
        <time>2026-05-17T07:42:26.000Z</time>
        <extensions>
          <ns3:TrackPointExtension>
            <ns3:atemp>18.9</ns3:atemp>
            <ns3:hr>163</ns3:hr>
            <ns3:cad>69</ns3:cad>
            <ns3:power>266</ns3:power>
          </ns3:TrackPointExtension>
        </extensions>
      </trkpt>
      <trkpt lat="46.1261240286" lon="7.1226616868">
        <ele>544.95</ele>
        <time>2026-05-17T07:42:27.000Z</time>
        <extensions>
          <ns3:TrackPointExtension>
            <ns3:atemp>18.9</ns3:atemp>
            <ns3:hr>163</ns3:hr>
            <ns3:cad>68</ns3:cad>
            <ns3:power>266</ns3:power>
          </ns3:TrackPointExtension>
        </extensions>
      </trkpt>
      <trkpt lat="46.1261434077" lon="7.1226966852">
        <ele>545.25</ele>
        <time>2026-05-17T07:42:28.000Z</time>
        <extensions>
          <ns3:TrackPointExtension>
            <ns3:atemp>18.9</ns3:atemp>
            <ns3:hr>163</ns3:hr>
            <ns3:cad>68</ns3:cad>
            <ns3:power>265</ns3:power>
          </ns3:TrackPointExtension>
        </extensions>
      </trkpt>
      <trkpt lat="46.1261598171" lon="7.1227357101">
        <ele>545.54</ele>
        <time>2026-05-17T07:42:29.000Z</time>
        <extensions>
          <ns3:TrackPointExtension>
            <ns3:atemp>18.9</ns3:atemp>
            <ns3:hr>163</ns3:hr>
            <ns3:cad>68</ns3:cad>
            <ns3:power>265</ns3:power>
          </ns3:TrackPointExtension>
        </extensions>
      </trkpt>
      <trkpt lat="46.1261761415" lon="7.1227793091">
        <ele>545.83</ele>
        <time>2026-05-17T07:42:30.000Z</time>
        <extensions>
          <ns3:TrackPointExtension>
            <ns3:atemp>18.9</ns3:atemp>
            <ns3:hr>163</ns3:hr>
            <ns3:cad>68</ns3:cad>
            <ns3:power>265</ns3:power>
          </ns3:TrackPointExtension>
        </extensions>
      </trkpt>
      <trkpt lat="46.1261927670" lon="7.1228266301">
        <ele>546.13</ele>
        <time>2026-05-17T07:42:31.000Z</time>
        <extensions>
          <ns3:TrackPointExtension>
            <ns3:atemp>18.9</ns3:atemp>
            <ns3:hr>163</ns3:hr>
            <ns3:cad>68</ns3:cad>
            <ns3:power>265</ns3:power>
          </ns3:TrackPointExtension>
        </extensions>
      </trkpt>
      <trkpt lat="46.1262050664" lon="7.1228621204">
        <ele>546.42</ele>
        <time>2026-05-17T07:42:32.000Z</time>
        <extensions>
          <ns3:TrackPointExtension>
            <ns3:atemp>18.9</ns3:atemp>
            <ns3:hr>163</ns3:hr>
            <ns3:cad>68</ns3:cad>
            <ns3:power>264</ns3:power>
          </ns3:TrackPointExtension>
        </extensions>
      </trkpt>
      <trkpt lat="46.1262227956" lon="7.1229076360">
        <ele>546.71</ele>
        <time>2026-05-17T07:42:33.000Z</time>
        <extensions>
          <ns3:TrackPointExtension>
            <ns3:atemp>18.9</ns3:atemp>
            <ns3:hr>163</ns3:hr>
            <ns3:cad>68</ns3:cad>
            <ns3:power>264</ns3:power>
          </ns3:TrackPointExtension>
        </extensions>
      </trkpt>
      <trkpt lat="46.1262452574" lon="7.1229486356">
        <ele>547.00</ele>
        <time>2026-05-17T07:42:34.000Z</time>
        <extensions>
          <ns3:TrackPointExtension>
            <ns3:atemp>18.9</ns3:atemp>
            <ns3:hr>163</ns3:hr>
            <ns3:cad>68</ns3:cad>
            <ns3:power>264</ns3:power>
          </ns3:TrackPointExtension>
        </extensions>
      </trkpt>
      <trkpt lat="46.1262599692" lon="7.1229829091">
        <ele>547.30</ele>
        <time>2026-05-17T07:42:35.000Z</time>
        <extensions>
          <ns3:TrackPointExtension>
            <ns3:atemp>18.9</ns3:atemp>
            <ns3:hr>164</ns3:hr>
            <ns3:cad>68</ns3:cad>
            <ns3:power>263</ns3:power>
          </ns3:TrackPointExtension>
        </extensions>
      </trkpt>
      <trkpt lat="46.1262779068" lon="7.1230298344">
        <ele>547.59</ele>
        <time>2026-05-17T07:42:36.000Z</time>
        <extensions>
          <ns3:TrackPointExtension>
            <ns3:atemp>18.9</ns3:atemp>
            <ns3:hr>164</ns3:hr>
            <ns3:cad>68</ns3:cad>
            <ns3:power>263</ns3:power>
          </ns3:TrackPointExtension>
        </extensions>
      </trkpt>
      <trkpt lat="46.1262996642" lon="7.1230725661">
        <ele>547.88</ele>
        <time>2026-05-17T07:42:37.000Z</time>
        <extensions>
          <ns3:TrackPointExtension>
            <ns3:atemp>18.9</ns3:atemp>
            <ns3:hr>164</ns3:hr>
            <ns3:cad>68</ns3:cad>
            <ns3:power>263</ns3:power>
          </ns3:TrackPointExtension>
        </extensions>
      </trkpt>
      <trkpt lat="46.1263163349" lon="7.1231190552">
        <ele>548.17</ele>
        <time>2026-05-17T07:42:38.000Z</time>
        <extensions>
          <ns3:TrackPointExtension>
            <ns3:atemp>18.9</ns3:atemp>
            <ns3:hr>164</ns3:hr>
            <ns3:cad>68</ns3:cad>
            <ns3:power>262</ns3:power>
          </ns3:TrackPointExtension>
        </extensions>
      </trkpt>
      <trkpt lat="46.1263391647" lon="7.1231568115">
        <ele>548.46</ele>
        <time>2026-05-17T07:42:39.000Z</time>
        <extensions>
          <ns3:TrackPointExtension>
            <ns3:atemp>18.9</ns3:atemp>
            <ns3:hr>164</ns3:hr>
            <ns3:cad>68</ns3:cad>
            <ns3:power>262</ns3:power>
          </ns3:TrackPointExtension>
        </extensions>
      </trkpt>
      <trkpt lat="46.1263575672" lon="7.1232039306">
        <ele>548.75</ele>
        <time>2026-05-17T07:42:40.000Z</time>
        <extensions>
          <ns3:TrackPointExtension>
            <ns3:atemp>18.9</ns3:atemp>
            <ns3:hr>164</ns3:hr>
            <ns3:cad>68</ns3:cad>
            <ns3:power>261</ns3:power>
          </ns3:TrackPointExtension>
        </extensions>
      </trkpt>
      <trkpt lat="46.1263808588" lon="7.1232523709">
        <ele>549.04</ele>
        <time>2026-05-17T07:42:41.000Z</time>
        <extensions>
          <ns3:TrackPointExtension>
            <ns3:atemp>19.0</ns3:atemp>
            <ns3:hr>164</ns3:hr>
            <ns3:cad>68</ns3:cad>
            <ns3:power>261</ns3:power>
          </ns3:TrackPointExtension>
        </extensions>
      </trkpt>
      <trkpt lat="46.1263970769" lon="7.1232873497">
        <ele>549.33</ele>
        <time>2026-05-17T07:42:42.000Z</time>
        <extensions>
          <ns3:TrackPointExtension>
            <ns3:atemp>19.0</ns3:atemp>
            <ns3:hr>164</ns3:hr>
            <ns3:cad>68</ns3:cad>
            <ns3:power>261</ns3:power>
          </ns3:TrackPointExtension>
        </extensions>
      </trkpt>
      <trkpt lat="46.1264113503" lon="7.1233277017">
        <ele>549.61</ele>
        <time>2026-05-17T07:42:43.000Z</time>
        <extensions>
          <ns3:TrackPointExtension>
            <ns3:atemp>19.0</ns3:atemp>
            <ns3:hr>164</ns3:hr>
            <ns3:cad>68</ns3:cad>
            <ns3:power>260</ns3:power>
          </ns3:TrackPointExtension>
        </extensions>
      </trkpt>
      <trkpt lat="46.1264254096" lon="7.1233674071">
        <ele>549.90</ele>
        <time>2026-05-17T07:42:44.000Z</time>
        <extensions>
          <ns3:TrackPointExtension>
            <ns3:atemp>19.0</ns3:atemp>
            <ns3:hr>164</ns3:hr>
            <ns3:cad>68</ns3:cad>
            <ns3:power>260</ns3:power>
          </ns3:TrackPointExtension>
        </extensions>
      </trkpt>
      <trkpt lat="46.1264462575" lon="7.1234008461">
        <ele>550.19</ele>
        <time>2026-05-17T07:42:45.000Z</time>
        <extensions>
          <ns3:TrackPointExtension>
            <ns3:atemp>19.0</ns3:atemp>
            <ns3:hr>164</ns3:hr>
            <ns3:cad>68</ns3:cad>
            <ns3:power>259</ns3:power>
          </ns3:TrackPointExtension>
        </extensions>
      </trkpt>
      <trkpt lat="46.1264692807" lon="7.1234384481">
        <ele>550.47</ele>
        <time>2026-05-17T07:42:46.000Z</time>
        <extensions>
          <ns3:TrackPointExtension>
            <ns3:atemp>19.0</ns3:atemp>
            <ns3:hr>164</ns3:hr>
            <ns3:cad>68</ns3:cad>
            <ns3:power>259</ns3:power>
          </ns3:TrackPointExtension>
        </extensions>
      </trkpt>
      <trkpt lat="46.1264882038" lon="7.1234807325">
        <ele>550.76</ele>
        <time>2026-05-17T07:42:47.000Z</time>
        <extensions>
          <ns3:TrackPointExtension>
            <ns3:atemp>19.0</ns3:atemp>
            <ns3:hr>164</ns3:hr>
            <ns3:cad>68</ns3:cad>
            <ns3:power>258</ns3:power>
          </ns3:TrackPointExtension>
        </extensions>
      </trkpt>
      <trkpt lat="46.1265069223" lon="7.1235224010">
        <ele>551.04</ele>
        <time>2026-05-17T07:42:48.000Z</time>
        <extensions>
          <ns3:TrackPointExtension>
            <ns3:atemp>19.0</ns3:atemp>
            <ns3:hr>164</ns3:hr>
            <ns3:cad>68</ns3:cad>
            <ns3:power>258</ns3:power>
          </ns3:TrackPointExtension>
        </extensions>
      </trkpt>
      <trkpt lat="46.1265298854" lon="7.1235678839">
        <ele>551.33</ele>
        <time>2026-05-17T07:42:49.000Z</time>
        <extensions>
          <ns3:TrackPointExtension>
            <ns3:atemp>19.0</ns3:atemp>
            <ns3:hr>164</ns3:hr>
            <ns3:cad>68</ns3:cad>
            <ns3:power>257</ns3:power>
          </ns3:TrackPointExtension>
        </extensions>
      </trkpt>
      <trkpt lat="46.1265530404" lon="7.1236023667">
        <ele>551.61</ele>
        <time>2026-05-17T07:42:50.000Z</time>
        <extensions>
          <ns3:TrackPointExtension>
            <ns3:atemp>19.0</ns3:atemp>
            <ns3:hr>164</ns3:hr>
            <ns3:cad>68</ns3:cad>
            <ns3:power>256</ns3:power>
          </ns3:TrackPointExtension>
        </extensions>
      </trkpt>
      <trkpt lat="46.1265764030" lon="7.1236489823">
        <ele>551.89</ele>
        <time>2026-05-17T07:42:51.000Z</time>
        <extensions>
          <ns3:TrackPointExtension>
            <ns3:atemp>19.0</ns3:atemp>
            <ns3:hr>164</ns3:hr>
            <ns3:cad>68</ns3:cad>
            <ns3:power>256</ns3:power>
          </ns3:TrackPointExtension>
        </extensions>
      </trkpt>
      <trkpt lat="46.1265972749" lon="7.1236815482">
        <ele>552.18</ele>
        <time>2026-05-17T07:42:52.000Z</time>
        <extensions>
          <ns3:TrackPointExtension>
            <ns3:atemp>19.0</ns3:atemp>
            <ns3:hr>164</ns3:hr>
            <ns3:cad>68</ns3:cad>
            <ns3:power>255</ns3:power>
          </ns3:TrackPointExtension>
        </extensions>
      </trkpt>
      <trkpt lat="46.1266207542" lon="7.1237177992">
        <ele>552.46</ele>
        <time>2026-05-17T07:42:53.000Z</time>
        <extensions>
          <ns3:TrackPointExtension>
            <ns3:atemp>19.0</ns3:atemp>
            <ns3:hr>164</ns3:hr>
            <ns3:cad>68</ns3:cad>
            <ns3:power>255</ns3:power>
          </ns3:TrackPointExtension>
        </extensions>
      </trkpt>
      <trkpt lat="46.1266432181" lon="7.1237563777">
        <ele>552.74</ele>
        <time>2026-05-17T07:42:54.000Z</time>
        <extensions>
          <ns3:TrackPointExtension>
            <ns3:atemp>19.0</ns3:atemp>
            <ns3:hr>164</ns3:hr>
            <ns3:cad>68</ns3:cad>
            <ns3:power>254</ns3:power>
          </ns3:TrackPointExtension>
        </extensions>
      </trkpt>
      <trkpt lat="46.1266621987" lon="7.1237923748">
        <ele>553.02</ele>
        <time>2026-05-17T07:42:55.000Z</time>
        <extensions>
          <ns3:TrackPointExtension>
            <ns3:atemp>19.0</ns3:atemp>
            <ns3:hr>164</ns3:hr>
            <ns3:cad>69</ns3:cad>
            <ns3:power>253</ns3:power>
          </ns3:TrackPointExtension>
        </extensions>
      </trkpt>
      <trkpt lat="46.1266776881" lon="7.1238267848">
        <ele>553.30</ele>
        <time>2026-05-17T07:42:56.000Z</time>
        <extensions>
          <ns3:TrackPointExtension>
            <ns3:atemp>19.0</ns3:atemp>
            <ns3:hr>164</ns3:hr>
            <ns3:cad>69</ns3:cad>
            <ns3:power>253</ns3:power>
          </ns3:TrackPointExtension>
        </extensions>
      </trkpt>
      <trkpt lat="46.1266992759" lon="7.1238613103">
        <ele>553.58</ele>
        <time>2026-05-17T07:42:57.000Z</time>
        <extensions>
          <ns3:TrackPointExtension>
            <ns3:atemp>19.0</ns3:atemp>
            <ns3:hr>164</ns3:hr>
            <ns3:cad>69</ns3:cad>
            <ns3:power>252</ns3:power>
          </ns3:TrackPointExtension>
        </extensions>
      </trkpt>
      <trkpt lat="46.1267157785" lon="7.1239067828">
        <ele>553.85</ele>
        <time>2026-05-17T07:42:58.000Z</time>
        <extensions>
          <ns3:TrackPointExtension>
            <ns3:atemp>19.0</ns3:atemp>
            <ns3:hr>164</ns3:hr>
            <ns3:cad>69</ns3:cad>
            <ns3:power>251</ns3:power>
          </ns3:TrackPointExtension>
        </extensions>
      </trkpt>
      <trkpt lat="46.1267399037" lon="7.1239393104">
        <ele>554.13</ele>
        <time>2026-05-17T07:42:59.000Z</time>
        <extensions>
          <ns3:TrackPointExtension>
            <ns3:atemp>19.0</ns3:atemp>
            <ns3:hr>164</ns3:hr>
            <ns3:cad>69</ns3:cad>
            <ns3:power>251</ns3:power>
          </ns3:TrackPointExtension>
        </extensions>
      </trkpt>
      <trkpt lat="46.1267603121" lon="7.1239755938">
        <ele>554.41</ele>
        <time>2026-05-17T07:43:00.000Z</time>
        <extensions>
          <ns3:TrackPointExtension>
            <ns3:atemp>19.0</ns3:atemp>
            <ns3:hr>164</ns3:hr>
            <ns3:cad>69</ns3:cad>
            <ns3:power>250</ns3:power>
          </ns3:TrackPointExtension>
        </extensions>
      </trkpt>
      <trkpt lat="46.1267769110" lon="7.1240172379">
        <ele>554.68</ele>
        <time>2026-05-17T07:43:01.000Z</time>
        <extensions>
          <ns3:TrackPointExtension>
            <ns3:atemp>19.0</ns3:atemp>
            <ns3:hr>164</ns3:hr>
            <ns3:cad>69</ns3:cad>
            <ns3:power>249</ns3:power>
          </ns3:TrackPointExtension>
        </extensions>
      </trkpt>
      <trkpt lat="46.1267993664" lon="7.1240534174">
        <ele>554.96</ele>
        <time>2026-05-17T07:43:02.000Z</time>
        <extensions>
          <ns3:TrackPointExtension>
            <ns3:atemp>19.0</ns3:atemp>
            <ns3:hr>164</ns3:hr>
            <ns3:cad>69</ns3:cad>
            <ns3:power>249</ns3:power>
          </ns3:TrackPointExtension>
        </extensions>
      </trkpt>
      <trkpt lat="46.1268191082" lon="7.1240833340">
        <ele>555.23</ele>
        <time>2026-05-17T07:43:03.000Z</time>
        <extensions>
          <ns3:TrackPointExtension>
            <ns3:atemp>19.0</ns3:atemp>
            <ns3:hr>164</ns3:hr>
            <ns3:cad>69</ns3:cad>
            <ns3:power>248</ns3:power>
          </ns3:TrackPointExtension>
        </extensions>
      </trkpt>
      <trkpt lat="46.1268438538" lon="7.1241178565">
        <ele>555.50</ele>
        <time>2026-05-17T07:43:04.000Z</time>
        <extensions>
          <ns3:TrackPointExtension>
            <ns3:atemp>19.0</ns3:atemp>
            <ns3:hr>164</ns3:hr>
            <ns3:cad>69</ns3:cad>
            <ns3:power>247</ns3:power>
          </ns3:TrackPointExtension>
        </extensions>
      </trkpt>
      <trkpt lat="46.1268697912" lon="7.1241486928">
        <ele>555.77</ele>
        <time>2026-05-17T07:43:05.000Z</time>
        <extensions>
          <ns3:TrackPointExtension>
            <ns3:atemp>19.0</ns3:atemp>
            <ns3:hr>164</ns3:hr>
            <ns3:cad>70</ns3:cad>
            <ns3:power>246</ns3:power>
          </ns3:TrackPointExtension>
        </extensions>
      </trkpt>
      <trkpt lat="46.1268937501" lon="7.1241851705">
        <ele>556.04</ele>
        <time>2026-05-17T07:43:06.000Z</time>
        <extensions>
          <ns3:TrackPointExtension>
            <ns3:atemp>19.0</ns3:atemp>
            <ns3:hr>164</ns3:hr>
            <ns3:cad>70</ns3:cad>
            <ns3:power>246</ns3:power>
          </ns3:TrackPointExtension>
        </extensions>
      </trkpt>
      <trkpt lat="46.1269141306" lon="7.1242288760">
        <ele>556.31</ele>
        <time>2026-05-17T07:43:07.000Z</time>
        <extensions>
          <ns3:TrackPointExtension>
            <ns3:atemp>19.0</ns3:atemp>
            <ns3:hr>164</ns3:hr>
            <ns3:cad>70</ns3:cad>
            <ns3:power>245</ns3:power>
          </ns3:TrackPointExtension>
        </extensions>
      </trkpt>
      <trkpt lat="46.1269379705" lon="7.1242691275">
        <ele>556.58</ele>
        <time>2026-05-17T07:43:08.000Z</time>
        <extensions>
          <ns3:TrackPointExtension>
            <ns3:atemp>19.0</ns3:atemp>
            <ns3:hr>164</ns3:hr>
            <ns3:cad>70</ns3:cad>
            <ns3:power>244</ns3:power>
          </ns3:TrackPointExtension>
        </extensions>
      </trkpt>
      <trkpt lat="46.1269576612" lon="7.1243126808">
        <ele>556.85</ele>
        <time>2026-05-17T07:43:09.000Z</time>
        <extensions>
          <ns3:TrackPointExtension>
            <ns3:atemp>19.0</ns3:atemp>
            <ns3:hr>164</ns3:hr>
            <ns3:cad>70</ns3:cad>
            <ns3:power>243</ns3:power>
          </ns3:TrackPointExtension>
        </extensions>
      </trkpt>
      <trkpt lat="46.1269795278" lon="7.1243488080">
        <ele>557.12</ele>
        <time>2026-05-17T07:43:10.000Z</time>
        <extensions>
          <ns3:TrackPointExtension>
            <ns3:atemp>19.0</ns3:atemp>
            <ns3:hr>164</ns3:hr>
            <ns3:cad>70</ns3:cad>
            <ns3:power>242</ns3:power>
          </ns3:TrackPointExtension>
        </extensions>
      </trkpt>
      <trkpt lat="46.1269966659" lon="7.1243924601">
        <ele>557.39</ele>
        <time>2026-05-17T07:43:11.000Z</time>
        <extensions>
          <ns3:TrackPointExtension>
            <ns3:atemp>19.0</ns3:atemp>
            <ns3:hr>164</ns3:hr>
            <ns3:cad>70</ns3:cad>
            <ns3:power>242</ns3:power>
          </ns3:TrackPointExtension>
        </extensions>
      </trkpt>
      <trkpt lat="46.1270199564" lon="7.1244354379">
        <ele>557.65</ele>
        <time>2026-05-17T07:43:12.000Z</time>
        <extensions>
          <ns3:TrackPointExtension>
            <ns3:atemp>19.0</ns3:atemp>
            <ns3:hr>164</ns3:hr>
            <ns3:cad>70</ns3:cad>
            <ns3:power>241</ns3:power>
          </ns3:TrackPointExtension>
        </extensions>
      </trkpt>
      <trkpt lat="46.1270449670" lon="7.1244795822">
        <ele>557.91</ele>
        <time>2026-05-17T07:43:13.000Z</time>
        <extensions>
          <ns3:TrackPointExtension>
            <ns3:atemp>19.0</ns3:atemp>
            <ns3:hr>164</ns3:hr>
            <ns3:cad>71</ns3:cad>
            <ns3:power>240</ns3:power>
          </ns3:TrackPointExtension>
        </extensions>
      </trkpt>
      <trkpt lat="46.1270651039" lon="7.1245160917">
        <ele>558.18</ele>
        <time>2026-05-17T07:43:14.000Z</time>
        <extensions>
          <ns3:TrackPointExtension>
            <ns3:atemp>19.0</ns3:atemp>
            <ns3:hr>164</ns3:hr>
            <ns3:cad>71</ns3:cad>
            <ns3:power>239</ns3:power>
          </ns3:TrackPointExtension>
        </extensions>
      </trkpt>
      <trkpt lat="46.1270905295" lon="7.1245560396">
        <ele>558.44</ele>
        <time>2026-05-17T07:43:15.000Z</time>
        <extensions>
          <ns3:TrackPointExtension>
            <ns3:atemp>19.0</ns3:atemp>
            <ns3:hr>164</ns3:hr>
            <ns3:cad>71</ns3:cad>
            <ns3:power>238</ns3:power>
          </ns3:TrackPointExtension>
        </extensions>
      </trkpt>
      <trkpt lat="46.1271149738" lon="7.1245869116">
        <ele>558.70</ele>
        <time>2026-05-17T07:43:16.000Z</time>
        <extensions>
          <ns3:TrackPointExtension>
            <ns3:atemp>19.0</ns3:atemp>
            <ns3:hr>164</ns3:hr>
            <ns3:cad>71</ns3:cad>
            <ns3:power>237</ns3:power>
          </ns3:TrackPointExtension>
        </extensions>
      </trkpt>
      <trkpt lat="46.1271384801" lon="7.1246221294">
        <ele>558.96</ele>
        <time>2026-05-17T07:43:17.000Z</time>
        <extensions>
          <ns3:TrackPointExtension>
            <ns3:atemp>19.0</ns3:atemp>
            <ns3:hr>164</ns3:hr>
            <ns3:cad>71</ns3:cad>
            <ns3:power>237</ns3:power>
          </ns3:TrackPointExtension>
        </extensions>
      </trkpt>
      <trkpt lat="46.1271619632" lon="7.1246581038">
        <ele>559.22</ele>
        <time>2026-05-17T07:43:18.000Z</time>
        <extensions>
          <ns3:TrackPointExtension>
            <ns3:atemp>19.0</ns3:atemp>
            <ns3:hr>164</ns3:hr>
            <ns3:cad>71</ns3:cad>
            <ns3:power>236</ns3:power>
          </ns3:TrackPointExtension>
        </extensions>
      </trkpt>
      <trkpt lat="46.1271867004" lon="7.1246949617">
        <ele>559.48</ele>
        <time>2026-05-17T07:43:19.000Z</time>
        <extensions>
          <ns3:TrackPointExtension>
            <ns3:atemp>19.0</ns3:atemp>
            <ns3:hr>164</ns3:hr>
            <ns3:cad>72</ns3:cad>
            <ns3:power>235</ns3:power>
          </ns3:TrackPointExtension>
        </extensions>
      </trkpt>
      <trkpt lat="46.1272134502" lon="7.1247378520">
        <ele>559.74</ele>
        <time>2026-05-17T07:43:20.000Z</time>
        <extensions>
          <ns3:TrackPointExtension>
            <ns3:atemp>19.0</ns3:atemp>
            <ns3:hr>164</ns3:hr>
            <ns3:cad>72</ns3:cad>
            <ns3:power>234</ns3:power>
          </ns3:TrackPointExtension>
        </extensions>
      </trkpt>
      <trkpt lat="46.1272307611" lon="7.1247691590">
        <ele>559.99</ele>
        <time>2026-05-17T07:43:21.000Z</time>
        <extensions>
          <ns3:TrackPointExtension>
            <ns3:atemp>19.0</ns3:atemp>
            <ns3:hr>164</ns3:hr>
            <ns3:cad>72</ns3:cad>
            <ns3:power>233</ns3:power>
          </ns3:TrackPointExtension>
        </extensions>
      </trkpt>
      <trkpt lat="46.1272526134" lon="7.1248093011">
        <ele>560.25</ele>
        <time>2026-05-17T07:43:22.000Z</time>
        <extensions>
          <ns3:TrackPointExtension>
            <ns3:atemp>19.0</ns3:atemp>
            <ns3:hr>164</ns3:hr>
            <ns3:cad>72</ns3:cad>
            <ns3:power>232</ns3:power>
          </ns3:TrackPointExtension>
        </extensions>
      </trkpt>
      <trkpt lat="46.1272763653" lon="7.1248443141">
        <ele>560.50</ele>
        <time>2026-05-17T07:43:23.000Z</time>
        <extensions>
          <ns3:TrackPointExtension>
            <ns3:atemp>19.0</ns3:atemp>
            <ns3:hr>164</ns3:hr>
            <ns3:cad>72</ns3:cad>
            <ns3:power>231</ns3:power>
          </ns3:TrackPointExtension>
        </extensions>
      </trkpt>
      <trkpt lat="46.1272964982" lon="7.1248755136">
        <ele>560.76</ele>
        <time>2026-05-17T07:43:24.000Z</time>
        <extensions>
          <ns3:TrackPointExtension>
            <ns3:atemp>19.0</ns3:atemp>
            <ns3:hr>164</ns3:hr>
            <ns3:cad>73</ns3:cad>
            <ns3:power>230</ns3:power>
          </ns3:TrackPointExtension>
        </extensions>
      </trkpt>
      <trkpt lat="46.1273226455" lon="7.1249032477">
        <ele>561.01</ele>
        <time>2026-05-17T07:43:25.000Z</time>
        <extensions>
          <ns3:TrackPointExtension>
            <ns3:atemp>19.0</ns3:atemp>
            <ns3:hr>163</ns3:hr>
            <ns3:cad>73</ns3:cad>
            <ns3:power>229</ns3:power>
          </ns3:TrackPointExtension>
        </extensions>
      </trkpt>
      <trkpt lat="46.1273499464" lon="7.1249446135">
        <ele>561.26</ele>
        <time>2026-05-17T07:43:26.000Z</time>
        <extensions>
          <ns3:TrackPointExtension>
            <ns3:atemp>19.0</ns3:atemp>
            <ns3:hr>163</ns3:hr>
            <ns3:cad>73</ns3:cad>
            <ns3:power>229</ns3:power>
          </ns3:TrackPointExtension>
        </extensions>
      </trkpt>
      <trkpt lat="46.1273730653" lon="7.1249764710">
        <ele>561.51</ele>
        <time>2026-05-17T07:43:27.000Z</time>
        <extensions>
          <ns3:TrackPointExtension>
            <ns3:atemp>19.0</ns3:atemp>
            <ns3:hr>163</ns3:hr>
            <ns3:cad>73</ns3:cad>
            <ns3:power>228</ns3:power>
          </ns3:TrackPointExtension>
        </extensions>
      </trkpt>
      <trkpt lat="46.1273952931" lon="7.1250038603">
        <ele>561.76</ele>
        <time>2026-05-17T07:43:28.000Z</time>
        <extensions>
          <ns3:TrackPointExtension>
            <ns3:atemp>19.0</ns3:atemp>
            <ns3:hr>163</ns3:hr>
            <ns3:cad>73</ns3:cad>
            <ns3:power>227</ns3:power>
          </ns3:TrackPointExtension>
        </extensions>
      </trkpt>
      <trkpt lat="46.1274224211" lon="7.1250459731">
        <ele>562.01</ele>
        <time>2026-05-17T07:43:29.000Z</time>
        <extensions>
          <ns3:TrackPointExtension>
            <ns3:atemp>19.0</ns3:atemp>
            <ns3:hr>163</ns3:hr>
            <ns3:cad>74</ns3:cad>
            <ns3:power>226</ns3:power>
          </ns3:TrackPointExtension>
        </extensions>
      </trkpt>
      <trkpt lat="46.1274419863" lon="7.1250837532">
        <ele>562.25</ele>
        <time>2026-05-17T07:43:30.000Z</time>
        <extensions>
          <ns3:TrackPointExtension>
            <ns3:atemp>19.0</ns3:atemp>
            <ns3:hr>163</ns3:hr>
            <ns3:cad>74</ns3:cad>
            <ns3:power>225</ns3:power>
          </ns3:TrackPointExtension>
        </extensions>
      </trkpt>
      <trkpt lat="46.1274637330" lon="7.1251153725">
        <ele>562.50</ele>
        <time>2026-05-17T07:43:31.000Z</time>
        <extensions>
          <ns3:TrackPointExtension>
            <ns3:atemp>19.0</ns3:atemp>
            <ns3:hr>163</ns3:hr>
            <ns3:cad>74</ns3:cad>
            <ns3:power>224</ns3:power>
          </ns3:TrackPointExtension>
        </extensions>
      </trkpt>
      <trkpt lat="46.1274818261" lon="7.1251563046">
        <ele>562.74</ele>
        <time>2026-05-17T07:43:32.000Z</time>
        <extensions>
          <ns3:TrackPointExtension>
            <ns3:atemp>19.0</ns3:atemp>
            <ns3:hr>163</ns3:hr>
            <ns3:cad>74</ns3:cad>
            <ns3:power>223</ns3:power>
          </ns3:TrackPointExtension>
        </extensions>
      </trkpt>
      <trkpt lat="46.1275010951" lon="7.1251843782">
        <ele>562.99</ele>
        <time>2026-05-17T07:43:33.000Z</time>
        <extensions>
          <ns3:TrackPointExtension>
            <ns3:atemp>19.0</ns3:atemp>
            <ns3:hr>163</ns3:hr>
            <ns3:cad>74</ns3:cad>
            <ns3:power>222</ns3:power>
          </ns3:TrackPointExtension>
        </extensions>
      </trkpt>
      <trkpt lat="46.1275228666" lon="7.1252241190">
        <ele>563.23</ele>
        <time>2026-05-17T07:43:34.000Z</time>
        <extensions>
          <ns3:TrackPointExtension>
            <ns3:atemp>19.0</ns3:atemp>
            <ns3:hr>163</ns3:hr>
            <ns3:cad>75</ns3:cad>
            <ns3:power>221</ns3:power>
          </ns3:TrackPointExtension>
        </extensions>
      </trkpt>
      <trkpt lat="46.1275418301" lon="7.1252580939">
        <ele>563.47</ele>
        <time>2026-05-17T07:43:35.000Z</time>
        <extensions>
          <ns3:TrackPointExtension>
            <ns3:atemp>19.0</ns3:atemp>
            <ns3:hr>163</ns3:hr>
            <ns3:cad>75</ns3:cad>
            <ns3:power>220</ns3:power>
          </ns3:TrackPointExtension>
        </extensions>
      </trkpt>
      <trkpt lat="46.1275636285" lon="7.1252955106">
        <ele>563.71</ele>
        <time>2026-05-17T07:43:36.000Z</time>
        <extensions>
          <ns3:TrackPointExtension>
            <ns3:atemp>19.0</ns3:atemp>
            <ns3:hr>163</ns3:hr>
            <ns3:cad>75</ns3:cad>
            <ns3:power>219</ns3:power>
          </ns3:TrackPointExtension>
        </extensions>
      </trkpt>
      <trkpt lat="46.1275836316" lon="7.1253315451">
        <ele>563.95</ele>
        <time>2026-05-17T07:43:37.000Z</time>
        <extensions>
          <ns3:TrackPointExtension>
            <ns3:atemp>19.0</ns3:atemp>
            <ns3:hr>163</ns3:hr>
            <ns3:cad>75</ns3:cad>
            <ns3:power>218</ns3:power>
          </ns3:TrackPointExtension>
        </extensions>
      </trkpt>
      <trkpt lat="46.1276076485" lon="7.1253675348">
        <ele>564.19</ele>
        <time>2026-05-17T07:43:38.000Z</time>
        <extensions>
          <ns3:TrackPointExtension>
            <ns3:atemp>19.0</ns3:atemp>
            <ns3:hr>163</ns3:hr>
            <ns3:cad>75</ns3:cad>
            <ns3:power>217</ns3:power>
          </ns3:TrackPointExtension>
        </extensions>
      </trkpt>
      <trkpt lat="46.1276270036" lon="7.1253937886">
        <ele>564.43</ele>
        <time>2026-05-17T07:43:39.000Z</time>
        <extensions>
          <ns3:TrackPointExtension>
            <ns3:atemp>19.0</ns3:atemp>
            <ns3:hr>163</ns3:hr>
            <ns3:cad>76</ns3:cad>
            <ns3:power>217</ns3:power>
          </ns3:TrackPointExtension>
        </extensions>
      </trkpt>
      <trkpt lat="46.1276521864" lon="7.1254340817">
        <ele>564.66</ele>
        <time>2026-05-17T07:43:40.000Z</time>
        <extensions>
          <ns3:TrackPointExtension>
            <ns3:atemp>19.0</ns3:atemp>
            <ns3:hr>163</ns3:hr>
            <ns3:cad>76</ns3:cad>
            <ns3:power>216</ns3:power>
          </ns3:TrackPointExtension>
        </extensions>
      </trkpt>
      <trkpt lat="46.1276722238" lon="7.1254669877">
        <ele>564.90</ele>
        <time>2026-05-17T07:43:41.000Z</time>
        <extensions>
          <ns3:TrackPointExtension>
            <ns3:atemp>19.0</ns3:atemp>
            <ns3:hr>162</ns3:hr>
            <ns3:cad>76</ns3:cad>
            <ns3:power>215</ns3:power>
          </ns3:TrackPointExtension>
        </extensions>
      </trkpt>
      <trkpt lat="46.1276950175" lon="7.1255022477">
        <ele>565.13</ele>
        <time>2026-05-17T07:43:42.000Z</time>
        <extensions>
          <ns3:TrackPointExtension>
            <ns3:atemp>19.0</ns3:atemp>
            <ns3:hr>162</ns3:hr>
            <ns3:cad>76</ns3:cad>
            <ns3:power>214</ns3:power>
          </ns3:TrackPointExtension>
        </extensions>
      </trkpt>
      <trkpt lat="46.1277221318" lon="7.1255407394">
        <ele>565.37</ele>
        <time>2026-05-17T07:43:43.000Z</time>
        <extensions>
          <ns3:TrackPointExtension>
            <ns3:atemp>19.0</ns3:atemp>
            <ns3:hr>162</ns3:hr>
            <ns3:cad>77</ns3:cad>
            <ns3:power>213</ns3:power>
          </ns3:TrackPointExtension>
        </extensions>
      </trkpt>
      <trkpt lat="46.1277412237" lon="7.1255737248">
        <ele>565.60</ele>
        <time>2026-05-17T07:43:44.000Z</time>
        <extensions>
          <ns3:TrackPointExtension>
            <ns3:atemp>19.0</ns3:atemp>
            <ns3:hr>162</ns3:hr>
            <ns3:cad>77</ns3:cad>
            <ns3:power>212</ns3:power>
          </ns3:TrackPointExtension>
        </extensions>
      </trkpt>
      <trkpt lat="46.1277645010" lon="7.1256128893">
        <ele>565.83</ele>
        <time>2026-05-17T07:43:45.000Z</time>
        <extensions>
          <ns3:TrackPointExtension>
            <ns3:atemp>19.0</ns3:atemp>
            <ns3:hr>162</ns3:hr>
            <ns3:cad>77</ns3:cad>
            <ns3:power>211</ns3:power>
          </ns3:TrackPointExtension>
        </extensions>
      </trkpt>
      <trkpt lat="46.1277842682" lon="7.1256479041">
        <ele>566.06</ele>
        <time>2026-05-17T07:43:46.000Z</time>
        <extensions>
          <ns3:TrackPointExtension>
            <ns3:atemp>19.0</ns3:atemp>
            <ns3:hr>162</ns3:hr>
            <ns3:cad>77</ns3:cad>
            <ns3:power>210</ns3:power>
          </ns3:TrackPointExtension>
        </extensions>
      </trkpt>
      <trkpt lat="46.1278124659" lon="7.1256829618">
        <ele>566.29</ele>
        <time>2026-05-17T07:43:47.000Z</time>
        <extensions>
          <ns3:TrackPointExtension>
            <ns3:atemp>19.0</ns3:atemp>
            <ns3:hr>162</ns3:hr>
            <ns3:cad>77</ns3:cad>
            <ns3:power>209</ns3:power>
          </ns3:TrackPointExtension>
        </extensions>
      </trkpt>
      <trkpt lat="46.1278348945" lon="7.1257208615">
        <ele>566.51</ele>
        <time>2026-05-17T07:43:48.000Z</time>
        <extensions>
          <ns3:TrackPointExtension>
            <ns3:atemp>19.0</ns3:atemp>
            <ns3:hr>162</ns3:hr>
            <ns3:cad>78</ns3:cad>
            <ns3:power>208</ns3:power>
          </ns3:TrackPointExtension>
        </extensions>
      </trkpt>
      <trkpt lat="46.1278546856" lon="7.1257514517">
        <ele>566.74</ele>
        <time>2026-05-17T07:43:49.000Z</time>
        <extensions>
          <ns3:TrackPointExtension>
            <ns3:atemp>19.0</ns3:atemp>
            <ns3:hr>162</ns3:hr>
            <ns3:cad>78</ns3:cad>
            <ns3:power>207</ns3:power>
          </ns3:TrackPointExtension>
        </extensions>
      </trkpt>
      <trkpt lat="46.1278818213" lon="7.1257897699">
        <ele>566.97</ele>
        <time>2026-05-17T07:43:50.000Z</time>
        <extensions>
          <ns3:TrackPointExtension>
            <ns3:atemp>19.0</ns3:atemp>
            <ns3:hr>162</ns3:hr>
            <ns3:cad>78</ns3:cad>
            <ns3:power>206</ns3:power>
          </ns3:TrackPointExtension>
        </extensions>
      </trkpt>
      <trkpt lat="46.1279034874" lon="7.1258218339">
        <ele>567.19</ele>
        <time>2026-05-17T07:43:51.000Z</time>
        <extensions>
          <ns3:TrackPointExtension>
            <ns3:atemp>19.0</ns3:atemp>
            <ns3:hr>162</ns3:hr>
            <ns3:cad>78</ns3:cad>
            <ns3:power>205</ns3:power>
          </ns3:TrackPointExtension>
        </extensions>
      </trkpt>
      <trkpt lat="46.1279286882" lon="7.1258583065">
        <ele>567.41</ele>
        <time>2026-05-17T07:43:52.000Z</time>
        <extensions>
          <ns3:TrackPointExtension>
            <ns3:atemp>19.0</ns3:atemp>
            <ns3:hr>162</ns3:hr>
            <ns3:cad>79</ns3:cad>
            <ns3:power>205</ns3:power>
          </ns3:TrackPointExtension>
        </extensions>
      </trkpt>
      <trkpt lat="46.1279543597" lon="7.1258965679">
        <ele>567.64</ele>
        <time>2026-05-17T07:43:53.000Z</time>
        <extensions>
          <ns3:TrackPointExtension>
            <ns3:atemp>19.0</ns3:atemp>
            <ns3:hr>161</ns3:hr>
            <ns3:cad>79</ns3:cad>
            <ns3:power>204</ns3:power>
          </ns3:TrackPointExtension>
        </extensions>
      </trkpt>
      <trkpt lat="46.1279812134" lon="7.1259239693">
        <ele>567.86</ele>
        <time>2026-05-17T07:43:54.000Z</time>
        <extensions>
          <ns3:TrackPointExtension>
            <ns3:atemp>19.0</ns3:atemp>
            <ns3:hr>161</ns3:hr>
            <ns3:cad>79</ns3:cad>
            <ns3:power>203</ns3:power>
          </ns3:TrackPointExtension>
        </extensions>
      </trkpt>
      <trkpt lat="46.1280036692" lon="7.1259585336">
        <ele>568.08</ele>
        <time>2026-05-17T07:43:55.000Z</time>
        <extensions>
          <ns3:TrackPointExtension>
            <ns3:atemp>19.0</ns3:atemp>
            <ns3:hr>161</ns3:hr>
            <ns3:cad>79</ns3:cad>
            <ns3:power>202</ns3:power>
          </ns3:TrackPointExtension>
        </extensions>
      </trkpt>
      <trkpt lat="46.1280228544" lon="7.1259951466">
        <ele>568.30</ele>
        <time>2026-05-17T07:43:56.000Z</time>
        <extensions>
          <ns3:TrackPointExtension>
            <ns3:atemp>19.0</ns3:atemp>
            <ns3:hr>161</ns3:hr>
            <ns3:cad>79</ns3:cad>
            <ns3:power>201</ns3:power>
          </ns3:TrackPointExtension>
        </extensions>
      </trkpt>
      <trkpt lat="46.1280469044" lon="7.1260246316">
        <ele>568.52</ele>
        <time>2026-05-17T07:43:57.000Z</time>
        <extensions>
          <ns3:TrackPointExtension>
            <ns3:atemp>19.0</ns3:atemp>
            <ns3:hr>161</ns3:hr>
            <ns3:cad>80</ns3:cad>
            <ns3:power>200</ns3:power>
          </ns3:TrackPointExtension>
        </extensions>
      </trkpt>
      <trkpt lat="46.1280703943" lon="7.1260538698">
        <ele>568.73</ele>
        <time>2026-05-17T07:43:58.000Z</time>
        <extensions>
          <ns3:TrackPointExtension>
            <ns3:atemp>19.0</ns3:atemp>
            <ns3:hr>161</ns3:hr>
            <ns3:cad>80</ns3:cad>
            <ns3:power>199</ns3:power>
          </ns3:TrackPointExtension>
        </extensions>
      </trkpt>
      <trkpt lat="46.1280974159" lon="7.1260826970">
        <ele>568.95</ele>
        <time>2026-05-17T07:43:59.000Z</time>
        <extensions>
          <ns3:TrackPointExtension>
            <ns3:atemp>19.0</ns3:atemp>
            <ns3:hr>161</ns3:hr>
            <ns3:cad>80</ns3:cad>
            <ns3:power>198</ns3:power>
          </ns3:TrackPointExtension>
        </extensions>
      </trkpt>
      <trkpt lat="46.1281171052" lon="7.1261052501">
        <ele>569.17</ele>
        <time>2026-05-17T07:44:00.000Z</time>
        <extensions>
          <ns3:TrackPointExtension>
            <ns3:atemp>19.1</ns3:atemp>
            <ns3:hr>161</ns3:hr>
            <ns3:cad>80</ns3:cad>
            <ns3:power>198</ns3:power>
          </ns3:TrackPointExtension>
        </extensions>
      </trkpt>
      <trkpt lat="46.1281377246" lon="7.1261308606">
        <ele>569.38</ele>
        <time>2026-05-17T07:44:01.000Z</time>
        <extensions>
          <ns3:TrackPointExtension>
            <ns3:atemp>19.1</ns3:atemp>
            <ns3:hr>161</ns3:hr>
            <ns3:cad>81</ns3:cad>
            <ns3:power>197</ns3:power>
          </ns3:TrackPointExtension>
        </extensions>
      </trkpt>
      <trkpt lat="46.1281560913" lon="7.1261606604">
        <ele>569.59</ele>
        <time>2026-05-17T07:44:02.000Z</time>
        <extensions>
          <ns3:TrackPointExtension>
            <ns3:atemp>19.1</ns3:atemp>
            <ns3:hr>160</ns3:hr>
            <ns3:cad>81</ns3:cad>
            <ns3:power>196</ns3:power>
          </ns3:TrackPointExtension>
        </extensions>
      </trkpt>
      <trkpt lat="46.1281834024" lon="7.1261909536">
        <ele>569.81</ele>
        <time>2026-05-17T07:44:03.000Z</time>
        <extensions>
          <ns3:TrackPointExtension>
            <ns3:atemp>19.1</ns3:atemp>
            <ns3:hr>160</ns3:hr>
            <ns3:cad>81</ns3:cad>
            <ns3:power>195</ns3:power>
          </ns3:TrackPointExtension>
        </extensions>
      </trkpt>
      <trkpt lat="46.1282089788" lon="7.1262199489">
        <ele>570.02</ele>
        <time>2026-05-17T07:44:04.000Z</time>
        <extensions>
          <ns3:TrackPointExtension>
            <ns3:atemp>19.1</ns3:atemp>
            <ns3:hr>160</ns3:hr>
            <ns3:cad>81</ns3:cad>
            <ns3:power>194</ns3:power>
          </ns3:TrackPointExtension>
        </extensions>
      </trkpt>
      <trkpt lat="46.1282281731" lon="7.1262469014">
        <ele>570.23</ele>
        <time>2026-05-17T07:44:05.000Z</time>
        <extensions>
          <ns3:TrackPointExtension>
            <ns3:atemp>19.1</ns3:atemp>
            <ns3:hr>160</ns3:hr>
            <ns3:cad>81</ns3:cad>
            <ns3:power>193</ns3:power>
          </ns3:TrackPointExtension>
        </extensions>
      </trkpt>
      <trkpt lat="46.1282503719" lon="7.1262731621">
        <ele>570.44</ele>
        <time>2026-05-17T07:44:06.000Z</time>
        <extensions>
          <ns3:TrackPointExtension>
            <ns3:atemp>19.1</ns3:atemp>
            <ns3:hr>160</ns3:hr>
            <ns3:cad>82</ns3:cad>
            <ns3:power>193</ns3:power>
          </ns3:TrackPointExtension>
        </extensions>
      </trkpt>
      <trkpt lat="46.1282708511" lon="7.1262959568">
        <ele>570.65</ele>
        <time>2026-05-17T07:44:07.000Z</time>
        <extensions>
          <ns3:TrackPointExtension>
            <ns3:atemp>19.1</ns3:atemp>
            <ns3:hr>160</ns3:hr>
            <ns3:cad>82</ns3:cad>
            <ns3:power>192</ns3:power>
          </ns3:TrackPointExtension>
        </extensions>
      </trkpt>
      <trkpt lat="46.1282972969" lon="7.1263317190">
        <ele>570.85</ele>
        <time>2026-05-17T07:44:08.000Z</time>
        <extensions>
          <ns3:TrackPointExtension>
            <ns3:atemp>19.1</ns3:atemp>
            <ns3:hr>160</ns3:hr>
            <ns3:cad>82</ns3:cad>
            <ns3:power>191</ns3:power>
          </ns3:TrackPointExtension>
        </extensions>
      </trkpt>
      <trkpt lat="46.1283263703" lon="7.1263613200">
        <ele>571.06</ele>
        <time>2026-05-17T07:44:09.000Z</time>
        <extensions>
          <ns3:TrackPointExtension>
            <ns3:atemp>19.1</ns3:atemp>
            <ns3:hr>160</ns3:hr>
            <ns3:cad>82</ns3:cad>
            <ns3:power>190</ns3:power>
          </ns3:TrackPointExtension>
        </extensions>
      </trkpt>
      <trkpt lat="46.1283452504" lon="7.1263962752">
        <ele>571.26</ele>
        <time>2026-05-17T07:44:10.000Z</time>
        <extensions>
          <ns3:TrackPointExtension>
            <ns3:atemp>19.1</ns3:atemp>
            <ns3:hr>160</ns3:hr>
            <ns3:cad>83</ns3:cad>
            <ns3:power>189</ns3:power>
          </ns3:TrackPointExtension>
        </extensions>
      </trkpt>
      <trkpt lat="46.1283685261" lon="7.1264242890">
        <ele>571.47</ele>
        <time>2026-05-17T07:44:11.000Z</time>
        <extensions>
          <ns3:TrackPointExtension>
            <ns3:atemp>19.1</ns3:atemp>
            <ns3:hr>159</ns3:hr>
            <ns3:cad>83</ns3:cad>
            <ns3:power>189</ns3:power>
          </ns3:TrackPointExtension>
        </extensions>
      </trkpt>
      <trkpt lat="46.1283903129" lon="7.1264542837">
        <ele>571.67</ele>
        <time>2026-05-17T07:44:12.000Z</time>
        <extensions>
          <ns3:TrackPointExtension>
            <ns3:atemp>19.1</ns3:atemp>
            <ns3:hr>159</ns3:hr>
            <ns3:cad>83</ns3:cad>
            <ns3:power>188</ns3:power>
          </ns3:TrackPointExtension>
        </extensions>
      </trkpt>
      <trkpt lat="46.1284134728" lon="7.1264782178">
        <ele>571.88</ele>
        <time>2026-05-17T07:44:13.000Z</time>
        <extensions>
          <ns3:TrackPointExtension>
            <ns3:atemp>19.1</ns3:atemp>
            <ns3:hr>159</ns3:hr>
            <ns3:cad>83</ns3:cad>
            <ns3:power>187</ns3:power>
          </ns3:TrackPointExtension>
        </extensions>
      </trkpt>
      <trkpt lat="46.1284339992" lon="7.1264994388">
        <ele>572.08</ele>
        <time>2026-05-17T07:44:14.000Z</time>
        <extensions>
          <ns3:TrackPointExtension>
            <ns3:atemp>19.1</ns3:atemp>
            <ns3:hr>159</ns3:hr>
            <ns3:cad>83</ns3:cad>
            <ns3:power>186</ns3:power>
          </ns3:TrackPointExtension>
        </extensions>
      </trkpt>
      <trkpt lat="46.1284613793" lon="7.1265339182">
        <ele>572.28</ele>
        <time>2026-05-17T07:44:15.000Z</time>
        <extensions>
          <ns3:TrackPointExtension>
            <ns3:atemp>19.1</ns3:atemp>
            <ns3:hr>159</ns3:hr>
            <ns3:cad>83</ns3:cad>
            <ns3:power>186</ns3:power>
          </ns3:TrackPointExtension>
        </extensions>
      </trkpt>
      <trkpt lat="46.1284841873" lon="7.1265677413">
        <ele>572.48</ele>
        <time>2026-05-17T07:44:16.000Z</time>
        <extensions>
          <ns3:TrackPointExtension>
            <ns3:atemp>19.1</ns3:atemp>
            <ns3:hr>159</ns3:hr>
            <ns3:cad>84</ns3:cad>
            <ns3:power>185</ns3:power>
          </ns3:TrackPointExtension>
        </extensions>
      </trkpt>
      <trkpt lat="46.1285080504" lon="7.1265968359">
        <ele>572.68</ele>
        <time>2026-05-17T07:44:17.000Z</time>
        <extensions>
          <ns3:TrackPointExtension>
            <ns3:atemp>19.1</ns3:atemp>
            <ns3:hr>159</ns3:hr>
            <ns3:cad>84</ns3:cad>
            <ns3:power>184</ns3:power>
          </ns3:TrackPointExtension>
        </extensions>
      </trkpt>
      <trkpt lat="46.1285290148" lon="7.1266279157">
        <ele>572.88</ele>
        <time>2026-05-17T07:44:18.000Z</time>
        <extensions>
          <ns3:TrackPointExtension>
            <ns3:atemp>19.1</ns3:atemp>
            <ns3:hr>158</ns3:hr>
            <ns3:cad>84</ns3:cad>
            <ns3:power>183</ns3:power>
          </ns3:TrackPointExtension>
        </extensions>
      </trkpt>
      <trkpt lat="46.1285570992" lon="7.1266601576">
        <ele>573.08</ele>
        <time>2026-05-17T07:44:19.000Z</time>
        <extensions>
          <ns3:TrackPointExtension>
            <ns3:atemp>19.1</ns3:atemp>
            <ns3:hr>158</ns3:hr>
            <ns3:cad>84</ns3:cad>
            <ns3:power>183</ns3:power>
          </ns3:TrackPointExtension>
        </extensions>
      </trkpt>
      <trkpt lat="46.1285756602" lon="7.1266934339">
        <ele>573.27</ele>
        <time>2026-05-17T07:44:20.000Z</time>
        <extensions>
          <ns3:TrackPointExtension>
            <ns3:atemp>19.1</ns3:atemp>
            <ns3:hr>158</ns3:hr>
            <ns3:cad>84</ns3:cad>
            <ns3:power>182</ns3:power>
          </ns3:TrackPointExtension>
        </extensions>
      </trkpt>
      <trkpt lat="46.1285957299" lon="7.1267287296">
        <ele>573.47</ele>
        <time>2026-05-17T07:44:21.000Z</time>
        <extensions>
          <ns3:TrackPointExtension>
            <ns3:atemp>19.1</ns3:atemp>
            <ns3:hr>158</ns3:hr>
            <ns3:cad>85</ns3:cad>
            <ns3:power>181</ns3:power>
          </ns3:TrackPointExtension>
        </extensions>
      </trkpt>
      <trkpt lat="46.1286150093" lon="7.1267503845">
        <ele>573.66</ele>
        <time>2026-05-17T07:44:22.000Z</time>
        <extensions>
          <ns3:TrackPointExtension>
            <ns3:atemp>19.1</ns3:atemp>
            <ns3:hr>158</ns3:hr>
            <ns3:cad>85</ns3:cad>
            <ns3:power>181</ns3:power>
          </ns3:TrackPointExtension>
        </extensions>
      </trkpt>
      <trkpt lat="46.1286428694" lon="7.1267835344">
        <ele>573.86</ele>
        <time>2026-05-17T07:44:23.000Z</time>
        <extensions>
          <ns3:TrackPointExtension>
            <ns3:atemp>19.1</ns3:atemp>
            <ns3:hr>158</ns3:hr>
            <ns3:cad>85</ns3:cad>
            <ns3:power>180</ns3:power>
          </ns3:TrackPointExtension>
        </extensions>
      </trkpt>
      <trkpt lat="46.1286672269" lon="7.1268134821">
        <ele>574.05</ele>
        <time>2026-05-17T07:44:24.000Z</time>
        <extensions>
          <ns3:TrackPointExtension>
            <ns3:atemp>19.1</ns3:atemp>
            <ns3:hr>158</ns3:hr>
            <ns3:cad>85</ns3:cad>
            <ns3:power>179</ns3:power>
          </ns3:TrackPointExtension>
        </extensions>
      </trkpt>
      <trkpt lat="46.1286950640" lon="7.1268455878">
        <ele>574.24</ele>
        <time>2026-05-17T07:44:25.000Z</time>
        <extensions>
          <ns3:TrackPointExtension>
            <ns3:atemp>19.1</ns3:atemp>
            <ns3:hr>157</ns3:hr>
            <ns3:cad>85</ns3:cad>
            <ns3:power>179</ns3:power>
          </ns3:TrackPointExtension>
        </extensions>
      </trkpt>
      <trkpt lat="46.1287163942" lon="7.1268810725">
        <ele>574.44</ele>
        <time>2026-05-17T07:44:26.000Z</time>
        <extensions>
          <ns3:TrackPointExtension>
            <ns3:atemp>19.1</ns3:atemp>
            <ns3:hr>157</ns3:hr>
            <ns3:cad>85</ns3:cad>
            <ns3:power>178</ns3:power>
          </ns3:TrackPointExtension>
        </extensions>
      </trkpt>
      <trkpt lat="46.1287357110" lon="7.1269068663">
        <ele>574.63</ele>
        <time>2026-05-17T07:44:27.000Z</time>
        <extensions>
          <ns3:TrackPointExtension>
            <ns3:atemp>19.1</ns3:atemp>
            <ns3:hr>157</ns3:hr>
            <ns3:cad>86</ns3:cad>
            <ns3:power>177</ns3:power>
          </ns3:TrackPointExtension>
        </extensions>
      </trkpt>
      <trkpt lat="46.1287553806" lon="7.1269405323">
        <ele>574.82</ele>
        <time>2026-05-17T07:44:28.000Z</time>
        <extensions>
          <ns3:TrackPointExtension>
            <ns3:atemp>19.1</ns3:atemp>
            <ns3:hr>157</ns3:hr>
            <ns3:cad>86</ns3:cad>
            <ns3:power>177</ns3:power>
          </ns3:TrackPointExtension>
        </extensions>
      </trkpt>
      <trkpt lat="46.1287783415" lon="7.1269759927">
        <ele>575.01</ele>
        <time>2026-05-17T07:44:29.000Z</time>
        <extensions>
          <ns3:TrackPointExtension>
            <ns3:atemp>19.1</ns3:atemp>
            <ns3:hr>157</ns3:hr>
            <ns3:cad>86</ns3:cad>
            <ns3:power>176</ns3:power>
          </ns3:TrackPointExtension>
        </extensions>
      </trkpt>
      <trkpt lat="46.1288035729" lon="7.1270111302">
        <ele>575.20</ele>
        <time>2026-05-17T07:44:30.000Z</time>
        <extensions>
          <ns3:TrackPointExtension>
            <ns3:atemp>19.1</ns3:atemp>
            <ns3:hr>157</ns3:hr>
            <ns3:cad>86</ns3:cad>
            <ns3:power>175</ns3:power>
          </ns3:TrackPointExtension>
        </extensions>
      </trkpt>
      <trkpt lat="46.1288250636" lon="7.1270450810">
        <ele>575.38</ele>
        <time>2026-05-17T07:44:31.000Z</time>
        <extensions>
          <ns3:TrackPointExtension>
            <ns3:atemp>19.1</ns3:atemp>
            <ns3:hr>157</ns3:hr>
            <ns3:cad>86</ns3:cad>
            <ns3:power>175</ns3:power>
          </ns3:TrackPointExtension>
        </extensions>
      </trkpt>
      <trkpt lat="46.1288490442" lon="7.1270755935">
        <ele>575.57</ele>
        <time>2026-05-17T07:44:32.000Z</time>
        <extensions>
          <ns3:TrackPointExtension>
            <ns3:atemp>19.1</ns3:atemp>
            <ns3:hr>156</ns3:hr>
            <ns3:cad>86</ns3:cad>
            <ns3:power>174</ns3:power>
          </ns3:TrackPointExtension>
        </extensions>
      </trkpt>
      <trkpt lat="46.1288761697" lon="7.1271116370">
        <ele>575.76</ele>
        <time>2026-05-17T07:44:33.000Z</time>
        <extensions>
          <ns3:TrackPointExtension>
            <ns3:atemp>19.1</ns3:atemp>
            <ns3:hr>156</ns3:hr>
            <ns3:cad>86</ns3:cad>
            <ns3:power>174</ns3:power>
          </ns3:TrackPointExtension>
        </extensions>
      </trkpt>
      <trkpt lat="46.1288943909" lon="7.1271403579">
        <ele>575.94</ele>
        <time>2026-05-17T07:44:34.000Z</time>
        <extensions>
          <ns3:TrackPointExtension>
            <ns3:atemp>19.1</ns3:atemp>
            <ns3:hr>156</ns3:hr>
            <ns3:cad>86</ns3:cad>
            <ns3:power>173</ns3:power>
          </ns3:TrackPointExtension>
        </extensions>
      </trkpt>
      <trkpt lat="46.1289159655" lon="7.1271668403">
        <ele>576.13</ele>
        <time>2026-05-17T07:44:35.000Z</time>
        <extensions>
          <ns3:TrackPointExtension>
            <ns3:atemp>19.1</ns3:atemp>
            <ns3:hr>156</ns3:hr>
            <ns3:cad>87</ns3:cad>
            <ns3:power>172</ns3:power>
          </ns3:TrackPointExtension>
        </extensions>
      </trkpt>
      <trkpt lat="46.1289368695" lon="7.1272014578">
        <ele>576.31</ele>
        <time>2026-05-17T07:44:36.000Z</time>
        <extensions>
          <ns3:TrackPointExtension>
            <ns3:atemp>19.1</ns3:atemp>
            <ns3:hr>156</ns3:hr>
            <ns3:cad>87</ns3:cad>
            <ns3:power>172</ns3:power>
          </ns3:TrackPointExtension>
        </extensions>
      </trkpt>
      <trkpt lat="46.1289557525" lon="7.1272265750">
        <ele>576.50</ele>
        <time>2026-05-17T07:44:37.000Z</time>
        <extensions>
          <ns3:TrackPointExtension>
            <ns3:atemp>19.1</ns3:atemp>
            <ns3:hr>156</ns3:hr>
            <ns3:cad>87</ns3:cad>
            <ns3:power>171</ns3:power>
          </ns3:TrackPointExtension>
        </extensions>
      </trkpt>
      <trkpt lat="46.1289810995" lon="7.1272592873">
        <ele>576.68</ele>
        <time>2026-05-17T07:44:38.000Z</time>
        <extensions>
          <ns3:TrackPointExtension>
            <ns3:atemp>19.1</ns3:atemp>
            <ns3:hr>155</ns3:hr>
            <ns3:cad>87</ns3:cad>
            <ns3:power>171</ns3:power>
          </ns3:TrackPointExtension>
        </extensions>
      </trkpt>
      <trkpt lat="46.1290033258" lon="7.1272858614">
        <ele>576.86</ele>
        <time>2026-05-17T07:44:39.000Z</time>
        <extensions>
          <ns3:TrackPointExtension>
            <ns3:atemp>19.1</ns3:atemp>
            <ns3:hr>155</ns3:hr>
            <ns3:cad>87</ns3:cad>
            <ns3:power>170</ns3:power>
          </ns3:TrackPointExtension>
        </extensions>
      </trkpt>
      <trkpt lat="46.1290282415" lon="7.1273188858">
        <ele>577.04</ele>
        <time>2026-05-17T07:44:40.000Z</time>
        <extensions>
          <ns3:TrackPointExtension>
            <ns3:atemp>19.1</ns3:atemp>
            <ns3:hr>155</ns3:hr>
            <ns3:cad>87</ns3:cad>
            <ns3:power>170</ns3:power>
          </ns3:TrackPointExtension>
        </extensions>
      </trkpt>
      <trkpt lat="46.1290559472" lon="7.1273545814">
        <ele>577.23</ele>
        <time>2026-05-17T07:44:41.000Z</time>
        <extensions>
          <ns3:TrackPointExtension>
            <ns3:atemp>19.1</ns3:atemp>
            <ns3:hr>155</ns3:hr>
            <ns3:cad>87</ns3:cad>
            <ns3:power>169</ns3:power>
          </ns3:TrackPointExtension>
        </extensions>
      </trkpt>
      <trkpt lat="46.1290810511" lon="7.1273840525">
        <ele>577.41</ele>
        <time>2026-05-17T07:44:42.000Z</time>
        <extensions>
          <ns3:TrackPointExtension>
            <ns3:atemp>19.1</ns3:atemp>
            <ns3:hr>155</ns3:hr>
            <ns3:cad>87</ns3:cad>
            <ns3:power>169</ns3:power>
          </ns3:TrackPointExtension>
        </extensions>
      </trkpt>
      <trkpt lat="46.1291028860" lon="7.1274125712">
        <ele>577.59</ele>
        <time>2026-05-17T07:44:43.000Z</time>
        <extensions>
          <ns3:TrackPointExtension>
            <ns3:atemp>19.1</ns3:atemp>
            <ns3:hr>155</ns3:hr>
            <ns3:cad>87</ns3:cad>
            <ns3:power>168</ns3:power>
          </ns3:TrackPointExtension>
        </extensions>
      </trkpt>
      <trkpt lat="46.1291272792" lon="7.1274428844">
        <ele>577.77</ele>
        <time>2026-05-17T07:44:44.000Z</time>
        <extensions>
          <ns3:TrackPointExtension>
            <ns3:atemp>19.1</ns3:atemp>
            <ns3:hr>154</ns3:hr>
            <ns3:cad>87</ns3:cad>
            <ns3:power>168</ns3:power>
          </ns3:TrackPointExtension>
        </extensions>
      </trkpt>
      <trkpt lat="46.1291542867" lon="7.1274674163">
        <ele>577.94</ele>
        <time>2026-05-17T07:44:45.000Z</time>
        <extensions>
          <ns3:TrackPointExtension>
            <ns3:atemp>19.1</ns3:atemp>
            <ns3:hr>154</ns3:hr>
            <ns3:cad>88</ns3:cad>
            <ns3:power>167</ns3:power>
          </ns3:TrackPointExtension>
        </extensions>
      </trkpt>
      <trkpt lat="46.1291812415" lon="7.1274924296">
        <ele>578.12</ele>
        <time>2026-05-17T07:44:46.000Z</time>
        <extensions>
          <ns3:TrackPointExtension>
            <ns3:atemp>19.1</ns3:atemp>
            <ns3:hr>154</ns3:hr>
            <ns3:cad>88</ns3:cad>
            <ns3:power>167</ns3:power>
          </ns3:TrackPointExtension>
        </extensions>
      </trkpt>
      <trkpt lat="46.1291996685" lon="7.1275163289">
        <ele>578.30</ele>
        <time>2026-05-17T07:44:47.000Z</time>
        <extensions>
          <ns3:TrackPointExtension>
            <ns3:atemp>19.1</ns3:atemp>
            <ns3:hr>154</ns3:hr>
            <ns3:cad>88</ns3:cad>
            <ns3:power>166</ns3:power>
          </ns3:TrackPointExtension>
        </extensions>
      </trkpt>
      <trkpt lat="46.1292250168" lon="7.1275492825">
        <ele>578.48</ele>
        <time>2026-05-17T07:44:48.000Z</time>
        <extensions>
          <ns3:TrackPointExtension>
            <ns3:atemp>19.1</ns3:atemp>
            <ns3:hr>154</ns3:hr>
            <ns3:cad>88</ns3:cad>
            <ns3:power>166</ns3:power>
          </ns3:TrackPointExtension>
        </extensions>
      </trkpt>
      <trkpt lat="46.1292435377" lon="7.1275793315">
        <ele>578.65</ele>
        <time>2026-05-17T07:44:49.000Z</time>
        <extensions>
          <ns3:TrackPointExtension>
            <ns3:atemp>19.1</ns3:atemp>
            <ns3:hr>153</ns3:hr>
            <ns3:cad>88</ns3:cad>
            <ns3:power>165</ns3:power>
          </ns3:TrackPointExtension>
        </extensions>
      </trkpt>
      <trkpt lat="46.1292668271" lon="7.1276066937">
        <ele>578.83</ele>
        <time>2026-05-17T07:44:50.000Z</time>
        <extensions>
          <ns3:TrackPointExtension>
            <ns3:atemp>19.1</ns3:atemp>
            <ns3:hr>153</ns3:hr>
            <ns3:cad>88</ns3:cad>
            <ns3:power>165</ns3:power>
          </ns3:TrackPointExtension>
        </extensions>
      </trkpt>
      <trkpt lat="46.1292939289" lon="7.1276417650">
        <ele>579.00</ele>
        <time>2026-05-17T07:44:51.000Z</time>
        <extensions>
          <ns3:TrackPointExtension>
            <ns3:atemp>19.1</ns3:atemp>
            <ns3:hr>153</ns3:hr>
            <ns3:cad>88</ns3:cad>
            <ns3:power>164</ns3:power>
          </ns3:TrackPointExtension>
        </extensions>
      </trkpt>
      <trkpt lat="46.1293156138" lon="7.1276683206">
        <ele>579.18</ele>
        <time>2026-05-17T07:44:52.000Z</time>
        <extensions>
          <ns3:TrackPointExtension>
            <ns3:atemp>19.1</ns3:atemp>
            <ns3:hr>153</ns3:hr>
            <ns3:cad>88</ns3:cad>
            <ns3:power>164</ns3:power>
          </ns3:TrackPointExtension>
        </extensions>
      </trkpt>
      <trkpt lat="46.1293390327" lon="7.1277035565">
        <ele>579.35</ele>
        <time>2026-05-17T07:44:53.000Z</time>
        <extensions>
          <ns3:TrackPointExtension>
            <ns3:atemp>19.1</ns3:atemp>
            <ns3:hr>153</ns3:hr>
            <ns3:cad>88</ns3:cad>
            <ns3:power>164</ns3:power>
          </ns3:TrackPointExtension>
        </extensions>
      </trkpt>
      <trkpt lat="46.1293575133" lon="7.1277352619">
        <ele>579.52</ele>
        <time>2026-05-17T07:44:54.000Z</time>
        <extensions>
          <ns3:TrackPointExtension>
            <ns3:atemp>19.1</ns3:atemp>
            <ns3:hr>153</ns3:hr>
            <ns3:cad>88</ns3:cad>
            <ns3:power>163</ns3:power>
          </ns3:TrackPointExtension>
        </extensions>
      </trkpt>
      <trkpt lat="46.1293834278" lon="7.1277735274">
        <ele>579.70</ele>
        <time>2026-05-17T07:44:55.000Z</time>
        <extensions>
          <ns3:TrackPointExtension>
            <ns3:atemp>19.1</ns3:atemp>
            <ns3:hr>152</ns3:hr>
            <ns3:cad>88</ns3:cad>
            <ns3:power>163</ns3:power>
          </ns3:TrackPointExtension>
        </extensions>
      </trkpt>
      <trkpt lat="46.1294010696" lon="7.1278115767">
        <ele>579.87</ele>
        <time>2026-05-17T07:44:56.000Z</time>
        <extensions>
          <ns3:TrackPointExtension>
            <ns3:atemp>19.1</ns3:atemp>
            <ns3:hr>152</ns3:hr>
            <ns3:cad>88</ns3:cad>
            <ns3:power>162</ns3:power>
          </ns3:TrackPointExtension>
        </extensions>
      </trkpt>
      <trkpt lat="46.1294234964" lon="7.1278491565">
        <ele>580.04</ele>
        <time>2026-05-17T07:44:57.000Z</time>
        <extensions>
          <ns3:TrackPointExtension>
            <ns3:atemp>19.1</ns3:atemp>
            <ns3:hr>152</ns3:hr>
            <ns3:cad>88</ns3:cad>
            <ns3:power>162</ns3:power>
          </ns3:TrackPointExtension>
        </extensions>
      </trkpt>
      <trkpt lat="46.1294434420" lon="7.1278734603">
        <ele>580.21</ele>
        <time>2026-05-17T07:44:58.000Z</time>
        <extensions>
          <ns3:TrackPointExtension>
            <ns3:atemp>19.1</ns3:atemp>
            <ns3:hr>152</ns3:hr>
            <ns3:cad>88</ns3:cad>
            <ns3:power>162</ns3:power>
          </ns3:TrackPointExtension>
        </extensions>
      </trkpt>
      <trkpt lat="46.1294641797" lon="7.1279000281">
        <ele>580.38</ele>
        <time>2026-05-17T07:44:59.000Z</time>
        <extensions>
          <ns3:TrackPointExtension>
            <ns3:atemp>19.1</ns3:atemp>
            <ns3:hr>152</ns3:hr>
            <ns3:cad>88</ns3:cad>
            <ns3:power>161</ns3:power>
          </ns3:TrackPointExtension>
        </extensions>
      </trkpt>
      <trkpt lat="46.1294911462" lon="7.1279365480">
        <ele>580.56</ele>
        <time>2026-05-17T07:45:00.000Z</time>
        <extensions>
          <ns3:TrackPointExtension>
            <ns3:atemp>19.1</ns3:atemp>
            <ns3:hr>152</ns3:hr>
            <ns3:cad>88</ns3:cad>
            <ns3:power>161</ns3:power>
          </ns3:TrackPointExtension>
        </extensions>
      </trkpt>
      <trkpt lat="46.1295164211" lon="7.1279632895">
        <ele>580.72</ele>
        <time>2026-05-17T07:45:01.000Z</time>
        <extensions>
          <ns3:TrackPointExtension>
            <ns3:atemp>19.1</ns3:atemp>
            <ns3:hr>151</ns3:hr>
            <ns3:cad>88</ns3:cad>
            <ns3:power>161</ns3:power>
          </ns3:TrackPointExtension>
        </extensions>
      </trkpt>
      <trkpt lat="46.1295389657" lon="7.1279949950">
        <ele>580.89</ele>
        <time>2026-05-17T07:45:02.000Z</time>
        <extensions>
          <ns3:TrackPointExtension>
            <ns3:atemp>19.1</ns3:atemp>
            <ns3:hr>151</ns3:hr>
            <ns3:cad>88</ns3:cad>
            <ns3:power>160</ns3:power>
          </ns3:TrackPointExtension>
        </extensions>
      </trkpt>
      <trkpt lat="46.1295575432" lon="7.1280295086">
        <ele>581.06</ele>
        <time>2026-05-17T07:45:03.000Z</time>
        <extensions>
          <ns3:TrackPointExtension>
            <ns3:atemp>19.1</ns3:atemp>
            <ns3:hr>151</ns3:hr>
            <ns3:cad>88</ns3:cad>
            <ns3:power>160</ns3:power>
          </ns3:TrackPointExtension>
        </extensions>
      </trkpt>
      <trkpt lat="46.1295746300" lon="7.1280622357">
        <ele>581.23</ele>
        <time>2026-05-17T07:45:04.000Z</time>
        <extensions>
          <ns3:TrackPointExtension>
            <ns3:atemp>19.1</ns3:atemp>
            <ns3:hr>151</ns3:hr>
            <ns3:cad>88</ns3:cad>
            <ns3:power>160</ns3:power>
          </ns3:TrackPointExtension>
        </extensions>
      </trkpt>
      <trkpt lat="46.1295990202" lon="7.1280950542">
        <ele>581.40</ele>
        <time>2026-05-17T07:45:05.000Z</time>
        <extensions>
          <ns3:TrackPointExtension>
            <ns3:atemp>19.1</ns3:atemp>
            <ns3:hr>151</ns3:hr>
            <ns3:cad>88</ns3:cad>
            <ns3:power>159</ns3:power>
          </ns3:TrackPointExtension>
        </extensions>
      </trkpt>
      <trkpt lat="46.1296167064" lon="7.1281240046">
        <ele>581.57</ele>
        <time>2026-05-17T07:45:06.000Z</time>
        <extensions>
          <ns3:TrackPointExtension>
            <ns3:atemp>19.1</ns3:atemp>
            <ns3:hr>150</ns3:hr>
            <ns3:cad>88</ns3:cad>
            <ns3:power>159</ns3:power>
          </ns3:TrackPointExtension>
        </extensions>
      </trkpt>
      <trkpt lat="46.1296441321" lon="7.1281568544">
        <ele>581.74</ele>
        <time>2026-05-17T07:45:07.000Z</time>
        <extensions>
          <ns3:TrackPointExtension>
            <ns3:atemp>19.1</ns3:atemp>
            <ns3:hr>150</ns3:hr>
            <ns3:cad>88</ns3:cad>
            <ns3:power>159</ns3:power>
          </ns3:TrackPointExtension>
        </extensions>
      </trkpt>
      <trkpt lat="46.1296667765" lon="7.1281952180">
        <ele>581.90</ele>
        <time>2026-05-17T07:45:08.000Z</time>
        <extensions>
          <ns3:TrackPointExtension>
            <ns3:atemp>19.1</ns3:atemp>
            <ns3:hr>150</ns3:hr>
            <ns3:cad>88</ns3:cad>
            <ns3:power>158</ns3:power>
          </ns3:TrackPointExtension>
        </extensions>
      </trkpt>
      <trkpt lat="46.1296870199" lon="7.1282344901">
        <ele>582.07</ele>
        <time>2026-05-17T07:45:09.000Z</time>
        <extensions>
          <ns3:TrackPointExtension>
            <ns3:atemp>19.1</ns3:atemp>
            <ns3:hr>150</ns3:hr>
            <ns3:cad>88</ns3:cad>
            <ns3:power>158</ns3:power>
          </ns3:TrackPointExtension>
        </extensions>
      </trkpt>
      <trkpt lat="46.1297101157" lon="7.1282746710">
        <ele>582.23</ele>
        <time>2026-05-17T07:45:10.000Z</time>
        <extensions>
          <ns3:TrackPointExtension>
            <ns3:atemp>19.1</ns3:atemp>
            <ns3:hr>150</ns3:hr>
            <ns3:cad>88</ns3:cad>
            <ns3:power>158</ns3:power>
          </ns3:TrackPointExtension>
        </extensions>
      </trkpt>
      <trkpt lat="46.1297312030" lon="7.1283040970">
        <ele>582.40</ele>
        <time>2026-05-17T07:45:11.000Z</time>
        <extensions>
          <ns3:TrackPointExtension>
            <ns3:atemp>19.1</ns3:atemp>
            <ns3:hr>150</ns3:hr>
            <ns3:cad>88</ns3:cad>
            <ns3:power>157</ns3:power>
          </ns3:TrackPointExtension>
        </extensions>
      </trkpt>
      <trkpt lat="46.1297569524" lon="7.1283309448">
        <ele>582.57</ele>
        <time>2026-05-17T07:45:12.000Z</time>
        <extensions>
          <ns3:TrackPointExtension>
            <ns3:atemp>19.1</ns3:atemp>
            <ns3:hr>149</ns3:hr>
            <ns3:cad>88</ns3:cad>
            <ns3:power>157</ns3:power>
          </ns3:TrackPointExtension>
        </extensions>
      </trkpt>
      <trkpt lat="46.1297832717" lon="7.1283631382">
        <ele>582.73</ele>
        <time>2026-05-17T07:45:13.000Z</time>
        <extensions>
          <ns3:TrackPointExtension>
            <ns3:atemp>19.1</ns3:atemp>
            <ns3:hr>149</ns3:hr>
            <ns3:cad>87</ns3:cad>
            <ns3:power>157</ns3:power>
          </ns3:TrackPointExtension>
        </extensions>
      </trkpt>
      <trkpt lat="46.1298089358" lon="7.1283897193">
        <ele>582.89</ele>
        <time>2026-05-17T07:45:14.000Z</time>
        <extensions>
          <ns3:TrackPointExtension>
            <ns3:atemp>19.1</ns3:atemp>
            <ns3:hr>149</ns3:hr>
            <ns3:cad>87</ns3:cad>
            <ns3:power>157</ns3:power>
          </ns3:TrackPointExtension>
        </extensions>
      </trkpt>
      <trkpt lat="46.1298263130" lon="7.1284214790">
        <ele>583.06</ele>
        <time>2026-05-17T07:45:15.000Z</time>
        <extensions>
          <ns3:TrackPointExtension>
            <ns3:atemp>19.1</ns3:atemp>
            <ns3:hr>149</ns3:hr>
            <ns3:cad>87</ns3:cad>
            <ns3:power>156</ns3:power>
          </ns3:TrackPointExtension>
        </extensions>
      </trkpt>
      <trkpt lat="46.1298520981" lon="7.1284567991">
        <ele>583.22</ele>
        <time>2026-05-17T07:45:16.000Z</time>
        <extensions>
          <ns3:TrackPointExtension>
            <ns3:atemp>19.1</ns3:atemp>
            <ns3:hr>149</ns3:hr>
            <ns3:cad>87</ns3:cad>
            <ns3:power>156</ns3:power>
          </ns3:TrackPointExtension>
        </extensions>
      </trkpt>
      <trkpt lat="46.1298703389" lon="7.1284907642">
        <ele>583.39</ele>
        <time>2026-05-17T07:45:17.000Z</time>
        <extensions>
          <ns3:TrackPointExtension>
            <ns3:atemp>19.1</ns3:atemp>
            <ns3:hr>148</ns3:hr>
            <ns3:cad>87</ns3:cad>
            <ns3:power>156</ns3:power>
          </ns3:TrackPointExtension>
        </extensions>
      </trkpt>
      <trkpt lat="46.1298959511" lon="7.1285247961">
        <ele>583.55</ele>
        <time>2026-05-17T07:45:18.000Z</time>
        <extensions>
          <ns3:TrackPointExtension>
            <ns3:atemp>19.1</ns3:atemp>
            <ns3:hr>148</ns3:hr>
            <ns3:cad>87</ns3:cad>
            <ns3:power>156</ns3:power>
          </ns3:TrackPointExtension>
        </extensions>
      </trkpt>
      <trkpt lat="46.1299208512" lon="7.1285629558">
        <ele>583.71</ele>
        <time>2026-05-17T07:45:19.000Z</time>
        <extensions>
          <ns3:TrackPointExtension>
            <ns3:atemp>19.1</ns3:atemp>
            <ns3:hr>148</ns3:hr>
            <ns3:cad>87</ns3:cad>
            <ns3:power>155</ns3:power>
          </ns3:TrackPointExtension>
        </extensions>
      </trkpt>
      <trkpt lat="46.1299379466" lon="7.1286025963">
        <ele>583.87</ele>
        <time>2026-05-17T07:45:20.000Z</time>
        <extensions>
          <ns3:TrackPointExtension>
            <ns3:atemp>19.1</ns3:atemp>
            <ns3:hr>148</ns3:hr>
            <ns3:cad>87</ns3:cad>
            <ns3:power>155</ns3:power>
          </ns3:TrackPointExtension>
        </extensions>
      </trkpt>
      <trkpt lat="46.1299579284" lon="7.1286405788">
        <ele>584.04</ele>
        <time>2026-05-17T07:45:21.000Z</time>
        <extensions>
          <ns3:TrackPointExtension>
            <ns3:atemp>19.2</ns3:atemp>
            <ns3:hr>148</ns3:hr>
            <ns3:cad>87</ns3:cad>
            <ns3:power>155</ns3:power>
          </ns3:TrackPointExtension>
        </extensions>
      </trkpt>
      <trkpt lat="46.1299756856" lon="7.1286757446">
        <ele>584.20</ele>
        <time>2026-05-17T07:45:22.000Z</time>
        <extensions>
          <ns3:TrackPointExtension>
            <ns3:atemp>19.2</ns3:atemp>
            <ns3:hr>148</ns3:hr>
            <ns3:cad>87</ns3:cad>
            <ns3:power>155</ns3:power>
          </ns3:TrackPointExtension>
        </extensions>
      </trkpt>
      <trkpt lat="46.1300028172" lon="7.1287108167">
        <ele>584.36</ele>
        <time>2026-05-17T07:45:23.000Z</time>
        <extensions>
          <ns3:TrackPointExtension>
            <ns3:atemp>19.2</ns3:atemp>
            <ns3:hr>147</ns3:hr>
            <ns3:cad>86</ns3:cad>
            <ns3:power>155</ns3:power>
          </ns3:TrackPointExtension>
        </extensions>
      </trkpt>
      <trkpt lat="46.1300197523" lon="7.1287406409">
        <ele>584.52</ele>
        <time>2026-05-17T07:45:24.000Z</time>
        <extensions>
          <ns3:TrackPointExtension>
            <ns3:atemp>19.2</ns3:atemp>
            <ns3:hr>147</ns3:hr>
            <ns3:cad>86</ns3:cad>
            <ns3:power>154</ns3:power>
          </ns3:TrackPointExtension>
        </extensions>
      </trkpt>
      <trkpt lat="46.1300402510" lon="7.1287777421">
        <ele>584.68</ele>
        <time>2026-05-17T07:45:25.000Z</time>
        <extensions>
          <ns3:TrackPointExtension>
            <ns3:atemp>19.2</ns3:atemp>
            <ns3:hr>147</ns3:hr>
            <ns3:cad>86</ns3:cad>
            <ns3:power>154</ns3:power>
          </ns3:TrackPointExtension>
        </extensions>
      </trkpt>
      <trkpt lat="46.1300585518" lon="7.1288100241">
        <ele>584.84</ele>
        <time>2026-05-17T07:45:26.000Z</time>
        <extensions>
          <ns3:TrackPointExtension>
            <ns3:atemp>19.2</ns3:atemp>
            <ns3:hr>147</ns3:hr>
            <ns3:cad>86</ns3:cad>
            <ns3:power>154</ns3:power>
          </ns3:TrackPointExtension>
        </extensions>
      </trkpt>
      <trkpt lat="46.1300766187" lon="7.1288376653">
        <ele>585.00</ele>
        <time>2026-05-17T07:45:27.000Z</time>
        <extensions>
          <ns3:TrackPointExtension>
            <ns3:atemp>19.2</ns3:atemp>
            <ns3:hr>147</ns3:hr>
            <ns3:cad>86</ns3:cad>
            <ns3:power>154</ns3:power>
          </ns3:TrackPointExtension>
        </extensions>
      </trkpt>
      <trkpt lat="46.1300961357" lon="7.1288744985">
        <ele>585.16</ele>
        <time>2026-05-17T07:45:28.000Z</time>
        <extensions>
          <ns3:TrackPointExtension>
            <ns3:atemp>19.2</ns3:atemp>
            <ns3:hr>146</ns3:hr>
            <ns3:cad>86</ns3:cad>
            <ns3:power>154</ns3:power>
          </ns3:TrackPointExtension>
        </extensions>
      </trkpt>
      <trkpt lat="46.1301129743" lon="7.1289058563">
        <ele>585.32</ele>
        <time>2026-05-17T07:45:29.000Z</time>
        <extensions>
          <ns3:TrackPointExtension>
            <ns3:atemp>19.2</ns3:atemp>
            <ns3:hr>146</ns3:hr>
            <ns3:cad>86</ns3:cad>
            <ns3:power>153</ns3:power>
          </ns3:TrackPointExtension>
        </extensions>
      </trkpt>
      <trkpt lat="46.1301300889" lon="7.1289328280">
        <ele>585.48</ele>
        <time>2026-05-17T07:45:30.000Z</time>
        <extensions>
          <ns3:TrackPointExtension>
            <ns3:atemp>19.2</ns3:atemp>
            <ns3:hr>146</ns3:hr>
            <ns3:cad>86</ns3:cad>
            <ns3:power>153</ns3:power>
          </ns3:TrackPointExtension>
        </extensions>
      </trkpt>
      <trkpt lat="46.1301464427" lon="7.1289753750">
        <ele>585.64</ele>
        <time>2026-05-17T07:45:31.000Z</time>
        <extensions>
          <ns3:TrackPointExtension>
            <ns3:atemp>19.2</ns3:atemp>
            <ns3:hr>146</ns3:hr>
            <ns3:cad>85</ns3:cad>
            <ns3:power>153</ns3:power>
          </ns3:TrackPointExtension>
        </extensions>
      </trkpt>
      <trkpt lat="46.1301658172" lon="7.1290071048">
        <ele>585.80</ele>
        <time>2026-05-17T07:45:32.000Z</time>
        <extensions>
          <ns3:TrackPointExtension>
            <ns3:atemp>19.2</ns3:atemp>
            <ns3:hr>146</ns3:hr>
            <ns3:cad>85</ns3:cad>
            <ns3:power>153</ns3:power>
          </ns3:TrackPointExtension>
        </extensions>
      </trkpt>
      <trkpt lat="46.1301875843" lon="7.1290460547">
        <ele>585.96</ele>
        <time>2026-05-17T07:45:33.000Z</time>
        <extensions>
          <ns3:TrackPointExtension>
            <ns3:atemp>19.2</ns3:atemp>
            <ns3:hr>146</ns3:hr>
            <ns3:cad>85</ns3:cad>
            <ns3:power>153</ns3:power>
          </ns3:TrackPointExtension>
        </extensions>
      </trkpt>
      <trkpt lat="46.1302127740" lon="7.1290867898">
        <ele>586.11</ele>
        <time>2026-05-17T07:45:34.000Z</time>
        <extensions>
          <ns3:TrackPointExtension>
            <ns3:atemp>19.2</ns3:atemp>
            <ns3:hr>145</ns3:hr>
            <ns3:cad>85</ns3:cad>
            <ns3:power>153</ns3:power>
          </ns3:TrackPointExtension>
        </extensions>
      </trkpt>
      <trkpt lat="46.1302322869" lon="7.1291165332">
        <ele>586.27</ele>
        <time>2026-05-17T07:45:35.000Z</time>
        <extensions>
          <ns3:TrackPointExtension>
            <ns3:atemp>19.2</ns3:atemp>
            <ns3:hr>145</ns3:hr>
            <ns3:cad>85</ns3:cad>
            <ns3:power>152</ns3:power>
          </ns3:TrackPointExtension>
        </extensions>
      </trkpt>
      <trkpt lat="46.1302563643" lon="7.1291525322">
        <ele>586.43</ele>
        <time>2026-05-17T07:45:36.000Z</time>
        <extensions>
          <ns3:TrackPointExtension>
            <ns3:atemp>19.2</ns3:atemp>
            <ns3:hr>145</ns3:hr>
            <ns3:cad>85</ns3:cad>
            <ns3:power>152</ns3:power>
          </ns3:TrackPointExtension>
        </extensions>
      </trkpt>
      <trkpt lat="46.1302802417" lon="7.1291904645">
        <ele>586.59</ele>
        <time>2026-05-17T07:45:37.000Z</time>
        <extensions>
          <ns3:TrackPointExtension>
            <ns3:atemp>19.2</ns3:atemp>
            <ns3:hr>145</ns3:hr>
            <ns3:cad>84</ns3:cad>
            <ns3:power>152</ns3:power>
          </ns3:TrackPointExtension>
        </extensions>
      </trkpt>
      <trkpt lat="46.1303055028" lon="7.1292319567">
        <ele>586.74</ele>
        <time>2026-05-17T07:45:38.000Z</time>
        <extensions>
          <ns3:TrackPointExtension>
            <ns3:atemp>19.2</ns3:atemp>
            <ns3:hr>145</ns3:hr>
            <ns3:cad>84</ns3:cad>
            <ns3:power>152</ns3:power>
          </ns3:TrackPointExtension>
        </extensions>
      </trkpt>
      <trkpt lat="46.1303265739" lon="7.1292748395">
        <ele>586.90</ele>
        <time>2026-05-17T07:45:39.000Z</time>
        <extensions>
          <ns3:TrackPointExtension>
            <ns3:atemp>19.2</ns3:atemp>
            <ns3:hr>145</ns3:hr>
            <ns3:cad>84</ns3:cad>
            <ns3:power>152</ns3:power>
          </ns3:TrackPointExtension>
        </extensions>
      </trkpt>
      <trkpt lat="46.1303524974" lon="7.1293098419">
        <ele>587.06</ele>
        <time>2026-05-17T07:45:40.000Z</time>
        <extensions>
          <ns3:TrackPointExtension>
            <ns3:atemp>19.2</ns3:atemp>
            <ns3:hr>144</ns3:hr>
            <ns3:cad>84</ns3:cad>
            <ns3:power>152</ns3:power>
          </ns3:TrackPointExtension>
        </extensions>
      </trkpt>
      <trkpt lat="46.1303780364" lon="7.1293517542">
        <ele>587.21</ele>
        <time>2026-05-17T07:45:41.000Z</time>
        <extensions>
          <ns3:TrackPointExtension>
            <ns3:atemp>19.2</ns3:atemp>
            <ns3:hr>144</ns3:hr>
            <ns3:cad>84</ns3:cad>
            <ns3:power>152</ns3:power>
          </ns3:TrackPointExtension>
        </extensions>
      </trkpt>
      <trkpt lat="46.1303965007" lon="7.1293960744">
        <ele>587.37</ele>
        <time>2026-05-17T07:45:42.000Z</time>
        <extensions>
          <ns3:TrackPointExtension>
            <ns3:atemp>19.2</ns3:atemp>
            <ns3:hr>144</ns3:hr>
            <ns3:cad>83</ns3:cad>
            <ns3:power>152</ns3:power>
          </ns3:TrackPointExtension>
        </extensions>
      </trkpt>
      <trkpt lat="46.1304197191" lon="7.1294328870">
        <ele>587.53</ele>
        <time>2026-05-17T07:45:43.000Z</time>
        <extensions>
          <ns3:TrackPointExtension>
            <ns3:atemp>19.2</ns3:atemp>
            <ns3:hr>144</ns3:hr>
            <ns3:cad>83</ns3:cad>
            <ns3:power>151</ns3:power>
          </ns3:TrackPointExtension>
        </extensions>
      </trkpt>
      <trkpt lat="46.1304451717" lon="7.1294624266">
        <ele>587.68</ele>
        <time>2026-05-17T07:45:44.000Z</time>
        <extensions>
          <ns3:TrackPointExtension>
            <ns3:atemp>19.2</ns3:atemp>
            <ns3:hr>144</ns3:hr>
            <ns3:cad>83</ns3:cad>
            <ns3:power>151</ns3:power>
          </ns3:TrackPointExtension>
        </extensions>
      </trkpt>
      <trkpt lat="46.1304693596" lon="7.1295063286">
        <ele>587.84</ele>
        <time>2026-05-17T07:45:45.000Z</time>
        <extensions>
          <ns3:TrackPointExtension>
            <ns3:atemp>19.2</ns3:atemp>
            <ns3:hr>144</ns3:hr>
            <ns3:cad>83</ns3:cad>
            <ns3:power>151</ns3:power>
          </ns3:TrackPointExtension>
        </extensions>
      </trkpt>
      <trkpt lat="46.1304928654" lon="7.1295432375">
        <ele>587.99</ele>
        <time>2026-05-17T07:45:46.000Z</time>
        <extensions>
          <ns3:TrackPointExtension>
            <ns3:atemp>19.2</ns3:atemp>
            <ns3:hr>143</ns3:hr>
            <ns3:cad>83</ns3:cad>
            <ns3:power>151</ns3:power>
          </ns3:TrackPointExtension>
        </extensions>
      </trkpt>
      <trkpt lat="46.1305182424" lon="7.1295832347">
        <ele>588.15</ele>
        <time>2026-05-17T07:45:47.000Z</time>
        <extensions>
          <ns3:TrackPointExtension>
            <ns3:atemp>19.2</ns3:atemp>
            <ns3:hr>143</ns3:hr>
            <ns3:cad>83</ns3:cad>
            <ns3:power>151</ns3:power>
          </ns3:TrackPointExtension>
        </extensions>
      </trkpt>
      <trkpt lat="46.1305339950" lon="7.1296146821">
        <ele>588.30</ele>
        <time>2026-05-17T07:45:48.000Z</time>
        <extensions>
          <ns3:TrackPointExtension>
            <ns3:atemp>19.2</ns3:atemp>
            <ns3:hr>143</ns3:hr>
            <ns3:cad>82</ns3:cad>
            <ns3:power>151</ns3:power>
          </ns3:TrackPointExtension>
        </extensions>
      </trkpt>
      <trkpt lat="46.1305551991" lon="7.1296449941">
        <ele>588.46</ele>
        <time>2026-05-17T07:45:49.000Z</time>
        <extensions>
          <ns3:TrackPointExtension>
            <ns3:atemp>19.2</ns3:atemp>
            <ns3:hr>143</ns3:hr>
            <ns3:cad>82</ns3:cad>
            <ns3:power>151</ns3:power>
          </ns3:TrackPointExtension>
        </extensions>
      </trkpt>
      <trkpt lat="46.1305776762" lon="7.1296852827">
        <ele>588.61</ele>
        <time>2026-05-17T07:45:50.000Z</time>
        <extensions>
          <ns3:TrackPointExtension>
            <ns3:atemp>19.2</ns3:atemp>
            <ns3:hr>143</ns3:hr>
            <ns3:cad>82</ns3:cad>
            <ns3:power>151</ns3:power>
          </ns3:TrackPointExtension>
        </extensions>
      </trkpt>
      <trkpt lat="46.1306015714" lon="7.1297235744">
        <ele>588.77</ele>
        <time>2026-05-17T07:45:51.000Z</time>
        <extensions>
          <ns3:TrackPointExtension>
            <ns3:atemp>19.2</ns3:atemp>
            <ns3:hr>143</ns3:hr>
            <ns3:cad>82</ns3:cad>
            <ns3:power>151</ns3:power>
          </ns3:TrackPointExtension>
        </extensions>
      </trkpt>
      <trkpt lat="46.1306176212" lon="7.1297576818">
        <ele>588.92</ele>
        <time>2026-05-17T07:45:52.000Z</time>
        <extensions>
          <ns3:TrackPointExtension>
            <ns3:atemp>19.2</ns3:atemp>
            <ns3:hr>143</ns3:hr>
            <ns3:cad>81</ns3:cad>
            <ns3:power>151</ns3:power>
          </ns3:TrackPointExtension>
        </extensions>
      </trkpt>
      <trkpt lat="46.1306372848" lon="7.1297904587">
        <ele>589.08</ele>
        <time>2026-05-17T07:45:53.000Z</time>
        <extensions>
          <ns3:TrackPointExtension>
            <ns3:atemp>19.2</ns3:atemp>
            <ns3:hr>142</ns3:hr>
            <ns3:cad>81</ns3:cad>
            <ns3:power>150</ns3:power>
          </ns3:TrackPointExtension>
        </extensions>
      </trkpt>
      <trkpt lat="46.1306591028" lon="7.1298370216">
        <ele>589.23</ele>
        <time>2026-05-17T07:45:54.000Z</time>
        <extensions>
          <ns3:TrackPointExtension>
            <ns3:atemp>19.2</ns3:atemp>
            <ns3:hr>142</ns3:hr>
            <ns3:cad>81</ns3:cad>
            <ns3:power>150</ns3:power>
          </ns3:TrackPointExtension>
        </extensions>
      </trkpt>
      <trkpt lat="46.1306764294" lon="7.1298776338">
        <ele>589.38</ele>
        <time>2026-05-17T07:45:55.000Z</time>
        <extensions>
          <ns3:TrackPointExtension>
            <ns3:atemp>19.2</ns3:atemp>
            <ns3:hr>142</ns3:hr>
            <ns3:cad>81</ns3:cad>
            <ns3:power>150</ns3:power>
          </ns3:TrackPointExtension>
        </extensions>
      </trkpt>
      <trkpt lat="46.1306947467" lon="7.1299103996">
        <ele>589.54</ele>
        <time>2026-05-17T07:45:56.000Z</time>
        <extensions>
          <ns3:TrackPointExtension>
            <ns3:atemp>19.2</ns3:atemp>
            <ns3:hr>142</ns3:hr>
            <ns3:cad>81</ns3:cad>
            <ns3:power>150</ns3:power>
          </ns3:TrackPointExtension>
        </extensions>
      </trkpt>
      <trkpt lat="46.1307180317" lon="7.1299463660">
        <ele>589.69</ele>
        <time>2026-05-17T07:45:57.000Z</time>
        <extensions>
          <ns3:TrackPointExtension>
            <ns3:atemp>19.2</ns3:atemp>
            <ns3:hr>142</ns3:hr>
            <ns3:cad>80</ns3:cad>
            <ns3:power>150</ns3:power>
          </ns3:TrackPointExtension>
        </extensions>
      </trkpt>
      <trkpt lat="46.1307341981" lon="7.1299852131">
        <ele>589.85</ele>
        <time>2026-05-17T07:45:58.000Z</time>
        <extensions>
          <ns3:TrackPointExtension>
            <ns3:atemp>19.2</ns3:atemp>
            <ns3:hr>142</ns3:hr>
            <ns3:cad>80</ns3:cad>
            <ns3:power>150</ns3:power>
          </ns3:TrackPointExtension>
        </extensions>
      </trkpt>
      <trkpt lat="46.1307480032" lon="7.1300219644">
        <ele>590.00</ele>
        <time>2026-05-17T07:45:59.000Z</time>
        <extensions>
          <ns3:TrackPointExtension>
            <ns3:atemp>19.2</ns3:atemp>
            <ns3:hr>142</ns3:hr>
            <ns3:cad>80</ns3:cad>
            <ns3:power>150</ns3:power>
          </ns3:TrackPointExtension>
        </extensions>
      </trkpt>
      <trkpt lat="46.1307645178" lon="7.1300609135">
        <ele>590.15</ele>
        <time>2026-05-17T07:46:00.000Z</time>
        <extensions>
          <ns3:TrackPointExtension>
            <ns3:atemp>19.2</ns3:atemp>
            <ns3:hr>141</ns3:hr>
            <ns3:cad>80</ns3:cad>
            <ns3:power>150</ns3:power>
          </ns3:TrackPointExtension>
        </extensions>
      </trkpt>
      <trkpt lat="46.1307837920" lon="7.1300987507">
        <ele>590.31</ele>
        <time>2026-05-17T07:46:01.000Z</time>
        <extensions>
          <ns3:TrackPointExtension>
            <ns3:atemp>19.2</ns3:atemp>
            <ns3:hr>141</ns3:hr>
            <ns3:cad>79</ns3:cad>
            <ns3:power>150</ns3:power>
          </ns3:TrackPointExtension>
        </extensions>
      </trkpt>
      <trkpt lat="46.1307990111" lon="7.1301414105">
        <ele>590.46</ele>
        <time>2026-05-17T07:46:02.000Z</time>
        <extensions>
          <ns3:TrackPointExtension>
            <ns3:atemp>19.2</ns3:atemp>
            <ns3:hr>141</ns3:hr>
            <ns3:cad>79</ns3:cad>
            <ns3:power>150</ns3:power>
          </ns3:TrackPointExtension>
        </extensions>
      </trkpt>
      <trkpt lat="46.1308123211" lon="7.1301795435">
        <ele>590.61</ele>
        <time>2026-05-17T07:46:03.000Z</time>
        <extensions>
          <ns3:TrackPointExtension>
            <ns3:atemp>19.2</ns3:atemp>
            <ns3:hr>141</ns3:hr>
            <ns3:cad>79</ns3:cad>
            <ns3:power>150</ns3:power>
          </ns3:TrackPointExtension>
        </extensions>
      </trkpt>
      <trkpt lat="46.1308268960" lon="7.1302162442">
        <ele>590.76</ele>
        <time>2026-05-17T07:46:04.000Z</time>
        <extensions>
          <ns3:TrackPointExtension>
            <ns3:atemp>19.2</ns3:atemp>
            <ns3:hr>141</ns3:hr>
            <ns3:cad>79</ns3:cad>
            <ns3:power>150</ns3:power>
          </ns3:TrackPointExtension>
        </extensions>
      </trkpt>
      <trkpt lat="46.1308456444" lon="7.1302512973">
        <ele>590.92</ele>
        <time>2026-05-17T07:46:05.000Z</time>
        <extensions>
          <ns3:TrackPointExtension>
            <ns3:atemp>19.2</ns3:atemp>
            <ns3:hr>141</ns3:hr>
            <ns3:cad>79</ns3:cad>
            <ns3:power>150</ns3:power>
          </ns3:TrackPointExtension>
        </extensions>
      </trkpt>
      <trkpt lat="46.1308626568" lon="7.1302917229">
        <ele>591.07</ele>
        <time>2026-05-17T07:46:06.000Z</time>
        <extensions>
          <ns3:TrackPointExtension>
            <ns3:atemp>19.2</ns3:atemp>
            <ns3:hr>141</ns3:hr>
            <ns3:cad>78</ns3:cad>
            <ns3:power>150</ns3:power>
          </ns3:TrackPointExtension>
        </extensions>
      </trkpt>
      <trkpt lat="46.1308804318" lon="7.1303366479">
        <ele>591.22</ele>
        <time>2026-05-17T07:46:07.000Z</time>
        <extensions>
          <ns3:TrackPointExtension>
            <ns3:atemp>19.2</ns3:atemp>
            <ns3:hr>140</ns3:hr>
            <ns3:cad>78</ns3:cad>
            <ns3:power>150</ns3:power>
          </ns3:TrackPointExtension>
        </extensions>
      </trkpt>
      <trkpt lat="46.1308972699" lon="7.1303821347">
        <ele>591.37</ele>
        <time>2026-05-17T07:46:08.000Z</time>
        <extensions>
          <ns3:TrackPointExtension>
            <ns3:atemp>19.2</ns3:atemp>
            <ns3:hr>140</ns3:hr>
            <ns3:cad>78</ns3:cad>
            <ns3:power>149</ns3:power>
          </ns3:TrackPointExtension>
        </extensions>
      </trkpt>
      <trkpt lat="46.1309103777" lon="7.1304288839">
        <ele>591.53</ele>
        <time>2026-05-17T07:46:09.000Z</time>
        <extensions>
          <ns3:TrackPointExtension>
            <ns3:atemp>19.2</ns3:atemp>
            <ns3:hr>140</ns3:hr>
            <ns3:cad>78</ns3:cad>
            <ns3:power>149</ns3:power>
          </ns3:TrackPointExtension>
        </extensions>
      </trkpt>
      <trkpt lat="46.1309239176" lon="7.1304644676">
        <ele>591.68</ele>
        <time>2026-05-17T07:46:10.000Z</time>
        <extensions>
          <ns3:TrackPointExtension>
            <ns3:atemp>19.2</ns3:atemp>
            <ns3:hr>140</ns3:hr>
            <ns3:cad>77</ns3:cad>
            <ns3:power>149</ns3:power>
          </ns3:TrackPointExtension>
        </extensions>
      </trkpt>
      <trkpt lat="46.1309454953" lon="7.1305086224">
        <ele>591.83</ele>
        <time>2026-05-17T07:46:11.000Z</time>
        <extensions>
          <ns3:TrackPointExtension>
            <ns3:atemp>19.2</ns3:atemp>
            <ns3:hr>140</ns3:hr>
            <ns3:cad>77</ns3:cad>
            <ns3:power>149</ns3:power>
          </ns3:TrackPointExtension>
        </extensions>
      </trkpt>
      <trkpt lat="46.1309633965" lon="7.1305534030">
        <ele>591.98</ele>
        <time>2026-05-17T07:46:12.000Z</time>
        <extensions>
          <ns3:TrackPointExtension>
            <ns3:atemp>19.2</ns3:atemp>
            <ns3:hr>140</ns3:hr>
            <ns3:cad>77</ns3:cad>
            <ns3:power>149</ns3:power>
          </ns3:TrackPointExtension>
        </extensions>
      </trkpt>
      <trkpt lat="46.1309853217" lon="7.1305901103">
        <ele>592.13</ele>
        <time>2026-05-17T07:46:13.000Z</time>
        <extensions>
          <ns3:TrackPointExtension>
            <ns3:atemp>19.2</ns3:atemp>
            <ns3:hr>140</ns3:hr>
            <ns3:cad>77</ns3:cad>
            <ns3:power>149</ns3:power>
          </ns3:TrackPointExtension>
        </extensions>
      </trkpt>
      <trkpt lat="46.1309989332" lon="7.1306318156">
        <ele>592.29</ele>
        <time>2026-05-17T07:46:14.000Z</time>
        <extensions>
          <ns3:TrackPointExtension>
            <ns3:atemp>19.2</ns3:atemp>
            <ns3:hr>140</ns3:hr>
            <ns3:cad>77</ns3:cad>
            <ns3:power>149</ns3:power>
          </ns3:TrackPointExtension>
        </extensions>
      </trkpt>
      <trkpt lat="46.1310141970" lon="7.1306690627">
        <ele>592.44</ele>
        <time>2026-05-17T07:46:15.000Z</time>
        <extensions>
          <ns3:TrackPointExtension>
            <ns3:atemp>19.2</ns3:atemp>
            <ns3:hr>140</ns3:hr>
            <ns3:cad>76</ns3:cad>
            <ns3:power>149</ns3:power>
          </ns3:TrackPointExtension>
        </extensions>
      </trkpt>
      <trkpt lat="46.1310345417" lon="7.1307141323">
        <ele>592.59</ele>
        <time>2026-05-17T07:46:16.000Z</time>
        <extensions>
          <ns3:TrackPointExtension>
            <ns3:atemp>19.2</ns3:atemp>
            <ns3:hr>139</ns3:hr>
            <ns3:cad>76</ns3:cad>
            <ns3:power>149</ns3:power>
          </ns3:TrackPointExtension>
        </extensions>
      </trkpt>
      <trkpt lat="46.1310488900" lon="7.1307505127">
        <ele>592.74</ele>
        <time>2026-05-17T07:46:17.000Z</time>
        <extensions>
          <ns3:TrackPointExtension>
            <ns3:atemp>19.2</ns3:atemp>
            <ns3:hr>139</ns3:hr>
            <ns3:cad>76</ns3:cad>
            <ns3:power>149</ns3:power>
          </ns3:TrackPointExtension>
        </extensions>
      </trkpt>
      <trkpt lat="46.1310656175" lon="7.1307859270">
        <ele>592.89</ele>
        <time>2026-05-17T07:46:18.000Z</time>
        <extensions>
          <ns3:TrackPointExtension>
            <ns3:atemp>19.2</ns3:atemp>
            <ns3:hr>139</ns3:hr>
            <ns3:cad>76</ns3:cad>
            <ns3:power>149</ns3:power>
          </ns3:TrackPointExtension>
        </extensions>
      </trkpt>
      <trkpt lat="46.1310842693" lon="7.1308355099">
        <ele>593.04</ele>
        <time>2026-05-17T07:46:19.000Z</time>
        <extensions>
          <ns3:TrackPointExtension>
            <ns3:atemp>19.2</ns3:atemp>
            <ns3:hr>139</ns3:hr>
            <ns3:cad>75</ns3:cad>
            <ns3:power>149</ns3:power>
          </ns3:TrackPointExtension>
        </extensions>
      </trkpt>
      <trkpt lat="46.1310956011" lon="7.1308782541">
        <ele>593.20</ele>
        <time>2026-05-17T07:46:20.000Z</time>
        <extensions>
          <ns3:TrackPointExtension>
            <ns3:atemp>19.2</ns3:atemp>
            <ns3:hr>139</ns3:hr>
            <ns3:cad>75</ns3:cad>
            <ns3:power>149</ns3:power>
          </ns3:TrackPointExtension>
        </extensions>
      </trkpt>
      <trkpt lat="46.1311073129" lon="7.1309161500">
        <ele>593.35</ele>
        <time>2026-05-17T07:46:21.000Z</time>
        <extensions>
          <ns3:TrackPointExtension>
            <ns3:atemp>19.2</ns3:atemp>
            <ns3:hr>139</ns3:hr>
            <ns3:cad>75</ns3:cad>
            <ns3:power>149</ns3:power>
          </ns3:TrackPointExtension>
        </extensions>
      </trkpt>
      <trkpt lat="46.1311272306" lon="7.1309521144">
        <ele>593.50</ele>
        <time>2026-05-17T07:46:22.000Z</time>
        <extensions>
          <ns3:TrackPointExtension>
            <ns3:atemp>19.2</ns3:atemp>
            <ns3:hr>139</ns3:hr>
            <ns3:cad>75</ns3:cad>
            <ns3:power>149</ns3:power>
          </ns3:TrackPointExtension>
        </extensions>
      </trkpt>
      <trkpt lat="46.1311407400" lon="7.1309909019">
        <ele>593.65</ele>
        <time>2026-05-17T07:46:23.000Z</time>
        <extensions>
          <ns3:TrackPointExtension>
            <ns3:atemp>19.2</ns3:atemp>
            <ns3:hr>139</ns3:hr>
            <ns3:cad>75</ns3:cad>
            <ns3:power>149</ns3:power>
          </ns3:TrackPointExtension>
        </extensions>
      </trkpt>
      <trkpt lat="46.1311576275" lon="7.1310268673">
        <ele>593.80</ele>
        <time>2026-05-17T07:46:24.000Z</time>
        <extensions>
          <ns3:TrackPointExtension>
            <ns3:atemp>19.2</ns3:atemp>
            <ns3:hr>139</ns3:hr>
            <ns3:cad>74</ns3:cad>
            <ns3:power>149</ns3:power>
          </ns3:TrackPointExtension>
        </extensions>
      </trkpt>
      <trkpt lat="46.1311728283" lon="7.1310682118">
        <ele>593.95</ele>
        <time>2026-05-17T07:46:25.000Z</time>
        <extensions>
          <ns3:TrackPointExtension>
            <ns3:atemp>19.2</ns3:atemp>
            <ns3:hr>139</ns3:hr>
            <ns3:cad>74</ns3:cad>
            <ns3:power>149</ns3:power>
          </ns3:TrackPointExtension>
        </extensions>
      </trkpt>
      <trkpt lat="46.1311893969" lon="7.1311101005">
        <ele>594.10</ele>
        <time>2026-05-17T07:46:26.000Z</time>
        <extensions>
          <ns3:TrackPointExtension>
            <ns3:atemp>19.2</ns3:atemp>
            <ns3:hr>139</ns3:hr>
            <ns3:cad>74</ns3:cad>
            <ns3:power>149</ns3:power>
          </ns3:TrackPointExtension>
        </extensions>
      </trkpt>
      <trkpt lat="46.1312104869" lon="7.1311537549">
        <ele>594.25</ele>
        <time>2026-05-17T07:46:27.000Z</time>
        <extensions>
          <ns3:TrackPointExtension>
            <ns3:atemp>19.2</ns3:atemp>
            <ns3:hr>138</ns3:hr>
            <ns3:cad>74</ns3:cad>
            <ns3:power>149</ns3:power>
          </ns3:TrackPointExtension>
        </extensions>
      </trkpt>
      <trkpt lat="46.1312303263" lon="7.1311957250">
        <ele>594.41</ele>
        <time>2026-05-17T07:46:28.000Z</time>
        <extensions>
          <ns3:TrackPointExtension>
            <ns3:atemp>19.2</ns3:atemp>
            <ns3:hr>138</ns3:hr>
            <ns3:cad>74</ns3:cad>
            <ns3:power>149</ns3:power>
          </ns3:TrackPointExtension>
        </extensions>
      </trkpt>
      <trkpt lat="46.1312483317" lon="7.1312321351">
        <ele>594.56</ele>
        <time>2026-05-17T07:46:29.000Z</time>
        <extensions>
          <ns3:TrackPointExtension>
            <ns3:atemp>19.2</ns3:atemp>
            <ns3:hr>138</ns3:hr>
            <ns3:cad>73</ns3:cad>
            <ns3:power>149</ns3:power>
          </ns3:TrackPointExtension>
        </extensions>
      </trkpt>
      <trkpt lat="46.1312623117" lon="7.1312820553">
        <ele>594.71</ele>
        <time>2026-05-17T07:46:30.000Z</time>
        <extensions>
          <ns3:TrackPointExtension>
            <ns3:atemp>19.2</ns3:atemp>
            <ns3:hr>138</ns3:hr>
            <ns3:cad>73</ns3:cad>
            <ns3:power>149</ns3:power>
          </ns3:TrackPointExtension>
        </extensions>
      </trkpt>
      <trkpt lat="46.1312832961" lon="7.1313226743">
        <ele>594.86</ele>
        <time>2026-05-17T07:46:31.000Z</time>
        <extensions>
          <ns3:TrackPointExtension>
            <ns3:atemp>19.2</ns3:atemp>
            <ns3:hr>138</ns3:hr>
            <ns3:cad>73</ns3:cad>
            <ns3:power>149</ns3:power>
          </ns3:TrackPointExtension>
        </extensions>
      </trkpt>
      <trkpt lat="46.1312950159" lon="7.1313727393">
        <ele>595.01</ele>
        <time>2026-05-17T07:46:32.000Z</time>
        <extensions>
          <ns3:TrackPointExtension>
            <ns3:atemp>19.2</ns3:atemp>
            <ns3:hr>138</ns3:hr>
            <ns3:cad>73</ns3:cad>
            <ns3:power>149</ns3:power>
          </ns3:TrackPointExtension>
        </extensions>
      </trkpt>
      <trkpt lat="46.1313074700" lon="7.1314102117">
        <ele>595.16</ele>
        <time>2026-05-17T07:46:33.000Z</time>
        <extensions>
          <ns3:TrackPointExtension>
            <ns3:atemp>19.2</ns3:atemp>
            <ns3:hr>138</ns3:hr>
            <ns3:cad>73</ns3:cad>
            <ns3:power>149</ns3:power>
          </ns3:TrackPointExtension>
        </extensions>
      </trkpt>
      <trkpt lat="46.1313175521" lon="7.1314562184">
        <ele>595.31</ele>
        <time>2026-05-17T07:46:34.000Z</time>
        <extensions>
          <ns3:TrackPointExtension>
            <ns3:atemp>19.2</ns3:atemp>
            <ns3:hr>138</ns3:hr>
            <ns3:cad>72</ns3:cad>
            <ns3:power>149</ns3:power>
          </ns3:TrackPointExtension>
        </extensions>
      </trkpt>
      <trkpt lat="46.1313304310" lon="7.1314985924">
        <ele>595.46</ele>
        <time>2026-05-17T07:46:35.000Z</time>
        <extensions>
          <ns3:TrackPointExtension>
            <ns3:atemp>19.2</ns3:atemp>
            <ns3:hr>138</ns3:hr>
            <ns3:cad>72</ns3:cad>
            <ns3:power>149</ns3:power>
          </ns3:TrackPointExtension>
        </extensions>
      </trkpt>
      <trkpt lat="46.1313509170" lon="7.1315353487">
        <ele>595.62</ele>
        <time>2026-05-17T07:46:36.000Z</time>
        <extensions>
          <ns3:TrackPointExtension>
            <ns3:atemp>19.2</ns3:atemp>
            <ns3:hr>138</ns3:hr>
            <ns3:cad>72</ns3:cad>
            <ns3:power>149</ns3:power>
          </ns3:TrackPointExtension>
        </extensions>
      </trkpt>
      <trkpt lat="46.1313677371" lon="7.1315821943">
        <ele>595.77</ele>
        <time>2026-05-17T07:46:37.000Z</time>
        <extensions>
          <ns3:TrackPointExtension>
            <ns3:atemp>19.2</ns3:atemp>
            <ns3:hr>138</ns3:hr>
            <ns3:cad>72</ns3:cad>
            <ns3:power>149</ns3:power>
          </ns3:TrackPointExtension>
        </extensions>
      </trkpt>
      <trkpt lat="46.1313841186" lon="7.1316204735">
        <ele>595.92</ele>
        <time>2026-05-17T07:46:38.000Z</time>
        <extensions>
          <ns3:TrackPointExtension>
            <ns3:atemp>19.2</ns3:atemp>
            <ns3:hr>138</ns3:hr>
            <ns3:cad>72</ns3:cad>
            <ns3:power>149</ns3:power>
          </ns3:TrackPointExtension>
        </extensions>
      </trkpt>
      <trkpt lat="46.1314028951" lon="7.1316579196">
        <ele>596.07</ele>
        <time>2026-05-17T07:46:39.000Z</time>
        <extensions>
          <ns3:TrackPointExtension>
            <ns3:atemp>19.2</ns3:atemp>
            <ns3:hr>138</ns3:hr>
            <ns3:cad>71</ns3:cad>
            <ns3:power>149</ns3:power>
          </ns3:TrackPointExtension>
        </extensions>
      </trkpt>
      <trkpt lat="46.1314168186" lon="7.1316998562">
        <ele>596.22</ele>
        <time>2026-05-17T07:46:40.000Z</time>
        <extensions>
          <ns3:TrackPointExtension>
            <ns3:atemp>19.3</ns3:atemp>
            <ns3:hr>138</ns3:hr>
            <ns3:cad>71</ns3:cad>
            <ns3:power>149</ns3:power>
          </ns3:TrackPointExtension>
        </extensions>
      </trkpt>
      <trkpt lat="46.1314313685" lon="7.1317499215">
        <ele>596.37</ele>
        <time>2026-05-17T07:46:41.000Z</time>
        <extensions>
          <ns3:TrackPointExtension>
            <ns3:atemp>19.3</ns3:atemp>
            <ns3:hr>138</ns3:hr>
            <ns3:cad>71</ns3:cad>
            <ns3:power>149</ns3:power>
          </ns3:TrackPointExtension>
        </extensions>
      </trkpt>
      <trkpt lat="46.1314452689" lon="7.1317898897">
        <ele>596.52</ele>
        <time>2026-05-17T07:46:42.000Z</time>
        <extensions>
          <ns3:TrackPointExtension>
            <ns3:atemp>19.3</ns3:atemp>
            <ns3:hr>138</ns3:hr>
            <ns3:cad>71</ns3:cad>
            <ns3:power>149</ns3:power>
          </ns3:TrackPointExtension>
        </extensions>
      </trkpt>
      <trkpt lat="46.1314635132" lon="7.1318362586">
        <ele>596.67</ele>
        <time>2026-05-17T07:46:43.000Z</time>
        <extensions>
          <ns3:TrackPointExtension>
            <ns3:atemp>19.3</ns3:atemp>
            <ns3:hr>138</ns3:hr>
            <ns3:cad>71</ns3:cad>
            <ns3:power>149</ns3:power>
          </ns3:TrackPointExtension>
        </extensions>
      </trkpt>
      <trkpt lat="46.1314742342" lon="7.1318873190">
        <ele>596.83</ele>
        <time>2026-05-17T07:46:44.000Z</time>
        <extensions>
          <ns3:TrackPointExtension>
            <ns3:atemp>19.3</ns3:atemp>
            <ns3:hr>138</ns3:hr>
            <ns3:cad>71</ns3:cad>
            <ns3:power>149</ns3:power>
          </ns3:TrackPointExtension>
        </extensions>
      </trkpt>
      <trkpt lat="46.1314907387" lon="7.1319291873">
        <ele>596.98</ele>
        <time>2026-05-17T07:46:45.000Z</time>
        <extensions>
          <ns3:TrackPointExtension>
            <ns3:atemp>19.3</ns3:atemp>
            <ns3:hr>137</ns3:hr>
            <ns3:cad>70</ns3:cad>
            <ns3:power>149</ns3:power>
          </ns3:TrackPointExtension>
        </extensions>
      </trkpt>
      <trkpt lat="46.1315068992" lon="7.1319696078">
        <ele>597.13</ele>
        <time>2026-05-17T07:46:46.000Z</time>
        <extensions>
          <ns3:TrackPointExtension>
            <ns3:atemp>19.3</ns3:atemp>
            <ns3:hr>137</ns3:hr>
            <ns3:cad>70</ns3:cad>
            <ns3:power>149</ns3:power>
          </ns3:TrackPointExtension>
        </extensions>
      </trkpt>
      <trkpt lat="46.1315167230" lon="7.1320119194">
        <ele>597.28</ele>
        <time>2026-05-17T07:46:47.000Z</time>
        <extensions>
          <ns3:TrackPointExtension>
            <ns3:atemp>19.3</ns3:atemp>
            <ns3:hr>137</ns3:hr>
            <ns3:cad>70</ns3:cad>
            <ns3:power>149</ns3:power>
          </ns3:TrackPointExtension>
        </extensions>
      </trkpt>
      <trkpt lat="46.1315301803" lon="7.1320492196">
        <ele>597.43</ele>
        <time>2026-05-17T07:46:48.000Z</time>
        <extensions>
          <ns3:TrackPointExtension>
            <ns3:atemp>19.3</ns3:atemp>
            <ns3:hr>137</ns3:hr>
            <ns3:cad>70</ns3:cad>
            <ns3:power>149</ns3:power>
          </ns3:TrackPointExtension>
        </extensions>
      </trkpt>
      <trkpt lat="46.1315481115" lon="7.1320977379">
        <ele>597.58</ele>
        <time>2026-05-17T07:46:49.000Z</time>
        <extensions>
          <ns3:TrackPointExtension>
            <ns3:atemp>19.3</ns3:atemp>
            <ns3:hr>137</ns3:hr>
            <ns3:cad>70</ns3:cad>
            <ns3:power>149</ns3:power>
          </ns3:TrackPointExtension>
        </extensions>
      </trkpt>
      <trkpt lat="46.1315654466" lon="7.1321464043">
        <ele>597.74</ele>
        <time>2026-05-17T07:46:50.000Z</time>
        <extensions>
          <ns3:TrackPointExtension>
            <ns3:atemp>19.3</ns3:atemp>
            <ns3:hr>137</ns3:hr>
            <ns3:cad>70</ns3:cad>
            <ns3:power>149</ns3:power>
          </ns3:TrackPointExtension>
        </extensions>
      </trkpt>
      <trkpt lat="46.1315756175" lon="7.1321890123">
        <ele>597.89</ele>
        <time>2026-05-17T07:46:51.000Z</time>
        <extensions>
          <ns3:TrackPointExtension>
            <ns3:atemp>19.3</ns3:atemp>
            <ns3:hr>137</ns3:hr>
            <ns3:cad>70</ns3:cad>
            <ns3:power>149</ns3:power>
          </ns3:TrackPointExtension>
        </extensions>
      </trkpt>
      <trkpt lat="46.1315865470" lon="7.1322330619">
        <ele>598.04</ele>
        <time>2026-05-17T07:46:52.000Z</time>
        <extensions>
          <ns3:TrackPointExtension>
            <ns3:atemp>19.3</ns3:atemp>
            <ns3:hr>137</ns3:hr>
            <ns3:cad>70</ns3:cad>
            <ns3:power>149</ns3:power>
          </ns3:TrackPointExtension>
        </extensions>
      </trkpt>
      <trkpt lat="46.1316033146" lon="7.1322706140">
        <ele>598.19</ele>
        <time>2026-05-17T07:46:53.000Z</time>
        <extensions>
          <ns3:TrackPointExtension>
            <ns3:atemp>19.3</ns3:atemp>
            <ns3:hr>137</ns3:hr>
            <ns3:cad>69</ns3:cad>
            <ns3:power>149</ns3:power>
          </ns3:TrackPointExtension>
        </extensions>
      </trkpt>
      <trkpt lat="46.1316207584" lon="7.1323179389">
        <ele>598.35</ele>
        <time>2026-05-17T07:46:54.000Z</time>
        <extensions>
          <ns3:TrackPointExtension>
            <ns3:atemp>19.3</ns3:atemp>
            <ns3:hr>137</ns3:hr>
            <ns3:cad>69</ns3:cad>
            <ns3:power>149</ns3:power>
          </ns3:TrackPointExtension>
        </extensions>
      </trkpt>
      <trkpt lat="46.1316305857" lon="7.1323618009">
        <ele>598.50</ele>
        <time>2026-05-17T07:46:55.000Z</time>
        <extensions>
          <ns3:TrackPointExtension>
            <ns3:atemp>19.3</ns3:atemp>
            <ns3:hr>137</ns3:hr>
            <ns3:cad>69</ns3:cad>
            <ns3:power>149</ns3:power>
          </ns3:TrackPointExtension>
        </extensions>
      </trkpt>
      <trkpt lat="46.1316500399" lon="7.1323983298">
        <ele>598.65</ele>
        <time>2026-05-17T07:46:56.000Z</time>
        <extensions>
          <ns3:TrackPointExtension>
            <ns3:atemp>19.3</ns3:atemp>
            <ns3:hr>137</ns3:hr>
            <ns3:cad>69</ns3:cad>
            <ns3:power>149</ns3:power>
          </ns3:TrackPointExtension>
        </extensions>
      </trkpt>
      <trkpt lat="46.1316644453" lon="7.1324343255">
        <ele>598.80</ele>
        <time>2026-05-17T07:46:57.000Z</time>
        <extensions>
          <ns3:TrackPointExtension>
            <ns3:atemp>19.3</ns3:atemp>
            <ns3:hr>137</ns3:hr>
            <ns3:cad>69</ns3:cad>
            <ns3:power>149</ns3:power>
          </ns3:TrackPointExtension>
        </extensions>
      </trkpt>
      <trkpt lat="46.1316763257" lon="7.1324830882">
        <ele>598.95</ele>
        <time>2026-05-17T07:46:58.000Z</time>
        <extensions>
          <ns3:TrackPointExtension>
            <ns3:atemp>19.3</ns3:atemp>
            <ns3:hr>137</ns3:hr>
            <ns3:cad>69</ns3:cad>
            <ns3:power>149</ns3:power>
          </ns3:TrackPointExtension>
        </extensions>
      </trkpt>
      <trkpt lat="46.1316926625" lon="7.1325230623">
        <ele>599.11</ele>
        <time>2026-05-17T07:46:59.000Z</time>
        <extensions>
          <ns3:TrackPointExtension>
            <ns3:atemp>19.3</ns3:atemp>
            <ns3:hr>137</ns3:hr>
            <ns3:cad>69</ns3:cad>
            <ns3:power>149</ns3:power>
          </ns3:TrackPointExtension>
        </extensions>
      </trkpt>
      <trkpt lat="46.1317022566" lon="7.1325604197">
        <ele>599.26</ele>
        <time>2026-05-17T07:47:00.000Z</time>
        <extensions>
          <ns3:TrackPointExtension>
            <ns3:atemp>19.3</ns3:atemp>
            <ns3:hr>137</ns3:hr>
            <ns3:cad>69</ns3:cad>
            <ns3:power>149</ns3:power>
          </ns3:TrackPointExtension>
        </extensions>
      </trkpt>
      <trkpt lat="46.1317140039" lon="7.1325981384">
        <ele>599.41</ele>
        <time>2026-05-17T07:47:01.000Z</time>
        <extensions>
          <ns3:TrackPointExtension>
            <ns3:atemp>19.3</ns3:atemp>
            <ns3:hr>137</ns3:hr>
            <ns3:cad>69</ns3:cad>
            <ns3:power>150</ns3:power>
          </ns3:TrackPointExtension>
        </extensions>
      </trkpt>
      <trkpt lat="46.1317266342" lon="7.1326467376">
        <ele>599.57</ele>
        <time>2026-05-17T07:47:02.000Z</time>
        <extensions>
          <ns3:TrackPointExtension>
            <ns3:atemp>19.3</ns3:atemp>
            <ns3:hr>137</ns3:hr>
            <ns3:cad>69</ns3:cad>
            <ns3:power>150</ns3:power>
          </ns3:TrackPointExtension>
        </extensions>
      </trkpt>
      <trkpt lat="46.1317379755" lon="7.1326827973">
        <ele>599.72</ele>
        <time>2026-05-17T07:47:03.000Z</time>
        <extensions>
          <ns3:TrackPointExtension>
            <ns3:atemp>19.3</ns3:atemp>
            <ns3:hr>137</ns3:hr>
            <ns3:cad>68</ns3:cad>
            <ns3:power>150</ns3:power>
          </ns3:TrackPointExtension>
        </extensions>
      </trkpt>
      <trkpt lat="46.1317482115" lon="7.1327282968">
        <ele>599.87</ele>
        <time>2026-05-17T07:47:04.000Z</time>
        <extensions>
          <ns3:TrackPointExtension>
            <ns3:atemp>19.3</ns3:atemp>
            <ns3:hr>137</ns3:hr>
            <ns3:cad>68</ns3:cad>
            <ns3:power>150</ns3:power>
          </ns3:TrackPointExtension>
        </extensions>
      </trkpt>
      <trkpt lat="46.1317620999" lon="7.1327769344">
        <ele>600.03</ele>
        <time>2026-05-17T07:47:05.000Z</time>
        <extensions>
          <ns3:TrackPointExtension>
            <ns3:atemp>19.3</ns3:atemp>
            <ns3:hr>137</ns3:hr>
            <ns3:cad>68</ns3:cad>
            <ns3:power>150</ns3:power>
          </ns3:TrackPointExtension>
        </extensions>
      </trkpt>
      <trkpt lat="46.1317800035" lon="7.1328188592">
        <ele>600.18</ele>
        <time>2026-05-17T07:47:06.000Z</time>
        <extensions>
          <ns3:TrackPointExtension>
            <ns3:atemp>19.3</ns3:atemp>
            <ns3:hr>138</ns3:hr>
            <ns3:cad>68</ns3:cad>
            <ns3:power>150</ns3:power>
          </ns3:TrackPointExtension>
        </extensions>
      </trkpt>
      <trkpt lat="46.1317959350" lon="7.1328689810">
        <ele>600.33</ele>
        <time>2026-05-17T07:47:07.000Z</time>
        <extensions>
          <ns3:TrackPointExtension>
            <ns3:atemp>19.3</ns3:atemp>
            <ns3:hr>138</ns3:hr>
            <ns3:cad>68</ns3:cad>
            <ns3:power>150</ns3:power>
          </ns3:TrackPointExtension>
        </extensions>
      </trkpt>
      <trkpt lat="46.1318070234" lon="7.1329160779">
        <ele>600.49</ele>
        <time>2026-05-17T07:47:08.000Z</time>
        <extensions>
          <ns3:TrackPointExtension>
            <ns3:atemp>19.3</ns3:atemp>
            <ns3:hr>138</ns3:hr>
            <ns3:cad>68</ns3:cad>
            <ns3:power>150</ns3:power>
          </ns3:TrackPointExtension>
        </extensions>
      </trkpt>
      <trkpt lat="46.1318188631" lon="7.1329538292">
        <ele>600.64</ele>
        <time>2026-05-17T07:47:09.000Z</time>
        <extensions>
          <ns3:TrackPointExtension>
            <ns3:atemp>19.3</ns3:atemp>
            <ns3:hr>138</ns3:hr>
            <ns3:cad>68</ns3:cad>
            <ns3:power>150</ns3:power>
          </ns3:TrackPointExtension>
        </extensions>
      </trkpt>
      <trkpt lat="46.1318349941" lon="7.1329927512">
        <ele>600.80</ele>
        <time>2026-05-17T07:47:10.000Z</time>
        <extensions>
          <ns3:TrackPointExtension>
            <ns3:atemp>19.3</ns3:atemp>
            <ns3:hr>138</ns3:hr>
            <ns3:cad>68</ns3:cad>
            <ns3:power>150</ns3:power>
          </ns3:TrackPointExtension>
        </extensions>
      </trkpt>
      <trkpt lat="46.1318472951" lon="7.1330305037">
        <ele>600.95</ele>
        <time>2026-05-17T07:47:11.000Z</time>
        <extensions>
          <ns3:TrackPointExtension>
            <ns3:atemp>19.3</ns3:atemp>
            <ns3:hr>138</ns3:hr>
            <ns3:cad>68</ns3:cad>
            <ns3:power>150</ns3:power>
          </ns3:TrackPointExtension>
        </extensions>
      </trkpt>
      <trkpt lat="46.1318643983" lon="7.1330721181">
        <ele>601.11</ele>
        <time>2026-05-17T07:47:12.000Z</time>
        <extensions>
          <ns3:TrackPointExtension>
            <ns3:atemp>19.3</ns3:atemp>
            <ns3:hr>138</ns3:hr>
            <ns3:cad>68</ns3:cad>
            <ns3:power>150</ns3:power>
          </ns3:TrackPointExtension>
        </extensions>
      </trkpt>
      <trkpt lat="46.1318789542" lon="7.1331135697">
        <ele>601.26</ele>
        <time>2026-05-17T07:47:13.000Z</time>
        <extensions>
          <ns3:TrackPointExtension>
            <ns3:atemp>19.3</ns3:atemp>
            <ns3:hr>138</ns3:hr>
            <ns3:cad>68</ns3:cad>
            <ns3:power>150</ns3:power>
          </ns3:TrackPointExtension>
        </extensions>
      </trkpt>
      <trkpt lat="46.1318928017" lon="7.1331605846">
        <ele>601.42</ele>
        <time>2026-05-17T07:47:14.000Z</time>
        <extensions>
          <ns3:TrackPointExtension>
            <ns3:atemp>19.3</ns3:atemp>
            <ns3:hr>138</ns3:hr>
            <ns3:cad>68</ns3:cad>
            <ns3:power>151</ns3:power>
          </ns3:TrackPointExtension>
        </extensions>
      </trkpt>
      <trkpt lat="46.1319075946" lon="7.1331995611">
        <ele>601.57</ele>
        <time>2026-05-17T07:47:15.000Z</time>
        <extensions>
          <ns3:TrackPointExtension>
            <ns3:atemp>19.3</ns3:atemp>
            <ns3:hr>138</ns3:hr>
            <ns3:cad>68</ns3:cad>
            <ns3:power>151</ns3:power>
          </ns3:TrackPointExtension>
        </extensions>
      </trkpt>
      <trkpt lat="46.1319230052" lon="7.1332441544">
        <ele>601.73</ele>
        <time>2026-05-17T07:47:16.000Z</time>
        <extensions>
          <ns3:TrackPointExtension>
            <ns3:atemp>19.3</ns3:atemp>
            <ns3:hr>138</ns3:hr>
            <ns3:cad>68</ns3:cad>
            <ns3:power>151</ns3:power>
          </ns3:TrackPointExtension>
        </extensions>
      </trkpt>
      <trkpt lat="46.1319355696" lon="7.1332835207">
        <ele>601.88</ele>
        <time>2026-05-17T07:47:17.000Z</time>
        <extensions>
          <ns3:TrackPointExtension>
            <ns3:atemp>19.3</ns3:atemp>
            <ns3:hr>138</ns3:hr>
            <ns3:cad>68</ns3:cad>
            <ns3:power>151</ns3:power>
          </ns3:TrackPointExtension>
        </extensions>
      </trkpt>
      <trkpt lat="46.1319447541" lon="7.1333228195">
        <ele>602.04</ele>
        <time>2026-05-17T07:47:18.000Z</time>
        <extensions>
          <ns3:TrackPointExtension>
            <ns3:atemp>19.3</ns3:atemp>
            <ns3:hr>138</ns3:hr>
            <ns3:cad>68</ns3:cad>
            <ns3:power>151</ns3:power>
          </ns3:TrackPointExtension>
        </extensions>
      </trkpt>
      <trkpt lat="46.1319543689" lon="7.1333617431">
        <ele>602.19</ele>
        <time>2026-05-17T07:47:19.000Z</time>
        <extensions>
          <ns3:TrackPointExtension>
            <ns3:atemp>19.3</ns3:atemp>
            <ns3:hr>138</ns3:hr>
            <ns3:cad>68</ns3:cad>
            <ns3:power>151</ns3:power>
          </ns3:TrackPointExtension>
        </extensions>
      </trkpt>
      <trkpt lat="46.1319686982" lon="7.1334046967">
        <ele>602.35</ele>
        <time>2026-05-17T07:47:20.000Z</time>
        <extensions>
          <ns3:TrackPointExtension>
            <ns3:atemp>19.3</ns3:atemp>
            <ns3:hr>138</ns3:hr>
            <ns3:cad>68</ns3:cad>
            <ns3:power>151</ns3:power>
          </ns3:TrackPointExtension>
        </extensions>
      </trkpt>
      <trkpt lat="46.1319777748" lon="7.1334516343">
        <ele>602.51</ele>
        <time>2026-05-17T07:47:21.000Z</time>
        <extensions>
          <ns3:TrackPointExtension>
            <ns3:atemp>19.3</ns3:atemp>
            <ns3:hr>138</ns3:hr>
            <ns3:cad>68</ns3:cad>
            <ns3:power>151</ns3:power>
          </ns3:TrackPointExtension>
        </extensions>
      </trkpt>
      <trkpt lat="46.1319860699" lon="7.1334889791">
        <ele>602.66</ele>
        <time>2026-05-17T07:47:22.000Z</time>
        <extensions>
          <ns3:TrackPointExtension>
            <ns3:atemp>19.3</ns3:atemp>
            <ns3:hr>138</ns3:hr>
            <ns3:cad>68</ns3:cad>
            <ns3:power>151</ns3:power>
          </ns3:TrackPointExtension>
        </extensions>
      </trkpt>
      <trkpt lat="46.1319962213" lon="7.1335317376">
        <ele>602.82</ele>
        <time>2026-05-17T07:47:23.000Z</time>
        <extensions>
          <ns3:TrackPointExtension>
            <ns3:atemp>19.3</ns3:atemp>
            <ns3:hr>138</ns3:hr>
            <ns3:cad>68</ns3:cad>
            <ns3:power>152</ns3:power>
          </ns3:TrackPointExtension>
        </extensions>
      </trkpt>
      <trkpt lat="46.1320054009" lon="7.1335820497">
        <ele>602.98</ele>
        <time>2026-05-17T07:47:24.000Z</time>
        <extensions>
          <ns3:TrackPointExtension>
            <ns3:atemp>19.3</ns3:atemp>
            <ns3:hr>139</ns3:hr>
            <ns3:cad>68</ns3:cad>
            <ns3:power>152</ns3:power>
          </ns3:TrackPointExtension>
        </extensions>
      </trkpt>
      <trkpt lat="46.1320190452" lon="7.1336241720">
        <ele>603.14</ele>
        <time>2026-05-17T07:47:25.000Z</time>
        <extensions>
          <ns3:TrackPointExtension>
            <ns3:atemp>19.3</ns3:atemp>
            <ns3:hr>139</ns3:hr>
            <ns3:cad>68</ns3:cad>
            <ns3:power>152</ns3:power>
          </ns3:TrackPointExtension>
        </extensions>
      </trkpt>
      <trkpt lat="46.1320294576" lon="7.1336731071">
        <ele>603.29</ele>
        <time>2026-05-17T07:47:26.000Z</time>
        <extensions>
          <ns3:TrackPointExtension>
            <ns3:atemp>19.3</ns3:atemp>
            <ns3:hr>139</ns3:hr>
            <ns3:cad>68</ns3:cad>
            <ns3:power>152</ns3:power>
          </ns3:TrackPointExtension>
        </extensions>
      </trkpt>
      <trkpt lat="46.1320460546" lon="7.1337195727">
        <ele>603.45</ele>
        <time>2026-05-17T07:47:27.000Z</time>
        <extensions>
          <ns3:TrackPointExtension>
            <ns3:atemp>19.3</ns3:atemp>
            <ns3:hr>139</ns3:hr>
            <ns3:cad>68</ns3:cad>
            <ns3:power>152</ns3:power>
          </ns3:TrackPointExtension>
        </extensions>
      </trkpt>
      <trkpt lat="46.1320617292" lon="7.1337545213">
        <ele>603.61</ele>
        <time>2026-05-17T07:47:28.000Z</time>
        <extensions>
          <ns3:TrackPointExtension>
            <ns3:atemp>19.3</ns3:atemp>
            <ns3:hr>139</ns3:hr>
            <ns3:cad>68</ns3:cad>
            <ns3:power>152</ns3:power>
          </ns3:TrackPointExtension>
        </extensions>
      </trkpt>
      <trkpt lat="46.1320720056" lon="7.1337974734">
        <ele>603.77</ele>
        <time>2026-05-17T07:47:29.000Z</time>
        <extensions>
          <ns3:TrackPointExtension>
            <ns3:atemp>19.3</ns3:atemp>
            <ns3:hr>139</ns3:hr>
            <ns3:cad>68</ns3:cad>
            <ns3:power>153</ns3:power>
          </ns3:TrackPointExtension>
        </extensions>
      </trkpt>
      <trkpt lat="46.1320803213" lon="7.1338328768">
        <ele>603.93</ele>
        <time>2026-05-17T07:47:30.000Z</time>
        <extensions>
          <ns3:TrackPointExtension>
            <ns3:atemp>19.3</ns3:atemp>
            <ns3:hr>139</ns3:hr>
            <ns3:cad>68</ns3:cad>
            <ns3:power>153</ns3:power>
          </ns3:TrackPointExtension>
        </extensions>
      </trkpt>
      <trkpt lat="46.1320922041" lon="7.1338740380">
        <ele>604.09</ele>
        <time>2026-05-17T07:47:31.000Z</time>
        <extensions>
          <ns3:TrackPointExtension>
            <ns3:atemp>19.3</ns3:atemp>
            <ns3:hr>139</ns3:hr>
            <ns3:cad>69</ns3:cad>
            <ns3:power>153</ns3:power>
          </ns3:TrackPointExtension>
        </extensions>
      </trkpt>
      <trkpt lat="46.1321096281" lon="7.1339135156">
        <ele>604.25</ele>
        <time>2026-05-17T07:47:32.000Z</time>
        <extensions>
          <ns3:TrackPointExtension>
            <ns3:atemp>19.3</ns3:atemp>
            <ns3:hr>139</ns3:hr>
            <ns3:cad>69</ns3:cad>
            <ns3:power>153</ns3:power>
          </ns3:TrackPointExtension>
        </extensions>
      </trkpt>
      <trkpt lat="46.1321228170" lon="7.1339606148">
        <ele>604.40</ele>
        <time>2026-05-17T07:47:33.000Z</time>
        <extensions>
          <ns3:TrackPointExtension>
            <ns3:atemp>19.3</ns3:atemp>
            <ns3:hr>139</ns3:hr>
            <ns3:cad>69</ns3:cad>
            <ns3:power>153</ns3:power>
          </ns3:TrackPointExtension>
        </extensions>
      </trkpt>
      <trkpt lat="46.1321352236" lon="7.1340101374">
        <ele>604.56</ele>
        <time>2026-05-17T07:47:34.000Z</time>
        <extensions>
          <ns3:TrackPointExtension>
            <ns3:atemp>19.3</ns3:atemp>
            <ns3:hr>140</ns3:hr>
            <ns3:cad>69</ns3:cad>
            <ns3:power>153</ns3:power>
          </ns3:TrackPointExtension>
        </extensions>
      </trkpt>
      <trkpt lat="46.1321534976" lon="7.1340489332">
        <ele>604.72</ele>
        <time>2026-05-17T07:47:35.000Z</time>
        <extensions>
          <ns3:TrackPointExtension>
            <ns3:atemp>19.3</ns3:atemp>
            <ns3:hr>140</ns3:hr>
            <ns3:cad>69</ns3:cad>
            <ns3:power>154</ns3:power>
          </ns3:TrackPointExtension>
        </extensions>
      </trkpt>
      <trkpt lat="46.1321635222" lon="7.1340948912">
        <ele>604.89</ele>
        <time>2026-05-17T07:47:36.000Z</time>
        <extensions>
          <ns3:TrackPointExtension>
            <ns3:atemp>19.3</ns3:atemp>
            <ns3:hr>140</ns3:hr>
            <ns3:cad>69</ns3:cad>
            <ns3:power>154</ns3:power>
          </ns3:TrackPointExtension>
        </extensions>
      </trkpt>
      <trkpt lat="46.1321792369" lon="7.1341339529">
        <ele>605.05</ele>
        <time>2026-05-17T07:47:37.000Z</time>
        <extensions>
          <ns3:TrackPointExtension>
            <ns3:atemp>19.3</ns3:atemp>
            <ns3:hr>140</ns3:hr>
            <ns3:cad>69</ns3:cad>
            <ns3:power>154</ns3:power>
          </ns3:TrackPointExtension>
        </extensions>
      </trkpt>
      <trkpt lat="46.1321909734" lon="7.1341832889">
        <ele>605.21</ele>
        <time>2026-05-17T07:47:38.000Z</time>
        <extensions>
          <ns3:TrackPointExtension>
            <ns3:atemp>19.3</ns3:atemp>
            <ns3:hr>140</ns3:hr>
            <ns3:cad>69</ns3:cad>
            <ns3:power>154</ns3:power>
          </ns3:TrackPointExtension>
        </extensions>
      </trkpt>
      <trkpt lat="46.1322050722" lon="7.1342306143">
        <ele>605.37</ele>
        <time>2026-05-17T07:47:39.000Z</time>
        <extensions>
          <ns3:TrackPointExtension>
            <ns3:atemp>19.3</ns3:atemp>
            <ns3:hr>140</ns3:hr>
            <ns3:cad>69</ns3:cad>
            <ns3:power>154</ns3:power>
          </ns3:TrackPointExtension>
        </extensions>
      </trkpt>
      <trkpt lat="46.1322143385" lon="7.1342682073">
        <ele>605.53</ele>
        <time>2026-05-17T07:47:40.000Z</time>
        <extensions>
          <ns3:TrackPointExtension>
            <ns3:atemp>19.3</ns3:atemp>
            <ns3:hr>140</ns3:hr>
            <ns3:cad>69</ns3:cad>
            <ns3:power>155</ns3:power>
          </ns3:TrackPointExtension>
        </extensions>
      </trkpt>
      <trkpt lat="46.1322298789" lon="7.1343146374">
        <ele>605.69</ele>
        <time>2026-05-17T07:47:41.000Z</time>
        <extensions>
          <ns3:TrackPointExtension>
            <ns3:atemp>19.3</ns3:atemp>
            <ns3:hr>140</ns3:hr>
            <ns3:cad>69</ns3:cad>
            <ns3:power>155</ns3:power>
          </ns3:TrackPointExtension>
        </extensions>
      </trkpt>
      <trkpt lat="46.1322438236" lon="7.1343622600">
        <ele>605.86</ele>
        <time>2026-05-17T07:47:42.000Z</time>
        <extensions>
          <ns3:TrackPointExtension>
            <ns3:atemp>19.3</ns3:atemp>
            <ns3:hr>140</ns3:hr>
            <ns3:cad>70</ns3:cad>
            <ns3:power>155</ns3:power>
          </ns3:TrackPointExtension>
        </extensions>
      </trkpt>
      <trkpt lat="46.1322542824" lon="7.1343993623">
        <ele>606.02</ele>
        <time>2026-05-17T07:47:43.000Z</time>
        <extensions>
          <ns3:TrackPointExtension>
            <ns3:atemp>19.3</ns3:atemp>
            <ns3:hr>141</ns3:hr>
            <ns3:cad>70</ns3:cad>
            <ns3:power>155</ns3:power>
          </ns3:TrackPointExtension>
        </extensions>
      </trkpt>
      <trkpt lat="46.1322714294" lon="7.1344333084">
        <ele>606.18</ele>
        <time>2026-05-17T07:47:44.000Z</time>
        <extensions>
          <ns3:TrackPointExtension>
            <ns3:atemp>19.3</ns3:atemp>
            <ns3:hr>141</ns3:hr>
            <ns3:cad>70</ns3:cad>
            <ns3:power>156</ns3:power>
          </ns3:TrackPointExtension>
        </extensions>
      </trkpt>
      <trkpt lat="46.1322836693" lon="7.1344714901">
        <ele>606.35</ele>
        <time>2026-05-17T07:47:45.000Z</time>
        <extensions>
          <ns3:TrackPointExtension>
            <ns3:atemp>19.3</ns3:atemp>
            <ns3:hr>141</ns3:hr>
            <ns3:cad>70</ns3:cad>
            <ns3:power>156</ns3:power>
          </ns3:TrackPointExtension>
        </extensions>
      </trkpt>
      <trkpt lat="46.1322931408" lon="7.1345166831">
        <ele>606.51</ele>
        <time>2026-05-17T07:47:46.000Z</time>
        <extensions>
          <ns3:TrackPointExtension>
            <ns3:atemp>19.3</ns3:atemp>
            <ns3:hr>141</ns3:hr>
            <ns3:cad>70</ns3:cad>
            <ns3:power>156</ns3:power>
          </ns3:TrackPointExtension>
        </extensions>
      </trkpt>
      <trkpt lat="46.1323095928" lon="7.1345594845">
        <ele>606.67</ele>
        <time>2026-05-17T07:47:47.000Z</time>
        <extensions>
          <ns3:TrackPointExtension>
            <ns3:atemp>19.3</ns3:atemp>
            <ns3:hr>141</ns3:hr>
            <ns3:cad>70</ns3:cad>
            <ns3:power>156</ns3:power>
          </ns3:TrackPointExtension>
        </extensions>
      </trkpt>
      <trkpt lat="46.1323263452" lon="7.1346030452">
        <ele>606.84</ele>
        <time>2026-05-17T07:47:48.000Z</time>
        <extensions>
          <ns3:TrackPointExtension>
            <ns3:atemp>19.3</ns3:atemp>
            <ns3:hr>141</ns3:hr>
            <ns3:cad>70</ns3:cad>
            <ns3:power>157</ns3:power>
          </ns3:TrackPointExtension>
        </extensions>
      </trkpt>
      <trkpt lat="46.1323436695" lon="7.1346397947">
        <ele>607.00</ele>
        <time>2026-05-17T07:47:49.000Z</time>
        <extensions>
          <ns3:TrackPointExtension>
            <ns3:atemp>19.3</ns3:atemp>
            <ns3:hr>141</ns3:hr>
            <ns3:cad>71</ns3:cad>
            <ns3:power>157</ns3:power>
          </ns3:TrackPointExtension>
        </extensions>
      </trkpt>
      <trkpt lat="46.1323569698" lon="7.1346774081">
        <ele>607.17</ele>
        <time>2026-05-17T07:47:50.000Z</time>
        <extensions>
          <ns3:TrackPointExtension>
            <ns3:atemp>19.3</ns3:atemp>
            <ns3:hr>142</ns3:hr>
            <ns3:cad>71</ns3:cad>
            <ns3:power>157</ns3:power>
          </ns3:TrackPointExtension>
        </extensions>
      </trkpt>
      <trkpt lat="46.1323751463" lon="7.1347197052">
        <ele>607.34</ele>
        <time>2026-05-17T07:47:51.000Z</time>
        <extensions>
          <ns3:TrackPointExtension>
            <ns3:atemp>19.3</ns3:atemp>
            <ns3:hr>142</ns3:hr>
            <ns3:cad>71</ns3:cad>
            <ns3:power>158</ns3:power>
          </ns3:TrackPointExtension>
        </extensions>
      </trkpt>
      <trkpt lat="46.1323844384" lon="7.1347594525">
        <ele>607.50</ele>
        <time>2026-05-17T07:47:52.000Z</time>
        <extensions>
          <ns3:TrackPointExtension>
            <ns3:atemp>19.3</ns3:atemp>
            <ns3:hr>142</ns3:hr>
            <ns3:cad>71</ns3:cad>
            <ns3:power>158</ns3:power>
          </ns3:TrackPointExtension>
        </extensions>
      </trkpt>
      <trkpt lat="46.1323928157" lon="7.1347924245">
        <ele>607.67</ele>
        <time>2026-05-17T07:47:53.000Z</time>
        <extensions>
          <ns3:TrackPointExtension>
            <ns3:atemp>19.3</ns3:atemp>
            <ns3:hr>142</ns3:hr>
            <ns3:cad>71</ns3:cad>
            <ns3:power>158</ns3:power>
          </ns3:TrackPointExtension>
        </extensions>
      </trkpt>
      <trkpt lat="46.1324080882" lon="7.1348278179">
        <ele>607.84</ele>
        <time>2026-05-17T07:47:54.000Z</time>
        <extensions>
          <ns3:TrackPointExtension>
            <ns3:atemp>19.3</ns3:atemp>
            <ns3:hr>142</ns3:hr>
            <ns3:cad>71</ns3:cad>
            <ns3:power>159</ns3:power>
          </ns3:TrackPointExtension>
        </extensions>
      </trkpt>
      <trkpt lat="46.1324264804" lon="7.1348621872">
        <ele>608.01</ele>
        <time>2026-05-17T07:47:55.000Z</time>
        <extensions>
          <ns3:TrackPointExtension>
            <ns3:atemp>19.3</ns3:atemp>
            <ns3:hr>142</ns3:hr>
            <ns3:cad>72</ns3:cad>
            <ns3:power>159</ns3:power>
          </ns3:TrackPointExtension>
        </extensions>
      </trkpt>
      <trkpt lat="46.1324382015" lon="7.1348958593">
        <ele>608.17</ele>
        <time>2026-05-17T07:47:56.000Z</time>
        <extensions>
          <ns3:TrackPointExtension>
            <ns3:atemp>19.3</ns3:atemp>
            <ns3:hr>143</ns3:hr>
            <ns3:cad>72</ns3:cad>
            <ns3:power>159</ns3:power>
          </ns3:TrackPointExtension>
        </extensions>
      </trkpt>
      <trkpt lat="46.1324488717" lon="7.1349425283">
        <ele>608.34</ele>
        <time>2026-05-17T07:47:57.000Z</time>
        <extensions>
          <ns3:TrackPointExtension>
            <ns3:atemp>19.3</ns3:atemp>
            <ns3:hr>143</ns3:hr>
            <ns3:cad>72</ns3:cad>
            <ns3:power>160</ns3:power>
          </ns3:TrackPointExtension>
        </extensions>
      </trkpt>
      <trkpt lat="46.1324649384" lon="7.1349845508">
        <ele>608.51</ele>
        <time>2026-05-17T07:47:58.000Z</time>
        <extensions>
          <ns3:TrackPointExtension>
            <ns3:atemp>19.3</ns3:atemp>
            <ns3:hr>143</ns3:hr>
            <ns3:cad>72</ns3:cad>
            <ns3:power>160</ns3:power>
          </ns3:TrackPointExtension>
        </extensions>
      </trkpt>
      <trkpt lat="46.1324780960" lon="7.1350281955">
        <ele>608.68</ele>
        <time>2026-05-17T07:47:59.000Z</time>
        <extensions>
          <ns3:TrackPointExtension>
            <ns3:atemp>19.3</ns3:atemp>
            <ns3:hr>143</ns3:hr>
            <ns3:cad>72</ns3:cad>
            <ns3:power>160</ns3:power>
          </ns3:TrackPointExtension>
        </extensions>
      </trkpt>
      <trkpt lat="46.1324936712" lon="7.1350667477">
        <ele>608.85</ele>
        <time>2026-05-17T07:48:00.000Z</time>
        <extensions>
          <ns3:TrackPointExtension>
            <ns3:atemp>19.4</ns3:atemp>
            <ns3:hr>143</ns3:hr>
            <ns3:cad>72</ns3:cad>
            <ns3:power>161</ns3:power>
          </ns3:TrackPointExtension>
        </extensions>
      </trkpt>
      <trkpt lat="46.1325065943" lon="7.1351140929">
        <ele>609.02</ele>
        <time>2026-05-17T07:48:01.000Z</time>
        <extensions>
          <ns3:TrackPointExtension>
            <ns3:atemp>19.4</ns3:atemp>
            <ns3:hr>143</ns3:hr>
            <ns3:cad>73</ns3:cad>
            <ns3:power>161</ns3:power>
          </ns3:TrackPointExtension>
        </extensions>
      </trkpt>
      <trkpt lat="46.1325171151" lon="7.1351531790">
        <ele>609.19</ele>
        <time>2026-05-17T07:48:02.000Z</time>
        <extensions>
          <ns3:TrackPointExtension>
            <ns3:atemp>19.4</ns3:atemp>
            <ns3:hr>144</ns3:hr>
            <ns3:cad>73</ns3:cad>
            <ns3:power>161</ns3:power>
          </ns3:TrackPointExtension>
        </extensions>
      </trkpt>
      <trkpt lat="46.1325265880" lon="7.1351946955">
        <ele>609.37</ele>
        <time>2026-05-17T07:48:03.000Z</time>
        <extensions>
          <ns3:TrackPointExtension>
            <ns3:atemp>19.4</ns3:atemp>
            <ns3:hr>144</ns3:hr>
            <ns3:cad>73</ns3:cad>
            <ns3:power>162</ns3:power>
          </ns3:TrackPointExtension>
        </extensions>
      </trkpt>
      <trkpt lat="46.1325368840" lon="7.1352373116">
        <ele>609.54</ele>
        <time>2026-05-17T07:48:04.000Z</time>
        <extensions>
          <ns3:TrackPointExtension>
            <ns3:atemp>19.4</ns3:atemp>
            <ns3:hr>144</ns3:hr>
            <ns3:cad>73</ns3:cad>
            <ns3:power>162</ns3:power>
          </ns3:TrackPointExtension>
        </extensions>
      </trkpt>
      <trkpt lat="46.1325535117" lon="7.1352689681">
        <ele>609.71</ele>
        <time>2026-05-17T07:48:05.000Z</time>
        <extensions>
          <ns3:TrackPointExtension>
            <ns3:atemp>19.4</ns3:atemp>
            <ns3:hr>144</ns3:hr>
            <ns3:cad>73</ns3:cad>
            <ns3:power>163</ns3:power>
          </ns3:TrackPointExtension>
        </extensions>
      </trkpt>
      <trkpt lat="46.1325643169" lon="7.1353013996">
        <ele>609.89</ele>
        <time>2026-05-17T07:48:06.000Z</time>
        <extensions>
          <ns3:TrackPointExtension>
            <ns3:atemp>19.4</ns3:atemp>
            <ns3:hr>144</ns3:hr>
            <ns3:cad>74</ns3:cad>
            <ns3:power>163</ns3:power>
          </ns3:TrackPointExtension>
        </extensions>
      </trkpt>
      <trkpt lat="46.1325787213" lon="7.1353434421">
        <ele>610.06</ele>
        <time>2026-05-17T07:48:07.000Z</time>
        <extensions>
          <ns3:TrackPointExtension>
            <ns3:atemp>19.4</ns3:atemp>
            <ns3:hr>144</ns3:hr>
            <ns3:cad>74</ns3:cad>
            <ns3:power>164</ns3:power>
          </ns3:TrackPointExtension>
        </extensions>
      </trkpt>
      <trkpt lat="46.1325896262" lon="7.1353870844">
        <ele>610.23</ele>
        <time>2026-05-17T07:48:08.000Z</time>
        <extensions>
          <ns3:TrackPointExtension>
            <ns3:atemp>19.4</ns3:atemp>
            <ns3:hr>145</ns3:hr>
            <ns3:cad>74</ns3:cad>
            <ns3:power>164</ns3:power>
          </ns3:TrackPointExtension>
        </extensions>
      </trkpt>
      <trkpt lat="46.1326026745" lon="7.1354315456">
        <ele>610.41</ele>
        <time>2026-05-17T07:48:09.000Z</time>
        <extensions>
          <ns3:TrackPointExtension>
            <ns3:atemp>19.4</ns3:atemp>
            <ns3:hr>145</ns3:hr>
            <ns3:cad>74</ns3:cad>
            <ns3:power>164</ns3:power>
          </ns3:TrackPointExtension>
        </extensions>
      </trkpt>
      <trkpt lat="46.1326149413" lon="7.1354627965">
        <ele>610.59</ele>
        <time>2026-05-17T07:48:10.000Z</time>
        <extensions>
          <ns3:TrackPointExtension>
            <ns3:atemp>19.4</ns3:atemp>
            <ns3:hr>145</ns3:hr>
            <ns3:cad>74</ns3:cad>
            <ns3:power>165</ns3:power>
          </ns3:TrackPointExtension>
        </extensions>
      </trkpt>
      <trkpt lat="46.1326354068" lon="7.1354978043">
        <ele>610.76</ele>
        <time>2026-05-17T07:48:11.000Z</time>
        <extensions>
          <ns3:TrackPointExtension>
            <ns3:atemp>19.4</ns3:atemp>
            <ns3:hr>145</ns3:hr>
            <ns3:cad>75</ns3:cad>
            <ns3:power>165</ns3:power>
          </ns3:TrackPointExtension>
        </extensions>
      </trkpt>
      <trkpt lat="46.1326515140" lon="7.1355405681">
        <ele>610.94</ele>
        <time>2026-05-17T07:48:12.000Z</time>
        <extensions>
          <ns3:TrackPointExtension>
            <ns3:atemp>19.4</ns3:atemp>
            <ns3:hr>145</ns3:hr>
            <ns3:cad>75</ns3:cad>
            <ns3:power>166</ns3:power>
          </ns3:TrackPointExtension>
        </extensions>
      </trkpt>
      <trkpt lat="46.1326722574" lon="7.1355863363">
        <ele>611.12</ele>
        <time>2026-05-17T07:48:13.000Z</time>
        <extensions>
          <ns3:TrackPointExtension>
            <ns3:atemp>19.4</ns3:atemp>
            <ns3:hr>146</ns3:hr>
            <ns3:cad>75</ns3:cad>
            <ns3:power>166</ns3:power>
          </ns3:TrackPointExtension>
        </extensions>
      </trkpt>
      <trkpt lat="46.1326893683" lon="7.1356295349">
        <ele>611.29</ele>
        <time>2026-05-17T07:48:14.000Z</time>
        <extensions>
          <ns3:TrackPointExtension>
            <ns3:atemp>19.4</ns3:atemp>
            <ns3:hr>146</ns3:hr>
            <ns3:cad>75</ns3:cad>
            <ns3:power>167</ns3:power>
          </ns3:TrackPointExtension>
        </extensions>
      </trkpt>
      <trkpt lat="46.1327029332" lon="7.1356668736">
        <ele>611.47</ele>
        <time>2026-05-17T07:48:15.000Z</time>
        <extensions>
          <ns3:TrackPointExtension>
            <ns3:atemp>19.4</ns3:atemp>
            <ns3:hr>146</ns3:hr>
            <ns3:cad>76</ns3:cad>
            <ns3:power>167</ns3:power>
          </ns3:TrackPointExtension>
        </extensions>
      </trkpt>
      <trkpt lat="46.1327202839" lon="7.1356982878">
        <ele>611.65</ele>
        <time>2026-05-17T07:48:16.000Z</time>
        <extensions>
          <ns3:TrackPointExtension>
            <ns3:atemp>19.4</ns3:atemp>
            <ns3:hr>146</ns3:hr>
            <ns3:cad>76</ns3:cad>
            <ns3:power>168</ns3:power>
          </ns3:TrackPointExtension>
        </extensions>
      </trkpt>
      <trkpt lat="46.1327362886" lon="7.1357403790">
        <ele>611.83</ele>
        <time>2026-05-17T07:48:17.000Z</time>
        <extensions>
          <ns3:TrackPointExtension>
            <ns3:atemp>19.4</ns3:atemp>
            <ns3:hr>146</ns3:hr>
            <ns3:cad>76</ns3:cad>
            <ns3:power>168</ns3:power>
          </ns3:TrackPointExtension>
        </extensions>
      </trkpt>
      <trkpt lat="46.1327565149" lon="7.1357773352">
        <ele>612.01</ele>
        <time>2026-05-17T07:48:18.000Z</time>
        <extensions>
          <ns3:TrackPointExtension>
            <ns3:atemp>19.4</ns3:atemp>
            <ns3:hr>147</ns3:hr>
            <ns3:cad>76</ns3:cad>
            <ns3:power>169</ns3:power>
          </ns3:TrackPointExtension>
        </extensions>
      </trkpt>
      <trkpt lat="46.1327746560" lon="7.1358126494">
        <ele>612.20</ele>
        <time>2026-05-17T07:48:19.000Z</time>
        <extensions>
          <ns3:TrackPointExtension>
            <ns3:atemp>19.4</ns3:atemp>
            <ns3:hr>147</ns3:hr>
            <ns3:cad>76</ns3:cad>
            <ns3:power>169</ns3:power>
          </ns3:TrackPointExtension>
        </extensions>
      </trkpt>
      <trkpt lat="46.1327900874" lon="7.1358500829">
        <ele>612.38</ele>
        <time>2026-05-17T07:48:20.000Z</time>
        <extensions>
          <ns3:TrackPointExtension>
            <ns3:atemp>19.4</ns3:atemp>
            <ns3:hr>147</ns3:hr>
            <ns3:cad>77</ns3:cad>
            <ns3:power>170</ns3:power>
          </ns3:TrackPointExtension>
        </extensions>
      </trkpt>
      <trkpt lat="46.1328109163" lon="7.1358925898">
        <ele>612.56</ele>
        <time>2026-05-17T07:48:21.000Z</time>
        <extensions>
          <ns3:TrackPointExtension>
            <ns3:atemp>19.4</ns3:atemp>
            <ns3:hr>147</ns3:hr>
            <ns3:cad>77</ns3:cad>
            <ns3:power>171</ns3:power>
          </ns3:TrackPointExtension>
        </extensions>
      </trkpt>
      <trkpt lat="46.1328247628" lon="7.1359268027">
        <ele>612.74</ele>
        <time>2026-05-17T07:48:22.000Z</time>
        <extensions>
          <ns3:TrackPointExtension>
            <ns3:atemp>19.4</ns3:atemp>
            <ns3:hr>147</ns3:hr>
            <ns3:cad>77</ns3:cad>
            <ns3:power>171</ns3:power>
          </ns3:TrackPointExtension>
        </extensions>
      </trkpt>
      <trkpt lat="46.1328437997" lon="7.1359565179">
        <ele>612.93</ele>
        <time>2026-05-17T07:48:23.000Z</time>
        <extensions>
          <ns3:TrackPointExtension>
            <ns3:atemp>19.4</ns3:atemp>
            <ns3:hr>148</ns3:hr>
            <ns3:cad>77</ns3:cad>
            <ns3:power>172</ns3:power>
          </ns3:TrackPointExtension>
        </extensions>
      </trkpt>
      <trkpt lat="46.1328600144" lon="7.1359878652">
        <ele>613.11</ele>
        <time>2026-05-17T07:48:24.000Z</time>
        <extensions>
          <ns3:TrackPointExtension>
            <ns3:atemp>19.4</ns3:atemp>
            <ns3:hr>148</ns3:hr>
            <ns3:cad>78</ns3:cad>
            <ns3:power>172</ns3:power>
          </ns3:TrackPointExtension>
        </extensions>
      </trkpt>
      <trkpt lat="46.1328731748" lon="7.1360272946">
        <ele>613.30</ele>
        <time>2026-05-17T07:48:25.000Z</time>
        <extensions>
          <ns3:TrackPointExtension>
            <ns3:atemp>19.4</ns3:atemp>
            <ns3:hr>148</ns3:hr>
            <ns3:cad>78</ns3:cad>
            <ns3:power>173</ns3:power>
          </ns3:TrackPointExtension>
        </extensions>
      </trkpt>
      <trkpt lat="46.1328881913" lon="7.1360687471">
        <ele>613.49</ele>
        <time>2026-05-17T07:48:26.000Z</time>
        <extensions>
          <ns3:TrackPointExtension>
            <ns3:atemp>19.4</ns3:atemp>
            <ns3:hr>148</ns3:hr>
            <ns3:cad>78</ns3:cad>
            <ns3:power>173</ns3:power>
          </ns3:TrackPointExtension>
        </extensions>
      </trkpt>
      <trkpt lat="46.1329017650" lon="7.1361075796">
        <ele>613.67</ele>
        <time>2026-05-17T07:48:27.000Z</time>
        <extensions>
          <ns3:TrackPointExtension>
            <ns3:atemp>19.4</ns3:atemp>
            <ns3:hr>148</ns3:hr>
            <ns3:cad>78</ns3:cad>
            <ns3:power>174</ns3:power>
          </ns3:TrackPointExtension>
        </extensions>
      </trkpt>
      <trkpt lat="46.1329195431" lon="7.1361413142">
        <ele>613.86</ele>
        <time>2026-05-17T07:48:28.000Z</time>
        <extensions>
          <ns3:TrackPointExtension>
            <ns3:atemp>19.4</ns3:atemp>
            <ns3:hr>149</ns3:hr>
            <ns3:cad>78</ns3:cad>
            <ns3:power>175</ns3:power>
          </ns3:TrackPointExtension>
        </extensions>
      </trkpt>
      <trkpt lat="46.1329333681" lon="7.1361703720">
        <ele>614.05</ele>
        <time>2026-05-17T07:48:29.000Z</time>
        <extensions>
          <ns3:TrackPointExtension>
            <ns3:atemp>19.4</ns3:atemp>
            <ns3:hr>149</ns3:hr>
            <ns3:cad>79</ns3:cad>
            <ns3:power>175</ns3:power>
          </ns3:TrackPointExtension>
        </extensions>
      </trkpt>
      <trkpt lat="46.1329499179" lon="7.1362101620">
        <ele>614.24</ele>
        <time>2026-05-17T07:48:30.000Z</time>
        <extensions>
          <ns3:TrackPointExtension>
            <ns3:atemp>19.4</ns3:atemp>
            <ns3:hr>149</ns3:hr>
            <ns3:cad>79</ns3:cad>
            <ns3:power>176</ns3:power>
          </ns3:TrackPointExtension>
        </extensions>
      </trkpt>
      <trkpt lat="46.1329688924" lon="7.1362457242">
        <ele>614.43</ele>
        <time>2026-05-17T07:48:31.000Z</time>
        <extensions>
          <ns3:TrackPointExtension>
            <ns3:atemp>19.4</ns3:atemp>
            <ns3:hr>149</ns3:hr>
            <ns3:cad>79</ns3:cad>
            <ns3:power>177</ns3:power>
          </ns3:TrackPointExtension>
        </extensions>
      </trkpt>
      <trkpt lat="46.1329864243" lon="7.1362775061">
        <ele>614.62</ele>
        <time>2026-05-17T07:48:32.000Z</time>
        <extensions>
          <ns3:TrackPointExtension>
            <ns3:atemp>19.4</ns3:atemp>
            <ns3:hr>150</ns3:hr>
            <ns3:cad>79</ns3:cad>
            <ns3:power>177</ns3:power>
          </ns3:TrackPointExtension>
        </extensions>
      </trkpt>
      <trkpt lat="46.1330093856" lon="7.1363199929">
        <ele>614.81</ele>
        <time>2026-05-17T07:48:33.000Z</time>
        <extensions>
          <ns3:TrackPointExtension>
            <ns3:atemp>19.4</ns3:atemp>
            <ns3:hr>150</ns3:hr>
            <ns3:cad>80</ns3:cad>
            <ns3:power>178</ns3:power>
          </ns3:TrackPointExtension>
        </extensions>
      </trkpt>
      <trkpt lat="46.1330234852" lon="7.1363601898">
        <ele>615.01</ele>
        <time>2026-05-17T07:48:34.000Z</time>
        <extensions>
          <ns3:TrackPointExtension>
            <ns3:atemp>19.4</ns3:atemp>
            <ns3:hr>150</ns3:hr>
            <ns3:cad>80</ns3:cad>
            <ns3:power>179</ns3:power>
          </ns3:TrackPointExtension>
        </extensions>
      </trkpt>
      <trkpt lat="46.1330438623" lon="7.1363898425">
        <ele>615.20</ele>
        <time>2026-05-17T07:48:35.000Z</time>
        <extensions>
          <ns3:TrackPointExtension>
            <ns3:atemp>19.4</ns3:atemp>
            <ns3:hr>150</ns3:hr>
            <ns3:cad>80</ns3:cad>
            <ns3:power>179</ns3:power>
          </ns3:TrackPointExtension>
        </extensions>
      </trkpt>
      <trkpt lat="46.1330609656" lon="7.1364266955">
        <ele>615.39</ele>
        <time>2026-05-17T07:48:36.000Z</time>
        <extensions>
          <ns3:TrackPointExtension>
            <ns3:atemp>19.4</ns3:atemp>
            <ns3:hr>150</ns3:hr>
            <ns3:cad>80</ns3:cad>
            <ns3:power>180</ns3:power>
          </ns3:TrackPointExtension>
        </extensions>
      </trkpt>
      <trkpt lat="46.1330831302" lon="7.1364681770">
        <ele>615.59</ele>
        <time>2026-05-17T07:48:37.000Z</time>
        <extensions>
          <ns3:TrackPointExtension>
            <ns3:atemp>19.4</ns3:atemp>
            <ns3:hr>151</ns3:hr>
            <ns3:cad>81</ns3:cad>
            <ns3:power>181</ns3:power>
          </ns3:TrackPointExtension>
        </extensions>
      </trkpt>
      <trkpt lat="46.1331057147" lon="7.1365083765">
        <ele>615.78</ele>
        <time>2026-05-17T07:48:38.000Z</time>
        <extensions>
          <ns3:TrackPointExtension>
            <ns3:atemp>19.4</ns3:atemp>
            <ns3:hr>151</ns3:hr>
            <ns3:cad>81</ns3:cad>
            <ns3:power>181</ns3:power>
          </ns3:TrackPointExtension>
        </extensions>
      </trkpt>
      <trkpt lat="46.1331276150" lon="7.1365513611">
        <ele>615.98</ele>
        <time>2026-05-17T07:48:39.000Z</time>
        <extensions>
          <ns3:TrackPointExtension>
            <ns3:atemp>19.4</ns3:atemp>
            <ns3:hr>151</ns3:hr>
            <ns3:cad>81</ns3:cad>
            <ns3:power>182</ns3:power>
          </ns3:TrackPointExtension>
        </extensions>
      </trkpt>
      <trkpt lat="46.1331479766" lon="7.1365805609">
        <ele>616.18</ele>
        <time>2026-05-17T07:48:40.000Z</time>
        <extensions>
          <ns3:TrackPointExtension>
            <ns3:atemp>19.4</ns3:atemp>
            <ns3:hr>151</ns3:hr>
            <ns3:cad>81</ns3:cad>
            <ns3:power>183</ns3:power>
          </ns3:TrackPointExtension>
        </extensions>
      </trkpt>
      <trkpt lat="46.1331612610" lon="7.1366144521">
        <ele>616.38</ele>
        <time>2026-05-17T07:48:41.000Z</time>
        <extensions>
          <ns3:TrackPointExtension>
            <ns3:atemp>19.4</ns3:atemp>
            <ns3:hr>152</ns3:hr>
            <ns3:cad>81</ns3:cad>
            <ns3:power>184</ns3:power>
          </ns3:TrackPointExtension>
        </extensions>
      </trkpt>
      <trkpt lat="46.1331828705" lon="7.1366560817">
        <ele>616.58</ele>
        <time>2026-05-17T07:48:42.000Z</time>
        <extensions>
          <ns3:TrackPointExtension>
            <ns3:atemp>19.4</ns3:atemp>
            <ns3:hr>152</ns3:hr>
            <ns3:cad>82</ns3:cad>
            <ns3:power>184</ns3:power>
          </ns3:TrackPointExtension>
        </extensions>
      </trkpt>
      <trkpt lat="46.1332048329" lon="7.1366885082">
        <ele>616.78</ele>
        <time>2026-05-17T07:48:43.000Z</time>
        <extensions>
          <ns3:TrackPointExtension>
            <ns3:atemp>19.4</ns3:atemp>
            <ns3:hr>152</ns3:hr>
            <ns3:cad>82</ns3:cad>
            <ns3:power>185</ns3:power>
          </ns3:TrackPointExtension>
        </extensions>
      </trkpt>
      <trkpt lat="46.1332181603" lon="7.1367287399">
        <ele>616.98</ele>
        <time>2026-05-17T07:48:44.000Z</time>
        <extensions>
          <ns3:TrackPointExtension>
            <ns3:atemp>19.4</ns3:atemp>
            <ns3:hr>152</ns3:hr>
            <ns3:cad>82</ns3:cad>
            <ns3:power>186</ns3:power>
          </ns3:TrackPointExtension>
        </extensions>
      </trkpt>
      <trkpt lat="46.1332421344" lon="7.1367678594">
        <ele>617.18</ele>
        <time>2026-05-17T07:48:45.000Z</time>
        <extensions>
          <ns3:TrackPointExtension>
            <ns3:atemp>19.4</ns3:atemp>
            <ns3:hr>152</ns3:hr>
            <ns3:cad>82</ns3:cad>
            <ns3:power>187</ns3:power>
          </ns3:TrackPointExtension>
        </extensions>
      </trkpt>
      <trkpt lat="46.1332643739" lon="7.1368094199">
        <ele>617.38</ele>
        <time>2026-05-17T07:48:46.000Z</time>
        <extensions>
          <ns3:TrackPointExtension>
            <ns3:atemp>19.4</ns3:atemp>
            <ns3:hr>153</ns3:hr>
            <ns3:cad>82</ns3:cad>
            <ns3:power>187</ns3:power>
          </ns3:TrackPointExtension>
        </extensions>
      </trkpt>
      <trkpt lat="46.1332855581" lon="7.1368484080">
        <ele>617.59</ele>
        <time>2026-05-17T07:48:47.000Z</time>
        <extensions>
          <ns3:TrackPointExtension>
            <ns3:atemp>19.4</ns3:atemp>
            <ns3:hr>153</ns3:hr>
            <ns3:cad>83</ns3:cad>
            <ns3:power>188</ns3:power>
          </ns3:TrackPointExtension>
        </extensions>
      </trkpt>
      <trkpt lat="46.1333032793" lon="7.1368818888">
        <ele>617.79</ele>
        <time>2026-05-17T07:48:48.000Z</time>
        <extensions>
          <ns3:TrackPointExtension>
            <ns3:atemp>19.4</ns3:atemp>
            <ns3:hr>153</ns3:hr>
            <ns3:cad>83</ns3:cad>
            <ns3:power>189</ns3:power>
          </ns3:TrackPointExtension>
        </extensions>
      </trkpt>
      <trkpt lat="46.1333233930" lon="7.1369184540">
        <ele>618.00</ele>
        <time>2026-05-17T07:48:49.000Z</time>
        <extensions>
          <ns3:TrackPointExtension>
            <ns3:atemp>19.4</ns3:atemp>
            <ns3:hr>153</ns3:hr>
            <ns3:cad>83</ns3:cad>
            <ns3:power>190</ns3:power>
          </ns3:TrackPointExtension>
        </extensions>
      </trkpt>
      <trkpt lat="46.1333423238" lon="7.1369476354">
        <ele>618.21</ele>
        <time>2026-05-17T07:48:50.000Z</time>
        <extensions>
          <ns3:TrackPointExtension>
            <ns3:atemp>19.4</ns3:atemp>
            <ns3:hr>154</ns3:hr>
            <ns3:cad>83</ns3:cad>
            <ns3:power>191</ns3:power>
          </ns3:TrackPointExtension>
        </extensions>
      </trkpt>
      <trkpt lat="46.1333604961" lon="7.1369825041">
        <ele>618.41</ele>
        <time>2026-05-17T07:48:51.000Z</time>
        <extensions>
          <ns3:TrackPointExtension>
            <ns3:atemp>19.4</ns3:atemp>
            <ns3:hr>154</ns3:hr>
            <ns3:cad>83</ns3:cad>
            <ns3:power>191</ns3:power>
          </ns3:TrackPointExtension>
        </extensions>
      </trkpt>
      <trkpt lat="46.1333782110" lon="7.1370244593">
        <ele>618.62</ele>
        <time>2026-05-17T07:48:52.000Z</time>
        <extensions>
          <ns3:TrackPointExtension>
            <ns3:atemp>19.4</ns3:atemp>
            <ns3:hr>154</ns3:hr>
            <ns3:cad>84</ns3:cad>
            <ns3:power>192</ns3:power>
          </ns3:TrackPointExtension>
        </extensions>
      </trkpt>
      <trkpt lat="46.1333976591" lon="7.1370557386">
        <ele>618.83</ele>
        <time>2026-05-17T07:48:53.000Z</time>
        <extensions>
          <ns3:TrackPointExtension>
            <ns3:atemp>19.4</ns3:atemp>
            <ns3:hr>154</ns3:hr>
            <ns3:cad>84</ns3:cad>
            <ns3:power>193</ns3:power>
          </ns3:TrackPointExtension>
        </extensions>
      </trkpt>
      <trkpt lat="46.1334146360" lon="7.1370966053">
        <ele>619.04</ele>
        <time>2026-05-17T07:48:54.000Z</time>
        <extensions>
          <ns3:TrackPointExtension>
            <ns3:atemp>19.4</ns3:atemp>
            <ns3:hr>154</ns3:hr>
            <ns3:cad>84</ns3:cad>
            <ns3:power>194</ns3:power>
          </ns3:TrackPointExtension>
        </extensions>
      </trkpt>
      <trkpt lat="46.1334358481" lon="7.1371294166">
        <ele>619.26</ele>
        <time>2026-05-17T07:48:55.000Z</time>
        <extensions>
          <ns3:TrackPointExtension>
            <ns3:atemp>19.4</ns3:atemp>
            <ns3:hr>155</ns3:hr>
            <ns3:cad>84</ns3:cad>
            <ns3:power>195</ns3:power>
          </ns3:TrackPointExtension>
        </extensions>
      </trkpt>
      <trkpt lat="46.1334581319" lon="7.1371572284">
        <ele>619.47</ele>
        <time>2026-05-17T07:48:56.000Z</time>
        <extensions>
          <ns3:TrackPointExtension>
            <ns3:atemp>19.4</ns3:atemp>
            <ns3:hr>155</ns3:hr>
            <ns3:cad>84</ns3:cad>
            <ns3:power>196</ns3:power>
          </ns3:TrackPointExtension>
        </extensions>
      </trkpt>
      <trkpt lat="46.1334731628" lon="7.1371975987">
        <ele>619.68</ele>
        <time>2026-05-17T07:48:57.000Z</time>
        <extensions>
          <ns3:TrackPointExtension>
            <ns3:atemp>19.4</ns3:atemp>
            <ns3:hr>155</ns3:hr>
            <ns3:cad>85</ns3:cad>
            <ns3:power>196</ns3:power>
          </ns3:TrackPointExtension>
        </extensions>
      </trkpt>
      <trkpt lat="46.1334940864" lon="7.1372294683">
        <ele>619.90</ele>
        <time>2026-05-17T07:48:58.000Z</time>
        <extensions>
          <ns3:TrackPointExtension>
            <ns3:atemp>19.4</ns3:atemp>
            <ns3:hr>155</ns3:hr>
            <ns3:cad>85</ns3:cad>
            <ns3:power>197</ns3:power>
          </ns3:TrackPointExtension>
        </extensions>
      </trkpt>
      <trkpt lat="46.1335092306" lon="7.1372625942">
        <ele>620.11</ele>
        <time>2026-05-17T07:48:59.000Z</time>
        <extensions>
          <ns3:TrackPointExtension>
            <ns3:atemp>19.4</ns3:atemp>
            <ns3:hr>156</ns3:hr>
            <ns3:cad>85</ns3:cad>
            <ns3:power>198</ns3:power>
          </ns3:TrackPointExtension>
        </extensions>
      </trkpt>
      <trkpt lat="46.1335302971" lon="7.1372957185">
        <ele>620.33</ele>
        <time>2026-05-17T07:49:00.000Z</time>
        <extensions>
          <ns3:TrackPointExtension>
            <ns3:atemp>19.4</ns3:atemp>
            <ns3:hr>156</ns3:hr>
            <ns3:cad>85</ns3:cad>
            <ns3:power>199</ns3:power>
          </ns3:TrackPointExtension>
        </extensions>
      </trkpt>
      <trkpt lat="46.1335487449" lon="7.1373278412">
        <ele>620.55</ele>
        <time>2026-05-17T07:49:01.000Z</time>
        <extensions>
          <ns3:TrackPointExtension>
            <ns3:atemp>19.4</ns3:atemp>
            <ns3:hr>156</ns3:hr>
            <ns3:cad>85</ns3:cad>
            <ns3:power>200</ns3:power>
          </ns3:TrackPointExtension>
        </extensions>
      </trkpt>
      <trkpt lat="46.1335712256" lon="7.1373597001">
        <ele>620.77</ele>
        <time>2026-05-17T07:49:02.000Z</time>
        <extensions>
          <ns3:TrackPointExtension>
            <ns3:atemp>19.4</ns3:atemp>
            <ns3:hr>156</ns3:hr>
            <ns3:cad>85</ns3:cad>
            <ns3:power>201</ns3:power>
          </ns3:TrackPointExtension>
        </extensions>
      </trkpt>
      <trkpt lat="46.1335950421" lon="7.1373872364">
        <ele>620.99</ele>
        <time>2026-05-17T07:49:03.000Z</time>
        <extensions>
          <ns3:TrackPointExtension>
            <ns3:atemp>19.4</ns3:atemp>
            <ns3:hr>156</ns3:hr>
            <ns3:cad>85</ns3:cad>
            <ns3:power>202</ns3:power>
          </ns3:TrackPointExtension>
        </extensions>
      </trkpt>
      <trkpt lat="46.1336143804" lon="7.1374193672">
        <ele>621.21</ele>
        <time>2026-05-17T07:49:04.000Z</time>
        <extensions>
          <ns3:TrackPointExtension>
            <ns3:atemp>19.4</ns3:atemp>
            <ns3:hr>157</ns3:hr>
            <ns3:cad>86</ns3:cad>
            <ns3:power>203</ns3:power>
          </ns3:TrackPointExtension>
        </extensions>
      </trkpt>
      <trkpt lat="46.1336398189" lon="7.1374560216">
        <ele>621.43</ele>
        <time>2026-05-17T07:49:05.000Z</time>
        <extensions>
          <ns3:TrackPointExtension>
            <ns3:atemp>19.4</ns3:atemp>
            <ns3:hr>157</ns3:hr>
            <ns3:cad>86</ns3:cad>
            <ns3:power>203</ns3:power>
          </ns3:TrackPointExtension>
        </extensions>
      </trkpt>
      <trkpt lat="46.1336567245" lon="7.1374885713">
        <ele>621.65</ele>
        <time>2026-05-17T07:49:06.000Z</time>
        <extensions>
          <ns3:TrackPointExtension>
            <ns3:atemp>19.4</ns3:atemp>
            <ns3:hr>157</ns3:hr>
            <ns3:cad>86</ns3:cad>
            <ns3:power>204</ns3:power>
          </ns3:TrackPointExtension>
        </extensions>
      </trkpt>
      <trkpt lat="46.1336733542" lon="7.1375213601">
        <ele>621.88</ele>
        <time>2026-05-17T07:49:07.000Z</time>
        <extensions>
          <ns3:TrackPointExtension>
            <ns3:atemp>19.4</ns3:atemp>
            <ns3:hr>157</ns3:hr>
            <ns3:cad>86</ns3:cad>
            <ns3:power>205</ns3:power>
          </ns3:TrackPointExtension>
        </extensions>
      </trkpt>
      <trkpt lat="46.1336945031" lon="7.1375622268">
        <ele>622.10</ele>
        <time>2026-05-17T07:49:08.000Z</time>
        <extensions>
          <ns3:TrackPointExtension>
            <ns3:atemp>19.4</ns3:atemp>
            <ns3:hr>158</ns3:hr>
            <ns3:cad>86</ns3:cad>
            <ns3:power>206</ns3:power>
          </ns3:TrackPointExtension>
        </extensions>
      </trkpt>
      <trkpt lat="46.1337169226" lon="7.1376021639">
        <ele>622.33</ele>
        <time>2026-05-17T07:49:09.000Z</time>
        <extensions>
          <ns3:TrackPointExtension>
            <ns3:atemp>19.4</ns3:atemp>
            <ns3:hr>158</ns3:hr>
            <ns3:cad>86</ns3:cad>
            <ns3:power>207</ns3:power>
          </ns3:TrackPointExtension>
        </extensions>
      </trkpt>
      <trkpt lat="46.1337334600" lon="7.1376423124">
        <ele>622.56</ele>
        <time>2026-05-17T07:49:10.000Z</time>
        <extensions>
          <ns3:TrackPointExtension>
            <ns3:atemp>19.4</ns3:atemp>
            <ns3:hr>158</ns3:hr>
            <ns3:cad>86</ns3:cad>
            <ns3:power>208</ns3:power>
          </ns3:TrackPointExtension>
        </extensions>
      </trkpt>
      <trkpt lat="46.1337534292" lon="7.1376818738">
        <ele>622.78</ele>
        <time>2026-05-17T07:49:11.000Z</time>
        <extensions>
          <ns3:TrackPointExtension>
            <ns3:atemp>19.4</ns3:atemp>
            <ns3:hr>158</ns3:hr>
            <ns3:cad>87</ns3:cad>
            <ns3:power>209</ns3:power>
          </ns3:TrackPointExtension>
        </extensions>
      </trkpt>
      <trkpt lat="46.1337716995" lon="7.1377224915">
        <ele>623.01</ele>
        <time>2026-05-17T07:49:12.000Z</time>
        <extensions>
          <ns3:TrackPointExtension>
            <ns3:atemp>19.4</ns3:atemp>
            <ns3:hr>158</ns3:hr>
            <ns3:cad>87</ns3:cad>
            <ns3:power>210</ns3:power>
          </ns3:TrackPointExtension>
        </extensions>
      </trkpt>
      <trkpt lat="46.1337940634" lon="7.1377567317">
        <ele>623.24</ele>
        <time>2026-05-17T07:49:13.000Z</time>
        <extensions>
          <ns3:TrackPointExtension>
            <ns3:atemp>19.4</ns3:atemp>
            <ns3:hr>159</ns3:hr>
            <ns3:cad>87</ns3:cad>
            <ns3:power>211</ns3:power>
          </ns3:TrackPointExtension>
        </extensions>
      </trkpt>
      <trkpt lat="46.1338170626" lon="7.1377846608">
        <ele>623.48</ele>
        <time>2026-05-17T07:49:14.000Z</time>
        <extensions>
          <ns3:TrackPointExtension>
            <ns3:atemp>19.4</ns3:atemp>
            <ns3:hr>159</ns3:hr>
            <ns3:cad>87</ns3:cad>
            <ns3:power>212</ns3:power>
          </ns3:TrackPointExtension>
        </extensions>
      </trkpt>
      <trkpt lat="46.1338418558" lon="7.1378252394">
        <ele>623.71</ele>
        <time>2026-05-17T07:49:15.000Z</time>
        <extensions>
          <ns3:TrackPointExtension>
            <ns3:atemp>19.4</ns3:atemp>
            <ns3:hr>159</ns3:hr>
            <ns3:cad>87</ns3:cad>
            <ns3:power>213</ns3:power>
          </ns3:TrackPointExtension>
        </extensions>
      </trkpt>
      <trkpt lat="46.1338618204" lon="7.1378565639">
        <ele>623.94</ele>
        <time>2026-05-17T07:49:16.000Z</time>
        <extensions>
          <ns3:TrackPointExtension>
            <ns3:atemp>19.4</ns3:atemp>
            <ns3:hr>159</ns3:hr>
            <ns3:cad>87</ns3:cad>
            <ns3:power>214</ns3:power>
          </ns3:TrackPointExtension>
        </extensions>
      </trkpt>
      <trkpt lat="46.1338886408" lon="7.1378874798">
        <ele>624.18</ele>
        <time>2026-05-17T07:49:17.000Z</time>
        <extensions>
          <ns3:TrackPointExtension>
            <ns3:atemp>19.4</ns3:atemp>
            <ns3:hr>159</ns3:hr>
            <ns3:cad>87</ns3:cad>
            <ns3:power>215</ns3:power>
          </ns3:TrackPointExtension>
        </extensions>
      </trkpt>
      <trkpt lat="46.1339086037" lon="7.1379151185">
        <ele>624.41</ele>
        <time>2026-05-17T07:49:18.000Z</time>
        <extensions>
          <ns3:TrackPointExtension>
            <ns3:atemp>19.4</ns3:atemp>
            <ns3:hr>160</ns3:hr>
            <ns3:cad>87</ns3:cad>
            <ns3:power>215</ns3:power>
          </ns3:TrackPointExtension>
        </extensions>
      </trkpt>
      <trkpt lat="46.1339350593" lon="7.1379447175">
        <ele>624.65</ele>
        <time>2026-05-17T07:49:19.000Z</time>
        <extensions>
          <ns3:TrackPointExtension>
            <ns3:atemp>19.4</ns3:atemp>
            <ns3:hr>160</ns3:hr>
            <ns3:cad>87</ns3:cad>
            <ns3:power>216</ns3:power>
          </ns3:TrackPointExtension>
        </extensions>
      </trkpt>
      <trkpt lat="46.1339624448" lon="7.1379823283">
        <ele>624.89</ele>
        <time>2026-05-17T07:49:20.000Z</time>
        <extensions>
          <ns3:TrackPointExtension>
            <ns3:atemp>19.4</ns3:atemp>
            <ns3:hr>160</ns3:hr>
            <ns3:cad>87</ns3:cad>
            <ns3:power>217</ns3:power>
          </ns3:TrackPointExtension>
        </extensions>
      </trkpt>
      <trkpt lat="46.1339890388" lon="7.1380146342">
        <ele>625.13</ele>
        <time>2026-05-17T07:49:21.000Z</time>
        <extensions>
          <ns3:TrackPointExtension>
            <ns3:atemp>19.5</ns3:atemp>
            <ns3:hr>160</ns3:hr>
            <ns3:cad>88</ns3:cad>
            <ns3:power>218</ns3:power>
          </ns3:TrackPointExtension>
        </extensions>
      </trkpt>
      <trkpt lat="46.1340172115" lon="7.1380433151">
        <ele>625.37</ele>
        <time>2026-05-17T07:49:22.000Z</time>
        <extensions>
          <ns3:TrackPointExtension>
            <ns3:atemp>19.5</ns3:atemp>
            <ns3:hr>161</ns3:hr>
            <ns3:cad>88</ns3:cad>
            <ns3:power>219</ns3:power>
          </ns3:TrackPointExtension>
        </extensions>
      </trkpt>
      <trkpt lat="46.1340425814" lon="7.1380812557">
        <ele>625.61</ele>
        <time>2026-05-17T07:49:23.000Z</time>
        <extensions>
          <ns3:TrackPointExtension>
            <ns3:atemp>19.5</ns3:atemp>
            <ns3:hr>161</ns3:hr>
            <ns3:cad>88</ns3:cad>
            <ns3:power>220</ns3:power>
          </ns3:TrackPointExtension>
        </extensions>
      </trkpt>
      <trkpt lat="46.1340688648" lon="7.1381204482">
        <ele>625.85</ele>
        <time>2026-05-17T07:49:24.000Z</time>
        <extensions>
          <ns3:TrackPointExtension>
            <ns3:atemp>19.5</ns3:atemp>
            <ns3:hr>161</ns3:hr>
            <ns3:cad>88</ns3:cad>
            <ns3:power>221</ns3:power>
          </ns3:TrackPointExtension>
        </extensions>
      </trkpt>
      <trkpt lat="46.1340944500" lon="7.1381566240">
        <ele>626.09</ele>
        <time>2026-05-17T07:49:25.000Z</time>
        <extensions>
          <ns3:TrackPointExtension>
            <ns3:atemp>19.5</ns3:atemp>
            <ns3:hr>161</ns3:hr>
            <ns3:cad>88</ns3:cad>
            <ns3:power>222</ns3:power>
          </ns3:TrackPointExtension>
        </extensions>
      </trkpt>
      <trkpt lat="46.1341218907" lon="7.1381878357">
        <ele>626.34</ele>
        <time>2026-05-17T07:49:26.000Z</time>
        <extensions>
          <ns3:TrackPointExtension>
            <ns3:atemp>19.5</ns3:atemp>
            <ns3:hr>161</ns3:hr>
            <ns3:cad>88</ns3:cad>
            <ns3:power>223</ns3:power>
          </ns3:TrackPointExtension>
        </extensions>
      </trkpt>
      <trkpt lat="46.1341469138" lon="7.1382137001">
        <ele>626.58</ele>
        <time>2026-05-17T07:49:27.000Z</time>
        <extensions>
          <ns3:TrackPointExtension>
            <ns3:atemp>19.5</ns3:atemp>
            <ns3:hr>162</ns3:hr>
            <ns3:cad>88</ns3:cad>
            <ns3:power>224</ns3:power>
          </ns3:TrackPointExtension>
        </extensions>
      </trkpt>
      <trkpt lat="46.1341665212" lon="7.1382407709">
        <ele>626.83</ele>
        <time>2026-05-17T07:49:28.000Z</time>
        <extensions>
          <ns3:TrackPointExtension>
            <ns3:atemp>19.5</ns3:atemp>
            <ns3:hr>162</ns3:hr>
            <ns3:cad>88</ns3:cad>
            <ns3:power>225</ns3:power>
          </ns3:TrackPointExtension>
        </extensions>
      </trkpt>
      <trkpt lat="46.1341948120" lon="7.1382714640">
        <ele>627.08</ele>
        <time>2026-05-17T07:49:29.000Z</time>
        <extensions>
          <ns3:TrackPointExtension>
            <ns3:atemp>19.5</ns3:atemp>
            <ns3:hr>162</ns3:hr>
            <ns3:cad>88</ns3:cad>
            <ns3:power>226</ns3:power>
          </ns3:TrackPointExtension>
        </extensions>
      </trkpt>
      <trkpt lat="46.1342238924" lon="7.1382980855">
        <ele>627.33</ele>
        <time>2026-05-17T07:49:30.000Z</time>
        <extensions>
          <ns3:TrackPointExtension>
            <ns3:atemp>19.5</ns3:atemp>
            <ns3:hr>162</ns3:hr>
            <ns3:cad>88</ns3:cad>
            <ns3:power>227</ns3:power>
          </ns3:TrackPointExtension>
        </extensions>
      </trkpt>
      <trkpt lat="46.1342435932" lon="7.1383253243">
        <ele>627.58</ele>
        <time>2026-05-17T07:49:31.000Z</time>
        <extensions>
          <ns3:TrackPointExtension>
            <ns3:atemp>19.5</ns3:atemp>
            <ns3:hr>162</ns3:hr>
            <ns3:cad>88</ns3:cad>
            <ns3:power>228</ns3:power>
          </ns3:TrackPointExtension>
        </extensions>
      </trkpt>
      <trkpt lat="46.1342696328" lon="7.1383544545">
        <ele>627.83</ele>
        <time>2026-05-17T07:49:32.000Z</time>
        <extensions>
          <ns3:TrackPointExtension>
            <ns3:atemp>19.5</ns3:atemp>
            <ns3:hr>162</ns3:hr>
            <ns3:cad>88</ns3:cad>
            <ns3:power>228</ns3:power>
          </ns3:TrackPointExtension>
        </extensions>
      </trkpt>
      <trkpt lat="46.1342979260" lon="7.1383940340">
        <ele>628.08</ele>
        <time>2026-05-17T07:49:33.000Z</time>
        <extensions>
          <ns3:TrackPointExtension>
            <ns3:atemp>19.5</ns3:atemp>
            <ns3:hr>163</ns3:hr>
            <ns3:cad>88</ns3:cad>
            <ns3:power>229</ns3:power>
          </ns3:TrackPointExtension>
        </extensions>
      </trkpt>
      <trkpt lat="46.1343169387" lon="7.1384278018">
        <ele>628.33</ele>
        <time>2026-05-17T07:49:34.000Z</time>
        <extensions>
          <ns3:TrackPointExtension>
            <ns3:atemp>19.5</ns3:atemp>
            <ns3:hr>163</ns3:hr>
            <ns3:cad>88</ns3:cad>
            <ns3:power>230</ns3:power>
          </ns3:TrackPointExtension>
        </extensions>
      </trkpt>
      <trkpt lat="46.1343429811" lon="7.1384565994">
        <ele>628.59</ele>
        <time>2026-05-17T07:49:35.000Z</time>
        <extensions>
          <ns3:TrackPointExtension>
            <ns3:atemp>19.5</ns3:atemp>
            <ns3:hr>163</ns3:hr>
            <ns3:cad>88</ns3:cad>
            <ns3:power>231</ns3:power>
          </ns3:TrackPointExtension>
        </extensions>
      </trkpt>
      <trkpt lat="46.1343702679" lon="7.1384866080">
        <ele>628.84</ele>
        <time>2026-05-17T07:49:36.000Z</time>
        <extensions>
          <ns3:TrackPointExtension>
            <ns3:atemp>19.5</ns3:atemp>
            <ns3:hr>163</ns3:hr>
            <ns3:cad>88</ns3:cad>
            <ns3:power>232</ns3:power>
          </ns3:TrackPointExtension>
        </extensions>
      </trkpt>
      <trkpt lat="46.1343974481" lon="7.1385137081">
        <ele>629.10</ele>
        <time>2026-05-17T07:49:37.000Z</time>
        <extensions>
          <ns3:TrackPointExtension>
            <ns3:atemp>19.5</ns3:atemp>
            <ns3:hr>163</ns3:hr>
            <ns3:cad>88</ns3:cad>
            <ns3:power>233</ns3:power>
          </ns3:TrackPointExtension>
        </extensions>
      </trkpt>
      <trkpt lat="46.1344255777" lon="7.1385405945">
        <ele>629.36</ele>
        <time>2026-05-17T07:49:38.000Z</time>
        <extensions>
          <ns3:TrackPointExtension>
            <ns3:atemp>19.5</ns3:atemp>
            <ns3:hr>164</ns3:hr>
            <ns3:cad>88</ns3:cad>
            <ns3:power>234</ns3:power>
          </ns3:TrackPointExtension>
        </extensions>
      </trkpt>
      <trkpt lat="46.1344513936" lon="7.1385767281">
        <ele>629.61</ele>
        <time>2026-05-17T07:49:39.000Z</time>
        <extensions>
          <ns3:TrackPointExtension>
            <ns3:atemp>19.5</ns3:atemp>
            <ns3:hr>164</ns3:hr>
            <ns3:cad>88</ns3:cad>
            <ns3:power>235</ns3:power>
          </ns3:TrackPointExtension>
        </extensions>
      </trkpt>
      <trkpt lat="46.1344724132" lon="7.1386055825">
        <ele>629.87</ele>
        <time>2026-05-17T07:49:40.000Z</time>
        <extensions>
          <ns3:TrackPointExtension>
            <ns3:atemp>19.5</ns3:atemp>
            <ns3:hr>164</ns3:hr>
            <ns3:cad>88</ns3:cad>
            <ns3:power>236</ns3:power>
          </ns3:TrackPointExtension>
        </extensions>
      </trkpt>
      <trkpt lat="46.1344984630" lon="7.1386304670">
        <ele>630.13</ele>
        <time>2026-05-17T07:49:41.000Z</time>
        <extensions>
          <ns3:TrackPointExtension>
            <ns3:atemp>19.5</ns3:atemp>
            <ns3:hr>164</ns3:hr>
            <ns3:cad>88</ns3:cad>
            <ns3:power>236</ns3:power>
          </ns3:TrackPointExtension>
        </extensions>
      </trkpt>
      <trkpt lat="46.1345246010" lon="7.1386654289">
        <ele>630.39</ele>
        <time>2026-05-17T07:49:42.000Z</time>
        <extensions>
          <ns3:TrackPointExtension>
            <ns3:atemp>19.5</ns3:atemp>
            <ns3:hr>164</ns3:hr>
            <ns3:cad>88</ns3:cad>
            <ns3:power>237</ns3:power>
          </ns3:TrackPointExtension>
        </extensions>
      </trkpt>
      <trkpt lat="46.1345500020" lon="7.1387012164">
        <ele>630.66</ele>
        <time>2026-05-17T07:49:43.000Z</time>
        <extensions>
          <ns3:TrackPointExtension>
            <ns3:atemp>19.5</ns3:atemp>
            <ns3:hr>164</ns3:hr>
            <ns3:cad>88</ns3:cad>
            <ns3:power>238</ns3:power>
          </ns3:TrackPointExtension>
        </extensions>
      </trkpt>
      <trkpt lat="46.1345769276" lon="7.1387294153">
        <ele>630.92</ele>
        <time>2026-05-17T07:49:44.000Z</time>
        <extensions>
          <ns3:TrackPointExtension>
            <ns3:atemp>19.5</ns3:atemp>
            <ns3:hr>165</ns3:hr>
            <ns3:cad>88</ns3:cad>
            <ns3:power>239</ns3:power>
          </ns3:TrackPointExtension>
        </extensions>
      </trkpt>
      <trkpt lat="46.1346044267" lon="7.1387630546">
        <ele>631.18</ele>
        <time>2026-05-17T07:49:45.000Z</time>
        <extensions>
          <ns3:TrackPointExtension>
            <ns3:atemp>19.5</ns3:atemp>
            <ns3:hr>165</ns3:hr>
            <ns3:cad>88</ns3:cad>
            <ns3:power>240</ns3:power>
          </ns3:TrackPointExtension>
        </extensions>
      </trkpt>
      <trkpt lat="46.1346249943" lon="7.1387966031">
        <ele>631.45</ele>
        <time>2026-05-17T07:49:46.000Z</time>
        <extensions>
          <ns3:TrackPointExtension>
            <ns3:atemp>19.5</ns3:atemp>
            <ns3:hr>165</ns3:hr>
            <ns3:cad>88</ns3:cad>
            <ns3:power>241</ns3:power>
          </ns3:TrackPointExtension>
        </extensions>
      </trkpt>
      <trkpt lat="46.1346530183" lon="7.1388202305">
        <ele>631.71</ele>
        <time>2026-05-17T07:49:47.000Z</time>
        <extensions>
          <ns3:TrackPointExtension>
            <ns3:atemp>19.5</ns3:atemp>
            <ns3:hr>165</ns3:hr>
            <ns3:cad>88</ns3:cad>
            <ns3:power>241</ns3:power>
          </ns3:TrackPointExtension>
        </extensions>
      </trkpt>
      <trkpt lat="46.1346817706" lon="7.1388467318">
        <ele>631.98</ele>
        <time>2026-05-17T07:49:48.000Z</time>
        <extensions>
          <ns3:TrackPointExtension>
            <ns3:atemp>19.5</ns3:atemp>
            <ns3:hr>165</ns3:hr>
            <ns3:cad>88</ns3:cad>
            <ns3:power>242</ns3:power>
          </ns3:TrackPointExtension>
        </extensions>
      </trkpt>
      <trkpt lat="46.1347030010" lon="7.1388796195">
        <ele>632.25</ele>
        <time>2026-05-17T07:49:49.000Z</time>
        <extensions>
          <ns3:TrackPointExtension>
            <ns3:atemp>19.5</ns3:atemp>
            <ns3:hr>165</ns3:hr>
            <ns3:cad>87</ns3:cad>
            <ns3:power>243</ns3:power>
          </ns3:TrackPointExtension>
        </extensions>
      </trkpt>
      <trkpt lat="46.1347310563" lon="7.1389076237">
        <ele>632.52</ele>
        <time>2026-05-17T07:49:50.000Z</time>
        <extensions>
          <ns3:TrackPointExtension>
            <ns3:atemp>19.5</ns3:atemp>
            <ns3:hr>166</ns3:hr>
            <ns3:cad>87</ns3:cad>
            <ns3:power>244</ns3:power>
          </ns3:TrackPointExtension>
        </extensions>
      </trkpt>
      <trkpt lat="46.1347585204" lon="7.1389358592">
        <ele>632.79</ele>
        <time>2026-05-17T07:49:51.000Z</time>
        <extensions>
          <ns3:TrackPointExtension>
            <ns3:atemp>19.5</ns3:atemp>
            <ns3:hr>166</ns3:hr>
            <ns3:cad>87</ns3:cad>
            <ns3:power>245</ns3:power>
          </ns3:TrackPointExtension>
        </extensions>
      </trkpt>
      <trkpt lat="46.1347817224" lon="7.1389717133">
        <ele>633.06</ele>
        <time>2026-05-17T07:49:52.000Z</time>
        <extensions>
          <ns3:TrackPointExtension>
            <ns3:atemp>19.5</ns3:atemp>
            <ns3:hr>166</ns3:hr>
            <ns3:cad>87</ns3:cad>
            <ns3:power>245</ns3:power>
          </ns3:TrackPointExtension>
        </extensions>
      </trkpt>
      <trkpt lat="46.1348020478" lon="7.1389987415">
        <ele>633.33</ele>
        <time>2026-05-17T07:49:53.000Z</time>
        <extensions>
          <ns3:TrackPointExtension>
            <ns3:atemp>19.5</ns3:atemp>
            <ns3:hr>166</ns3:hr>
            <ns3:cad>87</ns3:cad>
            <ns3:power>246</ns3:power>
          </ns3:TrackPointExtension>
        </extensions>
      </trkpt>
      <trkpt lat="46.1348282815" lon="7.1390341207">
        <ele>633.60</ele>
        <time>2026-05-17T07:49:54.000Z</time>
        <extensions>
          <ns3:TrackPointExtension>
            <ns3:atemp>19.5</ns3:atemp>
            <ns3:hr>166</ns3:hr>
            <ns3:cad>87</ns3:cad>
            <ns3:power>247</ns3:power>
          </ns3:TrackPointExtension>
        </extensions>
      </trkpt>
      <trkpt lat="46.1348551913" lon="7.1390613203">
        <ele>633.87</ele>
        <time>2026-05-17T07:49:55.000Z</time>
        <extensions>
          <ns3:TrackPointExtension>
            <ns3:atemp>19.5</ns3:atemp>
            <ns3:hr>166</ns3:hr>
            <ns3:cad>87</ns3:cad>
            <ns3:power>248</ns3:power>
          </ns3:TrackPointExtension>
        </extensions>
      </trkpt>
      <trkpt lat="46.1348834726" lon="7.1390975641">
        <ele>634.15</ele>
        <time>2026-05-17T07:49:56.000Z</time>
        <extensions>
          <ns3:TrackPointExtension>
            <ns3:atemp>19.5</ns3:atemp>
            <ns3:hr>166</ns3:hr>
            <ns3:cad>87</ns3:cad>
            <ns3:power>248</ns3:power>
          </ns3:TrackPointExtension>
        </extensions>
      </trkpt>
      <trkpt lat="46.1349047124" lon="7.1391282428">
        <ele>634.42</ele>
        <time>2026-05-17T07:49:57.000Z</time>
        <extensions>
          <ns3:TrackPointExtension>
            <ns3:atemp>19.5</ns3:atemp>
            <ns3:hr>167</ns3:hr>
            <ns3:cad>87</ns3:cad>
            <ns3:power>249</ns3:power>
          </ns3:TrackPointExtension>
        </extensions>
      </trkpt>
      <trkpt lat="46.1349273086" lon="7.1391645588">
        <ele>634.70</ele>
        <time>2026-05-17T07:49:58.000Z</time>
        <extensions>
          <ns3:TrackPointExtension>
            <ns3:atemp>19.5</ns3:atemp>
            <ns3:hr>167</ns3:hr>
            <ns3:cad>87</ns3:cad>
            <ns3:power>250</ns3:power>
          </ns3:TrackPointExtension>
        </extensions>
      </trkpt>
      <trkpt lat="46.1349526006" lon="7.1391981675">
        <ele>634.98</ele>
        <time>2026-05-17T07:49:59.000Z</time>
        <extensions>
          <ns3:TrackPointExtension>
            <ns3:atemp>19.5</ns3:atemp>
            <ns3:hr>167</ns3:hr>
            <ns3:cad>87</ns3:cad>
            <ns3:power>251</ns3:power>
          </ns3:TrackPointExtension>
        </extensions>
      </trkpt>
      <trkpt lat="46.1350440617" lon="7.1393200327">
        <ele>634.30</ele>
        <time>2026-05-17T07:50:00.000Z</time>
        <extensions>
          <ns3:TrackPointExtension>
            <ns3:atemp>19.5</ns3:atemp>
            <ns3:hr>125</ns3:hr>
            <ns3:cad>86</ns3:cad>
            <ns3:power>0</ns3:power>
          </ns3:TrackPointExtension>
        </extensions>
      </trkpt>
      <trkpt lat="46.1351359709" lon="7.1394401829">
        <ele>633.62</ele>
        <time>2026-05-17T07:50:01.000Z</time>
        <extensions>
          <ns3:TrackPointExtension>
            <ns3:atemp>19.5</ns3:atemp>
            <ns3:hr>126</ns3:hr>
            <ns3:cad>86</ns3:cad>
            <ns3:power>0</ns3:power>
          </ns3:TrackPointExtension>
        </extensions>
      </trkpt>
      <trkpt lat="46.1352305233" lon="7.1395616202">
        <ele>632.94</ele>
        <time>2026-05-17T07:50:02.000Z</time>
        <extensions>
          <ns3:TrackPointExtension>
            <ns3:atemp>19.5</ns3:atemp>
            <ns3:hr>126</ns3:hr>
            <ns3:cad>86</ns3:cad>
            <ns3:power>0</ns3:power>
          </ns3:TrackPointExtension>
        </extensions>
      </trkpt>
      <trkpt lat="46.1353249562" lon="7.1396714690">
        <ele>632.26</ele>
        <time>2026-05-17T07:50:03.000Z</time>
        <extensions>
          <ns3:TrackPointExtension>
            <ns3:atemp>19.5</ns3:atemp>
            <ns3:hr>126</ns3:hr>
            <ns3:cad>86</ns3:cad>
            <ns3:power>0</ns3:power>
          </ns3:TrackPointExtension>
        </extensions>
      </trkpt>
      <trkpt lat="46.1354218481" lon="7.1397929213">
        <ele>631.58</ele>
        <time>2026-05-17T07:50:04.000Z</time>
        <extensions>
          <ns3:TrackPointExtension>
            <ns3:atemp>19.5</ns3:atemp>
            <ns3:hr>126</ns3:hr>
            <ns3:cad>86</ns3:cad>
            <ns3:power>0</ns3:power>
          </ns3:TrackPointExtension>
        </extensions>
      </trkpt>
      <trkpt lat="46.1355190658" lon="7.1399046502">
        <ele>630.90</ele>
        <time>2026-05-17T07:50:05.000Z</time>
        <extensions>
          <ns3:TrackPointExtension>
            <ns3:atemp>19.5</ns3:atemp>
            <ns3:hr>126</ns3:hr>
            <ns3:cad>86</ns3:cad>
            <ns3:power>0</ns3:power>
          </ns3:TrackPointExtension>
        </extensions>
      </trkpt>
      <trkpt lat="46.1356110270" lon="7.1400136090">
        <ele>630.22</ele>
        <time>2026-05-17T07:50:06.000Z</time>
        <extensions>
          <ns3:TrackPointExtension>
            <ns3:atemp>19.5</ns3:atemp>
            <ns3:hr>126</ns3:hr>
            <ns3:cad>86</ns3:cad>
            <ns3:power>0</ns3:power>
          </ns3:TrackPointExtension>
        </extensions>
      </trkpt>
      <trkpt lat="46.1356980888" lon="7.1401237816">
        <ele>629.54</ele>
        <time>2026-05-17T07:50:07.000Z</time>
        <extensions>
          <ns3:TrackPointExtension>
            <ns3:atemp>19.5</ns3:atemp>
            <ns3:hr>126</ns3:hr>
            <ns3:cad>85</ns3:cad>
            <ns3:power>0</ns3:power>
          </ns3:TrackPointExtension>
        </extensions>
      </trkpt>
      <trkpt lat="46.1357894130" lon="7.1402471007">
        <ele>628.86</ele>
        <time>2026-05-17T07:50:08.000Z</time>
        <extensions>
          <ns3:TrackPointExtension>
            <ns3:atemp>19.5</ns3:atemp>
            <ns3:hr>126</ns3:hr>
            <ns3:cad>85</ns3:cad>
            <ns3:power>0</ns3:power>
          </ns3:TrackPointExtension>
        </extensions>
      </trkpt>
      <trkpt lat="46.1358831431" lon="7.1403659934">
        <ele>628.18</ele>
        <time>2026-05-17T07:50:09.000Z</time>
        <extensions>
          <ns3:TrackPointExtension>
            <ns3:atemp>19.5</ns3:atemp>
            <ns3:hr>126</ns3:hr>
            <ns3:cad>85</ns3:cad>
            <ns3:power>0</ns3:power>
          </ns3:TrackPointExtension>
        </extensions>
      </trkpt>
      <trkpt lat="46.1359752218" lon="7.1404860348">
        <ele>627.50</ele>
        <time>2026-05-17T07:50:10.000Z</time>
        <extensions>
          <ns3:TrackPointExtension>
            <ns3:atemp>19.5</ns3:atemp>
            <ns3:hr>126</ns3:hr>
            <ns3:cad>85</ns3:cad>
            <ns3:power>0</ns3:power>
          </ns3:TrackPointExtension>
        </extensions>
      </trkpt>
      <trkpt lat="46.1360630696" lon="7.1406006745">
        <ele>626.82</ele>
        <time>2026-05-17T07:50:11.000Z</time>
        <extensions>
          <ns3:TrackPointExtension>
            <ns3:atemp>19.5</ns3:atemp>
            <ns3:hr>126</ns3:hr>
            <ns3:cad>85</ns3:cad>
            <ns3:power>0</ns3:power>
          </ns3:TrackPointExtension>
        </extensions>
      </trkpt>
      <trkpt lat="46.1361528199" lon="7.1407150065">
        <ele>626.14</ele>
        <time>2026-05-17T07:50:12.000Z</time>
        <extensions>
          <ns3:TrackPointExtension>
            <ns3:atemp>19.5</ns3:atemp>
            <ns3:hr>126</ns3:hr>
            <ns3:cad>85</ns3:cad>
            <ns3:power>0</ns3:power>
          </ns3:TrackPointExtension>
        </extensions>
      </trkpt>
      <trkpt lat="46.1362445756" lon="7.1408297363">
        <ele>625.46</ele>
        <time>2026-05-17T07:50:13.000Z</time>
        <extensions>
          <ns3:TrackPointExtension>
            <ns3:atemp>19.5</ns3:atemp>
            <ns3:hr>126</ns3:hr>
            <ns3:cad>84</ns3:cad>
            <ns3:power>0</ns3:power>
          </ns3:TrackPointExtension>
        </extensions>
      </trkpt>
      <trkpt lat="46.1363385021" lon="7.1409549728">
        <ele>624.77</ele>
        <time>2026-05-17T07:50:14.000Z</time>
        <extensions>
          <ns3:TrackPointExtension>
            <ns3:atemp>19.5</ns3:atemp>
            <ns3:hr>126</ns3:hr>
            <ns3:cad>84</ns3:cad>
            <ns3:power>0</ns3:power>
          </ns3:TrackPointExtension>
        </extensions>
      </trkpt>
      <trkpt lat="46.1364288498" lon="7.1410791781">
        <ele>624.09</ele>
        <time>2026-05-17T07:50:15.000Z</time>
        <extensions>
          <ns3:TrackPointExtension>
            <ns3:atemp>19.5</ns3:atemp>
            <ns3:hr>126</ns3:hr>
            <ns3:cad>84</ns3:cad>
            <ns3:power>0</ns3:power>
          </ns3:TrackPointExtension>
        </extensions>
      </trkpt>
      <trkpt lat="46.1365231693" lon="7.1411976464">
        <ele>623.41</ele>
        <time>2026-05-17T07:50:16.000Z</time>
        <extensions>
          <ns3:TrackPointExtension>
            <ns3:atemp>19.5</ns3:atemp>
            <ns3:hr>126</ns3:hr>
            <ns3:cad>84</ns3:cad>
            <ns3:power>0</ns3:power>
          </ns3:TrackPointExtension>
        </extensions>
      </trkpt>
      <trkpt lat="46.1366154461" lon="7.1413135315">
        <ele>622.73</ele>
        <time>2026-05-17T07:50:17.000Z</time>
        <extensions>
          <ns3:TrackPointExtension>
            <ns3:atemp>19.5</ns3:atemp>
            <ns3:hr>126</ns3:hr>
            <ns3:cad>84</ns3:cad>
            <ns3:power>0</ns3:power>
          </ns3:TrackPointExtension>
        </extensions>
      </trkpt>
      <trkpt lat="46.1367046962" lon="7.1414254680">
        <ele>622.04</ele>
        <time>2026-05-17T07:50:18.000Z</time>
        <extensions>
          <ns3:TrackPointExtension>
            <ns3:atemp>19.5</ns3:atemp>
            <ns3:hr>126</ns3:hr>
            <ns3:cad>84</ns3:cad>
            <ns3:power>0</ns3:power>
          </ns3:TrackPointExtension>
        </extensions>
      </trkpt>
      <trkpt lat="46.1367973334" lon="7.1415485234">
        <ele>621.36</ele>
        <time>2026-05-17T07:50:19.000Z</time>
        <extensions>
          <ns3:TrackPointExtension>
            <ns3:atemp>19.5</ns3:atemp>
            <ns3:hr>126</ns3:hr>
            <ns3:cad>83</ns3:cad>
            <ns3:power>0</ns3:power>
          </ns3:TrackPointExtension>
        </extensions>
      </trkpt>
      <trkpt lat="46.1368934614" lon="7.1416707665">
        <ele>620.68</ele>
        <time>2026-05-17T07:50:20.000Z</time>
        <extensions>
          <ns3:TrackPointExtension>
            <ns3:atemp>19.5</ns3:atemp>
            <ns3:hr>126</ns3:hr>
            <ns3:cad>83</ns3:cad>
            <ns3:power>0</ns3:power>
          </ns3:TrackPointExtension>
        </extensions>
      </trkpt>
      <trkpt lat="46.1369833589" lon="7.1417910515">
        <ele>620.00</ele>
        <time>2026-05-17T07:50:21.000Z</time>
        <extensions>
          <ns3:TrackPointExtension>
            <ns3:atemp>19.5</ns3:atemp>
            <ns3:hr>126</ns3:hr>
            <ns3:cad>83</ns3:cad>
            <ns3:power>0</ns3:power>
          </ns3:TrackPointExtension>
        </extensions>
      </trkpt>
      <trkpt lat="46.1370762917" lon="7.1419154376">
        <ele>619.31</ele>
        <time>2026-05-17T07:50:22.000Z</time>
        <extensions>
          <ns3:TrackPointExtension>
            <ns3:atemp>19.5</ns3:atemp>
            <ns3:hr>126</ns3:hr>
            <ns3:cad>83</ns3:cad>
            <ns3:power>0</ns3:power>
          </ns3:TrackPointExtension>
        </extensions>
      </trkpt>
      <trkpt lat="46.1371708264" lon="7.1420363717">
        <ele>618.63</ele>
        <time>2026-05-17T07:50:23.000Z</time>
        <extensions>
          <ns3:TrackPointExtension>
            <ns3:atemp>19.5</ns3:atemp>
            <ns3:hr>126</ns3:hr>
            <ns3:cad>83</ns3:cad>
            <ns3:power>0</ns3:power>
          </ns3:TrackPointExtension>
        </extensions>
      </trkpt>
      <trkpt lat="46.1372586266" lon="7.1421580647">
        <ele>617.95</ele>
        <time>2026-05-17T07:50:24.000Z</time>
        <extensions>
          <ns3:TrackPointExtension>
            <ns3:atemp>19.5</ns3:atemp>
            <ns3:hr>126</ns3:hr>
            <ns3:cad>82</ns3:cad>
            <ns3:power>0</ns3:power>
          </ns3:TrackPointExtension>
        </extensions>
      </trkpt>
      <trkpt lat="46.1373514210" lon="7.1422759030">
        <ele>617.27</ele>
        <time>2026-05-17T07:50:25.000Z</time>
        <extensions>
          <ns3:TrackPointExtension>
            <ns3:atemp>19.5</ns3:atemp>
            <ns3:hr>126</ns3:hr>
            <ns3:cad>82</ns3:cad>
            <ns3:power>0</ns3:power>
          </ns3:TrackPointExtension>
        </extensions>
      </trkpt>
      <trkpt lat="46.1374435962" lon="7.1424025395">
        <ele>616.59</ele>
        <time>2026-05-17T07:50:26.000Z</time>
        <extensions>
          <ns3:TrackPointExtension>
            <ns3:atemp>19.5</ns3:atemp>
            <ns3:hr>126</ns3:hr>
            <ns3:cad>82</ns3:cad>
            <ns3:power>0</ns3:power>
          </ns3:TrackPointExtension>
        </extensions>
      </trkpt>
      <trkpt lat="46.1375336091" lon="7.1425251390">
        <ele>615.90</ele>
        <time>2026-05-17T07:50:27.000Z</time>
        <extensions>
          <ns3:TrackPointExtension>
            <ns3:atemp>19.5</ns3:atemp>
            <ns3:hr>126</ns3:hr>
            <ns3:cad>82</ns3:cad>
            <ns3:power>0</ns3:power>
          </ns3:TrackPointExtension>
        </extensions>
      </trkpt>
      <trkpt lat="46.1376224912" lon="7.1426514121">
        <ele>615.22</ele>
        <time>2026-05-17T07:50:28.000Z</time>
        <extensions>
          <ns3:TrackPointExtension>
            <ns3:atemp>19.5</ns3:atemp>
            <ns3:hr>126</ns3:hr>
            <ns3:cad>82</ns3:cad>
            <ns3:power>0</ns3:power>
          </ns3:TrackPointExtension>
        </extensions>
      </trkpt>
      <trkpt lat="46.1377078304" lon="7.1427679303">
        <ele>614.54</ele>
        <time>2026-05-17T07:50:29.000Z</time>
        <extensions>
          <ns3:TrackPointExtension>
            <ns3:atemp>19.5</ns3:atemp>
            <ns3:hr>126</ns3:hr>
            <ns3:cad>81</ns3:cad>
            <ns3:power>0</ns3:power>
          </ns3:TrackPointExtension>
        </extensions>
      </trkpt>
      <trkpt lat="46.1377950576" lon="7.1428951353">
        <ele>613.86</ele>
        <time>2026-05-17T07:50:30.000Z</time>
        <extensions>
          <ns3:TrackPointExtension>
            <ns3:atemp>19.5</ns3:atemp>
            <ns3:hr>126</ns3:hr>
            <ns3:cad>81</ns3:cad>
            <ns3:power>0</ns3:power>
          </ns3:TrackPointExtension>
        </extensions>
      </trkpt>
      <trkpt lat="46.1378829217" lon="7.1430227353">
        <ele>613.18</ele>
        <time>2026-05-17T07:50:31.000Z</time>
        <extensions>
          <ns3:TrackPointExtension>
            <ns3:atemp>19.5</ns3:atemp>
            <ns3:hr>126</ns3:hr>
            <ns3:cad>81</ns3:cad>
            <ns3:power>0</ns3:power>
          </ns3:TrackPointExtension>
        </extensions>
      </trkpt>
      <trkpt lat="46.1379717961" lon="7.1431458313">
        <ele>612.50</ele>
        <time>2026-05-17T07:50:32.000Z</time>
        <extensions>
          <ns3:TrackPointExtension>
            <ns3:atemp>19.5</ns3:atemp>
            <ns3:hr>126</ns3:hr>
            <ns3:cad>81</ns3:cad>
            <ns3:power>0</ns3:power>
          </ns3:TrackPointExtension>
        </extensions>
      </trkpt>
      <trkpt lat="46.1380635764" lon="7.1432586207">
        <ele>611.82</ele>
        <time>2026-05-17T07:50:33.000Z</time>
        <extensions>
          <ns3:TrackPointExtension>
            <ns3:atemp>19.5</ns3:atemp>
            <ns3:hr>126</ns3:hr>
            <ns3:cad>80</ns3:cad>
            <ns3:power>0</ns3:power>
          </ns3:TrackPointExtension>
        </extensions>
      </trkpt>
      <trkpt lat="46.1381528220" lon="7.1433713998">
        <ele>611.13</ele>
        <time>2026-05-17T07:50:34.000Z</time>
        <extensions>
          <ns3:TrackPointExtension>
            <ns3:atemp>19.5</ns3:atemp>
            <ns3:hr>126</ns3:hr>
            <ns3:cad>80</ns3:cad>
            <ns3:power>0</ns3:power>
          </ns3:TrackPointExtension>
        </extensions>
      </trkpt>
      <trkpt lat="46.1382372283" lon="7.1434969366">
        <ele>610.45</ele>
        <time>2026-05-17T07:50:35.000Z</time>
        <extensions>
          <ns3:TrackPointExtension>
            <ns3:atemp>19.5</ns3:atemp>
            <ns3:hr>126</ns3:hr>
            <ns3:cad>80</ns3:cad>
            <ns3:power>0</ns3:power>
          </ns3:TrackPointExtension>
        </extensions>
      </trkpt>
      <trkpt lat="46.1383227886" lon="7.1436101130">
        <ele>609.78</ele>
        <time>2026-05-17T07:50:36.000Z</time>
        <extensions>
          <ns3:TrackPointExtension>
            <ns3:atemp>19.5</ns3:atemp>
            <ns3:hr>126</ns3:hr>
            <ns3:cad>80</ns3:cad>
            <ns3:power>0</ns3:power>
          </ns3:TrackPointExtension>
        </extensions>
      </trkpt>
      <trkpt lat="46.1384084389" lon="7.1437278398">
        <ele>609.10</ele>
        <time>2026-05-17T07:50:37.000Z</time>
        <extensions>
          <ns3:TrackPointExtension>
            <ns3:atemp>19.5</ns3:atemp>
            <ns3:hr>126</ns3:hr>
            <ns3:cad>80</ns3:cad>
            <ns3:power>0</ns3:power>
          </ns3:TrackPointExtension>
        </extensions>
      </trkpt>
      <trkpt lat="46.1384985661" lon="7.1438430392">
        <ele>608.42</ele>
        <time>2026-05-17T07:50:38.000Z</time>
        <extensions>
          <ns3:TrackPointExtension>
            <ns3:atemp>19.5</ns3:atemp>
            <ns3:hr>126</ns3:hr>
            <ns3:cad>79</ns3:cad>
            <ns3:power>0</ns3:power>
          </ns3:TrackPointExtension>
        </extensions>
      </trkpt>
      <trkpt lat="46.1385833163" lon="7.1439652273">
        <ele>607.74</ele>
        <time>2026-05-17T07:50:39.000Z</time>
        <extensions>
          <ns3:TrackPointExtension>
            <ns3:atemp>19.5</ns3:atemp>
            <ns3:hr>126</ns3:hr>
            <ns3:cad>79</ns3:cad>
            <ns3:power>0</ns3:power>
          </ns3:TrackPointExtension>
        </extensions>
      </trkpt>
      <trkpt lat="46.1386752275" lon="7.1440814538">
        <ele>607.06</ele>
        <time>2026-05-17T07:50:40.000Z</time>
        <extensions>
          <ns3:TrackPointExtension>
            <ns3:atemp>19.6</ns3:atemp>
            <ns3:hr>126</ns3:hr>
            <ns3:cad>79</ns3:cad>
            <ns3:power>0</ns3:power>
          </ns3:TrackPointExtension>
        </extensions>
      </trkpt>
      <trkpt lat="46.1387632495" lon="7.1441995849">
        <ele>606.38</ele>
        <time>2026-05-17T07:50:41.000Z</time>
        <extensions>
          <ns3:TrackPointExtension>
            <ns3:atemp>19.6</ns3:atemp>
            <ns3:hr>126</ns3:hr>
            <ns3:cad>79</ns3:cad>
            <ns3:power>0</ns3:power>
          </ns3:TrackPointExtension>
        </extensions>
      </trkpt>
      <trkpt lat="46.1388491125" lon="7.1443135681">
        <ele>605.71</ele>
        <time>2026-05-17T07:50:42.000Z</time>
        <extensions>
          <ns3:TrackPointExtension>
            <ns3:atemp>19.6</ns3:atemp>
            <ns3:hr>126</ns3:hr>
            <ns3:cad>78</ns3:cad>
            <ns3:power>0</ns3:power>
          </ns3:TrackPointExtension>
        </extensions>
      </trkpt>
      <trkpt lat="46.1389353100" lon="7.1444262604">
        <ele>605.03</ele>
        <time>2026-05-17T07:50:43.000Z</time>
        <extensions>
          <ns3:TrackPointExtension>
            <ns3:atemp>19.6</ns3:atemp>
            <ns3:hr>126</ns3:hr>
            <ns3:cad>78</ns3:cad>
            <ns3:power>0</ns3:power>
          </ns3:TrackPointExtension>
        </extensions>
      </trkpt>
      <trkpt lat="46.1390208709" lon="7.1445531788">
        <ele>604.35</ele>
        <time>2026-05-17T07:50:44.000Z</time>
        <extensions>
          <ns3:TrackPointExtension>
            <ns3:atemp>19.6</ns3:atemp>
            <ns3:hr>126</ns3:hr>
            <ns3:cad>78</ns3:cad>
            <ns3:power>0</ns3:power>
          </ns3:TrackPointExtension>
        </extensions>
      </trkpt>
      <trkpt lat="46.1391072616" lon="7.1446750314">
        <ele>603.68</ele>
        <time>2026-05-17T07:50:45.000Z</time>
        <extensions>
          <ns3:TrackPointExtension>
            <ns3:atemp>19.6</ns3:atemp>
            <ns3:hr>126</ns3:hr>
            <ns3:cad>78</ns3:cad>
            <ns3:power>0</ns3:power>
          </ns3:TrackPointExtension>
        </extensions>
      </trkpt>
      <trkpt lat="46.1391994896" lon="7.1448009637">
        <ele>603.00</ele>
        <time>2026-05-17T07:50:46.000Z</time>
        <extensions>
          <ns3:TrackPointExtension>
            <ns3:atemp>19.6</ns3:atemp>
            <ns3:hr>126</ns3:hr>
            <ns3:cad>78</ns3:cad>
            <ns3:power>0</ns3:power>
          </ns3:TrackPointExtension>
        </extensions>
      </trkpt>
      <trkpt lat="46.1392855921" lon="7.1449250103">
        <ele>602.33</ele>
        <time>2026-05-17T07:50:47.000Z</time>
        <extensions>
          <ns3:TrackPointExtension>
            <ns3:atemp>19.6</ns3:atemp>
            <ns3:hr>126</ns3:hr>
            <ns3:cad>77</ns3:cad>
            <ns3:power>0</ns3:power>
          </ns3:TrackPointExtension>
        </extensions>
      </trkpt>
      <trkpt lat="46.1393687894" lon="7.1450489434">
        <ele>601.65</ele>
        <time>2026-05-17T07:50:48.000Z</time>
        <extensions>
          <ns3:TrackPointExtension>
            <ns3:atemp>19.6</ns3:atemp>
            <ns3:hr>126</ns3:hr>
            <ns3:cad>77</ns3:cad>
            <ns3:power>0</ns3:power>
          </ns3:TrackPointExtension>
        </extensions>
      </trkpt>
      <trkpt lat="46.1394563346" lon="7.1451708373">
        <ele>600.98</ele>
        <time>2026-05-17T07:50:49.000Z</time>
        <extensions>
          <ns3:TrackPointExtension>
            <ns3:atemp>19.6</ns3:atemp>
            <ns3:hr>126</ns3:hr>
            <ns3:cad>77</ns3:cad>
            <ns3:power>0</ns3:power>
          </ns3:TrackPointExtension>
        </extensions>
      </trkpt>
      <trkpt lat="46.1395405116" lon="7.1452866418">
        <ele>600.31</ele>
        <time>2026-05-17T07:50:50.000Z</time>
        <extensions>
          <ns3:TrackPointExtension>
            <ns3:atemp>19.6</ns3:atemp>
            <ns3:hr>125</ns3:hr>
            <ns3:cad>77</ns3:cad>
            <ns3:power>0</ns3:power>
          </ns3:TrackPointExtension>
        </extensions>
      </trkpt>
      <trkpt lat="46.1396305513" lon="7.1454143734">
        <ele>599.64</ele>
        <time>2026-05-17T07:50:51.000Z</time>
        <extensions>
          <ns3:TrackPointExtension>
            <ns3:atemp>19.6</ns3:atemp>
            <ns3:hr>125</ns3:hr>
            <ns3:cad>76</ns3:cad>
            <ns3:power>0</ns3:power>
          </ns3:TrackPointExtension>
        </extensions>
      </trkpt>
      <trkpt lat="46.1397124990" lon="7.1455404417">
        <ele>598.96</ele>
        <time>2026-05-17T07:50:52.000Z</time>
        <extensions>
          <ns3:TrackPointExtension>
            <ns3:atemp>19.6</ns3:atemp>
            <ns3:hr>125</ns3:hr>
            <ns3:cad>76</ns3:cad>
            <ns3:power>0</ns3:power>
          </ns3:TrackPointExtension>
        </extensions>
      </trkpt>
      <trkpt lat="46.1398033099" lon="7.1456632100">
        <ele>598.29</ele>
        <time>2026-05-17T07:50:53.000Z</time>
        <extensions>
          <ns3:TrackPointExtension>
            <ns3:atemp>19.6</ns3:atemp>
            <ns3:hr>125</ns3:hr>
            <ns3:cad>76</ns3:cad>
            <ns3:power>0</ns3:power>
          </ns3:TrackPointExtension>
        </extensions>
      </trkpt>
      <trkpt lat="46.1398855038" lon="7.1457839332">
        <ele>597.62</ele>
        <time>2026-05-17T07:50:54.000Z</time>
        <extensions>
          <ns3:TrackPointExtension>
            <ns3:atemp>19.6</ns3:atemp>
            <ns3:hr>125</ns3:hr>
            <ns3:cad>76</ns3:cad>
            <ns3:power>0</ns3:power>
          </ns3:TrackPointExtension>
        </extensions>
      </trkpt>
      <trkpt lat="46.1399668489" lon="7.1459048619">
        <ele>596.95</ele>
        <time>2026-05-17T07:50:55.000Z</time>
        <extensions>
          <ns3:TrackPointExtension>
            <ns3:atemp>19.6</ns3:atemp>
            <ns3:hr>125</ns3:hr>
            <ns3:cad>76</ns3:cad>
            <ns3:power>0</ns3:power>
          </ns3:TrackPointExtension>
        </extensions>
      </trkpt>
      <trkpt lat="46.1400560554" lon="7.1460238214">
        <ele>596.29</ele>
        <time>2026-05-17T07:50:56.000Z</time>
        <extensions>
          <ns3:TrackPointExtension>
            <ns3:atemp>19.6</ns3:atemp>
            <ns3:hr>125</ns3:hr>
            <ns3:cad>75</ns3:cad>
            <ns3:power>0</ns3:power>
          </ns3:TrackPointExtension>
        </extensions>
      </trkpt>
      <trkpt lat="46.1401451806" lon="7.1461492728">
        <ele>595.62</ele>
        <time>2026-05-17T07:50:57.000Z</time>
        <extensions>
          <ns3:TrackPointExtension>
            <ns3:atemp>19.6</ns3:atemp>
            <ns3:hr>125</ns3:hr>
            <ns3:cad>75</ns3:cad>
            <ns3:power>0</ns3:power>
          </ns3:TrackPointExtension>
        </extensions>
      </trkpt>
      <trkpt lat="46.1402358071" lon="7.1462743503">
        <ele>594.95</ele>
        <time>2026-05-17T07:50:58.000Z</time>
        <extensions>
          <ns3:TrackPointExtension>
            <ns3:atemp>19.6</ns3:atemp>
            <ns3:hr>125</ns3:hr>
            <ns3:cad>75</ns3:cad>
            <ns3:power>0</ns3:power>
          </ns3:TrackPointExtension>
        </extensions>
      </trkpt>
      <trkpt lat="46.1403222573" lon="7.1463890531">
        <ele>594.28</ele>
        <time>2026-05-17T07:50:59.000Z</time>
        <extensions>
          <ns3:TrackPointExtension>
            <ns3:atemp>19.6</ns3:atemp>
            <ns3:hr>125</ns3:hr>
            <ns3:cad>75</ns3:cad>
            <ns3:power>0</ns3:power>
          </ns3:TrackPointExtension>
        </extensions>
      </trkpt>
      <trkpt lat="46.1404100253" lon="7.1465069362">
        <ele>593.62</ele>
        <time>2026-05-17T07:51:00.000Z</time>
        <extensions>
          <ns3:TrackPointExtension>
            <ns3:atemp>19.6</ns3:atemp>
            <ns3:hr>125</ns3:hr>
            <ns3:cad>74</ns3:cad>
            <ns3:power>0</ns3:power>
          </ns3:TrackPointExtension>
        </extensions>
      </trkpt>
      <trkpt lat="46.1404923835" lon="7.1466231232">
        <ele>592.95</ele>
        <time>2026-05-17T07:51:01.000Z</time>
        <extensions>
          <ns3:TrackPointExtension>
            <ns3:atemp>19.6</ns3:atemp>
            <ns3:hr>125</ns3:hr>
            <ns3:cad>74</ns3:cad>
            <ns3:power>0</ns3:power>
          </ns3:TrackPointExtension>
        </extensions>
      </trkpt>
      <trkpt lat="46.1405739884" lon="7.1467397840">
        <ele>592.29</ele>
        <time>2026-05-17T07:51:02.000Z</time>
        <extensions>
          <ns3:TrackPointExtension>
            <ns3:atemp>19.6</ns3:atemp>
            <ns3:hr>125</ns3:hr>
            <ns3:cad>74</ns3:cad>
            <ns3:power>0</ns3:power>
          </ns3:TrackPointExtension>
        </extensions>
      </trkpt>
      <trkpt lat="46.1406549705" lon="7.1468649249">
        <ele>591.63</ele>
        <time>2026-05-17T07:51:03.000Z</time>
        <extensions>
          <ns3:TrackPointExtension>
            <ns3:atemp>19.6</ns3:atemp>
            <ns3:hr>125</ns3:hr>
            <ns3:cad>74</ns3:cad>
            <ns3:power>0</ns3:power>
          </ns3:TrackPointExtension>
        </extensions>
      </trkpt>
      <trkpt lat="46.1407380007" lon="7.1469940449">
        <ele>590.96</ele>
        <time>2026-05-17T07:51:04.000Z</time>
        <extensions>
          <ns3:TrackPointExtension>
            <ns3:atemp>19.6</ns3:atemp>
            <ns3:hr>125</ns3:hr>
            <ns3:cad>74</ns3:cad>
            <ns3:power>0</ns3:power>
          </ns3:TrackPointExtension>
        </extensions>
      </trkpt>
      <trkpt lat="46.1408217774" lon="7.1471229062">
        <ele>590.30</ele>
        <time>2026-05-17T07:51:05.000Z</time>
        <extensions>
          <ns3:TrackPointExtension>
            <ns3:atemp>19.6</ns3:atemp>
            <ns3:hr>125</ns3:hr>
            <ns3:cad>73</ns3:cad>
            <ns3:power>0</ns3:power>
          </ns3:TrackPointExtension>
        </extensions>
      </trkpt>
      <trkpt lat="46.1409080903" lon="7.1472536922">
        <ele>589.64</ele>
        <time>2026-05-17T07:51:06.000Z</time>
        <extensions>
          <ns3:TrackPointExtension>
            <ns3:atemp>19.6</ns3:atemp>
            <ns3:hr>125</ns3:hr>
            <ns3:cad>73</ns3:cad>
            <ns3:power>0</ns3:power>
          </ns3:TrackPointExtension>
        </extensions>
      </trkpt>
      <trkpt lat="46.1409869063" lon="7.1473768660">
        <ele>588.98</ele>
        <time>2026-05-17T07:51:07.000Z</time>
        <extensions>
          <ns3:TrackPointExtension>
            <ns3:atemp>19.6</ns3:atemp>
            <ns3:hr>125</ns3:hr>
            <ns3:cad>73</ns3:cad>
            <ns3:power>0</ns3:power>
          </ns3:TrackPointExtension>
        </extensions>
      </trkpt>
      <trkpt lat="46.1410692208" lon="7.1475009454">
        <ele>588.32</ele>
        <time>2026-05-17T07:51:08.000Z</time>
        <extensions>
          <ns3:TrackPointExtension>
            <ns3:atemp>19.6</ns3:atemp>
            <ns3:hr>125</ns3:hr>
            <ns3:cad>73</ns3:cad>
            <ns3:power>0</ns3:power>
          </ns3:TrackPointExtension>
        </extensions>
      </trkpt>
      <trkpt lat="46.1411473388" lon="7.1476206433">
        <ele>587.66</ele>
        <time>2026-05-17T07:51:09.000Z</time>
        <extensions>
          <ns3:TrackPointExtension>
            <ns3:atemp>19.6</ns3:atemp>
            <ns3:hr>124</ns3:hr>
            <ns3:cad>73</ns3:cad>
            <ns3:power>0</ns3:power>
          </ns3:TrackPointExtension>
        </extensions>
      </trkpt>
      <trkpt lat="46.1412269835" lon="7.1477416912">
        <ele>587.01</ele>
        <time>2026-05-17T07:51:10.000Z</time>
        <extensions>
          <ns3:TrackPointExtension>
            <ns3:atemp>19.6</ns3:atemp>
            <ns3:hr>124</ns3:hr>
            <ns3:cad>72</ns3:cad>
            <ns3:power>0</ns3:power>
          </ns3:TrackPointExtension>
        </extensions>
      </trkpt>
      <trkpt lat="46.1413112999" lon="7.1478631262">
        <ele>586.35</ele>
        <time>2026-05-17T07:51:11.000Z</time>
        <extensions>
          <ns3:TrackPointExtension>
            <ns3:atemp>19.6</ns3:atemp>
            <ns3:hr>124</ns3:hr>
            <ns3:cad>72</ns3:cad>
            <ns3:power>0</ns3:power>
          </ns3:TrackPointExtension>
        </extensions>
      </trkpt>
      <trkpt lat="46.1413877382" lon="7.1479805232">
        <ele>585.69</ele>
        <time>2026-05-17T07:51:12.000Z</time>
        <extensions>
          <ns3:TrackPointExtension>
            <ns3:atemp>19.6</ns3:atemp>
            <ns3:hr>124</ns3:hr>
            <ns3:cad>72</ns3:cad>
            <ns3:power>0</ns3:power>
          </ns3:TrackPointExtension>
        </extensions>
      </trkpt>
      <trkpt lat="46.1414630146" lon="7.1481038775">
        <ele>585.04</ele>
        <time>2026-05-17T07:51:13.000Z</time>
        <extensions>
          <ns3:TrackPointExtension>
            <ns3:atemp>19.6</ns3:atemp>
            <ns3:hr>124</ns3:hr>
            <ns3:cad>72</ns3:cad>
            <ns3:power>0</ns3:power>
          </ns3:TrackPointExtension>
        </extensions>
      </trkpt>
      <trkpt lat="46.1415465790" lon="7.1482259171">
        <ele>584.38</ele>
        <time>2026-05-17T07:51:14.000Z</time>
        <extensions>
          <ns3:TrackPointExtension>
            <ns3:atemp>19.6</ns3:atemp>
            <ns3:hr>124</ns3:hr>
            <ns3:cad>72</ns3:cad>
            <ns3:power>0</ns3:power>
          </ns3:TrackPointExtension>
        </extensions>
      </trkpt>
      <trkpt lat="46.1416276368" lon="7.1483529388">
        <ele>583.73</ele>
        <time>2026-05-17T07:51:15.000Z</time>
        <extensions>
          <ns3:TrackPointExtension>
            <ns3:atemp>19.6</ns3:atemp>
            <ns3:hr>124</ns3:hr>
            <ns3:cad>72</ns3:cad>
            <ns3:power>0</ns3:power>
          </ns3:TrackPointExtension>
        </extensions>
      </trkpt>
      <trkpt lat="46.1417059626" lon="7.1484796077">
        <ele>583.08</ele>
        <time>2026-05-17T07:51:16.000Z</time>
        <extensions>
          <ns3:TrackPointExtension>
            <ns3:atemp>19.6</ns3:atemp>
            <ns3:hr>124</ns3:hr>
            <ns3:cad>71</ns3:cad>
            <ns3:power>0</ns3:power>
          </ns3:TrackPointExtension>
        </extensions>
      </trkpt>
      <trkpt lat="46.1417839799" lon="7.1486081968">
        <ele>582.43</ele>
        <time>2026-05-17T07:51:17.000Z</time>
        <extensions>
          <ns3:TrackPointExtension>
            <ns3:atemp>19.6</ns3:atemp>
            <ns3:hr>124</ns3:hr>
            <ns3:cad>71</ns3:cad>
            <ns3:power>0</ns3:power>
          </ns3:TrackPointExtension>
        </extensions>
      </trkpt>
      <trkpt lat="46.1418614330" lon="7.1487328215">
        <ele>581.78</ele>
        <time>2026-05-17T07:51:18.000Z</time>
        <extensions>
          <ns3:TrackPointExtension>
            <ns3:atemp>19.6</ns3:atemp>
            <ns3:hr>124</ns3:hr>
            <ns3:cad>71</ns3:cad>
            <ns3:power>0</ns3:power>
          </ns3:TrackPointExtension>
        </extensions>
      </trkpt>
      <trkpt lat="46.1419374240" lon="7.1488579621">
        <ele>581.13</ele>
        <time>2026-05-17T07:51:19.000Z</time>
        <extensions>
          <ns3:TrackPointExtension>
            <ns3:atemp>19.6</ns3:atemp>
            <ns3:hr>124</ns3:hr>
            <ns3:cad>71</ns3:cad>
            <ns3:power>0</ns3:power>
          </ns3:TrackPointExtension>
        </extensions>
      </trkpt>
      <trkpt lat="46.1420185483" lon="7.1489896677">
        <ele>580.48</ele>
        <time>2026-05-17T07:51:20.000Z</time>
        <extensions>
          <ns3:TrackPointExtension>
            <ns3:atemp>19.6</ns3:atemp>
            <ns3:hr>124</ns3:hr>
            <ns3:cad>71</ns3:cad>
            <ns3:power>0</ns3:power>
          </ns3:TrackPointExtension>
        </extensions>
      </trkpt>
      <trkpt lat="46.1420919511" lon="7.1491171800">
        <ele>579.83</ele>
        <time>2026-05-17T07:51:21.000Z</time>
        <extensions>
          <ns3:TrackPointExtension>
            <ns3:atemp>19.6</ns3:atemp>
            <ns3:hr>124</ns3:hr>
            <ns3:cad>71</ns3:cad>
            <ns3:power>0</ns3:power>
          </ns3:TrackPointExtension>
        </extensions>
      </trkpt>
      <trkpt lat="46.1421633986" lon="7.1492393791">
        <ele>579.18</ele>
        <time>2026-05-17T07:51:22.000Z</time>
        <extensions>
          <ns3:TrackPointExtension>
            <ns3:atemp>19.6</ns3:atemp>
            <ns3:hr>124</ns3:hr>
            <ns3:cad>70</ns3:cad>
            <ns3:power>0</ns3:power>
          </ns3:TrackPointExtension>
        </extensions>
      </trkpt>
      <trkpt lat="46.1422384451" lon="7.1493704030">
        <ele>578.54</ele>
        <time>2026-05-17T07:51:23.000Z</time>
        <extensions>
          <ns3:TrackPointExtension>
            <ns3:atemp>19.6</ns3:atemp>
            <ns3:hr>123</ns3:hr>
            <ns3:cad>70</ns3:cad>
            <ns3:power>0</ns3:power>
          </ns3:TrackPointExtension>
        </extensions>
      </trkpt>
      <trkpt lat="46.1423170822" lon="7.1495030278">
        <ele>577.89</ele>
        <time>2026-05-17T07:51:24.000Z</time>
        <extensions>
          <ns3:TrackPointExtension>
            <ns3:atemp>19.6</ns3:atemp>
            <ns3:hr>123</ns3:hr>
            <ns3:cad>70</ns3:cad>
            <ns3:power>0</ns3:power>
          </ns3:TrackPointExtension>
        </extensions>
      </trkpt>
      <trkpt lat="46.1423909737" lon="7.1496371925">
        <ele>577.25</ele>
        <time>2026-05-17T07:51:25.000Z</time>
        <extensions>
          <ns3:TrackPointExtension>
            <ns3:atemp>19.6</ns3:atemp>
            <ns3:hr>123</ns3:hr>
            <ns3:cad>70</ns3:cad>
            <ns3:power>0</ns3:power>
          </ns3:TrackPointExtension>
        </extensions>
      </trkpt>
      <trkpt lat="46.1424637546" lon="7.1497656229">
        <ele>576.60</ele>
        <time>2026-05-17T07:51:26.000Z</time>
        <extensions>
          <ns3:TrackPointExtension>
            <ns3:atemp>19.6</ns3:atemp>
            <ns3:hr>123</ns3:hr>
            <ns3:cad>70</ns3:cad>
            <ns3:power>0</ns3:power>
          </ns3:TrackPointExtension>
        </extensions>
      </trkpt>
      <trkpt lat="46.1425409210" lon="7.1498945073">
        <ele>575.96</ele>
        <time>2026-05-17T07:51:27.000Z</time>
        <extensions>
          <ns3:TrackPointExtension>
            <ns3:atemp>19.6</ns3:atemp>
            <ns3:hr>123</ns3:hr>
            <ns3:cad>70</ns3:cad>
            <ns3:power>0</ns3:power>
          </ns3:TrackPointExtension>
        </extensions>
      </trkpt>
      <trkpt lat="46.1426133963" lon="7.1500262963">
        <ele>575.32</ele>
        <time>2026-05-17T07:51:28.000Z</time>
        <extensions>
          <ns3:TrackPointExtension>
            <ns3:atemp>19.6</ns3:atemp>
            <ns3:hr>123</ns3:hr>
            <ns3:cad>70</ns3:cad>
            <ns3:power>0</ns3:power>
          </ns3:TrackPointExtension>
        </extensions>
      </trkpt>
      <trkpt lat="46.1426816163" lon="7.1501567031">
        <ele>574.68</ele>
        <time>2026-05-17T07:51:29.000Z</time>
        <extensions>
          <ns3:TrackPointExtension>
            <ns3:atemp>19.6</ns3:atemp>
            <ns3:hr>123</ns3:hr>
            <ns3:cad>69</ns3:cad>
            <ns3:power>0</ns3:power>
          </ns3:TrackPointExtension>
        </extensions>
      </trkpt>
      <trkpt lat="46.1427528911" lon="7.1502906499">
        <ele>574.04</ele>
        <time>2026-05-17T07:51:30.000Z</time>
        <extensions>
          <ns3:TrackPointExtension>
            <ns3:atemp>19.6</ns3:atemp>
            <ns3:hr>123</ns3:hr>
            <ns3:cad>69</ns3:cad>
            <ns3:power>0</ns3:power>
          </ns3:TrackPointExtension>
        </extensions>
      </trkpt>
      <trkpt lat="46.1428184361" lon="7.1504180161">
        <ele>573.40</ele>
        <time>2026-05-17T07:51:31.000Z</time>
        <extensions>
          <ns3:TrackPointExtension>
            <ns3:atemp>19.6</ns3:atemp>
            <ns3:hr>123</ns3:hr>
            <ns3:cad>69</ns3:cad>
            <ns3:power>0</ns3:power>
          </ns3:TrackPointExtension>
        </extensions>
      </trkpt>
      <trkpt lat="46.1428918901" lon="7.1505429799">
        <ele>572.76</ele>
        <time>2026-05-17T07:51:32.000Z</time>
        <extensions>
          <ns3:TrackPointExtension>
            <ns3:atemp>19.6</ns3:atemp>
            <ns3:hr>123</ns3:hr>
            <ns3:cad>69</ns3:cad>
            <ns3:power>0</ns3:power>
          </ns3:TrackPointExtension>
        </extensions>
      </trkpt>
      <trkpt lat="46.1429635513" lon="7.1506721227">
        <ele>572.12</ele>
        <time>2026-05-17T07:51:33.000Z</time>
        <extensions>
          <ns3:TrackPointExtension>
            <ns3:atemp>19.6</ns3:atemp>
            <ns3:hr>123</ns3:hr>
            <ns3:cad>69</ns3:cad>
            <ns3:power>0</ns3:power>
          </ns3:TrackPointExtension>
        </extensions>
      </trkpt>
      <trkpt lat="46.1430335883" lon="7.1508056842">
        <ele>571.49</ele>
        <time>2026-05-17T07:51:34.000Z</time>
        <extensions>
          <ns3:TrackPointExtension>
            <ns3:atemp>19.6</ns3:atemp>
            <ns3:hr>122</ns3:hr>
            <ns3:cad>69</ns3:cad>
            <ns3:power>0</ns3:power>
          </ns3:TrackPointExtension>
        </extensions>
      </trkpt>
      <trkpt lat="46.1431001495" lon="7.1509376476">
        <ele>570.85</ele>
        <time>2026-05-17T07:51:35.000Z</time>
        <extensions>
          <ns3:TrackPointExtension>
            <ns3:atemp>19.6</ns3:atemp>
            <ns3:hr>122</ns3:hr>
            <ns3:cad>69</ns3:cad>
            <ns3:power>0</ns3:power>
          </ns3:TrackPointExtension>
        </extensions>
      </trkpt>
      <trkpt lat="46.1431683561" lon="7.1510760383">
        <ele>570.21</ele>
        <time>2026-05-17T07:51:36.000Z</time>
        <extensions>
          <ns3:TrackPointExtension>
            <ns3:atemp>19.6</ns3:atemp>
            <ns3:hr>122</ns3:hr>
            <ns3:cad>69</ns3:cad>
            <ns3:power>0</ns3:power>
          </ns3:TrackPointExtension>
        </extensions>
      </trkpt>
      <trkpt lat="46.1432333604" lon="7.1512149011">
        <ele>569.58</ele>
        <time>2026-05-17T07:51:37.000Z</time>
        <extensions>
          <ns3:TrackPointExtension>
            <ns3:atemp>19.6</ns3:atemp>
            <ns3:hr>122</ns3:hr>
            <ns3:cad>69</ns3:cad>
            <ns3:power>0</ns3:power>
          </ns3:TrackPointExtension>
        </extensions>
      </trkpt>
      <trkpt lat="46.1432996639" lon="7.1513562209">
        <ele>568.95</ele>
        <time>2026-05-17T07:51:38.000Z</time>
        <extensions>
          <ns3:TrackPointExtension>
            <ns3:atemp>19.6</ns3:atemp>
            <ns3:hr>122</ns3:hr>
            <ns3:cad>69</ns3:cad>
            <ns3:power>0</ns3:power>
          </ns3:TrackPointExtension>
        </extensions>
      </trkpt>
      <trkpt lat="46.1433634078" lon="7.1514868478">
        <ele>568.31</ele>
        <time>2026-05-17T07:51:39.000Z</time>
        <extensions>
          <ns3:TrackPointExtension>
            <ns3:atemp>19.6</ns3:atemp>
            <ns3:hr>122</ns3:hr>
            <ns3:cad>69</ns3:cad>
            <ns3:power>0</ns3:power>
          </ns3:TrackPointExtension>
        </extensions>
      </trkpt>
      <trkpt lat="46.1434287618" lon="7.1516199796">
        <ele>567.68</ele>
        <time>2026-05-17T07:51:40.000Z</time>
        <extensions>
          <ns3:TrackPointExtension>
            <ns3:atemp>19.6</ns3:atemp>
            <ns3:hr>122</ns3:hr>
            <ns3:cad>68</ns3:cad>
            <ns3:power>0</ns3:power>
          </ns3:TrackPointExtension>
        </extensions>
      </trkpt>
      <trkpt lat="46.1434315402" lon="7.1516196831">
        <ele>567.68</ele>
        <time>2026-05-17T07:51:41.000Z</time>
        <extensions>
          <ns3:TrackPointExtension>
            <ns3:atemp>19.6</ns3:atemp>
            <ns3:hr>102</ns3:hr>
            <ns3:cad>0</ns3:cad>
            <ns3:power>0</ns3:power>
          </ns3:TrackPointExtension>
        </extensions>
      </trkpt>
      <trkpt lat="46.1434347985" lon="7.1516151646">
        <ele>567.68</ele>
        <time>2026-05-17T07:51:42.000Z</time>
        <extensions>
          <ns3:TrackPointExtension>
            <ns3:atemp>19.6</ns3:atemp>
            <ns3:hr>102</ns3:hr>
            <ns3:cad>0</ns3:cad>
            <ns3:power>0</ns3:power>
          </ns3:TrackPointExtension>
        </extensions>
      </trkpt>
      <trkpt lat="46.1434311406" lon="7.1516133466">
        <ele>567.68</ele>
        <time>2026-05-17T07:51:43.000Z</time>
        <extensions>
          <ns3:TrackPointExtension>
            <ns3:atemp>19.6</ns3:atemp>
            <ns3:hr>102</ns3:hr>
            <ns3:cad>0</ns3:cad>
            <ns3:power>0</ns3:power>
          </ns3:TrackPointExtension>
        </extensions>
      </trkpt>
      <trkpt lat="46.1434282791" lon="7.1516150643">
        <ele>567.68</ele>
        <time>2026-05-17T07:51:44.000Z</time>
        <extensions>
          <ns3:TrackPointExtension>
            <ns3:atemp>19.6</ns3:atemp>
            <ns3:hr>102</ns3:hr>
            <ns3:cad>0</ns3:cad>
            <ns3:power>0</ns3:power>
          </ns3:TrackPointExtension>
        </extensions>
      </trkpt>
      <trkpt lat="46.1434307874" lon="7.1516222048">
        <ele>567.68</ele>
        <time>2026-05-17T07:51:45.000Z</time>
        <extensions>
          <ns3:TrackPointExtension>
            <ns3:atemp>19.6</ns3:atemp>
            <ns3:hr>101</ns3:hr>
            <ns3:cad>0</ns3:cad>
            <ns3:power>0</ns3:power>
          </ns3:TrackPointExtension>
        </extensions>
      </trkpt>
      <trkpt lat="46.1434302320" lon="7.1516206549">
        <ele>567.68</ele>
        <time>2026-05-17T07:51:46.000Z</time>
        <extensions>
          <ns3:TrackPointExtension>
            <ns3:atemp>19.6</ns3:atemp>
            <ns3:hr>101</ns3:hr>
            <ns3:cad>0</ns3:cad>
            <ns3:power>0</ns3:power>
          </ns3:TrackPointExtension>
        </extensions>
      </trkpt>
      <trkpt lat="46.1434284164" lon="7.1516149276">
        <ele>567.68</ele>
        <time>2026-05-17T07:51:47.000Z</time>
        <extensions>
          <ns3:TrackPointExtension>
            <ns3:atemp>19.6</ns3:atemp>
            <ns3:hr>101</ns3:hr>
            <ns3:cad>0</ns3:cad>
            <ns3:power>0</ns3:power>
          </ns3:TrackPointExtension>
        </extensions>
      </trkpt>
      <trkpt lat="46.1434334521" lon="7.1516099892">
        <ele>567.68</ele>
        <time>2026-05-17T07:51:48.000Z</time>
        <extensions>
          <ns3:TrackPointExtension>
            <ns3:atemp>19.6</ns3:atemp>
            <ns3:hr>101</ns3:hr>
            <ns3:cad>0</ns3:cad>
            <ns3:power>0</ns3:power>
          </ns3:TrackPointExtension>
        </extensions>
      </trkpt>
      <trkpt lat="46.1434368394" lon="7.1516101471">
        <ele>567.68</ele>
        <time>2026-05-17T07:51:49.000Z</time>
        <extensions>
          <ns3:TrackPointExtension>
            <ns3:atemp>19.6</ns3:atemp>
            <ns3:hr>101</ns3:hr>
            <ns3:cad>0</ns3:cad>
            <ns3:power>0</ns3:power>
          </ns3:TrackPointExtension>
        </extensions>
      </trkpt>
      <trkpt lat="46.1434352511" lon="7.1516096167">
        <ele>567.68</ele>
        <time>2026-05-17T07:51:50.000Z</time>
        <extensions>
          <ns3:TrackPointExtension>
            <ns3:atemp>19.6</ns3:atemp>
            <ns3:hr>101</ns3:hr>
            <ns3:cad>0</ns3:cad>
            <ns3:power>0</ns3:power>
          </ns3:TrackPointExtension>
        </extensions>
      </trkpt>
      <trkpt lat="46.1453118192" lon="7.1578016735">
        <ele>541.53</ele>
        <time>2026-05-17T07:53:20.000Z</time>
        <extensions>
          <ns3:TrackPointExtension>
            <ns3:atemp>19.8</ns3:atemp>
            <ns3:hr>114</ns3:hr>
            <ns3:cad>82</ns3:cad>
            <ns3:power>0</ns3:power>
          </ns3:TrackPointExtension>
        </extensions>
      </trkpt>
      <trkpt lat="46.1453550093" lon="7.1579559909">
        <ele>540.87</ele>
        <time>2026-05-17T07:53:21.000Z</time>
        <extensions>
          <ns3:TrackPointExtension>
            <ns3:atemp>19.8</ns3:atemp>
            <ns3:hr>114</ns3:hr>
            <ns3:cad>82</ns3:cad>
            <ns3:power>0</ns3:power>
          </ns3:TrackPointExtension>
        </extensions>
      </trkpt>
      <trkpt lat="46.1454073947" lon="7.1581045505">
        <ele>540.21</ele>
        <time>2026-05-17T07:53:22.000Z</time>
        <extensions>
          <ns3:TrackPointExtension>
            <ns3:atemp>19.8</ns3:atemp>
            <ns3:hr>114</ns3:hr>
            <ns3:cad>82</ns3:cad>
            <ns3:power>0</ns3:power>
          </ns3:TrackPointExtension>
        </extensions>
      </trkpt>
      <trkpt lat="46.1454585038" lon="7.1582592101">
        <ele>539.56</ele>
        <time>2026-05-17T07:53:23.000Z</time>
        <extensions>
          <ns3:TrackPointExtension>
            <ns3:atemp>19.8</ns3:atemp>
            <ns3:hr>114</ns3:hr>
            <ns3:cad>83</ns3:cad>
            <ns3:power>0</ns3:power>
          </ns3:TrackPointExtension>
        </extensions>
      </trkpt>
      <trkpt lat="46.1455081302" lon="7.1584183270">
        <ele>538.90</ele>
        <time>2026-05-17T07:53:24.000Z</time>
        <extensions>
          <ns3:TrackPointExtension>
            <ns3:atemp>19.8</ns3:atemp>
            <ns3:hr>114</ns3:hr>
            <ns3:cad>83</ns3:cad>
            <ns3:power>0</ns3:power>
          </ns3:TrackPointExtension>
        </extensions>
      </trkpt>
      <trkpt lat="46.1455582757" lon="7.1585703451">
        <ele>538.24</ele>
        <time>2026-05-17T07:53:25.000Z</time>
        <extensions>
          <ns3:TrackPointExtension>
            <ns3:atemp>19.8</ns3:atemp>
            <ns3:hr>114</ns3:hr>
            <ns3:cad>83</ns3:cad>
            <ns3:power>0</ns3:power>
          </ns3:TrackPointExtension>
        </extensions>
      </trkpt>
      <trkpt lat="46.1456117475" lon="7.1587324354">
        <ele>537.58</ele>
        <time>2026-05-17T07:53:26.000Z</time>
        <extensions>
          <ns3:TrackPointExtension>
            <ns3:atemp>19.8</ns3:atemp>
            <ns3:hr>114</ns3:hr>
            <ns3:cad>83</ns3:cad>
            <ns3:power>0</ns3:power>
          </ns3:TrackPointExtension>
        </extensions>
      </trkpt>
      <trkpt lat="46.1456652222" lon="7.1588946798">
        <ele>536.92</ele>
        <time>2026-05-17T07:53:27.000Z</time>
        <extensions>
          <ns3:TrackPointExtension>
            <ns3:atemp>19.8</ns3:atemp>
            <ns3:hr>114</ns3:hr>
            <ns3:cad>83</ns3:cad>
            <ns3:power>0</ns3:power>
          </ns3:TrackPointExtension>
        </extensions>
      </trkpt>
      <trkpt lat="46.1457168397" lon="7.1590527152">
        <ele>536.26</ele>
        <time>2026-05-17T07:53:28.000Z</time>
        <extensions>
          <ns3:TrackPointExtension>
            <ns3:atemp>19.8</ns3:atemp>
            <ns3:hr>114</ns3:hr>
            <ns3:cad>84</ns3:cad>
            <ns3:power>0</ns3:power>
          </ns3:TrackPointExtension>
        </extensions>
      </trkpt>
      <trkpt lat="46.1457661487" lon="7.1592057813">
        <ele>535.60</ele>
        <time>2026-05-17T07:53:29.000Z</time>
        <extensions>
          <ns3:TrackPointExtension>
            <ns3:atemp>19.8</ns3:atemp>
            <ns3:hr>114</ns3:hr>
            <ns3:cad>84</ns3:cad>
            <ns3:power>0</ns3:power>
          </ns3:TrackPointExtension>
        </extensions>
      </trkpt>
      <trkpt lat="46.1458177358" lon="7.1593538182">
        <ele>534.93</ele>
        <time>2026-05-17T07:53:30.000Z</time>
        <extensions>
          <ns3:TrackPointExtension>
            <ns3:atemp>19.8</ns3:atemp>
            <ns3:hr>114</ns3:hr>
            <ns3:cad>84</ns3:cad>
            <ns3:power>0</ns3:power>
          </ns3:TrackPointExtension>
        </extensions>
      </trkpt>
      <trkpt lat="46.1458666055" lon="7.1595148698">
        <ele>534.27</ele>
        <time>2026-05-17T07:53:31.000Z</time>
        <extensions>
          <ns3:TrackPointExtension>
            <ns3:atemp>19.8</ns3:atemp>
            <ns3:hr>114</ns3:hr>
            <ns3:cad>84</ns3:cad>
            <ns3:power>0</ns3:power>
          </ns3:TrackPointExtension>
        </extensions>
      </trkpt>
      <trkpt lat="46.1459207750" lon="7.1596629365">
        <ele>533.61</ele>
        <time>2026-05-17T07:53:32.000Z</time>
        <extensions>
          <ns3:TrackPointExtension>
            <ns3:atemp>19.8</ns3:atemp>
            <ns3:hr>114</ns3:hr>
            <ns3:cad>84</ns3:cad>
            <ns3:power>0</ns3:power>
          </ns3:TrackPointExtension>
        </extensions>
      </trkpt>
      <trkpt lat="46.1459742675" lon="7.1598149854">
        <ele>532.94</ele>
        <time>2026-05-17T07:53:33.000Z</time>
        <extensions>
          <ns3:TrackPointExtension>
            <ns3:atemp>19.8</ns3:atemp>
            <ns3:hr>114</ns3:hr>
            <ns3:cad>84</ns3:cad>
            <ns3:power>0</ns3:power>
          </ns3:TrackPointExtension>
        </extensions>
      </trkpt>
      <trkpt lat="46.1460299438" lon="7.1599667199">
        <ele>532.27</ele>
        <time>2026-05-17T07:53:34.000Z</time>
        <extensions>
          <ns3:TrackPointExtension>
            <ns3:atemp>19.8</ns3:atemp>
            <ns3:hr>114</ns3:hr>
            <ns3:cad>85</ns3:cad>
            <ns3:power>0</ns3:power>
          </ns3:TrackPointExtension>
        </extensions>
      </trkpt>
      <trkpt lat="46.1460826948" lon="7.1601267733">
        <ele>531.61</ele>
        <time>2026-05-17T07:53:35.000Z</time>
        <extensions>
          <ns3:TrackPointExtension>
            <ns3:atemp>19.8</ns3:atemp>
            <ns3:hr>114</ns3:hr>
            <ns3:cad>85</ns3:cad>
            <ns3:power>0</ns3:power>
          </ns3:TrackPointExtension>
        </extensions>
      </trkpt>
      <trkpt lat="46.1461355649" lon="7.1602802636">
        <ele>530.94</ele>
        <time>2026-05-17T07:53:36.000Z</time>
        <extensions>
          <ns3:TrackPointExtension>
            <ns3:atemp>19.8</ns3:atemp>
            <ns3:hr>114</ns3:hr>
            <ns3:cad>85</ns3:cad>
            <ns3:power>0</ns3:power>
          </ns3:TrackPointExtension>
        </extensions>
      </trkpt>
      <trkpt lat="46.1461910395" lon="7.1604311471">
        <ele>530.27</ele>
        <time>2026-05-17T07:53:37.000Z</time>
        <extensions>
          <ns3:TrackPointExtension>
            <ns3:atemp>19.8</ns3:atemp>
            <ns3:hr>114</ns3:hr>
            <ns3:cad>85</ns3:cad>
            <ns3:power>0</ns3:power>
          </ns3:TrackPointExtension>
        </extensions>
      </trkpt>
      <trkpt lat="46.1462446265" lon="7.1605914472">
        <ele>529.60</ele>
        <time>2026-05-17T07:53:38.000Z</time>
        <extensions>
          <ns3:TrackPointExtension>
            <ns3:atemp>19.8</ns3:atemp>
            <ns3:hr>114</ns3:hr>
            <ns3:cad>85</ns3:cad>
            <ns3:power>0</ns3:power>
          </ns3:TrackPointExtension>
        </extensions>
      </trkpt>
      <trkpt lat="46.1463036954" lon="7.1607528492">
        <ele>528.93</ele>
        <time>2026-05-17T07:53:39.000Z</time>
        <extensions>
          <ns3:TrackPointExtension>
            <ns3:atemp>19.8</ns3:atemp>
            <ns3:hr>114</ns3:hr>
            <ns3:cad>85</ns3:cad>
            <ns3:power>0</ns3:power>
          </ns3:TrackPointExtension>
        </extensions>
      </trkpt>
      <trkpt lat="46.1463618071" lon="7.1609004781">
        <ele>528.26</ele>
        <time>2026-05-17T07:53:40.000Z</time>
        <extensions>
          <ns3:TrackPointExtension>
            <ns3:atemp>19.8</ns3:atemp>
            <ns3:hr>114</ns3:hr>
            <ns3:cad>86</ns3:cad>
            <ns3:power>0</ns3:power>
          </ns3:TrackPointExtension>
        </extensions>
      </trkpt>
      <trkpt lat="46.1464235015" lon="7.1610486498">
        <ele>527.59</ele>
        <time>2026-05-17T07:53:41.000Z</time>
        <extensions>
          <ns3:TrackPointExtension>
            <ns3:atemp>19.8</ns3:atemp>
            <ns3:hr>114</ns3:hr>
            <ns3:cad>86</ns3:cad>
            <ns3:power>0</ns3:power>
          </ns3:TrackPointExtension>
        </extensions>
      </trkpt>
      <trkpt lat="46.1464799601" lon="7.1612095585">
        <ele>526.92</ele>
        <time>2026-05-17T07:53:42.000Z</time>
        <extensions>
          <ns3:TrackPointExtension>
            <ns3:atemp>19.8</ns3:atemp>
            <ns3:hr>114</ns3:hr>
            <ns3:cad>86</ns3:cad>
            <ns3:power>0</ns3:power>
          </ns3:TrackPointExtension>
        </extensions>
      </trkpt>
      <trkpt lat="46.1465334348" lon="7.1613626429">
        <ele>526.25</ele>
        <time>2026-05-17T07:53:43.000Z</time>
        <extensions>
          <ns3:TrackPointExtension>
            <ns3:atemp>19.8</ns3:atemp>
            <ns3:hr>114</ns3:hr>
            <ns3:cad>86</ns3:cad>
            <ns3:power>0</ns3:power>
          </ns3:TrackPointExtension>
        </extensions>
      </trkpt>
      <trkpt lat="46.1465923448" lon="7.1615155050">
        <ele>525.57</ele>
        <time>2026-05-17T07:53:44.000Z</time>
        <extensions>
          <ns3:TrackPointExtension>
            <ns3:atemp>19.8</ns3:atemp>
            <ns3:hr>114</ns3:hr>
            <ns3:cad>86</ns3:cad>
            <ns3:power>0</ns3:power>
          </ns3:TrackPointExtension>
        </extensions>
      </trkpt>
      <trkpt lat="46.1466550569" lon="7.1616663172">
        <ele>524.90</ele>
        <time>2026-05-17T07:53:45.000Z</time>
        <extensions>
          <ns3:TrackPointExtension>
            <ns3:atemp>19.8</ns3:atemp>
            <ns3:hr>114</ns3:hr>
            <ns3:cad>86</ns3:cad>
            <ns3:power>0</ns3:power>
          </ns3:TrackPointExtension>
        </extensions>
      </trkpt>
      <trkpt lat="46.1467160164" lon="7.1618173496">
        <ele>524.23</ele>
        <time>2026-05-17T07:53:46.000Z</time>
        <extensions>
          <ns3:TrackPointExtension>
            <ns3:atemp>19.8</ns3:atemp>
            <ns3:hr>114</ns3:hr>
            <ns3:cad>86</ns3:cad>
            <ns3:power>0</ns3:power>
          </ns3:TrackPointExtension>
        </extensions>
      </trkpt>
      <trkpt lat="46.1467699127" lon="7.1619721734">
        <ele>523.55</ele>
        <time>2026-05-17T07:53:47.000Z</time>
        <extensions>
          <ns3:TrackPointExtension>
            <ns3:atemp>19.8</ns3:atemp>
            <ns3:hr>114</ns3:hr>
            <ns3:cad>86</ns3:cad>
            <ns3:power>0</ns3:power>
          </ns3:TrackPointExtension>
        </extensions>
      </trkpt>
      <trkpt lat="46.1468314137" lon="7.1621300820">
        <ele>522.88</ele>
        <time>2026-05-17T07:53:48.000Z</time>
        <extensions>
          <ns3:TrackPointExtension>
            <ns3:atemp>19.8</ns3:atemp>
            <ns3:hr>114</ns3:hr>
            <ns3:cad>87</ns3:cad>
            <ns3:power>0</ns3:power>
          </ns3:TrackPointExtension>
        </extensions>
      </trkpt>
      <trkpt lat="46.1468865259" lon="7.1622774029">
        <ele>522.20</ele>
        <time>2026-05-17T07:53:49.000Z</time>
        <extensions>
          <ns3:TrackPointExtension>
            <ns3:atemp>19.8</ns3:atemp>
            <ns3:hr>114</ns3:hr>
            <ns3:cad>87</ns3:cad>
            <ns3:power>0</ns3:power>
          </ns3:TrackPointExtension>
        </extensions>
      </trkpt>
      <trkpt lat="46.1469423610" lon="7.1624296894">
        <ele>521.52</ele>
        <time>2026-05-17T07:53:50.000Z</time>
        <extensions>
          <ns3:TrackPointExtension>
            <ns3:atemp>19.8</ns3:atemp>
            <ns3:hr>114</ns3:hr>
            <ns3:cad>87</ns3:cad>
            <ns3:power>0</ns3:power>
          </ns3:TrackPointExtension>
        </extensions>
      </trkpt>
      <trkpt lat="46.1470016637" lon="7.1625849982">
        <ele>520.85</ele>
        <time>2026-05-17T07:53:51.000Z</time>
        <extensions>
          <ns3:TrackPointExtension>
            <ns3:atemp>19.8</ns3:atemp>
            <ns3:hr>114</ns3:hr>
            <ns3:cad>87</ns3:cad>
            <ns3:power>0</ns3:power>
          </ns3:TrackPointExtension>
        </extensions>
      </trkpt>
      <trkpt lat="46.1470606138" lon="7.1627350618">
        <ele>520.17</ele>
        <time>2026-05-17T07:53:52.000Z</time>
        <extensions>
          <ns3:TrackPointExtension>
            <ns3:atemp>19.8</ns3:atemp>
            <ns3:hr>114</ns3:hr>
            <ns3:cad>87</ns3:cad>
            <ns3:power>0</ns3:power>
          </ns3:TrackPointExtension>
        </extensions>
      </trkpt>
      <trkpt lat="46.1471196182" lon="7.1628909894">
        <ele>519.49</ele>
        <time>2026-05-17T07:53:53.000Z</time>
        <extensions>
          <ns3:TrackPointExtension>
            <ns3:atemp>19.8</ns3:atemp>
            <ns3:hr>114</ns3:hr>
            <ns3:cad>87</ns3:cad>
            <ns3:power>0</ns3:power>
          </ns3:TrackPointExtension>
        </extensions>
      </trkpt>
      <trkpt lat="46.1471796894" lon="7.1630459229">
        <ele>518.81</ele>
        <time>2026-05-17T07:53:54.000Z</time>
        <extensions>
          <ns3:TrackPointExtension>
            <ns3:atemp>19.8</ns3:atemp>
            <ns3:hr>114</ns3:hr>
            <ns3:cad>87</ns3:cad>
            <ns3:power>0</ns3:power>
          </ns3:TrackPointExtension>
        </extensions>
      </trkpt>
      <trkpt lat="46.1472396352" lon="7.1632012535">
        <ele>518.13</ele>
        <time>2026-05-17T07:53:55.000Z</time>
        <extensions>
          <ns3:TrackPointExtension>
            <ns3:atemp>19.8</ns3:atemp>
            <ns3:hr>114</ns3:hr>
            <ns3:cad>87</ns3:cad>
            <ns3:power>0</ns3:power>
          </ns3:TrackPointExtension>
        </extensions>
      </trkpt>
      <trkpt lat="46.1473007954" lon="7.1633524606">
        <ele>517.45</ele>
        <time>2026-05-17T07:53:56.000Z</time>
        <extensions>
          <ns3:TrackPointExtension>
            <ns3:atemp>19.8</ns3:atemp>
            <ns3:hr>114</ns3:hr>
            <ns3:cad>87</ns3:cad>
            <ns3:power>0</ns3:power>
          </ns3:TrackPointExtension>
        </extensions>
      </trkpt>
      <trkpt lat="46.1473615100" lon="7.1635031659">
        <ele>516.78</ele>
        <time>2026-05-17T07:53:57.000Z</time>
        <extensions>
          <ns3:TrackPointExtension>
            <ns3:atemp>19.8</ns3:atemp>
            <ns3:hr>114</ns3:hr>
            <ns3:cad>87</ns3:cad>
            <ns3:power>0</ns3:power>
          </ns3:TrackPointExtension>
        </extensions>
      </trkpt>
      <trkpt lat="46.1474241929" lon="7.1636597146">
        <ele>516.10</ele>
        <time>2026-05-17T07:53:58.000Z</time>
        <extensions>
          <ns3:TrackPointExtension>
            <ns3:atemp>19.8</ns3:atemp>
            <ns3:hr>114</ns3:hr>
            <ns3:cad>88</ns3:cad>
            <ns3:power>0</ns3:power>
          </ns3:TrackPointExtension>
        </extensions>
      </trkpt>
      <trkpt lat="46.1474883594" lon="7.1638141536">
        <ele>515.42</ele>
        <time>2026-05-17T07:53:59.000Z</time>
        <extensions>
          <ns3:TrackPointExtension>
            <ns3:atemp>19.8</ns3:atemp>
            <ns3:hr>115</ns3:hr>
            <ns3:cad>88</ns3:cad>
            <ns3:power>0</ns3:power>
          </ns3:TrackPointExtension>
        </extensions>
      </trkpt>
      <trkpt lat="46.1475571448" lon="7.1639663326">
        <ele>514.73</ele>
        <time>2026-05-17T07:54:00.000Z</time>
        <extensions>
          <ns3:TrackPointExtension>
            <ns3:atemp>19.8</ns3:atemp>
            <ns3:hr>115</ns3:hr>
            <ns3:cad>88</ns3:cad>
            <ns3:power>0</ns3:power>
          </ns3:TrackPointExtension>
        </extensions>
      </trkpt>
      <trkpt lat="46.1476222798" lon="7.1641178908">
        <ele>514.05</ele>
        <time>2026-05-17T07:54:01.000Z</time>
        <extensions>
          <ns3:TrackPointExtension>
            <ns3:atemp>19.8</ns3:atemp>
            <ns3:hr>115</ns3:hr>
            <ns3:cad>88</ns3:cad>
            <ns3:power>0</ns3:power>
          </ns3:TrackPointExtension>
        </extensions>
      </trkpt>
      <trkpt lat="46.1476878219" lon="7.1642620460">
        <ele>513.37</ele>
        <time>2026-05-17T07:54:02.000Z</time>
        <extensions>
          <ns3:TrackPointExtension>
            <ns3:atemp>19.8</ns3:atemp>
            <ns3:hr>115</ns3:hr>
            <ns3:cad>88</ns3:cad>
            <ns3:power>0</ns3:power>
          </ns3:TrackPointExtension>
        </extensions>
      </trkpt>
      <trkpt lat="46.1477543458" lon="7.1644055798">
        <ele>512.69</ele>
        <time>2026-05-17T07:54:03.000Z</time>
        <extensions>
          <ns3:TrackPointExtension>
            <ns3:atemp>19.8</ns3:atemp>
            <ns3:hr>115</ns3:hr>
            <ns3:cad>88</ns3:cad>
            <ns3:power>0</ns3:power>
          </ns3:TrackPointExtension>
        </extensions>
      </trkpt>
      <trkpt lat="46.1478227792" lon="7.1645598924">
        <ele>512.01</ele>
        <time>2026-05-17T07:54:04.000Z</time>
        <extensions>
          <ns3:TrackPointExtension>
            <ns3:atemp>19.8</ns3:atemp>
            <ns3:hr>115</ns3:hr>
            <ns3:cad>88</ns3:cad>
            <ns3:power>0</ns3:power>
          </ns3:TrackPointExtension>
        </extensions>
      </trkpt>
      <trkpt lat="46.1478902209" lon="7.1647169074">
        <ele>511.33</ele>
        <time>2026-05-17T07:54:05.000Z</time>
        <extensions>
          <ns3:TrackPointExtension>
            <ns3:atemp>19.8</ns3:atemp>
            <ns3:hr>115</ns3:hr>
            <ns3:cad>88</ns3:cad>
            <ns3:power>0</ns3:power>
          </ns3:TrackPointExtension>
        </extensions>
      </trkpt>
      <trkpt lat="46.1479562719" lon="7.1648604315">
        <ele>510.65</ele>
        <time>2026-05-17T07:54:06.000Z</time>
        <extensions>
          <ns3:TrackPointExtension>
            <ns3:atemp>19.8</ns3:atemp>
            <ns3:hr>115</ns3:hr>
            <ns3:cad>88</ns3:cad>
            <ns3:power>0</ns3:power>
          </ns3:TrackPointExtension>
        </extensions>
      </trkpt>
      <trkpt lat="46.1480219515" lon="7.1650087930">
        <ele>509.96</ele>
        <time>2026-05-17T07:54:07.000Z</time>
        <extensions>
          <ns3:TrackPointExtension>
            <ns3:atemp>19.8</ns3:atemp>
            <ns3:hr>115</ns3:hr>
            <ns3:cad>88</ns3:cad>
            <ns3:power>0</ns3:power>
          </ns3:TrackPointExtension>
        </extensions>
      </trkpt>
      <trkpt lat="46.1480877514" lon="7.1651639044">
        <ele>509.28</ele>
        <time>2026-05-17T07:54:08.000Z</time>
        <extensions>
          <ns3:TrackPointExtension>
            <ns3:atemp>19.8</ns3:atemp>
            <ns3:hr>115</ns3:hr>
            <ns3:cad>88</ns3:cad>
            <ns3:power>0</ns3:power>
          </ns3:TrackPointExtension>
        </extensions>
      </trkpt>
      <trkpt lat="46.1481497164" lon="7.1653085615">
        <ele>508.60</ele>
        <time>2026-05-17T07:54:09.000Z</time>
        <extensions>
          <ns3:TrackPointExtension>
            <ns3:atemp>19.8</ns3:atemp>
            <ns3:hr>115</ns3:hr>
            <ns3:cad>88</ns3:cad>
            <ns3:power>0</ns3:power>
          </ns3:TrackPointExtension>
        </extensions>
      </trkpt>
      <trkpt lat="46.1482192157" lon="7.1654636769">
        <ele>507.92</ele>
        <time>2026-05-17T07:54:10.000Z</time>
        <extensions>
          <ns3:TrackPointExtension>
            <ns3:atemp>19.8</ns3:atemp>
            <ns3:hr>115</ns3:hr>
            <ns3:cad>88</ns3:cad>
            <ns3:power>0</ns3:power>
          </ns3:TrackPointExtension>
        </extensions>
      </trkpt>
      <trkpt lat="46.1482819243" lon="7.1656204630">
        <ele>507.23</ele>
        <time>2026-05-17T07:54:11.000Z</time>
        <extensions>
          <ns3:TrackPointExtension>
            <ns3:atemp>19.8</ns3:atemp>
            <ns3:hr>115</ns3:hr>
            <ns3:cad>88</ns3:cad>
            <ns3:power>0</ns3:power>
          </ns3:TrackPointExtension>
        </extensions>
      </trkpt>
      <trkpt lat="46.1483455062" lon="7.1657648541">
        <ele>506.55</ele>
        <time>2026-05-17T07:54:12.000Z</time>
        <extensions>
          <ns3:TrackPointExtension>
            <ns3:atemp>19.8</ns3:atemp>
            <ns3:hr>115</ns3:hr>
            <ns3:cad>88</ns3:cad>
            <ns3:power>0</ns3:power>
          </ns3:TrackPointExtension>
        </extensions>
      </trkpt>
      <trkpt lat="46.1484118006" lon="7.1659094636">
        <ele>505.87</ele>
        <time>2026-05-17T07:54:13.000Z</time>
        <extensions>
          <ns3:TrackPointExtension>
            <ns3:atemp>19.8</ns3:atemp>
            <ns3:hr>115</ns3:hr>
            <ns3:cad>88</ns3:cad>
            <ns3:power>0</ns3:power>
          </ns3:TrackPointExtension>
        </extensions>
      </trkpt>
      <trkpt lat="46.1484797659" lon="7.1660553874">
        <ele>505.19</ele>
        <time>2026-05-17T07:54:14.000Z</time>
        <extensions>
          <ns3:TrackPointExtension>
            <ns3:atemp>19.8</ns3:atemp>
            <ns3:hr>115</ns3:hr>
            <ns3:cad>88</ns3:cad>
            <ns3:power>0</ns3:power>
          </ns3:TrackPointExtension>
        </extensions>
      </trkpt>
      <trkpt lat="46.1485454389" lon="7.1662083115">
        <ele>504.51</ele>
        <time>2026-05-17T07:54:15.000Z</time>
        <extensions>
          <ns3:TrackPointExtension>
            <ns3:atemp>19.8</ns3:atemp>
            <ns3:hr>115</ns3:hr>
            <ns3:cad>88</ns3:cad>
            <ns3:power>0</ns3:power>
          </ns3:TrackPointExtension>
        </extensions>
      </trkpt>
      <trkpt lat="46.1486077111" lon="7.1663523877">
        <ele>503.82</ele>
        <time>2026-05-17T07:54:16.000Z</time>
        <extensions>
          <ns3:TrackPointExtension>
            <ns3:atemp>19.8</ns3:atemp>
            <ns3:hr>115</ns3:hr>
            <ns3:cad>88</ns3:cad>
            <ns3:power>0</ns3:power>
          </ns3:TrackPointExtension>
        </extensions>
      </trkpt>
      <trkpt lat="46.1486725637" lon="7.1664976611">
        <ele>503.14</ele>
        <time>2026-05-17T07:54:17.000Z</time>
        <extensions>
          <ns3:TrackPointExtension>
            <ns3:atemp>19.8</ns3:atemp>
            <ns3:hr>115</ns3:hr>
            <ns3:cad>88</ns3:cad>
            <ns3:power>0</ns3:power>
          </ns3:TrackPointExtension>
        </extensions>
      </trkpt>
      <trkpt lat="46.1487364485" lon="7.1666431999">
        <ele>502.46</ele>
        <time>2026-05-17T07:54:18.000Z</time>
        <extensions>
          <ns3:TrackPointExtension>
            <ns3:atemp>19.8</ns3:atemp>
            <ns3:hr>116</ns3:hr>
            <ns3:cad>88</ns3:cad>
            <ns3:power>0</ns3:power>
          </ns3:TrackPointExtension>
        </extensions>
      </trkpt>
      <trkpt lat="46.1488020261" lon="7.1667929503">
        <ele>501.78</ele>
        <time>2026-05-17T07:54:19.000Z</time>
        <extensions>
          <ns3:TrackPointExtension>
            <ns3:atemp>19.8</ns3:atemp>
            <ns3:hr>116</ns3:hr>
            <ns3:cad>88</ns3:cad>
            <ns3:power>0</ns3:power>
          </ns3:TrackPointExtension>
        </extensions>
      </trkpt>
      <trkpt lat="46.1488718707" lon="7.1669439406">
        <ele>501.09</ele>
        <time>2026-05-17T07:54:20.000Z</time>
        <extensions>
          <ns3:TrackPointExtension>
            <ns3:atemp>19.8</ns3:atemp>
            <ns3:hr>116</ns3:hr>
            <ns3:cad>88</ns3:cad>
            <ns3:power>0</ns3:power>
          </ns3:TrackPointExtension>
        </extensions>
      </trkpt>
      <trkpt lat="46.1489385863" lon="7.1670962308">
        <ele>500.41</ele>
        <time>2026-05-17T07:54:21.000Z</time>
        <extensions>
          <ns3:TrackPointExtension>
            <ns3:atemp>19.8</ns3:atemp>
            <ns3:hr>116</ns3:hr>
            <ns3:cad>88</ns3:cad>
            <ns3:power>0</ns3:power>
          </ns3:TrackPointExtension>
        </extensions>
      </trkpt>
      <trkpt lat="46.1490071607" lon="7.1672437274">
        <ele>499.73</ele>
        <time>2026-05-17T07:54:22.000Z</time>
        <extensions>
          <ns3:TrackPointExtension>
            <ns3:atemp>19.8</ns3:atemp>
            <ns3:hr>116</ns3:hr>
            <ns3:cad>88</ns3:cad>
            <ns3:power>0</ns3:power>
          </ns3:TrackPointExtension>
        </extensions>
      </trkpt>
      <trkpt lat="46.1490811312" lon="7.1673826403">
        <ele>499.05</ele>
        <time>2026-05-17T07:54:23.000Z</time>
        <extensions>
          <ns3:TrackPointExtension>
            <ns3:atemp>19.8</ns3:atemp>
            <ns3:hr>116</ns3:hr>
            <ns3:cad>88</ns3:cad>
            <ns3:power>0</ns3:power>
          </ns3:TrackPointExtension>
        </extensions>
      </trkpt>
      <trkpt lat="46.1491491803" lon="7.1675334952">
        <ele>498.37</ele>
        <time>2026-05-17T07:54:24.000Z</time>
        <extensions>
          <ns3:TrackPointExtension>
            <ns3:atemp>19.8</ns3:atemp>
            <ns3:hr>116</ns3:hr>
            <ns3:cad>88</ns3:cad>
            <ns3:power>0</ns3:power>
          </ns3:TrackPointExtension>
        </extensions>
      </trkpt>
      <trkpt lat="46.1492234351" lon="7.1676828574">
        <ele>497.69</ele>
        <time>2026-05-17T07:54:25.000Z</time>
        <extensions>
          <ns3:TrackPointExtension>
            <ns3:atemp>19.8</ns3:atemp>
            <ns3:hr>116</ns3:hr>
            <ns3:cad>88</ns3:cad>
            <ns3:power>0</ns3:power>
          </ns3:TrackPointExtension>
        </extensions>
      </trkpt>
      <trkpt lat="46.1492931084" lon="7.1678309842">
        <ele>497.01</ele>
        <time>2026-05-17T07:54:26.000Z</time>
        <extensions>
          <ns3:TrackPointExtension>
            <ns3:atemp>19.8</ns3:atemp>
            <ns3:hr>116</ns3:hr>
            <ns3:cad>87</ns3:cad>
            <ns3:power>0</ns3:power>
          </ns3:TrackPointExtension>
        </extensions>
      </trkpt>
      <trkpt lat="46.1493672466" lon="7.1679755293">
        <ele>496.33</ele>
        <time>2026-05-17T07:54:27.000Z</time>
        <extensions>
          <ns3:TrackPointExtension>
            <ns3:atemp>19.8</ns3:atemp>
            <ns3:hr>116</ns3:hr>
            <ns3:cad>87</ns3:cad>
            <ns3:power>0</ns3:power>
          </ns3:TrackPointExtension>
        </extensions>
      </trkpt>
      <trkpt lat="46.1494381461" lon="7.1681253857">
        <ele>495.65</ele>
        <time>2026-05-17T07:54:28.000Z</time>
        <extensions>
          <ns3:TrackPointExtension>
            <ns3:atemp>19.8</ns3:atemp>
            <ns3:hr>116</ns3:hr>
            <ns3:cad>87</ns3:cad>
            <ns3:power>0</ns3:power>
          </ns3:TrackPointExtension>
        </extensions>
      </trkpt>
      <trkpt lat="46.1495138750" lon="7.1682630208">
        <ele>494.97</ele>
        <time>2026-05-17T07:54:29.000Z</time>
        <extensions>
          <ns3:TrackPointExtension>
            <ns3:atemp>19.8</ns3:atemp>
            <ns3:hr>116</ns3:hr>
            <ns3:cad>87</ns3:cad>
            <ns3:power>0</ns3:power>
          </ns3:TrackPointExtension>
        </extensions>
      </trkpt>
      <trkpt lat="46.1495811312" lon="7.1684111768">
        <ele>494.29</ele>
        <time>2026-05-17T07:54:30.000Z</time>
        <extensions>
          <ns3:TrackPointExtension>
            <ns3:atemp>19.8</ns3:atemp>
            <ns3:hr>116</ns3:hr>
            <ns3:cad>87</ns3:cad>
            <ns3:power>0</ns3:power>
          </ns3:TrackPointExtension>
        </extensions>
      </trkpt>
      <trkpt lat="46.1496566529" lon="7.1685594706">
        <ele>493.61</ele>
        <time>2026-05-17T07:54:31.000Z</time>
        <extensions>
          <ns3:TrackPointExtension>
            <ns3:atemp>19.8</ns3:atemp>
            <ns3:hr>117</ns3:hr>
            <ns3:cad>87</ns3:cad>
            <ns3:power>0</ns3:power>
          </ns3:TrackPointExtension>
        </extensions>
      </trkpt>
      <trkpt lat="46.1497248555" lon="7.1687063298">
        <ele>492.93</ele>
        <time>2026-05-17T07:54:32.000Z</time>
        <extensions>
          <ns3:TrackPointExtension>
            <ns3:atemp>19.8</ns3:atemp>
            <ns3:hr>117</ns3:hr>
            <ns3:cad>87</ns3:cad>
            <ns3:power>0</ns3:power>
          </ns3:TrackPointExtension>
        </extensions>
      </trkpt>
      <trkpt lat="46.1497971527" lon="7.1688478589">
        <ele>492.25</ele>
        <time>2026-05-17T07:54:33.000Z</time>
        <extensions>
          <ns3:TrackPointExtension>
            <ns3:atemp>19.8</ns3:atemp>
            <ns3:hr>117</ns3:hr>
            <ns3:cad>87</ns3:cad>
            <ns3:power>0</ns3:power>
          </ns3:TrackPointExtension>
        </extensions>
      </trkpt>
      <trkpt lat="46.1498651755" lon="7.1689905037">
        <ele>491.58</ele>
        <time>2026-05-17T07:54:34.000Z</time>
        <extensions>
          <ns3:TrackPointExtension>
            <ns3:atemp>19.8</ns3:atemp>
            <ns3:hr>117</ns3:hr>
            <ns3:cad>87</ns3:cad>
            <ns3:power>0</ns3:power>
          </ns3:TrackPointExtension>
        </extensions>
      </trkpt>
      <trkpt lat="46.1499340164" lon="7.1691249590">
        <ele>490.90</ele>
        <time>2026-05-17T07:54:35.000Z</time>
        <extensions>
          <ns3:TrackPointExtension>
            <ns3:atemp>19.8</ns3:atemp>
            <ns3:hr>117</ns3:hr>
            <ns3:cad>87</ns3:cad>
            <ns3:power>0</ns3:power>
          </ns3:TrackPointExtension>
        </extensions>
      </trkpt>
      <trkpt lat="46.1500130340" lon="7.1692606863">
        <ele>490.22</ele>
        <time>2026-05-17T07:54:36.000Z</time>
        <extensions>
          <ns3:TrackPointExtension>
            <ns3:atemp>19.8</ns3:atemp>
            <ns3:hr>117</ns3:hr>
            <ns3:cad>86</ns3:cad>
            <ns3:power>0</ns3:power>
          </ns3:TrackPointExtension>
        </extensions>
      </trkpt>
      <trkpt lat="46.1500842012" lon="7.1694014925">
        <ele>489.55</ele>
        <time>2026-05-17T07:54:37.000Z</time>
        <extensions>
          <ns3:TrackPointExtension>
            <ns3:atemp>19.8</ns3:atemp>
            <ns3:hr>117</ns3:hr>
            <ns3:cad>86</ns3:cad>
            <ns3:power>0</ns3:power>
          </ns3:TrackPointExtension>
        </extensions>
      </trkpt>
      <trkpt lat="46.1501535592" lon="7.1695440658">
        <ele>488.87</ele>
        <time>2026-05-17T07:54:38.000Z</time>
        <extensions>
          <ns3:TrackPointExtension>
            <ns3:atemp>19.8</ns3:atemp>
            <ns3:hr>117</ns3:hr>
            <ns3:cad>86</ns3:cad>
            <ns3:power>0</ns3:power>
          </ns3:TrackPointExtension>
        </extensions>
      </trkpt>
      <trkpt lat="46.1502244091" lon="7.1696856340">
        <ele>488.20</ele>
        <time>2026-05-17T07:54:39.000Z</time>
        <extensions>
          <ns3:TrackPointExtension>
            <ns3:atemp>19.8</ns3:atemp>
            <ns3:hr>117</ns3:hr>
            <ns3:cad>86</ns3:cad>
            <ns3:power>0</ns3:power>
          </ns3:TrackPointExtension>
        </extensions>
      </trkpt>
      <trkpt lat="46.1503047832" lon="7.1698247992">
        <ele>487.52</ele>
        <time>2026-05-17T07:54:40.000Z</time>
        <extensions>
          <ns3:TrackPointExtension>
            <ns3:atemp>19.9</ns3:atemp>
            <ns3:hr>117</ns3:hr>
            <ns3:cad>86</ns3:cad>
            <ns3:power>0</ns3:power>
          </ns3:TrackPointExtension>
        </extensions>
      </trkpt>
      <trkpt lat="46.1503837332" lon="7.1699634405">
        <ele>486.85</ele>
        <time>2026-05-17T07:54:41.000Z</time>
        <extensions>
          <ns3:TrackPointExtension>
            <ns3:atemp>19.9</ns3:atemp>
            <ns3:hr>117</ns3:hr>
            <ns3:cad>86</ns3:cad>
            <ns3:power>0</ns3:power>
          </ns3:TrackPointExtension>
        </extensions>
      </trkpt>
      <trkpt lat="46.1504581509" lon="7.1700939648">
        <ele>486.18</ele>
        <time>2026-05-17T07:54:42.000Z</time>
        <extensions>
          <ns3:TrackPointExtension>
            <ns3:atemp>19.9</ns3:atemp>
            <ns3:hr>117</ns3:hr>
            <ns3:cad>86</ns3:cad>
            <ns3:power>0</ns3:power>
          </ns3:TrackPointExtension>
        </extensions>
      </trkpt>
      <trkpt lat="46.1505330803" lon="7.1702299891">
        <ele>485.50</ele>
        <time>2026-05-17T07:54:43.000Z</time>
        <extensions>
          <ns3:TrackPointExtension>
            <ns3:atemp>19.9</ns3:atemp>
            <ns3:hr>118</ns3:hr>
            <ns3:cad>86</ns3:cad>
            <ns3:power>0</ns3:power>
          </ns3:TrackPointExtension>
        </extensions>
      </trkpt>
      <trkpt lat="46.1506146037" lon="7.1703565454">
        <ele>484.83</ele>
        <time>2026-05-17T07:54:44.000Z</time>
        <extensions>
          <ns3:TrackPointExtension>
            <ns3:atemp>19.9</ns3:atemp>
            <ns3:hr>118</ns3:hr>
            <ns3:cad>85</ns3:cad>
            <ns3:power>0</ns3:power>
          </ns3:TrackPointExtension>
        </extensions>
      </trkpt>
      <trkpt lat="46.1506961870" lon="7.1704858954">
        <ele>484.16</ele>
        <time>2026-05-17T07:54:45.000Z</time>
        <extensions>
          <ns3:TrackPointExtension>
            <ns3:atemp>19.9</ns3:atemp>
            <ns3:hr>118</ns3:hr>
            <ns3:cad>85</ns3:cad>
            <ns3:power>0</ns3:power>
          </ns3:TrackPointExtension>
        </extensions>
      </trkpt>
      <trkpt lat="46.1507771295" lon="7.1706250193">
        <ele>483.49</ele>
        <time>2026-05-17T07:54:46.000Z</time>
        <extensions>
          <ns3:TrackPointExtension>
            <ns3:atemp>19.9</ns3:atemp>
            <ns3:hr>118</ns3:hr>
            <ns3:cad>85</ns3:cad>
            <ns3:power>0</ns3:power>
          </ns3:TrackPointExtension>
        </extensions>
      </trkpt>
      <trkpt lat="46.1508501893" lon="7.1707598667">
        <ele>482.82</ele>
        <time>2026-05-17T07:54:47.000Z</time>
        <extensions>
          <ns3:TrackPointExtension>
            <ns3:atemp>19.9</ns3:atemp>
            <ns3:hr>118</ns3:hr>
            <ns3:cad>85</ns3:cad>
            <ns3:power>0</ns3:power>
          </ns3:TrackPointExtension>
        </extensions>
      </trkpt>
      <trkpt lat="46.1509262678" lon="7.1708844134">
        <ele>482.15</ele>
        <time>2026-05-17T07:54:48.000Z</time>
        <extensions>
          <ns3:TrackPointExtension>
            <ns3:atemp>19.9</ns3:atemp>
            <ns3:hr>118</ns3:hr>
            <ns3:cad>85</ns3:cad>
            <ns3:power>0</ns3:power>
          </ns3:TrackPointExtension>
        </extensions>
      </trkpt>
      <trkpt lat="46.1510013061" lon="7.1710174701">
        <ele>481.48</ele>
        <time>2026-05-17T07:54:49.000Z</time>
        <extensions>
          <ns3:TrackPointExtension>
            <ns3:atemp>19.9</ns3:atemp>
            <ns3:hr>118</ns3:hr>
            <ns3:cad>85</ns3:cad>
            <ns3:power>0</ns3:power>
          </ns3:TrackPointExtension>
        </extensions>
      </trkpt>
      <trkpt lat="46.1510855186" lon="7.1711513187">
        <ele>480.82</ele>
        <time>2026-05-17T07:54:50.000Z</time>
        <extensions>
          <ns3:TrackPointExtension>
            <ns3:atemp>19.9</ns3:atemp>
            <ns3:hr>118</ns3:hr>
            <ns3:cad>84</ns3:cad>
            <ns3:power>0</ns3:power>
          </ns3:TrackPointExtension>
        </extensions>
      </trkpt>
      <trkpt lat="46.1511613566" lon="7.1712763917">
        <ele>480.15</ele>
        <time>2026-05-17T07:54:51.000Z</time>
        <extensions>
          <ns3:TrackPointExtension>
            <ns3:atemp>19.9</ns3:atemp>
            <ns3:hr>118</ns3:hr>
            <ns3:cad>84</ns3:cad>
            <ns3:power>0</ns3:power>
          </ns3:TrackPointExtension>
        </extensions>
      </trkpt>
      <trkpt lat="46.1512401390" lon="7.1713969580">
        <ele>479.48</ele>
        <time>2026-05-17T07:54:52.000Z</time>
        <extensions>
          <ns3:TrackPointExtension>
            <ns3:atemp>19.9</ns3:atemp>
            <ns3:hr>118</ns3:hr>
            <ns3:cad>84</ns3:cad>
            <ns3:power>0</ns3:power>
          </ns3:TrackPointExtension>
        </extensions>
      </trkpt>
      <trkpt lat="46.1513187006" lon="7.1715314141">
        <ele>478.82</ele>
        <time>2026-05-17T07:54:53.000Z</time>
        <extensions>
          <ns3:TrackPointExtension>
            <ns3:atemp>19.9</ns3:atemp>
            <ns3:hr>119</ns3:hr>
            <ns3:cad>84</ns3:cad>
            <ns3:power>0</ns3:power>
          </ns3:TrackPointExtension>
        </extensions>
      </trkpt>
      <trkpt lat="46.1514002647" lon="7.1716613561">
        <ele>478.15</ele>
        <time>2026-05-17T07:54:54.000Z</time>
        <extensions>
          <ns3:TrackPointExtension>
            <ns3:atemp>19.9</ns3:atemp>
            <ns3:hr>119</ns3:hr>
            <ns3:cad>84</ns3:cad>
            <ns3:power>0</ns3:power>
          </ns3:TrackPointExtension>
        </extensions>
      </trkpt>
      <trkpt lat="46.1514762560" lon="7.1717827714">
        <ele>477.49</ele>
        <time>2026-05-17T07:54:55.000Z</time>
        <extensions>
          <ns3:TrackPointExtension>
            <ns3:atemp>19.9</ns3:atemp>
            <ns3:hr>119</ns3:hr>
            <ns3:cad>83</ns3:cad>
            <ns3:power>0</ns3:power>
          </ns3:TrackPointExtension>
        </extensions>
      </trkpt>
      <trkpt lat="46.1515534007" lon="7.1719074816">
        <ele>476.83</ele>
        <time>2026-05-17T07:54:56.000Z</time>
        <extensions>
          <ns3:TrackPointExtension>
            <ns3:atemp>19.9</ns3:atemp>
            <ns3:hr>119</ns3:hr>
            <ns3:cad>83</ns3:cad>
            <ns3:power>0</ns3:power>
          </ns3:TrackPointExtension>
        </extensions>
      </trkpt>
      <trkpt lat="46.1516388325" lon="7.1720354290">
        <ele>476.16</ele>
        <time>2026-05-17T07:54:57.000Z</time>
        <extensions>
          <ns3:TrackPointExtension>
            <ns3:atemp>19.9</ns3:atemp>
            <ns3:hr>119</ns3:hr>
            <ns3:cad>83</ns3:cad>
            <ns3:power>0</ns3:power>
          </ns3:TrackPointExtension>
        </extensions>
      </trkpt>
      <trkpt lat="46.1517242751" lon="7.1721613132">
        <ele>475.50</ele>
        <time>2026-05-17T07:54:58.000Z</time>
        <extensions>
          <ns3:TrackPointExtension>
            <ns3:atemp>19.9</ns3:atemp>
            <ns3:hr>119</ns3:hr>
            <ns3:cad>83</ns3:cad>
            <ns3:power>0</ns3:power>
          </ns3:TrackPointExtension>
        </extensions>
      </trkpt>
      <trkpt lat="46.1518064697" lon="7.1722895426">
        <ele>474.84</ele>
        <time>2026-05-17T07:54:59.000Z</time>
        <extensions>
          <ns3:TrackPointExtension>
            <ns3:atemp>19.9</ns3:atemp>
            <ns3:hr>119</ns3:hr>
            <ns3:cad>83</ns3:cad>
            <ns3:power>0</ns3:power>
          </ns3:TrackPointExtension>
        </extensions>
      </trkpt>
      <trkpt lat="46.1518945615" lon="7.1724149522">
        <ele>474.18</ele>
        <time>2026-05-17T07:55:00.000Z</time>
        <extensions>
          <ns3:TrackPointExtension>
            <ns3:atemp>19.9</ns3:atemp>
            <ns3:hr>119</ns3:hr>
            <ns3:cad>82</ns3:cad>
            <ns3:power>0</ns3:power>
          </ns3:TrackPointExtension>
        </extensions>
      </trkpt>
      <trkpt lat="46.1519822846" lon="7.1725431965">
        <ele>473.52</ele>
        <time>2026-05-17T07:55:01.000Z</time>
        <extensions>
          <ns3:TrackPointExtension>
            <ns3:atemp>19.9</ns3:atemp>
            <ns3:hr>119</ns3:hr>
            <ns3:cad>82</ns3:cad>
            <ns3:power>0</ns3:power>
          </ns3:TrackPointExtension>
        </extensions>
      </trkpt>
      <trkpt lat="46.1520663584" lon="7.1726665712">
        <ele>472.87</ele>
        <time>2026-05-17T07:55:02.000Z</time>
        <extensions>
          <ns3:TrackPointExtension>
            <ns3:atemp>19.9</ns3:atemp>
            <ns3:hr>119</ns3:hr>
            <ns3:cad>82</ns3:cad>
            <ns3:power>0</ns3:power>
          </ns3:TrackPointExtension>
        </extensions>
      </trkpt>
      <trkpt lat="46.1521519189" lon="7.1727850282">
        <ele>472.21</ele>
        <time>2026-05-17T07:55:03.000Z</time>
        <extensions>
          <ns3:TrackPointExtension>
            <ns3:atemp>19.9</ns3:atemp>
            <ns3:hr>120</ns3:hr>
            <ns3:cad>82</ns3:cad>
            <ns3:power>0</ns3:power>
          </ns3:TrackPointExtension>
        </extensions>
      </trkpt>
      <trkpt lat="46.1522393750" lon="7.1729042948">
        <ele>471.55</ele>
        <time>2026-05-17T07:55:04.000Z</time>
        <extensions>
          <ns3:TrackPointExtension>
            <ns3:atemp>19.9</ns3:atemp>
            <ns3:hr>120</ns3:hr>
            <ns3:cad>82</ns3:cad>
            <ns3:power>0</ns3:power>
          </ns3:TrackPointExtension>
        </extensions>
      </trkpt>
      <trkpt lat="46.1523201132" lon="7.1730200270">
        <ele>470.90</ele>
        <time>2026-05-17T07:55:05.000Z</time>
        <extensions>
          <ns3:TrackPointExtension>
            <ns3:atemp>19.9</ns3:atemp>
            <ns3:hr>120</ns3:hr>
            <ns3:cad>81</ns3:cad>
            <ns3:power>0</ns3:power>
          </ns3:TrackPointExtension>
        </extensions>
      </trkpt>
      <trkpt lat="46.1524038860" lon="7.1731378303">
        <ele>470.24</ele>
        <time>2026-05-17T07:55:06.000Z</time>
        <extensions>
          <ns3:TrackPointExtension>
            <ns3:atemp>19.9</ns3:atemp>
            <ns3:hr>120</ns3:hr>
            <ns3:cad>81</ns3:cad>
            <ns3:power>0</ns3:power>
          </ns3:TrackPointExtension>
        </extensions>
      </trkpt>
      <trkpt lat="46.1524916663" lon="7.1732565508">
        <ele>469.59</ele>
        <time>2026-05-17T07:55:07.000Z</time>
        <extensions>
          <ns3:TrackPointExtension>
            <ns3:atemp>19.9</ns3:atemp>
            <ns3:hr>120</ns3:hr>
            <ns3:cad>81</ns3:cad>
            <ns3:power>0</ns3:power>
          </ns3:TrackPointExtension>
        </extensions>
      </trkpt>
      <trkpt lat="46.1525729843" lon="7.1733723665">
        <ele>468.94</ele>
        <time>2026-05-17T07:55:08.000Z</time>
        <extensions>
          <ns3:TrackPointExtension>
            <ns3:atemp>19.9</ns3:atemp>
            <ns3:hr>120</ns3:hr>
            <ns3:cad>81</ns3:cad>
            <ns3:power>0</ns3:power>
          </ns3:TrackPointExtension>
        </extensions>
      </trkpt>
      <trkpt lat="46.1526596062" lon="7.1734815866">
        <ele>468.29</ele>
        <time>2026-05-17T07:55:09.000Z</time>
        <extensions>
          <ns3:TrackPointExtension>
            <ns3:atemp>19.9</ns3:atemp>
            <ns3:hr>120</ns3:hr>
            <ns3:cad>81</ns3:cad>
            <ns3:power>0</ns3:power>
          </ns3:TrackPointExtension>
        </extensions>
      </trkpt>
      <trkpt lat="46.1527483658" lon="7.1735978805">
        <ele>467.63</ele>
        <time>2026-05-17T07:55:10.000Z</time>
        <extensions>
          <ns3:TrackPointExtension>
            <ns3:atemp>19.9</ns3:atemp>
            <ns3:hr>120</ns3:hr>
            <ns3:cad>80</ns3:cad>
            <ns3:power>0</ns3:power>
          </ns3:TrackPointExtension>
        </extensions>
      </trkpt>
      <trkpt lat="46.1528348032" lon="7.1737188767">
        <ele>466.98</ele>
        <time>2026-05-17T07:55:11.000Z</time>
        <extensions>
          <ns3:TrackPointExtension>
            <ns3:atemp>19.9</ns3:atemp>
            <ns3:hr>120</ns3:hr>
            <ns3:cad>80</ns3:cad>
            <ns3:power>0</ns3:power>
          </ns3:TrackPointExtension>
        </extensions>
      </trkpt>
      <trkpt lat="46.1529183868" lon="7.1738331043">
        <ele>466.33</ele>
        <time>2026-05-17T07:55:12.000Z</time>
        <extensions>
          <ns3:TrackPointExtension>
            <ns3:atemp>19.9</ns3:atemp>
            <ns3:hr>120</ns3:hr>
            <ns3:cad>80</ns3:cad>
            <ns3:power>0</ns3:power>
          </ns3:TrackPointExtension>
        </extensions>
      </trkpt>
      <trkpt lat="46.1529985658" lon="7.1739409806">
        <ele>465.69</ele>
        <time>2026-05-17T07:55:13.000Z</time>
        <extensions>
          <ns3:TrackPointExtension>
            <ns3:atemp>19.9</ns3:atemp>
            <ns3:hr>121</ns3:hr>
            <ns3:cad>80</ns3:cad>
            <ns3:power>0</ns3:power>
          </ns3:TrackPointExtension>
        </extensions>
      </trkpt>
      <trkpt lat="46.1530813178" lon="7.1740545638">
        <ele>465.04</ele>
        <time>2026-05-17T07:55:14.000Z</time>
        <extensions>
          <ns3:TrackPointExtension>
            <ns3:atemp>19.9</ns3:atemp>
            <ns3:hr>121</ns3:hr>
            <ns3:cad>79</ns3:cad>
            <ns3:power>0</ns3:power>
          </ns3:TrackPointExtension>
        </extensions>
      </trkpt>
      <trkpt lat="46.1531636906" lon="7.1741626382">
        <ele>464.39</ele>
        <time>2026-05-17T07:55:15.000Z</time>
        <extensions>
          <ns3:TrackPointExtension>
            <ns3:atemp>19.9</ns3:atemp>
            <ns3:hr>121</ns3:hr>
            <ns3:cad>79</ns3:cad>
            <ns3:power>0</ns3:power>
          </ns3:TrackPointExtension>
        </extensions>
      </trkpt>
      <trkpt lat="46.1532521679" lon="7.1742761403">
        <ele>463.75</ele>
        <time>2026-05-17T07:55:16.000Z</time>
        <extensions>
          <ns3:TrackPointExtension>
            <ns3:atemp>19.9</ns3:atemp>
            <ns3:hr>121</ns3:hr>
            <ns3:cad>79</ns3:cad>
            <ns3:power>0</ns3:power>
          </ns3:TrackPointExtension>
        </extensions>
      </trkpt>
      <trkpt lat="46.1533401053" lon="7.1743930715">
        <ele>463.10</ele>
        <time>2026-05-17T07:55:17.000Z</time>
        <extensions>
          <ns3:TrackPointExtension>
            <ns3:atemp>19.9</ns3:atemp>
            <ns3:hr>121</ns3:hr>
            <ns3:cad>79</ns3:cad>
            <ns3:power>0</ns3:power>
          </ns3:TrackPointExtension>
        </extensions>
      </trkpt>
      <trkpt lat="46.1534308180" lon="7.1745062251">
        <ele>462.46</ele>
        <time>2026-05-17T07:55:18.000Z</time>
        <extensions>
          <ns3:TrackPointExtension>
            <ns3:atemp>19.9</ns3:atemp>
            <ns3:hr>121</ns3:hr>
            <ns3:cad>79</ns3:cad>
            <ns3:power>0</ns3:power>
          </ns3:TrackPointExtension>
        </extensions>
      </trkpt>
      <trkpt lat="46.1535155012" lon="7.1746167404">
        <ele>461.81</ele>
        <time>2026-05-17T07:55:19.000Z</time>
        <extensions>
          <ns3:TrackPointExtension>
            <ns3:atemp>19.9</ns3:atemp>
            <ns3:hr>121</ns3:hr>
            <ns3:cad>78</ns3:cad>
            <ns3:power>0</ns3:power>
          </ns3:TrackPointExtension>
        </extensions>
      </trkpt>
      <trkpt lat="46.1536025531" lon="7.1747248144">
        <ele>461.17</ele>
        <time>2026-05-17T07:55:20.000Z</time>
        <extensions>
          <ns3:TrackPointExtension>
            <ns3:atemp>19.9</ns3:atemp>
            <ns3:hr>121</ns3:hr>
            <ns3:cad>78</ns3:cad>
            <ns3:power>0</ns3:power>
          </ns3:TrackPointExtension>
        </extensions>
      </trkpt>
      <trkpt lat="46.1536867006" lon="7.1748354864">
        <ele>460.53</ele>
        <time>2026-05-17T07:55:21.000Z</time>
        <extensions>
          <ns3:TrackPointExtension>
            <ns3:atemp>19.9</ns3:atemp>
            <ns3:hr>121</ns3:hr>
            <ns3:cad>78</ns3:cad>
            <ns3:power>0</ns3:power>
          </ns3:TrackPointExtension>
        </extensions>
      </trkpt>
      <trkpt lat="46.1537761897" lon="7.1749405992">
        <ele>459.89</ele>
        <time>2026-05-17T07:55:22.000Z</time>
        <extensions>
          <ns3:TrackPointExtension>
            <ns3:atemp>19.9</ns3:atemp>
            <ns3:hr>121</ns3:hr>
            <ns3:cad>78</ns3:cad>
            <ns3:power>0</ns3:power>
          </ns3:TrackPointExtension>
        </extensions>
      </trkpt>
      <trkpt lat="46.1538567003" lon="7.1750457863">
        <ele>459.25</ele>
        <time>2026-05-17T07:55:23.000Z</time>
        <extensions>
          <ns3:TrackPointExtension>
            <ns3:atemp>19.9</ns3:atemp>
            <ns3:hr>121</ns3:hr>
            <ns3:cad>77</ns3:cad>
            <ns3:power>0</ns3:power>
          </ns3:TrackPointExtension>
        </extensions>
      </trkpt>
      <trkpt lat="46.1539462761" lon="7.1751507677">
        <ele>458.61</ele>
        <time>2026-05-17T07:55:24.000Z</time>
        <extensions>
          <ns3:TrackPointExtension>
            <ns3:atemp>19.9</ns3:atemp>
            <ns3:hr>122</ns3:hr>
            <ns3:cad>77</ns3:cad>
            <ns3:power>0</ns3:power>
          </ns3:TrackPointExtension>
        </extensions>
      </trkpt>
      <trkpt lat="46.1540298257" lon="7.1752626273">
        <ele>457.97</ele>
        <time>2026-05-17T07:55:25.000Z</time>
        <extensions>
          <ns3:TrackPointExtension>
            <ns3:atemp>19.9</ns3:atemp>
            <ns3:hr>122</ns3:hr>
            <ns3:cad>77</ns3:cad>
            <ns3:power>0</ns3:power>
          </ns3:TrackPointExtension>
        </extensions>
      </trkpt>
      <trkpt lat="46.1541131376" lon="7.1753663290">
        <ele>457.34</ele>
        <time>2026-05-17T07:55:26.000Z</time>
        <extensions>
          <ns3:TrackPointExtension>
            <ns3:atemp>19.9</ns3:atemp>
            <ns3:hr>122</ns3:hr>
            <ns3:cad>77</ns3:cad>
            <ns3:power>0</ns3:power>
          </ns3:TrackPointExtension>
        </extensions>
      </trkpt>
      <trkpt lat="46.1541977241" lon="7.1754733107">
        <ele>456.70</ele>
        <time>2026-05-17T07:55:27.000Z</time>
        <extensions>
          <ns3:TrackPointExtension>
            <ns3:atemp>19.9</ns3:atemp>
            <ns3:hr>122</ns3:hr>
            <ns3:cad>77</ns3:cad>
            <ns3:power>0</ns3:power>
          </ns3:TrackPointExtension>
        </extensions>
      </trkpt>
      <trkpt lat="46.1542850034" lon="7.1755825837">
        <ele>456.06</ele>
        <time>2026-05-17T07:55:28.000Z</time>
        <extensions>
          <ns3:TrackPointExtension>
            <ns3:atemp>19.9</ns3:atemp>
            <ns3:hr>122</ns3:hr>
            <ns3:cad>76</ns3:cad>
            <ns3:power>0</ns3:power>
          </ns3:TrackPointExtension>
        </extensions>
      </trkpt>
      <trkpt lat="46.1543733133" lon="7.1756878448">
        <ele>455.43</ele>
        <time>2026-05-17T07:55:29.000Z</time>
        <extensions>
          <ns3:TrackPointExtension>
            <ns3:atemp>19.9</ns3:atemp>
            <ns3:hr>122</ns3:hr>
            <ns3:cad>76</ns3:cad>
            <ns3:power>0</ns3:power>
          </ns3:TrackPointExtension>
        </extensions>
      </trkpt>
      <trkpt lat="46.1544562746" lon="7.1758000478">
        <ele>454.80</ele>
        <time>2026-05-17T07:55:30.000Z</time>
        <extensions>
          <ns3:TrackPointExtension>
            <ns3:atemp>19.9</ns3:atemp>
            <ns3:hr>122</ns3:hr>
            <ns3:cad>76</ns3:cad>
            <ns3:power>0</ns3:power>
          </ns3:TrackPointExtension>
        </extensions>
      </trkpt>
      <trkpt lat="46.1545403131" lon="7.1759155862">
        <ele>454.16</ele>
        <time>2026-05-17T07:55:31.000Z</time>
        <extensions>
          <ns3:TrackPointExtension>
            <ns3:atemp>19.9</ns3:atemp>
            <ns3:hr>122</ns3:hr>
            <ns3:cad>76</ns3:cad>
            <ns3:power>0</ns3:power>
          </ns3:TrackPointExtension>
        </extensions>
      </trkpt>
      <trkpt lat="46.1546261640" lon="7.1760236196">
        <ele>453.53</ele>
        <time>2026-05-17T07:55:32.000Z</time>
        <extensions>
          <ns3:TrackPointExtension>
            <ns3:atemp>19.9</ns3:atemp>
            <ns3:hr>122</ns3:hr>
            <ns3:cad>75</ns3:cad>
            <ns3:power>0</ns3:power>
          </ns3:TrackPointExtension>
        </extensions>
      </trkpt>
      <trkpt lat="46.1547090337" lon="7.1761344380">
        <ele>452.90</ele>
        <time>2026-05-17T07:55:33.000Z</time>
        <extensions>
          <ns3:TrackPointExtension>
            <ns3:atemp>19.9</ns3:atemp>
            <ns3:hr>122</ns3:hr>
            <ns3:cad>75</ns3:cad>
            <ns3:power>0</ns3:power>
          </ns3:TrackPointExtension>
        </extensions>
      </trkpt>
      <trkpt lat="46.1547925480" lon="7.1762379206">
        <ele>452.27</ele>
        <time>2026-05-17T07:55:34.000Z</time>
        <extensions>
          <ns3:TrackPointExtension>
            <ns3:atemp>19.9</ns3:atemp>
            <ns3:hr>123</ns3:hr>
            <ns3:cad>75</ns3:cad>
            <ns3:power>0</ns3:power>
          </ns3:TrackPointExtension>
        </extensions>
      </trkpt>
      <trkpt lat="46.1548722662" lon="7.1763500620">
        <ele>451.64</ele>
        <time>2026-05-17T07:55:35.000Z</time>
        <extensions>
          <ns3:TrackPointExtension>
            <ns3:atemp>19.9</ns3:atemp>
            <ns3:hr>123</ns3:hr>
            <ns3:cad>75</ns3:cad>
            <ns3:power>0</ns3:power>
          </ns3:TrackPointExtension>
        </extensions>
      </trkpt>
      <trkpt lat="46.1549539614" lon="7.1764574260">
        <ele>451.01</ele>
        <time>2026-05-17T07:55:36.000Z</time>
        <extensions>
          <ns3:TrackPointExtension>
            <ns3:atemp>19.9</ns3:atemp>
            <ns3:hr>123</ns3:hr>
            <ns3:cad>75</ns3:cad>
            <ns3:power>0</ns3:power>
          </ns3:TrackPointExtension>
        </extensions>
      </trkpt>
      <trkpt lat="46.1550385864" lon="7.1765740777">
        <ele>450.38</ele>
        <time>2026-05-17T07:55:37.000Z</time>
        <extensions>
          <ns3:TrackPointExtension>
            <ns3:atemp>19.9</ns3:atemp>
            <ns3:hr>123</ns3:hr>
            <ns3:cad>74</ns3:cad>
            <ns3:power>0</ns3:power>
          </ns3:TrackPointExtension>
        </extensions>
      </trkpt>
      <trkpt lat="46.1551175734" lon="7.1766831362">
        <ele>449.75</ele>
        <time>2026-05-17T07:55:38.000Z</time>
        <extensions>
          <ns3:TrackPointExtension>
            <ns3:atemp>19.9</ns3:atemp>
            <ns3:hr>123</ns3:hr>
            <ns3:cad>74</ns3:cad>
            <ns3:power>0</ns3:power>
          </ns3:TrackPointExtension>
        </extensions>
      </trkpt>
      <trkpt lat="46.1551968567" lon="7.1767903944">
        <ele>449.12</ele>
        <time>2026-05-17T07:55:39.000Z</time>
        <extensions>
          <ns3:TrackPointExtension>
            <ns3:atemp>19.9</ns3:atemp>
            <ns3:hr>123</ns3:hr>
            <ns3:cad>74</ns3:cad>
            <ns3:power>0</ns3:power>
          </ns3:TrackPointExtension>
        </extensions>
      </trkpt>
      <trkpt lat="46.1552825865" lon="7.1768944230">
        <ele>448.49</ele>
        <time>2026-05-17T07:55:40.000Z</time>
        <extensions>
          <ns3:TrackPointExtension>
            <ns3:atemp>19.9</ns3:atemp>
            <ns3:hr>123</ns3:hr>
            <ns3:cad>74</ns3:cad>
            <ns3:power>0</ns3:power>
          </ns3:TrackPointExtension>
        </extensions>
      </trkpt>
      <trkpt lat="46.1553642378" lon="7.1769969216">
        <ele>447.87</ele>
        <time>2026-05-17T07:55:41.000Z</time>
        <extensions>
          <ns3:TrackPointExtension>
            <ns3:atemp>19.9</ns3:atemp>
            <ns3:hr>123</ns3:hr>
            <ns3:cad>74</ns3:cad>
            <ns3:power>0</ns3:power>
          </ns3:TrackPointExtension>
        </extensions>
      </trkpt>
      <trkpt lat="46.1554427646" lon="7.1771007391">
        <ele>447.24</ele>
        <time>2026-05-17T07:55:42.000Z</time>
        <extensions>
          <ns3:TrackPointExtension>
            <ns3:atemp>19.9</ns3:atemp>
            <ns3:hr>123</ns3:hr>
            <ns3:cad>73</ns3:cad>
            <ns3:power>0</ns3:power>
          </ns3:TrackPointExtension>
        </extensions>
      </trkpt>
      <trkpt lat="46.1555299984" lon="7.1772142112">
        <ele>446.62</ele>
        <time>2026-05-17T07:55:43.000Z</time>
        <extensions>
          <ns3:TrackPointExtension>
            <ns3:atemp>19.9</ns3:atemp>
            <ns3:hr>123</ns3:hr>
            <ns3:cad>73</ns3:cad>
            <ns3:power>0</ns3:power>
          </ns3:TrackPointExtension>
        </extensions>
      </trkpt>
      <trkpt lat="46.1556165407" lon="7.1773213136">
        <ele>445.99</ele>
        <time>2026-05-17T07:55:44.000Z</time>
        <extensions>
          <ns3:TrackPointExtension>
            <ns3:atemp>19.9</ns3:atemp>
            <ns3:hr>123</ns3:hr>
            <ns3:cad>73</ns3:cad>
            <ns3:power>0</ns3:power>
          </ns3:TrackPointExtension>
        </extensions>
      </trkpt>
      <trkpt lat="46.1557039360" lon="7.1774247114">
        <ele>445.37</ele>
        <time>2026-05-17T07:55:45.000Z</time>
        <extensions>
          <ns3:TrackPointExtension>
            <ns3:atemp>19.9</ns3:atemp>
            <ns3:hr>123</ns3:hr>
            <ns3:cad>73</ns3:cad>
            <ns3:power>0</ns3:power>
          </ns3:TrackPointExtension>
        </extensions>
      </trkpt>
      <trkpt lat="46.1557875942" lon="7.1775344736">
        <ele>444.74</ele>
        <time>2026-05-17T07:55:46.000Z</time>
        <extensions>
          <ns3:TrackPointExtension>
            <ns3:atemp>19.9</ns3:atemp>
            <ns3:hr>124</ns3:hr>
            <ns3:cad>73</ns3:cad>
            <ns3:power>0</ns3:power>
          </ns3:TrackPointExtension>
        </extensions>
      </trkpt>
      <trkpt lat="46.1558678473" lon="7.1776453924">
        <ele>444.12</ele>
        <time>2026-05-17T07:55:47.000Z</time>
        <extensions>
          <ns3:TrackPointExtension>
            <ns3:atemp>19.9</ns3:atemp>
            <ns3:hr>124</ns3:hr>
            <ns3:cad>72</ns3:cad>
            <ns3:power>0</ns3:power>
          </ns3:TrackPointExtension>
        </extensions>
      </trkpt>
      <trkpt lat="46.1559466260" lon="7.1777500546">
        <ele>443.50</ele>
        <time>2026-05-17T07:55:48.000Z</time>
        <extensions>
          <ns3:TrackPointExtension>
            <ns3:atemp>19.9</ns3:atemp>
            <ns3:hr>124</ns3:hr>
            <ns3:cad>72</ns3:cad>
            <ns3:power>0</ns3:power>
          </ns3:TrackPointExtension>
        </extensions>
      </trkpt>
      <trkpt lat="46.1560292034" lon="7.1778586869">
        <ele>442.88</ele>
        <time>2026-05-17T07:55:49.000Z</time>
        <extensions>
          <ns3:TrackPointExtension>
            <ns3:atemp>19.9</ns3:atemp>
            <ns3:hr>124</ns3:hr>
            <ns3:cad>72</ns3:cad>
            <ns3:power>0</ns3:power>
          </ns3:TrackPointExtension>
        </extensions>
      </trkpt>
      <trkpt lat="46.1561130545" lon="7.1779700172">
        <ele>442.25</ele>
        <time>2026-05-17T07:55:50.000Z</time>
        <extensions>
          <ns3:TrackPointExtension>
            <ns3:atemp>19.9</ns3:atemp>
            <ns3:hr>124</ns3:hr>
            <ns3:cad>72</ns3:cad>
            <ns3:power>0</ns3:power>
          </ns3:TrackPointExtension>
        </extensions>
      </trkpt>
      <trkpt lat="46.1561924341" lon="7.1780737560">
        <ele>441.63</ele>
        <time>2026-05-17T07:55:51.000Z</time>
        <extensions>
          <ns3:TrackPointExtension>
            <ns3:atemp>19.9</ns3:atemp>
            <ns3:hr>124</ns3:hr>
            <ns3:cad>72</ns3:cad>
            <ns3:power>0</ns3:power>
          </ns3:TrackPointExtension>
        </extensions>
      </trkpt>
      <trkpt lat="46.1562728180" lon="7.1781792948">
        <ele>441.01</ele>
        <time>2026-05-17T07:55:52.000Z</time>
        <extensions>
          <ns3:TrackPointExtension>
            <ns3:atemp>19.9</ns3:atemp>
            <ns3:hr>124</ns3:hr>
            <ns3:cad>71</ns3:cad>
            <ns3:power>0</ns3:power>
          </ns3:TrackPointExtension>
        </extensions>
      </trkpt>
      <trkpt lat="46.1563594896" lon="7.1782920293">
        <ele>440.39</ele>
        <time>2026-05-17T07:55:53.000Z</time>
        <extensions>
          <ns3:TrackPointExtension>
            <ns3:atemp>19.9</ns3:atemp>
            <ns3:hr>124</ns3:hr>
            <ns3:cad>71</ns3:cad>
            <ns3:power>0</ns3:power>
          </ns3:TrackPointExtension>
        </extensions>
      </trkpt>
      <trkpt lat="46.1564402883" lon="7.1783959464">
        <ele>439.77</ele>
        <time>2026-05-17T07:55:54.000Z</time>
        <extensions>
          <ns3:TrackPointExtension>
            <ns3:atemp>19.9</ns3:atemp>
            <ns3:hr>124</ns3:hr>
            <ns3:cad>71</ns3:cad>
            <ns3:power>0</ns3:power>
          </ns3:TrackPointExtension>
        </extensions>
      </trkpt>
      <trkpt lat="46.1565233681" lon="7.1785063339">
        <ele>439.15</ele>
        <time>2026-05-17T07:55:55.000Z</time>
        <extensions>
          <ns3:TrackPointExtension>
            <ns3:atemp>19.9</ns3:atemp>
            <ns3:hr>124</ns3:hr>
            <ns3:cad>71</ns3:cad>
            <ns3:power>0</ns3:power>
          </ns3:TrackPointExtension>
        </extensions>
      </trkpt>
      <trkpt lat="46.1566047023" lon="7.1786101208">
        <ele>438.53</ele>
        <time>2026-05-17T07:55:56.000Z</time>
        <extensions>
          <ns3:TrackPointExtension>
            <ns3:atemp>19.9</ns3:atemp>
            <ns3:hr>124</ns3:hr>
            <ns3:cad>71</ns3:cad>
            <ns3:power>0</ns3:power>
          </ns3:TrackPointExtension>
        </extensions>
      </trkpt>
      <trkpt lat="46.1566855871" lon="7.1787113839">
        <ele>437.91</ele>
        <time>2026-05-17T07:55:57.000Z</time>
        <extensions>
          <ns3:TrackPointExtension>
            <ns3:atemp>19.9</ns3:atemp>
            <ns3:hr>124</ns3:hr>
            <ns3:cad>71</ns3:cad>
            <ns3:power>0</ns3:power>
          </ns3:TrackPointExtension>
        </extensions>
      </trkpt>
      <trkpt lat="46.1567723631" lon="7.1788238621">
        <ele>437.29</ele>
        <time>2026-05-17T07:55:58.000Z</time>
        <extensions>
          <ns3:TrackPointExtension>
            <ns3:atemp>19.9</ns3:atemp>
            <ns3:hr>124</ns3:hr>
            <ns3:cad>70</ns3:cad>
            <ns3:power>0</ns3:power>
          </ns3:TrackPointExtension>
        </extensions>
      </trkpt>
      <trkpt lat="46.1568604696" lon="7.1789269709">
        <ele>436.67</ele>
        <time>2026-05-17T07:55:59.000Z</time>
        <extensions>
          <ns3:TrackPointExtension>
            <ns3:atemp>19.9</ns3:atemp>
            <ns3:hr>125</ns3:hr>
            <ns3:cad>70</ns3:cad>
            <ns3:power>0</ns3:power>
          </ns3:TrackPointExtension>
        </extensions>
      </trkpt>
      <trkpt lat="46.1569406484" lon="7.1790323921">
        <ele>436.06</ele>
        <time>2026-05-17T07:56:00.000Z</time>
        <extensions>
          <ns3:TrackPointExtension>
            <ns3:atemp>19.9</ns3:atemp>
            <ns3:hr>125</ns3:hr>
            <ns3:cad>70</ns3:cad>
            <ns3:power>0</ns3:power>
          </ns3:TrackPointExtension>
        </extensions>
      </trkpt>
      <trkpt lat="46.1570255490" lon="7.1791404370">
        <ele>435.44</ele>
        <time>2026-05-17T07:56:01.000Z</time>
        <extensions>
          <ns3:TrackPointExtension>
            <ns3:atemp>20.0</ns3:atemp>
            <ns3:hr>125</ns3:hr>
            <ns3:cad>70</ns3:cad>
            <ns3:power>0</ns3:power>
          </ns3:TrackPointExtension>
        </extensions>
      </trkpt>
      <trkpt lat="46.1571132539" lon="7.1792545186">
        <ele>434.82</ele>
        <time>2026-05-17T07:56:02.000Z</time>
        <extensions>
          <ns3:TrackPointExtension>
            <ns3:atemp>20.0</ns3:atemp>
            <ns3:hr>125</ns3:hr>
            <ns3:cad>70</ns3:cad>
            <ns3:power>0</ns3:power>
          </ns3:TrackPointExtension>
        </extensions>
      </trkpt>
      <trkpt lat="46.1571972141" lon="7.1793673350">
        <ele>434.20</ele>
        <time>2026-05-17T07:56:03.000Z</time>
        <extensions>
          <ns3:TrackPointExtension>
            <ns3:atemp>20.0</ns3:atemp>
            <ns3:hr>125</ns3:hr>
            <ns3:cad>70</ns3:cad>
            <ns3:power>0</ns3:power>
          </ns3:TrackPointExtension>
        </extensions>
      </trkpt>
      <trkpt lat="46.1572769917" lon="7.1794761426">
        <ele>433.58</ele>
        <time>2026-05-17T07:56:04.000Z</time>
        <extensions>
          <ns3:TrackPointExtension>
            <ns3:atemp>20.0</ns3:atemp>
            <ns3:hr>125</ns3:hr>
            <ns3:cad>70</ns3:cad>
            <ns3:power>0</ns3:power>
          </ns3:TrackPointExtension>
        </extensions>
      </trkpt>
      <trkpt lat="46.1573653738" lon="7.1795872724">
        <ele>432.97</ele>
        <time>2026-05-17T07:56:05.000Z</time>
        <extensions>
          <ns3:TrackPointExtension>
            <ns3:atemp>20.0</ns3:atemp>
            <ns3:hr>125</ns3:hr>
            <ns3:cad>70</ns3:cad>
            <ns3:power>0</ns3:power>
          </ns3:TrackPointExtension>
        </extensions>
      </trkpt>
      <trkpt lat="46.1574496928" lon="7.1796866891">
        <ele>432.35</ele>
        <time>2026-05-17T07:56:06.000Z</time>
        <extensions>
          <ns3:TrackPointExtension>
            <ns3:atemp>20.0</ns3:atemp>
            <ns3:hr>125</ns3:hr>
            <ns3:cad>69</ns3:cad>
            <ns3:power>0</ns3:power>
          </ns3:TrackPointExtension>
        </extensions>
      </trkpt>
      <trkpt lat="46.1575308485" lon="7.1797939525">
        <ele>431.73</ele>
        <time>2026-05-17T07:56:07.000Z</time>
        <extensions>
          <ns3:TrackPointExtension>
            <ns3:atemp>20.0</ns3:atemp>
            <ns3:hr>125</ns3:hr>
            <ns3:cad>69</ns3:cad>
            <ns3:power>0</ns3:power>
          </ns3:TrackPointExtension>
        </extensions>
      </trkpt>
      <trkpt lat="46.1576181388" lon="7.1798931343">
        <ele>431.11</ele>
        <time>2026-05-17T07:56:08.000Z</time>
        <extensions>
          <ns3:TrackPointExtension>
            <ns3:atemp>20.0</ns3:atemp>
            <ns3:hr>125</ns3:hr>
            <ns3:cad>69</ns3:cad>
            <ns3:power>0</ns3:power>
          </ns3:TrackPointExtension>
        </extensions>
      </trkpt>
      <trkpt lat="46.1576986517" lon="7.1799940896">
        <ele>430.50</ele>
        <time>2026-05-17T07:56:09.000Z</time>
        <extensions>
          <ns3:TrackPointExtension>
            <ns3:atemp>20.0</ns3:atemp>
            <ns3:hr>125</ns3:hr>
            <ns3:cad>69</ns3:cad>
            <ns3:power>0</ns3:power>
          </ns3:TrackPointExtension>
        </extensions>
      </trkpt>
      <trkpt lat="46.1577778620" lon="7.1800983033">
        <ele>429.88</ele>
        <time>2026-05-17T07:56:10.000Z</time>
        <extensions>
          <ns3:TrackPointExtension>
            <ns3:atemp>20.0</ns3:atemp>
            <ns3:hr>125</ns3:hr>
            <ns3:cad>69</ns3:cad>
            <ns3:power>0</ns3:power>
          </ns3:TrackPointExtension>
        </extensions>
      </trkpt>
      <trkpt lat="46.1578636151" lon="7.1802008483">
        <ele>429.26</ele>
        <time>2026-05-17T07:56:11.000Z</time>
        <extensions>
          <ns3:TrackPointExtension>
            <ns3:atemp>20.0</ns3:atemp>
            <ns3:hr>125</ns3:hr>
            <ns3:cad>69</ns3:cad>
            <ns3:power>0</ns3:power>
          </ns3:TrackPointExtension>
        </extensions>
      </trkpt>
      <trkpt lat="46.1579492217" lon="7.1803059813">
        <ele>428.64</ele>
        <time>2026-05-17T07:56:12.000Z</time>
        <extensions>
          <ns3:TrackPointExtension>
            <ns3:atemp>20.0</ns3:atemp>
            <ns3:hr>125</ns3:hr>
            <ns3:cad>69</ns3:cad>
            <ns3:power>0</ns3:power>
          </ns3:TrackPointExtension>
        </extensions>
      </trkpt>
      <trkpt lat="46.1580272842" lon="7.1804076079">
        <ele>428.03</ele>
        <time>2026-05-17T07:56:13.000Z</time>
        <extensions>
          <ns3:TrackPointExtension>
            <ns3:atemp>20.0</ns3:atemp>
            <ns3:hr>125</ns3:hr>
            <ns3:cad>69</ns3:cad>
            <ns3:power>0</ns3:power>
          </ns3:TrackPointExtension>
        </extensions>
      </trkpt>
      <trkpt lat="46.1581097781" lon="7.1805111974">
        <ele>427.41</ele>
        <time>2026-05-17T07:56:14.000Z</time>
        <extensions>
          <ns3:TrackPointExtension>
            <ns3:atemp>20.0</ns3:atemp>
            <ns3:hr>125</ns3:hr>
            <ns3:cad>69</ns3:cad>
            <ns3:power>0</ns3:power>
          </ns3:TrackPointExtension>
        </extensions>
      </trkpt>
      <trkpt lat="46.1581939834" lon="7.1806179484">
        <ele>426.79</ele>
        <time>2026-05-17T07:56:15.000Z</time>
        <extensions>
          <ns3:TrackPointExtension>
            <ns3:atemp>20.0</ns3:atemp>
            <ns3:hr>125</ns3:hr>
            <ns3:cad>69</ns3:cad>
            <ns3:power>0</ns3:power>
          </ns3:TrackPointExtension>
        </extensions>
      </trkpt>
      <trkpt lat="46.1582777108" lon="7.1807203020">
        <ele>426.17</ele>
        <time>2026-05-17T07:56:16.000Z</time>
        <extensions>
          <ns3:TrackPointExtension>
            <ns3:atemp>20.0</ns3:atemp>
            <ns3:hr>125</ns3:hr>
            <ns3:cad>68</ns3:cad>
            <ns3:power>0</ns3:power>
          </ns3:TrackPointExtension>
        </extensions>
      </trkpt>
      <trkpt lat="46.1583560625" lon="7.1808301459">
        <ele>425.55</ele>
        <time>2026-05-17T07:56:17.000Z</time>
        <extensions>
          <ns3:TrackPointExtension>
            <ns3:atemp>20.0</ns3:atemp>
            <ns3:hr>125</ns3:hr>
            <ns3:cad>68</ns3:cad>
            <ns3:power>0</ns3:power>
          </ns3:TrackPointExtension>
        </extensions>
      </trkpt>
      <trkpt lat="46.1584412697" lon="7.1809298008">
        <ele>424.93</ele>
        <time>2026-05-17T07:56:18.000Z</time>
        <extensions>
          <ns3:TrackPointExtension>
            <ns3:atemp>20.0</ns3:atemp>
            <ns3:hr>126</ns3:hr>
            <ns3:cad>68</ns3:cad>
            <ns3:power>0</ns3:power>
          </ns3:TrackPointExtension>
        </extensions>
      </trkpt>
      <trkpt lat="46.1585286011" lon="7.1810313593">
        <ele>424.32</ele>
        <time>2026-05-17T07:56:19.000Z</time>
        <extensions>
          <ns3:TrackPointExtension>
            <ns3:atemp>20.0</ns3:atemp>
            <ns3:hr>126</ns3:hr>
            <ns3:cad>68</ns3:cad>
            <ns3:power>0</ns3:power>
          </ns3:TrackPointExtension>
        </extensions>
      </trkpt>
      <trkpt lat="46.1586139417" lon="7.1811414844">
        <ele>423.70</ele>
        <time>2026-05-17T07:56:20.000Z</time>
        <extensions>
          <ns3:TrackPointExtension>
            <ns3:atemp>20.0</ns3:atemp>
            <ns3:hr>126</ns3:hr>
            <ns3:cad>68</ns3:cad>
            <ns3:power>0</ns3:power>
          </ns3:TrackPointExtension>
        </extensions>
      </trkpt>
      <trkpt lat="46.1587002317" lon="7.1812534311">
        <ele>423.08</ele>
        <time>2026-05-17T07:56:21.000Z</time>
        <extensions>
          <ns3:TrackPointExtension>
            <ns3:atemp>20.0</ns3:atemp>
            <ns3:hr>126</ns3:hr>
            <ns3:cad>68</ns3:cad>
            <ns3:power>0</ns3:power>
          </ns3:TrackPointExtension>
        </extensions>
      </trkpt>
      <trkpt lat="46.1587834152" lon="7.1813580879">
        <ele>422.46</ele>
        <time>2026-05-17T07:56:22.000Z</time>
        <extensions>
          <ns3:TrackPointExtension>
            <ns3:atemp>20.0</ns3:atemp>
            <ns3:hr>126</ns3:hr>
            <ns3:cad>68</ns3:cad>
            <ns3:power>0</ns3:power>
          </ns3:TrackPointExtension>
        </extensions>
      </trkpt>
      <trkpt lat="46.1588700277" lon="7.1814614208">
        <ele>421.84</ele>
        <time>2026-05-17T07:56:23.000Z</time>
        <extensions>
          <ns3:TrackPointExtension>
            <ns3:atemp>20.0</ns3:atemp>
            <ns3:hr>126</ns3:hr>
            <ns3:cad>68</ns3:cad>
            <ns3:power>0</ns3:power>
          </ns3:TrackPointExtension>
        </extensions>
      </trkpt>
      <trkpt lat="46.1589529222" lon="7.1815653042">
        <ele>421.22</ele>
        <time>2026-05-17T07:56:24.000Z</time>
        <extensions>
          <ns3:TrackPointExtension>
            <ns3:atemp>20.0</ns3:atemp>
            <ns3:hr>126</ns3:hr>
            <ns3:cad>68</ns3:cad>
            <ns3:power>0</ns3:power>
          </ns3:TrackPointExtension>
        </extensions>
      </trkpt>
      <trkpt lat="46.1590346202" lon="7.1816778065">
        <ele>420.60</ele>
        <time>2026-05-17T07:56:25.000Z</time>
        <extensions>
          <ns3:TrackPointExtension>
            <ns3:atemp>20.0</ns3:atemp>
            <ns3:hr>126</ns3:hr>
            <ns3:cad>68</ns3:cad>
            <ns3:power>0</ns3:power>
          </ns3:TrackPointExtension>
        </extensions>
      </trkpt>
      <trkpt lat="46.1591192501" lon="7.1817887729">
        <ele>419.98</ele>
        <time>2026-05-17T07:56:26.000Z</time>
        <extensions>
          <ns3:TrackPointExtension>
            <ns3:atemp>20.0</ns3:atemp>
            <ns3:hr>126</ns3:hr>
            <ns3:cad>68</ns3:cad>
            <ns3:power>0</ns3:power>
          </ns3:TrackPointExtension>
        </extensions>
      </trkpt>
      <trkpt lat="46.1592018154" lon="7.1818963702">
        <ele>419.36</ele>
        <time>2026-05-17T07:56:27.000Z</time>
        <extensions>
          <ns3:TrackPointExtension>
            <ns3:atemp>20.0</ns3:atemp>
            <ns3:hr>126</ns3:hr>
            <ns3:cad>68</ns3:cad>
            <ns3:power>0</ns3:power>
          </ns3:TrackPointExtension>
        </extensions>
      </trkpt>
      <trkpt lat="46.1592797852" lon="7.1820069897">
        <ele>418.74</ele>
        <time>2026-05-17T07:56:28.000Z</time>
        <extensions>
          <ns3:TrackPointExtension>
            <ns3:atemp>20.0</ns3:atemp>
            <ns3:hr>126</ns3:hr>
            <ns3:cad>68</ns3:cad>
            <ns3:power>0</ns3:power>
          </ns3:TrackPointExtension>
        </extensions>
      </trkpt>
      <trkpt lat="46.1593582718" lon="7.1821190415">
        <ele>418.11</ele>
        <time>2026-05-17T07:56:29.000Z</time>
        <extensions>
          <ns3:TrackPointExtension>
            <ns3:atemp>20.0</ns3:atemp>
            <ns3:hr>126</ns3:hr>
            <ns3:cad>68</ns3:cad>
            <ns3:power>0</ns3:power>
          </ns3:TrackPointExtension>
        </extensions>
      </trkpt>
      <trkpt lat="46.1594460953" lon="7.1822242089">
        <ele>417.49</ele>
        <time>2026-05-17T07:56:30.000Z</time>
        <extensions>
          <ns3:TrackPointExtension>
            <ns3:atemp>20.0</ns3:atemp>
            <ns3:hr>126</ns3:hr>
            <ns3:cad>68</ns3:cad>
            <ns3:power>0</ns3:power>
          </ns3:TrackPointExtension>
        </extensions>
      </trkpt>
      <trkpt lat="46.1595309107" lon="7.1823392760">
        <ele>416.87</ele>
        <time>2026-05-17T07:56:31.000Z</time>
        <extensions>
          <ns3:TrackPointExtension>
            <ns3:atemp>20.0</ns3:atemp>
            <ns3:hr>126</ns3:hr>
            <ns3:cad>68</ns3:cad>
            <ns3:power>0</ns3:power>
          </ns3:TrackPointExtension>
        </extensions>
      </trkpt>
      <trkpt lat="46.1596143491" lon="7.1824549020">
        <ele>416.24</ele>
        <time>2026-05-17T07:56:32.000Z</time>
        <extensions>
          <ns3:TrackPointExtension>
            <ns3:atemp>20.0</ns3:atemp>
            <ns3:hr>126</ns3:hr>
            <ns3:cad>68</ns3:cad>
            <ns3:power>0</ns3:power>
          </ns3:TrackPointExtension>
        </extensions>
      </trkpt>
      <trkpt lat="46.1596996215" lon="7.1825707209">
        <ele>415.62</ele>
        <time>2026-05-17T07:56:33.000Z</time>
        <extensions>
          <ns3:TrackPointExtension>
            <ns3:atemp>20.0</ns3:atemp>
            <ns3:hr>126</ns3:hr>
            <ns3:cad>68</ns3:cad>
            <ns3:power>0</ns3:power>
          </ns3:TrackPointExtension>
        </extensions>
      </trkpt>
      <trkpt lat="46.1597802808" lon="7.1826801120">
        <ele>415.00</ele>
        <time>2026-05-17T07:56:34.000Z</time>
        <extensions>
          <ns3:TrackPointExtension>
            <ns3:atemp>20.0</ns3:atemp>
            <ns3:hr>126</ns3:hr>
            <ns3:cad>68</ns3:cad>
            <ns3:power>0</ns3:power>
          </ns3:TrackPointExtension>
        </extensions>
      </trkpt>
      <trkpt lat="46.1598607171" lon="7.1827962539">
        <ele>414.37</ele>
        <time>2026-05-17T07:56:35.000Z</time>
        <extensions>
          <ns3:TrackPointExtension>
            <ns3:atemp>20.0</ns3:atemp>
            <ns3:hr>126</ns3:hr>
            <ns3:cad>68</ns3:cad>
            <ns3:power>0</ns3:power>
          </ns3:TrackPointExtension>
        </extensions>
      </trkpt>
      <trkpt lat="46.1599404865" lon="7.1829092664">
        <ele>413.74</ele>
        <time>2026-05-17T07:56:36.000Z</time>
        <extensions>
          <ns3:TrackPointExtension>
            <ns3:atemp>20.0</ns3:atemp>
            <ns3:hr>126</ns3:hr>
            <ns3:cad>68</ns3:cad>
            <ns3:power>0</ns3:power>
          </ns3:TrackPointExtension>
        </extensions>
      </trkpt>
      <trkpt lat="46.1600228769" lon="7.1830184259">
        <ele>413.12</ele>
        <time>2026-05-17T07:56:37.000Z</time>
        <extensions>
          <ns3:TrackPointExtension>
            <ns3:atemp>20.0</ns3:atemp>
            <ns3:hr>126</ns3:hr>
            <ns3:cad>68</ns3:cad>
            <ns3:power>0</ns3:power>
          </ns3:TrackPointExtension>
        </extensions>
      </trkpt>
      <trkpt lat="46.1601079392" lon="7.1831257234">
        <ele>412.49</ele>
        <time>2026-05-17T07:56:38.000Z</time>
        <extensions>
          <ns3:TrackPointExtension>
            <ns3:atemp>20.0</ns3:atemp>
            <ns3:hr>126</ns3:hr>
            <ns3:cad>68</ns3:cad>
            <ns3:power>0</ns3:power>
          </ns3:TrackPointExtension>
        </extensions>
      </trkpt>
      <trkpt lat="46.1601865758" lon="7.1832339163">
        <ele>411.86</ele>
        <time>2026-05-17T07:56:39.000Z</time>
        <extensions>
          <ns3:TrackPointExtension>
            <ns3:atemp>20.0</ns3:atemp>
            <ns3:hr>126</ns3:hr>
            <ns3:cad>68</ns3:cad>
            <ns3:power>0</ns3:power>
          </ns3:TrackPointExtension>
        </extensions>
      </trkpt>
      <trkpt lat="46.1602690339" lon="7.1833508593">
        <ele>411.24</ele>
        <time>2026-05-17T07:56:40.000Z</time>
        <extensions>
          <ns3:TrackPointExtension>
            <ns3:atemp>20.0</ns3:atemp>
            <ns3:hr>126</ns3:hr>
            <ns3:cad>68</ns3:cad>
            <ns3:power>0</ns3:power>
          </ns3:TrackPointExtension>
        </extensions>
      </trkpt>
      <trkpt lat="46.1603547425" lon="7.1834575365">
        <ele>410.61</ele>
        <time>2026-05-17T07:56:41.000Z</time>
        <extensions>
          <ns3:TrackPointExtension>
            <ns3:atemp>20.0</ns3:atemp>
            <ns3:hr>126</ns3:hr>
            <ns3:cad>68</ns3:cad>
            <ns3:power>0</ns3:power>
          </ns3:TrackPointExtension>
        </extensions>
      </trkpt>
      <trkpt lat="46.1604385488" lon="7.1835787078">
        <ele>409.98</ele>
        <time>2026-05-17T07:56:42.000Z</time>
        <extensions>
          <ns3:TrackPointExtension>
            <ns3:atemp>20.0</ns3:atemp>
            <ns3:hr>126</ns3:hr>
            <ns3:cad>68</ns3:cad>
            <ns3:power>0</ns3:power>
          </ns3:TrackPointExtension>
        </extensions>
      </trkpt>
      <trkpt lat="46.1605166336" lon="7.1836875927">
        <ele>409.35</ele>
        <time>2026-05-17T07:56:43.000Z</time>
        <extensions>
          <ns3:TrackPointExtension>
            <ns3:atemp>20.0</ns3:atemp>
            <ns3:hr>126</ns3:hr>
            <ns3:cad>68</ns3:cad>
            <ns3:power>0</ns3:power>
          </ns3:TrackPointExtension>
        </extensions>
      </trkpt>
      <trkpt lat="46.1605932958" lon="7.1837957133">
        <ele>408.72</ele>
        <time>2026-05-17T07:56:44.000Z</time>
        <extensions>
          <ns3:TrackPointExtension>
            <ns3:atemp>20.0</ns3:atemp>
            <ns3:hr>126</ns3:hr>
            <ns3:cad>69</ns3:cad>
            <ns3:power>0</ns3:power>
          </ns3:TrackPointExtension>
        </extensions>
      </trkpt>
      <trkpt lat="46.1606740469" lon="7.1839141079">
        <ele>408.09</ele>
        <time>2026-05-17T07:56:45.000Z</time>
        <extensions>
          <ns3:TrackPointExtension>
            <ns3:atemp>20.0</ns3:atemp>
            <ns3:hr>126</ns3:hr>
            <ns3:cad>69</ns3:cad>
            <ns3:power>0</ns3:power>
          </ns3:TrackPointExtension>
        </extensions>
      </trkpt>
      <trkpt lat="46.1607589592" lon="7.1840342512">
        <ele>407.45</ele>
        <time>2026-05-17T07:56:46.000Z</time>
        <extensions>
          <ns3:TrackPointExtension>
            <ns3:atemp>20.0</ns3:atemp>
            <ns3:hr>126</ns3:hr>
            <ns3:cad>69</ns3:cad>
            <ns3:power>0</ns3:power>
          </ns3:TrackPointExtension>
        </extensions>
      </trkpt>
      <trkpt lat="46.1608365786" lon="7.1841506619">
        <ele>406.82</ele>
        <time>2026-05-17T07:56:47.000Z</time>
        <extensions>
          <ns3:TrackPointExtension>
            <ns3:atemp>20.0</ns3:atemp>
            <ns3:hr>126</ns3:hr>
            <ns3:cad>69</ns3:cad>
            <ns3:power>0</ns3:power>
          </ns3:TrackPointExtension>
        </extensions>
      </trkpt>
      <trkpt lat="46.1609141793" lon="7.1842698814">
        <ele>406.19</ele>
        <time>2026-05-17T07:56:48.000Z</time>
        <extensions>
          <ns3:TrackPointExtension>
            <ns3:atemp>20.0</ns3:atemp>
            <ns3:hr>126</ns3:hr>
            <ns3:cad>69</ns3:cad>
            <ns3:power>0</ns3:power>
          </ns3:TrackPointExtension>
        </extensions>
      </trkpt>
      <trkpt lat="46.1609937100" lon="7.1843840700">
        <ele>405.55</ele>
        <time>2026-05-17T07:56:49.000Z</time>
        <extensions>
          <ns3:TrackPointExtension>
            <ns3:atemp>20.0</ns3:atemp>
            <ns3:hr>126</ns3:hr>
            <ns3:cad>69</ns3:cad>
            <ns3:power>0</ns3:power>
          </ns3:TrackPointExtension>
        </extensions>
      </trkpt>
      <trkpt lat="46.1610682708" lon="7.1844981148">
        <ele>404.92</ele>
        <time>2026-05-17T07:56:50.000Z</time>
        <extensions>
          <ns3:TrackPointExtension>
            <ns3:atemp>20.0</ns3:atemp>
            <ns3:hr>126</ns3:hr>
            <ns3:cad>69</ns3:cad>
            <ns3:power>0</ns3:power>
          </ns3:TrackPointExtension>
        </extensions>
      </trkpt>
      <trkpt lat="46.1611452845" lon="7.1846239983">
        <ele>404.28</ele>
        <time>2026-05-17T07:56:51.000Z</time>
        <extensions>
          <ns3:TrackPointExtension>
            <ns3:atemp>20.0</ns3:atemp>
            <ns3:hr>126</ns3:hr>
            <ns3:cad>69</ns3:cad>
            <ns3:power>0</ns3:power>
          </ns3:TrackPointExtension>
        </extensions>
      </trkpt>
      <trkpt lat="46.1612186421" lon="7.1847432697">
        <ele>403.64</ele>
        <time>2026-05-17T07:56:52.000Z</time>
        <extensions>
          <ns3:TrackPointExtension>
            <ns3:atemp>20.0</ns3:atemp>
            <ns3:hr>126</ns3:hr>
            <ns3:cad>69</ns3:cad>
            <ns3:power>0</ns3:power>
          </ns3:TrackPointExtension>
        </extensions>
      </trkpt>
      <trkpt lat="46.1612986131" lon="7.1848653997">
        <ele>403.01</ele>
        <time>2026-05-17T07:56:53.000Z</time>
        <extensions>
          <ns3:TrackPointExtension>
            <ns3:atemp>20.0</ns3:atemp>
            <ns3:hr>126</ns3:hr>
            <ns3:cad>69</ns3:cad>
            <ns3:power>0</ns3:power>
          </ns3:TrackPointExtension>
        </extensions>
      </trkpt>
      <trkpt lat="46.1613746419" lon="7.1849948251">
        <ele>402.37</ele>
        <time>2026-05-17T07:56:54.000Z</time>
        <extensions>
          <ns3:TrackPointExtension>
            <ns3:atemp>20.0</ns3:atemp>
            <ns3:hr>126</ns3:hr>
            <ns3:cad>69</ns3:cad>
            <ns3:power>0</ns3:power>
          </ns3:TrackPointExtension>
        </extensions>
      </trkpt>
      <trkpt lat="46.1614558658" lon="7.1851115716">
        <ele>401.73</ele>
        <time>2026-05-17T07:56:55.000Z</time>
        <extensions>
          <ns3:TrackPointExtension>
            <ns3:atemp>20.0</ns3:atemp>
            <ns3:hr>126</ns3:hr>
            <ns3:cad>70</ns3:cad>
            <ns3:power>0</ns3:power>
          </ns3:TrackPointExtension>
        </extensions>
      </trkpt>
      <trkpt lat="46.1615291407" lon="7.1852312893">
        <ele>401.09</ele>
        <time>2026-05-17T07:56:56.000Z</time>
        <extensions>
          <ns3:TrackPointExtension>
            <ns3:atemp>20.0</ns3:atemp>
            <ns3:hr>126</ns3:hr>
            <ns3:cad>70</ns3:cad>
            <ns3:power>0</ns3:power>
          </ns3:TrackPointExtension>
        </extensions>
      </trkpt>
      <trkpt lat="46.1616108907" lon="7.1853606443">
        <ele>400.45</ele>
        <time>2026-05-17T07:56:57.000Z</time>
        <extensions>
          <ns3:TrackPointExtension>
            <ns3:atemp>20.0</ns3:atemp>
            <ns3:hr>126</ns3:hr>
            <ns3:cad>70</ns3:cad>
            <ns3:power>0</ns3:power>
          </ns3:TrackPointExtension>
        </extensions>
      </trkpt>
      <trkpt lat="46.1616897021" lon="7.1854843142">
        <ele>399.80</ele>
        <time>2026-05-17T07:56:58.000Z</time>
        <extensions>
          <ns3:TrackPointExtension>
            <ns3:atemp>20.0</ns3:atemp>
            <ns3:hr>126</ns3:hr>
            <ns3:cad>70</ns3:cad>
            <ns3:power>0</ns3:power>
          </ns3:TrackPointExtension>
        </extensions>
      </trkpt>
      <trkpt lat="46.1617666750" lon="7.1856127722">
        <ele>399.16</ele>
        <time>2026-05-17T07:56:59.000Z</time>
        <extensions>
          <ns3:TrackPointExtension>
            <ns3:atemp>20.0</ns3:atemp>
            <ns3:hr>126</ns3:hr>
            <ns3:cad>70</ns3:cad>
            <ns3:power>0</ns3:power>
          </ns3:TrackPointExtension>
        </extensions>
      </trkpt>
      <trkpt lat="46.1618473524" lon="7.1857344599">
        <ele>398.52</ele>
        <time>2026-05-17T07:57:00.000Z</time>
        <extensions>
          <ns3:TrackPointExtension>
            <ns3:atemp>20.0</ns3:atemp>
            <ns3:hr>126</ns3:hr>
            <ns3:cad>70</ns3:cad>
            <ns3:power>0</ns3:power>
          </ns3:TrackPointExtension>
        </extensions>
      </trkpt>
      <trkpt lat="46.1619180331" lon="7.1858690072">
        <ele>397.87</ele>
        <time>2026-05-17T07:57:01.000Z</time>
        <extensions>
          <ns3:TrackPointExtension>
            <ns3:atemp>20.0</ns3:atemp>
            <ns3:hr>126</ns3:hr>
            <ns3:cad>70</ns3:cad>
            <ns3:power>0</ns3:power>
          </ns3:TrackPointExtension>
        </extensions>
      </trkpt>
      <trkpt lat="46.1619918613" lon="7.1859966234">
        <ele>397.23</ele>
        <time>2026-05-17T07:57:02.000Z</time>
        <extensions>
          <ns3:TrackPointExtension>
            <ns3:atemp>20.0</ns3:atemp>
            <ns3:hr>126</ns3:hr>
            <ns3:cad>71</ns3:cad>
            <ns3:power>0</ns3:power>
          </ns3:TrackPointExtension>
        </extensions>
      </trkpt>
      <trkpt lat="46.1620668691" lon="7.1861210225">
        <ele>396.58</ele>
        <time>2026-05-17T07:57:03.000Z</time>
        <extensions>
          <ns3:TrackPointExtension>
            <ns3:atemp>20.0</ns3:atemp>
            <ns3:hr>126</ns3:hr>
            <ns3:cad>71</ns3:cad>
            <ns3:power>0</ns3:power>
          </ns3:TrackPointExtension>
        </extensions>
      </trkpt>
      <trkpt lat="46.1621414761" lon="7.1862438904">
        <ele>395.94</ele>
        <time>2026-05-17T07:57:04.000Z</time>
        <extensions>
          <ns3:TrackPointExtension>
            <ns3:atemp>20.0</ns3:atemp>
            <ns3:hr>126</ns3:hr>
            <ns3:cad>71</ns3:cad>
            <ns3:power>0</ns3:power>
          </ns3:TrackPointExtension>
        </extensions>
      </trkpt>
      <trkpt lat="46.1622121988" lon="7.1863809129">
        <ele>395.29</ele>
        <time>2026-05-17T07:57:05.000Z</time>
        <extensions>
          <ns3:TrackPointExtension>
            <ns3:atemp>20.0</ns3:atemp>
            <ns3:hr>126</ns3:hr>
            <ns3:cad>71</ns3:cad>
            <ns3:power>0</ns3:power>
          </ns3:TrackPointExtension>
        </extensions>
      </trkpt>
      <trkpt lat="46.1622853733" lon="7.1865127141">
        <ele>394.64</ele>
        <time>2026-05-17T07:57:06.000Z</time>
        <extensions>
          <ns3:TrackPointExtension>
            <ns3:atemp>20.0</ns3:atemp>
            <ns3:hr>126</ns3:hr>
            <ns3:cad>71</ns3:cad>
            <ns3:power>0</ns3:power>
          </ns3:TrackPointExtension>
        </extensions>
      </trkpt>
      <trkpt lat="46.1623637547" lon="7.1866412739">
        <ele>393.99</ele>
        <time>2026-05-17T07:57:07.000Z</time>
        <extensions>
          <ns3:TrackPointExtension>
            <ns3:atemp>20.0</ns3:atemp>
            <ns3:hr>125</ns3:hr>
            <ns3:cad>71</ns3:cad>
            <ns3:power>0</ns3:power>
          </ns3:TrackPointExtension>
        </extensions>
      </trkpt>
      <trkpt lat="46.1624338728" lon="7.1867734234">
        <ele>393.34</ele>
        <time>2026-05-17T07:57:08.000Z</time>
        <extensions>
          <ns3:TrackPointExtension>
            <ns3:atemp>20.0</ns3:atemp>
            <ns3:hr>125</ns3:hr>
            <ns3:cad>72</ns3:cad>
            <ns3:power>0</ns3:power>
          </ns3:TrackPointExtension>
        </extensions>
      </trkpt>
      <trkpt lat="46.1625069833" lon="7.1869067656">
        <ele>392.69</ele>
        <time>2026-05-17T07:57:09.000Z</time>
        <extensions>
          <ns3:TrackPointExtension>
            <ns3:atemp>20.0</ns3:atemp>
            <ns3:hr>125</ns3:hr>
            <ns3:cad>72</ns3:cad>
            <ns3:power>0</ns3:power>
          </ns3:TrackPointExtension>
        </extensions>
      </trkpt>
      <trkpt lat="46.1625783938" lon="7.1870342002">
        <ele>392.03</ele>
        <time>2026-05-17T07:57:10.000Z</time>
        <extensions>
          <ns3:TrackPointExtension>
            <ns3:atemp>20.0</ns3:atemp>
            <ns3:hr>125</ns3:hr>
            <ns3:cad>72</ns3:cad>
            <ns3:power>0</ns3:power>
          </ns3:TrackPointExtension>
        </extensions>
      </trkpt>
      <trkpt lat="46.1626468723" lon="7.1871676287">
        <ele>391.38</ele>
        <time>2026-05-17T07:57:11.000Z</time>
        <extensions>
          <ns3:TrackPointExtension>
            <ns3:atemp>20.0</ns3:atemp>
            <ns3:hr>125</ns3:hr>
            <ns3:cad>72</ns3:cad>
            <ns3:power>0</ns3:power>
          </ns3:TrackPointExtension>
        </extensions>
      </trkpt>
      <trkpt lat="46.1627214134" lon="7.1873019837">
        <ele>390.73</ele>
        <time>2026-05-17T07:57:12.000Z</time>
        <extensions>
          <ns3:TrackPointExtension>
            <ns3:atemp>20.0</ns3:atemp>
            <ns3:hr>125</ns3:hr>
            <ns3:cad>72</ns3:cad>
            <ns3:power>0</ns3:power>
          </ns3:TrackPointExtension>
        </extensions>
      </trkpt>
      <trkpt lat="46.1627940117" lon="7.1874301961">
        <ele>390.07</ele>
        <time>2026-05-17T07:57:13.000Z</time>
        <extensions>
          <ns3:TrackPointExtension>
            <ns3:atemp>20.0</ns3:atemp>
            <ns3:hr>125</ns3:hr>
            <ns3:cad>72</ns3:cad>
            <ns3:power>0</ns3:power>
          </ns3:TrackPointExtension>
        </extensions>
      </trkpt>
      <trkpt lat="46.1628694157" lon="7.1875681175">
        <ele>389.42</ele>
        <time>2026-05-17T07:57:14.000Z</time>
        <extensions>
          <ns3:TrackPointExtension>
            <ns3:atemp>20.0</ns3:atemp>
            <ns3:hr>125</ns3:hr>
            <ns3:cad>73</ns3:cad>
            <ns3:power>0</ns3:power>
          </ns3:TrackPointExtension>
        </extensions>
      </trkpt>
      <trkpt lat="46.1629444054" lon="7.1877106586">
        <ele>388.76</ele>
        <time>2026-05-17T07:57:15.000Z</time>
        <extensions>
          <ns3:TrackPointExtension>
            <ns3:atemp>20.0</ns3:atemp>
            <ns3:hr>125</ns3:hr>
            <ns3:cad>73</ns3:cad>
            <ns3:power>0</ns3:power>
          </ns3:TrackPointExtension>
        </extensions>
      </trkpt>
      <trkpt lat="46.1630098656" lon="7.1878416542">
        <ele>388.10</ele>
        <time>2026-05-17T07:57:16.000Z</time>
        <extensions>
          <ns3:TrackPointExtension>
            <ns3:atemp>20.0</ns3:atemp>
            <ns3:hr>125</ns3:hr>
            <ns3:cad>73</ns3:cad>
            <ns3:power>0</ns3:power>
          </ns3:TrackPointExtension>
        </extensions>
      </trkpt>
      <trkpt lat="46.1630761934" lon="7.1879839487">
        <ele>387.44</ele>
        <time>2026-05-17T07:57:17.000Z</time>
        <extensions>
          <ns3:TrackPointExtension>
            <ns3:atemp>20.0</ns3:atemp>
            <ns3:hr>125</ns3:hr>
            <ns3:cad>73</ns3:cad>
            <ns3:power>0</ns3:power>
          </ns3:TrackPointExtension>
        </extensions>
      </trkpt>
      <trkpt lat="46.1631502090" lon="7.1881217954">
        <ele>386.78</ele>
        <time>2026-05-17T07:57:18.000Z</time>
        <extensions>
          <ns3:TrackPointExtension>
            <ns3:atemp>20.0</ns3:atemp>
            <ns3:hr>125</ns3:hr>
            <ns3:cad>73</ns3:cad>
            <ns3:power>0</ns3:power>
          </ns3:TrackPointExtension>
        </extensions>
      </trkpt>
      <trkpt lat="46.1632224247" lon="7.1882661347">
        <ele>386.12</ele>
        <time>2026-05-17T07:57:19.000Z</time>
        <extensions>
          <ns3:TrackPointExtension>
            <ns3:atemp>20.0</ns3:atemp>
            <ns3:hr>125</ns3:hr>
            <ns3:cad>74</ns3:cad>
            <ns3:power>0</ns3:power>
          </ns3:TrackPointExtension>
        </extensions>
      </trkpt>
      <trkpt lat="46.1632959894" lon="7.1884039987">
        <ele>385.46</ele>
        <time>2026-05-17T07:57:20.000Z</time>
        <extensions>
          <ns3:TrackPointExtension>
            <ns3:atemp>20.1</ns3:atemp>
            <ns3:hr>125</ns3:hr>
            <ns3:cad>74</ns3:cad>
            <ns3:power>0</ns3:power>
          </ns3:TrackPointExtension>
        </extensions>
      </trkpt>
      <trkpt lat="46.1633630159" lon="7.1885360342">
        <ele>384.80</ele>
        <time>2026-05-17T07:57:21.000Z</time>
        <extensions>
          <ns3:TrackPointExtension>
            <ns3:atemp>20.1</ns3:atemp>
            <ns3:hr>125</ns3:hr>
            <ns3:cad>74</ns3:cad>
            <ns3:power>0</ns3:power>
          </ns3:TrackPointExtension>
        </extensions>
      </trkpt>
      <trkpt lat="46.1634375174" lon="7.1886721182">
        <ele>384.14</ele>
        <time>2026-05-17T07:57:22.000Z</time>
        <extensions>
          <ns3:TrackPointExtension>
            <ns3:atemp>20.1</ns3:atemp>
            <ns3:hr>125</ns3:hr>
            <ns3:cad>74</ns3:cad>
            <ns3:power>0</ns3:power>
          </ns3:TrackPointExtension>
        </extensions>
      </trkpt>
      <trkpt lat="46.1635021315" lon="7.1888065940">
        <ele>383.48</ele>
        <time>2026-05-17T07:57:23.000Z</time>
        <extensions>
          <ns3:TrackPointExtension>
            <ns3:atemp>20.1</ns3:atemp>
            <ns3:hr>125</ns3:hr>
            <ns3:cad>74</ns3:cad>
            <ns3:power>0</ns3:power>
          </ns3:TrackPointExtension>
        </extensions>
      </trkpt>
      <trkpt lat="46.1635682450" lon="7.1889455062">
        <ele>382.81</ele>
        <time>2026-05-17T07:57:24.000Z</time>
        <extensions>
          <ns3:TrackPointExtension>
            <ns3:atemp>20.1</ns3:atemp>
            <ns3:hr>125</ns3:hr>
            <ns3:cad>75</ns3:cad>
            <ns3:power>0</ns3:power>
          </ns3:TrackPointExtension>
        </extensions>
      </trkpt>
      <trkpt lat="46.1636365120" lon="7.1890890732">
        <ele>382.15</ele>
        <time>2026-05-17T07:57:25.000Z</time>
        <extensions>
          <ns3:TrackPointExtension>
            <ns3:atemp>20.1</ns3:atemp>
            <ns3:hr>125</ns3:hr>
            <ns3:cad>75</ns3:cad>
            <ns3:power>0</ns3:power>
          </ns3:TrackPointExtension>
        </extensions>
      </trkpt>
      <trkpt lat="46.1637035618" lon="7.1892348793">
        <ele>381.48</ele>
        <time>2026-05-17T07:57:26.000Z</time>
        <extensions>
          <ns3:TrackPointExtension>
            <ns3:atemp>20.1</ns3:atemp>
            <ns3:hr>124</ns3:hr>
            <ns3:cad>75</ns3:cad>
            <ns3:power>0</ns3:power>
          </ns3:TrackPointExtension>
        </extensions>
      </trkpt>
      <trkpt lat="46.1637732331" lon="7.1893837792">
        <ele>380.82</ele>
        <time>2026-05-17T07:57:27.000Z</time>
        <extensions>
          <ns3:TrackPointExtension>
            <ns3:atemp>20.1</ns3:atemp>
            <ns3:hr>124</ns3:hr>
            <ns3:cad>75</ns3:cad>
            <ns3:power>0</ns3:power>
          </ns3:TrackPointExtension>
        </extensions>
      </trkpt>
      <trkpt lat="46.1638438825" lon="7.1895261717">
        <ele>380.15</ele>
        <time>2026-05-17T07:57:28.000Z</time>
        <extensions>
          <ns3:TrackPointExtension>
            <ns3:atemp>20.1</ns3:atemp>
            <ns3:hr>124</ns3:hr>
            <ns3:cad>76</ns3:cad>
            <ns3:power>0</ns3:power>
          </ns3:TrackPointExtension>
        </extensions>
      </trkpt>
      <trkpt lat="46.1639120420" lon="7.1896641779">
        <ele>379.48</ele>
        <time>2026-05-17T07:57:29.000Z</time>
        <extensions>
          <ns3:TrackPointExtension>
            <ns3:atemp>20.1</ns3:atemp>
            <ns3:hr>124</ns3:hr>
            <ns3:cad>76</ns3:cad>
            <ns3:power>0</ns3:power>
          </ns3:TrackPointExtension>
        </extensions>
      </trkpt>
      <trkpt lat="46.1639835792" lon="7.1898089308">
        <ele>378.81</ele>
        <time>2026-05-17T07:57:30.000Z</time>
        <extensions>
          <ns3:TrackPointExtension>
            <ns3:atemp>20.1</ns3:atemp>
            <ns3:hr>124</ns3:hr>
            <ns3:cad>76</ns3:cad>
            <ns3:power>0</ns3:power>
          </ns3:TrackPointExtension>
        </extensions>
      </trkpt>
      <trkpt lat="46.1640497653" lon="7.1899596035">
        <ele>378.14</ele>
        <time>2026-05-17T07:57:31.000Z</time>
        <extensions>
          <ns3:TrackPointExtension>
            <ns3:atemp>20.1</ns3:atemp>
            <ns3:hr>124</ns3:hr>
            <ns3:cad>76</ns3:cad>
            <ns3:power>0</ns3:power>
          </ns3:TrackPointExtension>
        </extensions>
      </trkpt>
      <trkpt lat="46.1641196715" lon="7.1901025497">
        <ele>377.47</ele>
        <time>2026-05-17T07:57:32.000Z</time>
        <extensions>
          <ns3:TrackPointExtension>
            <ns3:atemp>20.1</ns3:atemp>
            <ns3:hr>124</ns3:hr>
            <ns3:cad>76</ns3:cad>
            <ns3:power>0</ns3:power>
          </ns3:TrackPointExtension>
        </extensions>
      </trkpt>
      <trkpt lat="46.1641873406" lon="7.1902539965">
        <ele>376.80</ele>
        <time>2026-05-17T07:57:33.000Z</time>
        <extensions>
          <ns3:TrackPointExtension>
            <ns3:atemp>20.1</ns3:atemp>
            <ns3:hr>124</ns3:hr>
            <ns3:cad>77</ns3:cad>
            <ns3:power>0</ns3:power>
          </ns3:TrackPointExtension>
        </extensions>
      </trkpt>
      <trkpt lat="46.1642503101" lon="7.1903991433">
        <ele>376.13</ele>
        <time>2026-05-17T07:57:34.000Z</time>
        <extensions>
          <ns3:TrackPointExtension>
            <ns3:atemp>20.1</ns3:atemp>
            <ns3:hr>124</ns3:hr>
            <ns3:cad>77</ns3:cad>
            <ns3:power>0</ns3:power>
          </ns3:TrackPointExtension>
        </extensions>
      </trkpt>
      <trkpt lat="46.1643186321" lon="7.1905481105">
        <ele>375.46</ele>
        <time>2026-05-17T07:57:35.000Z</time>
        <extensions>
          <ns3:TrackPointExtension>
            <ns3:atemp>20.1</ns3:atemp>
            <ns3:hr>124</ns3:hr>
            <ns3:cad>77</ns3:cad>
            <ns3:power>0</ns3:power>
          </ns3:TrackPointExtension>
        </extensions>
      </trkpt>
      <trkpt lat="46.1643810311" lon="7.1906863516">
        <ele>374.78</ele>
        <time>2026-05-17T07:57:36.000Z</time>
        <extensions>
          <ns3:TrackPointExtension>
            <ns3:atemp>20.1</ns3:atemp>
            <ns3:hr>124</ns3:hr>
            <ns3:cad>77</ns3:cad>
            <ns3:power>0</ns3:power>
          </ns3:TrackPointExtension>
        </extensions>
      </trkpt>
      <trkpt lat="46.1644529103" lon="7.1908381495">
        <ele>374.11</ele>
        <time>2026-05-17T07:57:37.000Z</time>
        <extensions>
          <ns3:TrackPointExtension>
            <ns3:atemp>20.1</ns3:atemp>
            <ns3:hr>124</ns3:hr>
            <ns3:cad>78</ns3:cad>
            <ns3:power>0</ns3:power>
          </ns3:TrackPointExtension>
        </extensions>
      </trkpt>
      <trkpt lat="46.1645240563" lon="7.1909911356">
        <ele>373.44</ele>
        <time>2026-05-17T07:57:38.000Z</time>
        <extensions>
          <ns3:TrackPointExtension>
            <ns3:atemp>20.1</ns3:atemp>
            <ns3:hr>124</ns3:hr>
            <ns3:cad>78</ns3:cad>
            <ns3:power>0</ns3:power>
          </ns3:TrackPointExtension>
        </extensions>
      </trkpt>
      <trkpt lat="46.1645926262" lon="7.1911364792">
        <ele>372.76</ele>
        <time>2026-05-17T07:57:39.000Z</time>
        <extensions>
          <ns3:TrackPointExtension>
            <ns3:atemp>20.1</ns3:atemp>
            <ns3:hr>124</ns3:hr>
            <ns3:cad>78</ns3:cad>
            <ns3:power>0</ns3:power>
          </ns3:TrackPointExtension>
        </extensions>
      </trkpt>
      <trkpt lat="46.1646536753" lon="7.1912832407">
        <ele>372.09</ele>
        <time>2026-05-17T07:57:40.000Z</time>
        <extensions>
          <ns3:TrackPointExtension>
            <ns3:atemp>20.1</ns3:atemp>
            <ns3:hr>123</ns3:hr>
            <ns3:cad>78</ns3:cad>
            <ns3:power>0</ns3:power>
          </ns3:TrackPointExtension>
        </extensions>
      </trkpt>
      <trkpt lat="46.1647234358" lon="7.1914261399">
        <ele>371.41</ele>
        <time>2026-05-17T07:57:41.000Z</time>
        <extensions>
          <ns3:TrackPointExtension>
            <ns3:atemp>20.1</ns3:atemp>
            <ns3:hr>123</ns3:hr>
            <ns3:cad>79</ns3:cad>
            <ns3:power>0</ns3:power>
          </ns3:TrackPointExtension>
        </extensions>
      </trkpt>
      <trkpt lat="46.1647929989" lon="7.1915766071">
        <ele>370.74</ele>
        <time>2026-05-17T07:57:42.000Z</time>
        <extensions>
          <ns3:TrackPointExtension>
            <ns3:atemp>20.1</ns3:atemp>
            <ns3:hr>123</ns3:hr>
            <ns3:cad>79</ns3:cad>
            <ns3:power>0</ns3:power>
          </ns3:TrackPointExtension>
        </extensions>
      </trkpt>
      <trkpt lat="46.1648538048" lon="7.1917271785">
        <ele>370.06</ele>
        <time>2026-05-17T07:57:43.000Z</time>
        <extensions>
          <ns3:TrackPointExtension>
            <ns3:atemp>20.1</ns3:atemp>
            <ns3:hr>123</ns3:hr>
            <ns3:cad>79</ns3:cad>
            <ns3:power>0</ns3:power>
          </ns3:TrackPointExtension>
        </extensions>
      </trkpt>
      <trkpt lat="46.1649168535" lon="7.1918822284">
        <ele>369.38</ele>
        <time>2026-05-17T07:57:44.000Z</time>
        <extensions>
          <ns3:TrackPointExtension>
            <ns3:atemp>20.1</ns3:atemp>
            <ns3:hr>123</ns3:hr>
            <ns3:cad>79</ns3:cad>
            <ns3:power>0</ns3:power>
          </ns3:TrackPointExtension>
        </extensions>
      </trkpt>
      <trkpt lat="46.1649763647" lon="7.1920359523">
        <ele>368.70</ele>
        <time>2026-05-17T07:57:45.000Z</time>
        <extensions>
          <ns3:TrackPointExtension>
            <ns3:atemp>20.1</ns3:atemp>
            <ns3:hr>123</ns3:hr>
            <ns3:cad>79</ns3:cad>
            <ns3:power>0</ns3:power>
          </ns3:TrackPointExtension>
        </extensions>
      </trkpt>
      <trkpt lat="46.1650366331" lon="7.1921839774">
        <ele>368.03</ele>
        <time>2026-05-17T07:57:46.000Z</time>
        <extensions>
          <ns3:TrackPointExtension>
            <ns3:atemp>20.1</ns3:atemp>
            <ns3:hr>123</ns3:hr>
            <ns3:cad>80</ns3:cad>
            <ns3:power>0</ns3:power>
          </ns3:TrackPointExtension>
        </extensions>
      </trkpt>
      <trkpt lat="46.1650992232" lon="7.1923275839">
        <ele>367.35</ele>
        <time>2026-05-17T07:57:47.000Z</time>
        <extensions>
          <ns3:TrackPointExtension>
            <ns3:atemp>20.1</ns3:atemp>
            <ns3:hr>123</ns3:hr>
            <ns3:cad>80</ns3:cad>
            <ns3:power>0</ns3:power>
          </ns3:TrackPointExtension>
        </extensions>
      </trkpt>
      <trkpt lat="46.1651580677" lon="7.1924786761">
        <ele>366.67</ele>
        <time>2026-05-17T07:57:48.000Z</time>
        <extensions>
          <ns3:TrackPointExtension>
            <ns3:atemp>20.1</ns3:atemp>
            <ns3:hr>123</ns3:hr>
            <ns3:cad>80</ns3:cad>
            <ns3:power>0</ns3:power>
          </ns3:TrackPointExtension>
        </extensions>
      </trkpt>
      <trkpt lat="46.1652266609" lon="7.1926235801">
        <ele>365.99</ele>
        <time>2026-05-17T07:57:49.000Z</time>
        <extensions>
          <ns3:TrackPointExtension>
            <ns3:atemp>20.1</ns3:atemp>
            <ns3:hr>123</ns3:hr>
            <ns3:cad>80</ns3:cad>
            <ns3:power>0</ns3:power>
          </ns3:TrackPointExtension>
        </extensions>
      </trkpt>
      <trkpt lat="46.1652951117" lon="7.1927674721">
        <ele>365.31</ele>
        <time>2026-05-17T07:57:50.000Z</time>
        <extensions>
          <ns3:TrackPointExtension>
            <ns3:atemp>20.1</ns3:atemp>
            <ns3:hr>123</ns3:hr>
            <ns3:cad>81</ns3:cad>
            <ns3:power>0</ns3:power>
          </ns3:TrackPointExtension>
        </extensions>
      </trkpt>
      <trkpt lat="46.1653623265" lon="7.1929225727">
        <ele>364.63</ele>
        <time>2026-05-17T07:57:51.000Z</time>
        <extensions>
          <ns3:TrackPointExtension>
            <ns3:atemp>20.1</ns3:atemp>
            <ns3:hr>122</ns3:hr>
            <ns3:cad>81</ns3:cad>
            <ns3:power>0</ns3:power>
          </ns3:TrackPointExtension>
        </extensions>
      </trkpt>
      <trkpt lat="46.1654207883" lon="7.1930720490">
        <ele>363.95</ele>
        <time>2026-05-17T07:57:52.000Z</time>
        <extensions>
          <ns3:TrackPointExtension>
            <ns3:atemp>20.1</ns3:atemp>
            <ns3:hr>122</ns3:hr>
            <ns3:cad>81</ns3:cad>
            <ns3:power>0</ns3:power>
          </ns3:TrackPointExtension>
        </extensions>
      </trkpt>
      <trkpt lat="46.1654807396" lon="7.1932230395">
        <ele>363.27</ele>
        <time>2026-05-17T07:57:53.000Z</time>
        <extensions>
          <ns3:TrackPointExtension>
            <ns3:atemp>20.1</ns3:atemp>
            <ns3:hr>122</ns3:hr>
            <ns3:cad>81</ns3:cad>
            <ns3:power>0</ns3:power>
          </ns3:TrackPointExtension>
        </extensions>
      </trkpt>
      <trkpt lat="46.1655468824" lon="7.1933761303">
        <ele>362.59</ele>
        <time>2026-05-17T07:57:54.000Z</time>
        <extensions>
          <ns3:TrackPointExtension>
            <ns3:atemp>20.1</ns3:atemp>
            <ns3:hr>122</ns3:hr>
            <ns3:cad>81</ns3:cad>
            <ns3:power>0</ns3:power>
          </ns3:TrackPointExtension>
        </extensions>
      </trkpt>
      <trkpt lat="46.1656084825" lon="7.1935245069">
        <ele>361.91</ele>
        <time>2026-05-17T07:57:55.000Z</time>
        <extensions>
          <ns3:TrackPointExtension>
            <ns3:atemp>20.1</ns3:atemp>
            <ns3:hr>122</ns3:hr>
            <ns3:cad>82</ns3:cad>
            <ns3:power>0</ns3:power>
          </ns3:TrackPointExtension>
        </extensions>
      </trkpt>
      <trkpt lat="46.1656672377" lon="7.1936767261">
        <ele>361.23</ele>
        <time>2026-05-17T07:57:56.000Z</time>
        <extensions>
          <ns3:TrackPointExtension>
            <ns3:atemp>20.1</ns3:atemp>
            <ns3:hr>122</ns3:hr>
            <ns3:cad>82</ns3:cad>
            <ns3:power>0</ns3:power>
          </ns3:TrackPointExtension>
        </extensions>
      </trkpt>
      <trkpt lat="46.1657274886" lon="7.1938355175">
        <ele>360.54</ele>
        <time>2026-05-17T07:57:57.000Z</time>
        <extensions>
          <ns3:TrackPointExtension>
            <ns3:atemp>20.1</ns3:atemp>
            <ns3:hr>122</ns3:hr>
            <ns3:cad>82</ns3:cad>
            <ns3:power>0</ns3:power>
          </ns3:TrackPointExtension>
        </extensions>
      </trkpt>
      <trkpt lat="46.1657849333" lon="7.1939931863">
        <ele>359.86</ele>
        <time>2026-05-17T07:57:58.000Z</time>
        <extensions>
          <ns3:TrackPointExtension>
            <ns3:atemp>20.1</ns3:atemp>
            <ns3:hr>122</ns3:hr>
            <ns3:cad>82</ns3:cad>
            <ns3:power>0</ns3:power>
          </ns3:TrackPointExtension>
        </extensions>
      </trkpt>
      <trkpt lat="46.1658473962" lon="7.1941439549">
        <ele>359.18</ele>
        <time>2026-05-17T07:57:59.000Z</time>
        <extensions>
          <ns3:TrackPointExtension>
            <ns3:atemp>20.1</ns3:atemp>
            <ns3:hr>122</ns3:hr>
            <ns3:cad>82</ns3:cad>
            <ns3:power>0</ns3:power>
          </ns3:TrackPointExtension>
        </extensions>
      </trkpt>
      <trkpt lat="46.1659075919" lon="7.1942915057">
        <ele>358.50</ele>
        <time>2026-05-17T07:58:00.000Z</time>
        <extensions>
          <ns3:TrackPointExtension>
            <ns3:atemp>20.1</ns3:atemp>
            <ns3:hr>122</ns3:hr>
            <ns3:cad>83</ns3:cad>
            <ns3:power>0</ns3:power>
          </ns3:TrackPointExtension>
        </extensions>
      </trkpt>
      <trkpt lat="46.1659670713" lon="7.1944480209">
        <ele>357.82</ele>
        <time>2026-05-17T07:58:01.000Z</time>
        <extensions>
          <ns3:TrackPointExtension>
            <ns3:atemp>20.1</ns3:atemp>
            <ns3:hr>122</ns3:hr>
            <ns3:cad>83</ns3:cad>
            <ns3:power>0</ns3:power>
          </ns3:TrackPointExtension>
        </extensions>
      </trkpt>
      <trkpt lat="46.1660290470" lon="7.1945961195">
        <ele>357.13</ele>
        <time>2026-05-17T07:58:02.000Z</time>
        <extensions>
          <ns3:TrackPointExtension>
            <ns3:atemp>20.1</ns3:atemp>
            <ns3:hr>121</ns3:hr>
            <ns3:cad>83</ns3:cad>
            <ns3:power>0</ns3:power>
          </ns3:TrackPointExtension>
        </extensions>
      </trkpt>
      <trkpt lat="46.1660894240" lon="7.1947478964">
        <ele>356.45</ele>
        <time>2026-05-17T07:58:03.000Z</time>
        <extensions>
          <ns3:TrackPointExtension>
            <ns3:atemp>20.1</ns3:atemp>
            <ns3:hr>121</ns3:hr>
            <ns3:cad>83</ns3:cad>
            <ns3:power>0</ns3:power>
          </ns3:TrackPointExtension>
        </extensions>
      </trkpt>
      <trkpt lat="46.1661523417" lon="7.1949053765">
        <ele>355.77</ele>
        <time>2026-05-17T07:58:04.000Z</time>
        <extensions>
          <ns3:TrackPointExtension>
            <ns3:atemp>20.1</ns3:atemp>
            <ns3:hr>121</ns3:hr>
            <ns3:cad>83</ns3:cad>
            <ns3:power>0</ns3:power>
          </ns3:TrackPointExtension>
        </extensions>
      </trkpt>
      <trkpt lat="46.1662125819" lon="7.1950635750">
        <ele>355.09</ele>
        <time>2026-05-17T07:58:05.000Z</time>
        <extensions>
          <ns3:TrackPointExtension>
            <ns3:atemp>20.1</ns3:atemp>
            <ns3:hr>121</ns3:hr>
            <ns3:cad>84</ns3:cad>
            <ns3:power>0</ns3:power>
          </ns3:TrackPointExtension>
        </extensions>
      </trkpt>
      <trkpt lat="46.1662657030" lon="7.1952205272">
        <ele>354.40</ele>
        <time>2026-05-17T07:58:06.000Z</time>
        <extensions>
          <ns3:TrackPointExtension>
            <ns3:atemp>20.1</ns3:atemp>
            <ns3:hr>121</ns3:hr>
            <ns3:cad>84</ns3:cad>
            <ns3:power>0</ns3:power>
          </ns3:TrackPointExtension>
        </extensions>
      </trkpt>
      <trkpt lat="46.1663227818" lon="7.1953729740">
        <ele>353.72</ele>
        <time>2026-05-17T07:58:07.000Z</time>
        <extensions>
          <ns3:TrackPointExtension>
            <ns3:atemp>20.1</ns3:atemp>
            <ns3:hr>121</ns3:hr>
            <ns3:cad>84</ns3:cad>
            <ns3:power>0</ns3:power>
          </ns3:TrackPointExtension>
        </extensions>
      </trkpt>
      <trkpt lat="46.1663816758" lon="7.1955287880">
        <ele>353.04</ele>
        <time>2026-05-17T07:58:08.000Z</time>
        <extensions>
          <ns3:TrackPointExtension>
            <ns3:atemp>20.1</ns3:atemp>
            <ns3:hr>121</ns3:hr>
            <ns3:cad>84</ns3:cad>
            <ns3:power>0</ns3:power>
          </ns3:TrackPointExtension>
        </extensions>
      </trkpt>
      <trkpt lat="46.1664370336" lon="7.1956807571">
        <ele>352.36</ele>
        <time>2026-05-17T07:58:09.000Z</time>
        <extensions>
          <ns3:TrackPointExtension>
            <ns3:atemp>20.1</ns3:atemp>
            <ns3:hr>121</ns3:hr>
            <ns3:cad>84</ns3:cad>
            <ns3:power>0</ns3:power>
          </ns3:TrackPointExtension>
        </extensions>
      </trkpt>
      <trkpt lat="46.1664912590" lon="7.1958363732">
        <ele>351.67</ele>
        <time>2026-05-17T07:58:10.000Z</time>
        <extensions>
          <ns3:TrackPointExtension>
            <ns3:atemp>20.1</ns3:atemp>
            <ns3:hr>121</ns3:hr>
            <ns3:cad>85</ns3:cad>
            <ns3:power>0</ns3:power>
          </ns3:TrackPointExtension>
        </extensions>
      </trkpt>
      <trkpt lat="46.1665487810" lon="7.1959963407">
        <ele>350.99</ele>
        <time>2026-05-17T07:58:11.000Z</time>
        <extensions>
          <ns3:TrackPointExtension>
            <ns3:atemp>20.1</ns3:atemp>
            <ns3:hr>121</ns3:hr>
            <ns3:cad>85</ns3:cad>
            <ns3:power>0</ns3:power>
          </ns3:TrackPointExtension>
        </extensions>
      </trkpt>
      <trkpt lat="46.1666072636" lon="7.1961475131">
        <ele>350.31</ele>
        <time>2026-05-17T07:58:12.000Z</time>
        <extensions>
          <ns3:TrackPointExtension>
            <ns3:atemp>20.1</ns3:atemp>
            <ns3:hr>120</ns3:hr>
            <ns3:cad>85</ns3:cad>
            <ns3:power>0</ns3:power>
          </ns3:TrackPointExtension>
        </extensions>
      </trkpt>
      <trkpt lat="46.1666642267" lon="7.1963124739">
        <ele>349.63</ele>
        <time>2026-05-17T07:58:13.000Z</time>
        <extensions>
          <ns3:TrackPointExtension>
            <ns3:atemp>20.1</ns3:atemp>
            <ns3:hr>120</ns3:hr>
            <ns3:cad>85</ns3:cad>
            <ns3:power>0</ns3:power>
          </ns3:TrackPointExtension>
        </extensions>
      </trkpt>
      <trkpt lat="46.1667215388" lon="7.1964668397">
        <ele>348.95</ele>
        <time>2026-05-17T07:58:14.000Z</time>
        <extensions>
          <ns3:TrackPointExtension>
            <ns3:atemp>20.1</ns3:atemp>
            <ns3:hr>120</ns3:hr>
            <ns3:cad>85</ns3:cad>
            <ns3:power>0</ns3:power>
          </ns3:TrackPointExtension>
        </extensions>
      </trkpt>
      <trkpt lat="46.1667731752" lon="7.1966330638">
        <ele>348.26</ele>
        <time>2026-05-17T07:58:15.000Z</time>
        <extensions>
          <ns3:TrackPointExtension>
            <ns3:atemp>20.1</ns3:atemp>
            <ns3:hr>120</ns3:hr>
            <ns3:cad>85</ns3:cad>
            <ns3:power>0</ns3:power>
          </ns3:TrackPointExtension>
        </extensions>
      </trkpt>
      <trkpt lat="46.1668253456" lon="7.1967911349">
        <ele>347.58</ele>
        <time>2026-05-17T07:58:16.000Z</time>
        <extensions>
          <ns3:TrackPointExtension>
            <ns3:atemp>20.1</ns3:atemp>
            <ns3:hr>120</ns3:hr>
            <ns3:cad>85</ns3:cad>
            <ns3:power>0</ns3:power>
          </ns3:TrackPointExtension>
        </extensions>
      </trkpt>
      <trkpt lat="46.1668827339" lon="7.1969525634">
        <ele>346.90</ele>
        <time>2026-05-17T07:58:17.000Z</time>
        <extensions>
          <ns3:TrackPointExtension>
            <ns3:atemp>20.1</ns3:atemp>
            <ns3:hr>120</ns3:hr>
            <ns3:cad>86</ns3:cad>
            <ns3:power>0</ns3:power>
          </ns3:TrackPointExtension>
        </extensions>
      </trkpt>
      <trkpt lat="46.1669366449" lon="7.1971184848">
        <ele>346.22</ele>
        <time>2026-05-17T07:58:18.000Z</time>
        <extensions>
          <ns3:TrackPointExtension>
            <ns3:atemp>20.1</ns3:atemp>
            <ns3:hr>120</ns3:hr>
            <ns3:cad>86</ns3:cad>
            <ns3:power>0</ns3:power>
          </ns3:TrackPointExtension>
        </extensions>
      </trkpt>
      <trkpt lat="46.1669938077" lon="7.1972781992">
        <ele>345.54</ele>
        <time>2026-05-17T07:58:19.000Z</time>
        <extensions>
          <ns3:TrackPointExtension>
            <ns3:atemp>20.1</ns3:atemp>
            <ns3:hr>120</ns3:hr>
            <ns3:cad>86</ns3:cad>
            <ns3:power>0</ns3:power>
          </ns3:TrackPointExtension>
        </extensions>
      </trkpt>
      <trkpt lat="46.1670479815" lon="7.1974343046">
        <ele>344.86</ele>
        <time>2026-05-17T07:58:20.000Z</time>
        <extensions>
          <ns3:TrackPointExtension>
            <ns3:atemp>20.1</ns3:atemp>
            <ns3:hr>120</ns3:hr>
            <ns3:cad>86</ns3:cad>
            <ns3:power>0</ns3:power>
          </ns3:TrackPointExtension>
        </extensions>
      </trkpt>
      <trkpt lat="46.1671023894" lon="7.1975974502">
        <ele>344.18</ele>
        <time>2026-05-17T07:58:21.000Z</time>
        <extensions>
          <ns3:TrackPointExtension>
            <ns3:atemp>20.1</ns3:atemp>
            <ns3:hr>120</ns3:hr>
            <ns3:cad>86</ns3:cad>
            <ns3:power>0</ns3:power>
          </ns3:TrackPointExtension>
        </extensions>
      </trkpt>
      <trkpt lat="46.1671484476" lon="7.1977583734">
        <ele>343.50</ele>
        <time>2026-05-17T07:58:22.000Z</time>
        <extensions>
          <ns3:TrackPointExtension>
            <ns3:atemp>20.1</ns3:atemp>
            <ns3:hr>119</ns3:hr>
            <ns3:cad>86</ns3:cad>
            <ns3:power>0</ns3:power>
          </ns3:TrackPointExtension>
        </extensions>
      </trkpt>
      <trkpt lat="46.1671997164" lon="7.1979150095">
        <ele>342.82</ele>
        <time>2026-05-17T07:58:23.000Z</time>
        <extensions>
          <ns3:TrackPointExtension>
            <ns3:atemp>20.1</ns3:atemp>
            <ns3:hr>119</ns3:hr>
            <ns3:cad>86</ns3:cad>
            <ns3:power>0</ns3:power>
          </ns3:TrackPointExtension>
        </extensions>
      </trkpt>
      <trkpt lat="46.1672536791" lon="7.1980814791">
        <ele>342.14</ele>
        <time>2026-05-17T07:58:24.000Z</time>
        <extensions>
          <ns3:TrackPointExtension>
            <ns3:atemp>20.1</ns3:atemp>
            <ns3:hr>119</ns3:hr>
            <ns3:cad>87</ns3:cad>
            <ns3:power>0</ns3:power>
          </ns3:TrackPointExtension>
        </extensions>
      </trkpt>
      <trkpt lat="46.1673023720" lon="7.1982458603">
        <ele>341.47</ele>
        <time>2026-05-17T07:58:25.000Z</time>
        <extensions>
          <ns3:TrackPointExtension>
            <ns3:atemp>20.1</ns3:atemp>
            <ns3:hr>119</ns3:hr>
            <ns3:cad>87</ns3:cad>
            <ns3:power>0</ns3:power>
          </ns3:TrackPointExtension>
        </extensions>
      </trkpt>
      <trkpt lat="46.1673558594" lon="7.1984009559">
        <ele>340.79</ele>
        <time>2026-05-17T07:58:26.000Z</time>
        <extensions>
          <ns3:TrackPointExtension>
            <ns3:atemp>20.1</ns3:atemp>
            <ns3:hr>119</ns3:hr>
            <ns3:cad>87</ns3:cad>
            <ns3:power>0</ns3:power>
          </ns3:TrackPointExtension>
        </extensions>
      </trkpt>
      <trkpt lat="46.1674057877" lon="7.1985597436">
        <ele>340.11</ele>
        <time>2026-05-17T07:58:27.000Z</time>
        <extensions>
          <ns3:TrackPointExtension>
            <ns3:atemp>20.1</ns3:atemp>
            <ns3:hr>119</ns3:hr>
            <ns3:cad>87</ns3:cad>
            <ns3:power>0</ns3:power>
          </ns3:TrackPointExtension>
        </extensions>
      </trkpt>
      <trkpt lat="46.1674553078" lon="7.1987196176">
        <ele>339.44</ele>
        <time>2026-05-17T07:58:28.000Z</time>
        <extensions>
          <ns3:TrackPointExtension>
            <ns3:atemp>20.1</ns3:atemp>
            <ns3:hr>119</ns3:hr>
            <ns3:cad>87</ns3:cad>
            <ns3:power>0</ns3:power>
          </ns3:TrackPointExtension>
        </extensions>
      </trkpt>
      <trkpt lat="46.1675021875" lon="7.1988747492">
        <ele>338.76</ele>
        <time>2026-05-17T07:58:29.000Z</time>
        <extensions>
          <ns3:TrackPointExtension>
            <ns3:atemp>20.1</ns3:atemp>
            <ns3:hr>119</ns3:hr>
            <ns3:cad>87</ns3:cad>
            <ns3:power>0</ns3:power>
          </ns3:TrackPointExtension>
        </extensions>
      </trkpt>
      <trkpt lat="46.1675468414" lon="7.1990377916">
        <ele>338.08</ele>
        <time>2026-05-17T07:58:30.000Z</time>
        <extensions>
          <ns3:TrackPointExtension>
            <ns3:atemp>20.1</ns3:atemp>
            <ns3:hr>119</ns3:hr>
            <ns3:cad>87</ns3:cad>
            <ns3:power>0</ns3:power>
          </ns3:TrackPointExtension>
        </extensions>
      </trkpt>
      <trkpt lat="46.1675943721" lon="7.1991985148">
        <ele>337.41</ele>
        <time>2026-05-17T07:58:31.000Z</time>
        <extensions>
          <ns3:TrackPointExtension>
            <ns3:atemp>20.1</ns3:atemp>
            <ns3:hr>119</ns3:hr>
            <ns3:cad>87</ns3:cad>
            <ns3:power>0</ns3:power>
          </ns3:TrackPointExtension>
        </extensions>
      </trkpt>
      <trkpt lat="46.1676472115" lon="7.1993634987">
        <ele>336.73</ele>
        <time>2026-05-17T07:58:32.000Z</time>
        <extensions>
          <ns3:TrackPointExtension>
            <ns3:atemp>20.1</ns3:atemp>
            <ns3:hr>118</ns3:hr>
            <ns3:cad>87</ns3:cad>
            <ns3:power>0</ns3:power>
          </ns3:TrackPointExtension>
        </extensions>
      </trkpt>
      <trkpt lat="46.1676918876" lon="7.1995204297">
        <ele>336.06</ele>
        <time>2026-05-17T07:58:33.000Z</time>
        <extensions>
          <ns3:TrackPointExtension>
            <ns3:atemp>20.1</ns3:atemp>
            <ns3:hr>118</ns3:hr>
            <ns3:cad>87</ns3:cad>
            <ns3:power>0</ns3:power>
          </ns3:TrackPointExtension>
        </extensions>
      </trkpt>
      <trkpt lat="46.1677360258" lon="7.1996777912">
        <ele>335.39</ele>
        <time>2026-05-17T07:58:34.000Z</time>
        <extensions>
          <ns3:TrackPointExtension>
            <ns3:atemp>20.1</ns3:atemp>
            <ns3:hr>118</ns3:hr>
            <ns3:cad>88</ns3:cad>
            <ns3:power>0</ns3:power>
          </ns3:TrackPointExtension>
        </extensions>
      </trkpt>
      <trkpt lat="46.1677862855" lon="7.1998335260">
        <ele>334.71</ele>
        <time>2026-05-17T07:58:35.000Z</time>
        <extensions>
          <ns3:TrackPointExtension>
            <ns3:atemp>20.1</ns3:atemp>
            <ns3:hr>118</ns3:hr>
            <ns3:cad>88</ns3:cad>
            <ns3:power>0</ns3:power>
          </ns3:TrackPointExtension>
        </extensions>
      </trkpt>
      <trkpt lat="46.1678316489" lon="7.1999914814">
        <ele>334.04</ele>
        <time>2026-05-17T07:58:36.000Z</time>
        <extensions>
          <ns3:TrackPointExtension>
            <ns3:atemp>20.1</ns3:atemp>
            <ns3:hr>118</ns3:hr>
            <ns3:cad>88</ns3:cad>
            <ns3:power>0</ns3:power>
          </ns3:TrackPointExtension>
        </extensions>
      </trkpt>
      <trkpt lat="46.1678818739" lon="7.2001507746">
        <ele>333.37</ele>
        <time>2026-05-17T07:58:37.000Z</time>
        <extensions>
          <ns3:TrackPointExtension>
            <ns3:atemp>20.1</ns3:atemp>
            <ns3:hr>118</ns3:hr>
            <ns3:cad>88</ns3:cad>
            <ns3:power>0</ns3:power>
          </ns3:TrackPointExtension>
        </extensions>
      </trkpt>
      <trkpt lat="46.1679262422" lon="7.2003168954">
        <ele>332.70</ele>
        <time>2026-05-17T07:58:38.000Z</time>
        <extensions>
          <ns3:TrackPointExtension>
            <ns3:atemp>20.1</ns3:atemp>
            <ns3:hr>118</ns3:hr>
            <ns3:cad>88</ns3:cad>
            <ns3:power>0</ns3:power>
          </ns3:TrackPointExtension>
        </extensions>
      </trkpt>
      <trkpt lat="46.1679783576" lon="7.2004727933">
        <ele>332.03</ele>
        <time>2026-05-17T07:58:39.000Z</time>
        <extensions>
          <ns3:TrackPointExtension>
            <ns3:atemp>20.1</ns3:atemp>
            <ns3:hr>118</ns3:hr>
            <ns3:cad>88</ns3:cad>
            <ns3:power>0</ns3:power>
          </ns3:TrackPointExtension>
        </extensions>
      </trkpt>
      <trkpt lat="46.1680256375" lon="7.2006285650">
        <ele>331.36</ele>
        <time>2026-05-17T07:58:40.000Z</time>
        <extensions>
          <ns3:TrackPointExtension>
            <ns3:atemp>20.1</ns3:atemp>
            <ns3:hr>118</ns3:hr>
            <ns3:cad>88</ns3:cad>
            <ns3:power>0</ns3:power>
          </ns3:TrackPointExtension>
        </extensions>
      </trkpt>
      <trkpt lat="46.1680713391" lon="7.2007888366">
        <ele>330.69</ele>
        <time>2026-05-17T07:58:41.000Z</time>
        <extensions>
          <ns3:TrackPointExtension>
            <ns3:atemp>20.2</ns3:atemp>
            <ns3:hr>118</ns3:hr>
            <ns3:cad>88</ns3:cad>
            <ns3:power>0</ns3:power>
          </ns3:TrackPointExtension>
        </extensions>
      </trkpt>
      <trkpt lat="46.1681168094" lon="7.2009509128">
        <ele>330.02</ele>
        <time>2026-05-17T07:58:42.000Z</time>
        <extensions>
          <ns3:TrackPointExtension>
            <ns3:atemp>20.2</ns3:atemp>
            <ns3:hr>118</ns3:hr>
            <ns3:cad>88</ns3:cad>
            <ns3:power>0</ns3:power>
          </ns3:TrackPointExtension>
        </extensions>
      </trkpt>
      <trkpt lat="46.1681600764" lon="7.2011048248">
        <ele>329.36</ele>
        <time>2026-05-17T07:58:43.000Z</time>
        <extensions>
          <ns3:TrackPointExtension>
            <ns3:atemp>20.2</ns3:atemp>
            <ns3:hr>117</ns3:hr>
            <ns3:cad>88</ns3:cad>
            <ns3:power>0</ns3:power>
          </ns3:TrackPointExtension>
        </extensions>
      </trkpt>
      <trkpt lat="46.1682022667" lon="7.2012583921">
        <ele>328.69</ele>
        <time>2026-05-17T07:58:44.000Z</time>
        <extensions>
          <ns3:TrackPointExtension>
            <ns3:atemp>20.2</ns3:atemp>
            <ns3:hr>117</ns3:hr>
            <ns3:cad>88</ns3:cad>
            <ns3:power>0</ns3:power>
          </ns3:TrackPointExtension>
        </extensions>
      </trkpt>
      <trkpt lat="46.1682521550" lon="7.2014227677">
        <ele>328.02</ele>
        <time>2026-05-17T07:58:45.000Z</time>
        <extensions>
          <ns3:TrackPointExtension>
            <ns3:atemp>20.2</ns3:atemp>
            <ns3:hr>117</ns3:hr>
            <ns3:cad>88</ns3:cad>
            <ns3:power>0</ns3:power>
          </ns3:TrackPointExtension>
        </extensions>
      </trkpt>
      <trkpt lat="46.1683026700" lon="7.2015866890">
        <ele>327.36</ele>
        <time>2026-05-17T07:58:46.000Z</time>
        <extensions>
          <ns3:TrackPointExtension>
            <ns3:atemp>20.2</ns3:atemp>
            <ns3:hr>117</ns3:hr>
            <ns3:cad>88</ns3:cad>
            <ns3:power>0</ns3:power>
          </ns3:TrackPointExtension>
        </extensions>
      </trkpt>
      <trkpt lat="46.1683487689" lon="7.2017480510">
        <ele>326.70</ele>
        <time>2026-05-17T07:58:47.000Z</time>
        <extensions>
          <ns3:TrackPointExtension>
            <ns3:atemp>20.2</ns3:atemp>
            <ns3:hr>117</ns3:hr>
            <ns3:cad>88</ns3:cad>
            <ns3:power>0</ns3:power>
          </ns3:TrackPointExtension>
        </extensions>
      </trkpt>
      <trkpt lat="46.1683952879" lon="7.2019105910">
        <ele>326.03</ele>
        <time>2026-05-17T07:58:48.000Z</time>
        <extensions>
          <ns3:TrackPointExtension>
            <ns3:atemp>20.2</ns3:atemp>
            <ns3:hr>117</ns3:hr>
            <ns3:cad>88</ns3:cad>
            <ns3:power>0</ns3:power>
          </ns3:TrackPointExtension>
        </extensions>
      </trkpt>
      <trkpt lat="46.1684464739" lon="7.2020650966">
        <ele>325.37</ele>
        <time>2026-05-17T07:58:49.000Z</time>
        <extensions>
          <ns3:TrackPointExtension>
            <ns3:atemp>20.2</ns3:atemp>
            <ns3:hr>117</ns3:hr>
            <ns3:cad>88</ns3:cad>
            <ns3:power>0</ns3:power>
          </ns3:TrackPointExtension>
        </extensions>
      </trkpt>
      <trkpt lat="46.1684914211" lon="7.2022209914">
        <ele>324.71</ele>
        <time>2026-05-17T07:58:50.000Z</time>
        <extensions>
          <ns3:TrackPointExtension>
            <ns3:atemp>20.2</ns3:atemp>
            <ns3:hr>117</ns3:hr>
            <ns3:cad>88</ns3:cad>
            <ns3:power>0</ns3:power>
          </ns3:TrackPointExtension>
        </extensions>
      </trkpt>
      <trkpt lat="46.1685368265" lon="7.2023771639">
        <ele>324.05</ele>
        <time>2026-05-17T07:58:51.000Z</time>
        <extensions>
          <ns3:TrackPointExtension>
            <ns3:atemp>20.2</ns3:atemp>
            <ns3:hr>117</ns3:hr>
            <ns3:cad>88</ns3:cad>
            <ns3:power>0</ns3:power>
          </ns3:TrackPointExtension>
        </extensions>
      </trkpt>
      <trkpt lat="46.1685867043" lon="7.2025262705">
        <ele>323.39</ele>
        <time>2026-05-17T07:58:52.000Z</time>
        <extensions>
          <ns3:TrackPointExtension>
            <ns3:atemp>20.2</ns3:atemp>
            <ns3:hr>117</ns3:hr>
            <ns3:cad>88</ns3:cad>
            <ns3:power>0</ns3:power>
          </ns3:TrackPointExtension>
        </extensions>
      </trkpt>
      <trkpt lat="46.1686323387" lon="7.2026760142">
        <ele>322.73</ele>
        <time>2026-05-17T07:58:53.000Z</time>
        <extensions>
          <ns3:TrackPointExtension>
            <ns3:atemp>20.2</ns3:atemp>
            <ns3:hr>117</ns3:hr>
            <ns3:cad>88</ns3:cad>
            <ns3:power>0</ns3:power>
          </ns3:TrackPointExtension>
        </extensions>
      </trkpt>
      <trkpt lat="46.1686816474" lon="7.2028257670">
        <ele>322.07</ele>
        <time>2026-05-17T07:58:54.000Z</time>
        <extensions>
          <ns3:TrackPointExtension>
            <ns3:atemp>20.2</ns3:atemp>
            <ns3:hr>116</ns3:hr>
            <ns3:cad>88</ns3:cad>
            <ns3:power>0</ns3:power>
          </ns3:TrackPointExtension>
        </extensions>
      </trkpt>
      <trkpt lat="46.1687264423" lon="7.2029872476">
        <ele>321.41</ele>
        <time>2026-05-17T07:58:55.000Z</time>
        <extensions>
          <ns3:TrackPointExtension>
            <ns3:atemp>20.2</ns3:atemp>
            <ns3:hr>116</ns3:hr>
            <ns3:cad>88</ns3:cad>
            <ns3:power>0</ns3:power>
          </ns3:TrackPointExtension>
        </extensions>
      </trkpt>
      <trkpt lat="46.1687731678" lon="7.2031414975">
        <ele>320.76</ele>
        <time>2026-05-17T07:58:56.000Z</time>
        <extensions>
          <ns3:TrackPointExtension>
            <ns3:atemp>20.2</ns3:atemp>
            <ns3:hr>116</ns3:hr>
            <ns3:cad>88</ns3:cad>
            <ns3:power>0</ns3:power>
          </ns3:TrackPointExtension>
        </extensions>
      </trkpt>
      <trkpt lat="46.1688183392" lon="7.2032962854">
        <ele>320.10</ele>
        <time>2026-05-17T07:58:57.000Z</time>
        <extensions>
          <ns3:TrackPointExtension>
            <ns3:atemp>20.2</ns3:atemp>
            <ns3:hr>116</ns3:hr>
            <ns3:cad>88</ns3:cad>
            <ns3:power>0</ns3:power>
          </ns3:TrackPointExtension>
        </extensions>
      </trkpt>
      <trkpt lat="46.1688650845" lon="7.2034472251">
        <ele>319.45</ele>
        <time>2026-05-17T07:58:58.000Z</time>
        <extensions>
          <ns3:TrackPointExtension>
            <ns3:atemp>20.2</ns3:atemp>
            <ns3:hr>116</ns3:hr>
            <ns3:cad>88</ns3:cad>
            <ns3:power>0</ns3:power>
          </ns3:TrackPointExtension>
        </extensions>
      </trkpt>
      <trkpt lat="46.1689113035" lon="7.2036092043">
        <ele>318.79</ele>
        <time>2026-05-17T07:58:59.000Z</time>
        <extensions>
          <ns3:TrackPointExtension>
            <ns3:atemp>20.2</ns3:atemp>
            <ns3:hr>116</ns3:hr>
            <ns3:cad>88</ns3:cad>
            <ns3:power>0</ns3:power>
          </ns3:TrackPointExtension>
        </extensions>
      </trkpt>
      <trkpt lat="46.1689604045" lon="7.2037681043">
        <ele>318.14</ele>
        <time>2026-05-17T07:59:00.000Z</time>
        <extensions>
          <ns3:TrackPointExtension>
            <ns3:atemp>20.2</ns3:atemp>
            <ns3:hr>116</ns3:hr>
            <ns3:cad>88</ns3:cad>
            <ns3:power>0</ns3:power>
          </ns3:TrackPointExtension>
        </extensions>
      </trkpt>
      <trkpt lat="46.1690131295" lon="7.2039178788">
        <ele>317.49</ele>
        <time>2026-05-17T07:59:01.000Z</time>
        <extensions>
          <ns3:TrackPointExtension>
            <ns3:atemp>20.2</ns3:atemp>
            <ns3:hr>116</ns3:hr>
            <ns3:cad>88</ns3:cad>
            <ns3:power>0</ns3:power>
          </ns3:TrackPointExtension>
        </extensions>
      </trkpt>
      <trkpt lat="46.1690665208" lon="7.2040643452">
        <ele>316.83</ele>
        <time>2026-05-17T07:59:02.000Z</time>
        <extensions>
          <ns3:TrackPointExtension>
            <ns3:atemp>20.2</ns3:atemp>
            <ns3:hr>116</ns3:hr>
            <ns3:cad>87</ns3:cad>
            <ns3:power>0</ns3:power>
          </ns3:TrackPointExtension>
        </extensions>
      </trkpt>
      <trkpt lat="46.1691146171" lon="7.2042185716">
        <ele>316.18</ele>
        <time>2026-05-17T07:59:03.000Z</time>
        <extensions>
          <ns3:TrackPointExtension>
            <ns3:atemp>20.2</ns3:atemp>
            <ns3:hr>116</ns3:hr>
            <ns3:cad>87</ns3:cad>
            <ns3:power>0</ns3:power>
          </ns3:TrackPointExtension>
        </extensions>
      </trkpt>
      <trkpt lat="46.1691675445" lon="7.2043639331">
        <ele>315.53</ele>
        <time>2026-05-17T07:59:04.000Z</time>
        <extensions>
          <ns3:TrackPointExtension>
            <ns3:atemp>20.2</ns3:atemp>
            <ns3:hr>116</ns3:hr>
            <ns3:cad>87</ns3:cad>
            <ns3:power>0</ns3:power>
          </ns3:TrackPointExtension>
        </extensions>
      </trkpt>
      <trkpt lat="46.1692170861" lon="7.2045153236">
        <ele>314.89</ele>
        <time>2026-05-17T07:59:05.000Z</time>
        <extensions>
          <ns3:TrackPointExtension>
            <ns3:atemp>20.2</ns3:atemp>
            <ns3:hr>116</ns3:hr>
            <ns3:cad>87</ns3:cad>
            <ns3:power>0</ns3:power>
          </ns3:TrackPointExtension>
        </extensions>
      </trkpt>
      <trkpt lat="46.1692635831" lon="7.2046722426">
        <ele>314.24</ele>
        <time>2026-05-17T07:59:06.000Z</time>
        <extensions>
          <ns3:TrackPointExtension>
            <ns3:atemp>20.2</ns3:atemp>
            <ns3:hr>116</ns3:hr>
            <ns3:cad>87</ns3:cad>
            <ns3:power>0</ns3:power>
          </ns3:TrackPointExtension>
        </extensions>
      </trkpt>
      <trkpt lat="46.1693139486" lon="7.2048227704">
        <ele>313.59</ele>
        <time>2026-05-17T07:59:07.000Z</time>
        <extensions>
          <ns3:TrackPointExtension>
            <ns3:atemp>20.2</ns3:atemp>
            <ns3:hr>116</ns3:hr>
            <ns3:cad>87</ns3:cad>
            <ns3:power>0</ns3:power>
          </ns3:TrackPointExtension>
        </extensions>
      </trkpt>
      <trkpt lat="46.1693662143" lon="7.2049743344">
        <ele>312.94</ele>
        <time>2026-05-17T07:59:08.000Z</time>
        <extensions>
          <ns3:TrackPointExtension>
            <ns3:atemp>20.2</ns3:atemp>
            <ns3:hr>115</ns3:hr>
            <ns3:cad>87</ns3:cad>
            <ns3:power>0</ns3:power>
          </ns3:TrackPointExtension>
        </extensions>
      </trkpt>
      <trkpt lat="46.1694163383" lon="7.2051315813">
        <ele>312.30</ele>
        <time>2026-05-17T07:59:09.000Z</time>
        <extensions>
          <ns3:TrackPointExtension>
            <ns3:atemp>20.2</ns3:atemp>
            <ns3:hr>115</ns3:hr>
            <ns3:cad>87</ns3:cad>
            <ns3:power>0</ns3:power>
          </ns3:TrackPointExtension>
        </extensions>
      </trkpt>
      <trkpt lat="46.1694678869" lon="7.2052880536">
        <ele>311.66</ele>
        <time>2026-05-17T07:59:10.000Z</time>
        <extensions>
          <ns3:TrackPointExtension>
            <ns3:atemp>20.2</ns3:atemp>
            <ns3:hr>115</ns3:hr>
            <ns3:cad>87</ns3:cad>
            <ns3:power>0</ns3:power>
          </ns3:TrackPointExtension>
        </extensions>
      </trkpt>
      <trkpt lat="46.1695228324" lon="7.2054380985">
        <ele>311.01</ele>
        <time>2026-05-17T07:59:11.000Z</time>
        <extensions>
          <ns3:TrackPointExtension>
            <ns3:atemp>20.2</ns3:atemp>
            <ns3:hr>115</ns3:hr>
            <ns3:cad>87</ns3:cad>
            <ns3:power>0</ns3:power>
          </ns3:TrackPointExtension>
        </extensions>
      </trkpt>
      <trkpt lat="46.1695702007" lon="7.2055815303">
        <ele>310.37</ele>
        <time>2026-05-17T07:59:12.000Z</time>
        <extensions>
          <ns3:TrackPointExtension>
            <ns3:atemp>20.2</ns3:atemp>
            <ns3:hr>115</ns3:hr>
            <ns3:cad>87</ns3:cad>
            <ns3:power>0</ns3:power>
          </ns3:TrackPointExtension>
        </extensions>
      </trkpt>
      <trkpt lat="46.1696261444" lon="7.2057358777">
        <ele>309.73</ele>
        <time>2026-05-17T07:59:13.000Z</time>
        <extensions>
          <ns3:TrackPointExtension>
            <ns3:atemp>20.2</ns3:atemp>
            <ns3:hr>115</ns3:hr>
            <ns3:cad>86</ns3:cad>
            <ns3:power>0</ns3:power>
          </ns3:TrackPointExtension>
        </extensions>
      </trkpt>
      <trkpt lat="46.1696787668" lon="7.2058858915">
        <ele>309.09</ele>
        <time>2026-05-17T07:59:14.000Z</time>
        <extensions>
          <ns3:TrackPointExtension>
            <ns3:atemp>20.2</ns3:atemp>
            <ns3:hr>115</ns3:hr>
            <ns3:cad>86</ns3:cad>
            <ns3:power>0</ns3:power>
          </ns3:TrackPointExtension>
        </extensions>
      </trkpt>
      <trkpt lat="46.1697315461" lon="7.2060374058">
        <ele>308.45</ele>
        <time>2026-05-17T07:59:15.000Z</time>
        <extensions>
          <ns3:TrackPointExtension>
            <ns3:atemp>20.2</ns3:atemp>
            <ns3:hr>115</ns3:hr>
            <ns3:cad>86</ns3:cad>
            <ns3:power>0</ns3:power>
          </ns3:TrackPointExtension>
        </extensions>
      </trkpt>
      <trkpt lat="46.1697811572" lon="7.2061905722">
        <ele>307.81</ele>
        <time>2026-05-17T07:59:16.000Z</time>
        <extensions>
          <ns3:TrackPointExtension>
            <ns3:atemp>20.2</ns3:atemp>
            <ns3:hr>115</ns3:hr>
            <ns3:cad>86</ns3:cad>
            <ns3:power>0</ns3:power>
          </ns3:TrackPointExtension>
        </extensions>
      </trkpt>
      <trkpt lat="46.1698311911" lon="7.2063310970">
        <ele>307.17</ele>
        <time>2026-05-17T07:59:17.000Z</time>
        <extensions>
          <ns3:TrackPointExtension>
            <ns3:atemp>20.2</ns3:atemp>
            <ns3:hr>115</ns3:hr>
            <ns3:cad>86</ns3:cad>
            <ns3:power>0</ns3:power>
          </ns3:TrackPointExtension>
        </extensions>
      </trkpt>
      <trkpt lat="46.1698883300" lon="7.2064758416">
        <ele>306.53</ele>
        <time>2026-05-17T07:59:18.000Z</time>
        <extensions>
          <ns3:TrackPointExtension>
            <ns3:atemp>20.2</ns3:atemp>
            <ns3:hr>115</ns3:hr>
            <ns3:cad>86</ns3:cad>
            <ns3:power>0</ns3:power>
          </ns3:TrackPointExtension>
        </extensions>
      </trkpt>
      <trkpt lat="46.1699406188" lon="7.2066189668">
        <ele>305.89</ele>
        <time>2026-05-17T07:59:19.000Z</time>
        <extensions>
          <ns3:TrackPointExtension>
            <ns3:atemp>20.2</ns3:atemp>
            <ns3:hr>115</ns3:hr>
            <ns3:cad>86</ns3:cad>
            <ns3:power>0</ns3:power>
          </ns3:TrackPointExtension>
        </extensions>
      </trkpt>
      <trkpt lat="46.1699969307" lon="7.2067630988">
        <ele>305.26</ele>
        <time>2026-05-17T07:59:20.000Z</time>
        <extensions>
          <ns3:TrackPointExtension>
            <ns3:atemp>20.2</ns3:atemp>
            <ns3:hr>115</ns3:hr>
            <ns3:cad>85</ns3:cad>
            <ns3:power>0</ns3:power>
          </ns3:TrackPointExtension>
        </extensions>
      </trkpt>
      <trkpt lat="46.1700530573" lon="7.2069117887">
        <ele>304.62</ele>
        <time>2026-05-17T07:59:21.000Z</time>
        <extensions>
          <ns3:TrackPointExtension>
            <ns3:atemp>20.2</ns3:atemp>
            <ns3:hr>115</ns3:hr>
            <ns3:cad>85</ns3:cad>
            <ns3:power>0</ns3:power>
          </ns3:TrackPointExtension>
        </extensions>
      </trkpt>
      <trkpt lat="46.1701047353" lon="7.2070594331">
        <ele>303.99</ele>
        <time>2026-05-17T07:59:22.000Z</time>
        <extensions>
          <ns3:TrackPointExtension>
            <ns3:atemp>20.2</ns3:atemp>
            <ns3:hr>115</ns3:hr>
            <ns3:cad>85</ns3:cad>
            <ns3:power>0</ns3:power>
          </ns3:TrackPointExtension>
        </extensions>
      </trkpt>
      <trkpt lat="46.1701583642" lon="7.2072026078">
        <ele>303.35</ele>
        <time>2026-05-17T07:59:23.000Z</time>
        <extensions>
          <ns3:TrackPointExtension>
            <ns3:atemp>20.2</ns3:atemp>
            <ns3:hr>115</ns3:hr>
            <ns3:cad>85</ns3:cad>
            <ns3:power>0</ns3:power>
          </ns3:TrackPointExtension>
        </extensions>
      </trkpt>
      <trkpt lat="46.1702160602" lon="7.2073471328">
        <ele>302.72</ele>
        <time>2026-05-17T07:59:24.000Z</time>
        <extensions>
          <ns3:TrackPointExtension>
            <ns3:atemp>20.2</ns3:atemp>
            <ns3:hr>115</ns3:hr>
            <ns3:cad>85</ns3:cad>
            <ns3:power>0</ns3:power>
          </ns3:TrackPointExtension>
        </extensions>
      </trkpt>
      <trkpt lat="46.1702737308" lon="7.2074918060">
        <ele>302.09</ele>
        <time>2026-05-17T07:59:25.000Z</time>
        <extensions>
          <ns3:TrackPointExtension>
            <ns3:atemp>20.2</ns3:atemp>
            <ns3:hr>115</ns3:hr>
            <ns3:cad>85</ns3:cad>
            <ns3:power>0</ns3:power>
          </ns3:TrackPointExtension>
        </extensions>
      </trkpt>
      <trkpt lat="46.1703240247" lon="7.2076331604">
        <ele>301.46</ele>
        <time>2026-05-17T07:59:26.000Z</time>
        <extensions>
          <ns3:TrackPointExtension>
            <ns3:atemp>20.2</ns3:atemp>
            <ns3:hr>115</ns3:hr>
            <ns3:cad>84</ns3:cad>
            <ns3:power>0</ns3:power>
          </ns3:TrackPointExtension>
        </extensions>
      </trkpt>
      <trkpt lat="46.1703754016" lon="7.2077770149">
        <ele>300.83</ele>
        <time>2026-05-17T07:59:27.000Z</time>
        <extensions>
          <ns3:TrackPointExtension>
            <ns3:atemp>20.2</ns3:atemp>
            <ns3:hr>114</ns3:hr>
            <ns3:cad>84</ns3:cad>
            <ns3:power>0</ns3:power>
          </ns3:TrackPointExtension>
        </extensions>
      </trkpt>
      <trkpt lat="46.1704303971" lon="7.2079143428">
        <ele>300.20</ele>
        <time>2026-05-17T07:59:28.000Z</time>
        <extensions>
          <ns3:TrackPointExtension>
            <ns3:atemp>20.2</ns3:atemp>
            <ns3:hr>114</ns3:hr>
            <ns3:cad>84</ns3:cad>
            <ns3:power>0</ns3:power>
          </ns3:TrackPointExtension>
        </extensions>
      </trkpt>
      <trkpt lat="46.1704834084" lon="7.2080616687">
        <ele>299.57</ele>
        <time>2026-05-17T07:59:29.000Z</time>
        <extensions>
          <ns3:TrackPointExtension>
            <ns3:atemp>20.2</ns3:atemp>
            <ns3:hr>114</ns3:hr>
            <ns3:cad>84</ns3:cad>
            <ns3:power>0</ns3:power>
          </ns3:TrackPointExtension>
        </extensions>
      </trkpt>
      <trkpt lat="46.1705404836" lon="7.2082018743">
        <ele>298.94</ele>
        <time>2026-05-17T07:59:30.000Z</time>
        <extensions>
          <ns3:TrackPointExtension>
            <ns3:atemp>20.2</ns3:atemp>
            <ns3:hr>114</ns3:hr>
            <ns3:cad>84</ns3:cad>
            <ns3:power>0</ns3:power>
          </ns3:TrackPointExtension>
        </extensions>
      </trkpt>
      <trkpt lat="46.1705981462" lon="7.2083507765">
        <ele>298.31</ele>
        <time>2026-05-17T07:59:31.000Z</time>
        <extensions>
          <ns3:TrackPointExtension>
            <ns3:atemp>20.2</ns3:atemp>
            <ns3:hr>114</ns3:hr>
            <ns3:cad>84</ns3:cad>
            <ns3:power>0</ns3:power>
          </ns3:TrackPointExtension>
        </extensions>
      </trkpt>
      <trkpt lat="46.1706491475" lon="7.2085002370">
        <ele>297.68</ele>
        <time>2026-05-17T07:59:32.000Z</time>
        <extensions>
          <ns3:TrackPointExtension>
            <ns3:atemp>20.2</ns3:atemp>
            <ns3:hr>114</ns3:hr>
            <ns3:cad>83</ns3:cad>
            <ns3:power>0</ns3:power>
          </ns3:TrackPointExtension>
        </extensions>
      </trkpt>
      <trkpt lat="46.1707033717" lon="7.2086398214">
        <ele>297.06</ele>
        <time>2026-05-17T07:59:33.000Z</time>
        <extensions>
          <ns3:TrackPointExtension>
            <ns3:atemp>20.2</ns3:atemp>
            <ns3:hr>114</ns3:hr>
            <ns3:cad>83</ns3:cad>
            <ns3:power>0</ns3:power>
          </ns3:TrackPointExtension>
        </extensions>
      </trkpt>
      <trkpt lat="46.1707584205" lon="7.2087779708">
        <ele>296.43</ele>
        <time>2026-05-17T07:59:34.000Z</time>
        <extensions>
          <ns3:TrackPointExtension>
            <ns3:atemp>20.2</ns3:atemp>
            <ns3:hr>114</ns3:hr>
            <ns3:cad>83</ns3:cad>
            <ns3:power>0</ns3:power>
          </ns3:TrackPointExtension>
        </extensions>
      </trkpt>
      <trkpt lat="46.1708134681" lon="7.2089281720">
        <ele>295.80</ele>
        <time>2026-05-17T07:59:35.000Z</time>
        <extensions>
          <ns3:TrackPointExtension>
            <ns3:atemp>20.2</ns3:atemp>
            <ns3:hr>114</ns3:hr>
            <ns3:cad>83</ns3:cad>
            <ns3:power>0</ns3:power>
          </ns3:TrackPointExtension>
        </extensions>
      </trkpt>
      <trkpt lat="46.1708623163" lon="7.2090781063">
        <ele>295.18</ele>
        <time>2026-05-17T07:59:36.000Z</time>
        <extensions>
          <ns3:TrackPointExtension>
            <ns3:atemp>20.2</ns3:atemp>
            <ns3:hr>114</ns3:hr>
            <ns3:cad>83</ns3:cad>
            <ns3:power>0</ns3:power>
          </ns3:TrackPointExtension>
        </extensions>
      </trkpt>
      <trkpt lat="46.1709190184" lon="7.2092237663">
        <ele>294.55</ele>
        <time>2026-05-17T07:59:37.000Z</time>
        <extensions>
          <ns3:TrackPointExtension>
            <ns3:atemp>20.2</ns3:atemp>
            <ns3:hr>114</ns3:hr>
            <ns3:cad>82</ns3:cad>
            <ns3:power>0</ns3:power>
          </ns3:TrackPointExtension>
        </extensions>
      </trkpt>
      <trkpt lat="46.1709769301" lon="7.2093664893">
        <ele>293.93</ele>
        <time>2026-05-17T07:59:38.000Z</time>
        <extensions>
          <ns3:TrackPointExtension>
            <ns3:atemp>20.2</ns3:atemp>
            <ns3:hr>114</ns3:hr>
            <ns3:cad>82</ns3:cad>
            <ns3:power>0</ns3:power>
          </ns3:TrackPointExtension>
        </extensions>
      </trkpt>
      <trkpt lat="46.1710342225" lon="7.2095010365">
        <ele>293.31</ele>
        <time>2026-05-17T07:59:39.000Z</time>
        <extensions>
          <ns3:TrackPointExtension>
            <ns3:atemp>20.2</ns3:atemp>
            <ns3:hr>114</ns3:hr>
            <ns3:cad>82</ns3:cad>
            <ns3:power>0</ns3:power>
          </ns3:TrackPointExtension>
        </extensions>
      </trkpt>
      <trkpt lat="46.1710861875" lon="7.2096430343">
        <ele>292.68</ele>
        <time>2026-05-17T07:59:40.000Z</time>
        <extensions>
          <ns3:TrackPointExtension>
            <ns3:atemp>20.2</ns3:atemp>
            <ns3:hr>114</ns3:hr>
            <ns3:cad>82</ns3:cad>
            <ns3:power>0</ns3:power>
          </ns3:TrackPointExtension>
        </extensions>
      </trkpt>
      <trkpt lat="46.1711386497" lon="7.2097870257">
        <ele>292.06</ele>
        <time>2026-05-17T07:59:41.000Z</time>
        <extensions>
          <ns3:TrackPointExtension>
            <ns3:atemp>20.2</ns3:atemp>
            <ns3:hr>114</ns3:hr>
            <ns3:cad>82</ns3:cad>
            <ns3:power>0</ns3:power>
          </ns3:TrackPointExtension>
        </extensions>
      </trkpt>
      <trkpt lat="46.1711976382" lon="7.2099300117">
        <ele>291.44</ele>
        <time>2026-05-17T07:59:42.000Z</time>
        <extensions>
          <ns3:TrackPointExtension>
            <ns3:atemp>20.2</ns3:atemp>
            <ns3:hr>114</ns3:hr>
            <ns3:cad>81</ns3:cad>
            <ns3:power>0</ns3:power>
          </ns3:TrackPointExtension>
        </extensions>
      </trkpt>
      <trkpt lat="46.1712475383" lon="7.2100775149">
        <ele>290.82</ele>
        <time>2026-05-17T07:59:43.000Z</time>
        <extensions>
          <ns3:TrackPointExtension>
            <ns3:atemp>20.2</ns3:atemp>
            <ns3:hr>114</ns3:hr>
            <ns3:cad>81</ns3:cad>
            <ns3:power>0</ns3:power>
          </ns3:TrackPointExtension>
        </extensions>
      </trkpt>
      <trkpt lat="46.1713019018" lon="7.2102175214">
        <ele>290.20</ele>
        <time>2026-05-17T07:59:44.000Z</time>
        <extensions>
          <ns3:TrackPointExtension>
            <ns3:atemp>20.2</ns3:atemp>
            <ns3:hr>114</ns3:hr>
            <ns3:cad>81</ns3:cad>
            <ns3:power>0</ns3:power>
          </ns3:TrackPointExtension>
        </extensions>
      </trkpt>
      <trkpt lat="46.1713532170" lon="7.2103645885">
        <ele>289.58</ele>
        <time>2026-05-17T07:59:45.000Z</time>
        <extensions>
          <ns3:TrackPointExtension>
            <ns3:atemp>20.2</ns3:atemp>
            <ns3:hr>114</ns3:hr>
            <ns3:cad>81</ns3:cad>
            <ns3:power>0</ns3:power>
          </ns3:TrackPointExtension>
        </extensions>
      </trkpt>
      <trkpt lat="46.1714094048" lon="7.2104989343">
        <ele>288.96</ele>
        <time>2026-05-17T07:59:46.000Z</time>
        <extensions>
          <ns3:TrackPointExtension>
            <ns3:atemp>20.2</ns3:atemp>
            <ns3:hr>114</ns3:hr>
            <ns3:cad>80</ns3:cad>
            <ns3:power>0</ns3:power>
          </ns3:TrackPointExtension>
        </extensions>
      </trkpt>
      <trkpt lat="46.1714622254" lon="7.2106437365">
        <ele>288.34</ele>
        <time>2026-05-17T07:59:47.000Z</time>
        <extensions>
          <ns3:TrackPointExtension>
            <ns3:atemp>20.2</ns3:atemp>
            <ns3:hr>114</ns3:hr>
            <ns3:cad>80</ns3:cad>
            <ns3:power>0</ns3:power>
          </ns3:TrackPointExtension>
        </extensions>
      </trkpt>
      <trkpt lat="46.1715131913" lon="7.2107902655">
        <ele>287.72</ele>
        <time>2026-05-17T07:59:48.000Z</time>
        <extensions>
          <ns3:TrackPointExtension>
            <ns3:atemp>20.2</ns3:atemp>
            <ns3:hr>114</ns3:hr>
            <ns3:cad>80</ns3:cad>
            <ns3:power>0</ns3:power>
          </ns3:TrackPointExtension>
        </extensions>
      </trkpt>
      <trkpt lat="46.1715673570" lon="7.2109277150">
        <ele>287.10</ele>
        <time>2026-05-17T07:59:49.000Z</time>
        <extensions>
          <ns3:TrackPointExtension>
            <ns3:atemp>20.2</ns3:atemp>
            <ns3:hr>114</ns3:hr>
            <ns3:cad>80</ns3:cad>
            <ns3:power>0</ns3:power>
          </ns3:TrackPointExtension>
        </extensions>
      </trkpt>
      <trkpt lat="46.1716234698" lon="7.2110687823">
        <ele>286.48</ele>
        <time>2026-05-17T07:59:50.000Z</time>
        <extensions>
          <ns3:TrackPointExtension>
            <ns3:atemp>20.2</ns3:atemp>
            <ns3:hr>114</ns3:hr>
            <ns3:cad>80</ns3:cad>
            <ns3:power>0</ns3:power>
          </ns3:TrackPointExtension>
        </extensions>
      </trkpt>
      <trkpt lat="46.1716786373" lon="7.2111994870">
        <ele>285.86</ele>
        <time>2026-05-17T07:59:51.000Z</time>
        <extensions>
          <ns3:TrackPointExtension>
            <ns3:atemp>20.2</ns3:atemp>
            <ns3:hr>114</ns3:hr>
            <ns3:cad>79</ns3:cad>
            <ns3:power>0</ns3:power>
          </ns3:TrackPointExtension>
        </extensions>
      </trkpt>
      <trkpt lat="46.1717376286" lon="7.2113426464">
        <ele>285.24</ele>
        <time>2026-05-17T07:59:52.000Z</time>
        <extensions>
          <ns3:TrackPointExtension>
            <ns3:atemp>20.2</ns3:atemp>
            <ns3:hr>114</ns3:hr>
            <ns3:cad>79</ns3:cad>
            <ns3:power>0</ns3:power>
          </ns3:TrackPointExtension>
        </extensions>
      </trkpt>
      <trkpt lat="46.1717994187" lon="7.2114815343">
        <ele>284.62</ele>
        <time>2026-05-17T07:59:53.000Z</time>
        <extensions>
          <ns3:TrackPointExtension>
            <ns3:atemp>20.2</ns3:atemp>
            <ns3:hr>114</ns3:hr>
            <ns3:cad>79</ns3:cad>
            <ns3:power>0</ns3:power>
          </ns3:TrackPointExtension>
        </extensions>
      </trkpt>
      <trkpt lat="46.1718617933" lon="7.2116264392">
        <ele>284.00</ele>
        <time>2026-05-17T07:59:54.000Z</time>
        <extensions>
          <ns3:TrackPointExtension>
            <ns3:atemp>20.2</ns3:atemp>
            <ns3:hr>114</ns3:hr>
            <ns3:cad>79</ns3:cad>
            <ns3:power>0</ns3:power>
          </ns3:TrackPointExtension>
        </extensions>
      </trkpt>
      <trkpt lat="46.1719183040" lon="7.2117613133">
        <ele>283.39</ele>
        <time>2026-05-17T07:59:55.000Z</time>
        <extensions>
          <ns3:TrackPointExtension>
            <ns3:atemp>20.2</ns3:atemp>
            <ns3:hr>114</ns3:hr>
            <ns3:cad>78</ns3:cad>
            <ns3:power>0</ns3:power>
          </ns3:TrackPointExtension>
        </extensions>
      </trkpt>
      <trkpt lat="46.1719771286" lon="7.2118995171">
        <ele>282.77</ele>
        <time>2026-05-17T07:59:56.000Z</time>
        <extensions>
          <ns3:TrackPointExtension>
            <ns3:atemp>20.2</ns3:atemp>
            <ns3:hr>114</ns3:hr>
            <ns3:cad>78</ns3:cad>
            <ns3:power>0</ns3:power>
          </ns3:TrackPointExtension>
        </extensions>
      </trkpt>
      <trkpt lat="46.1720335457" lon="7.2120371008">
        <ele>282.15</ele>
        <time>2026-05-17T07:59:57.000Z</time>
        <extensions>
          <ns3:TrackPointExtension>
            <ns3:atemp>20.2</ns3:atemp>
            <ns3:hr>114</ns3:hr>
            <ns3:cad>78</ns3:cad>
            <ns3:power>0</ns3:power>
          </ns3:TrackPointExtension>
        </extensions>
      </trkpt>
      <trkpt lat="46.1720936720" lon="7.2121798139">
        <ele>281.53</ele>
        <time>2026-05-17T07:59:58.000Z</time>
        <extensions>
          <ns3:TrackPointExtension>
            <ns3:atemp>20.2</ns3:atemp>
            <ns3:hr>114</ns3:hr>
            <ns3:cad>78</ns3:cad>
            <ns3:power>0</ns3:power>
          </ns3:TrackPointExtension>
        </extensions>
      </trkpt>
      <trkpt lat="46.1721575713" lon="7.2123089091">
        <ele>280.92</ele>
        <time>2026-05-17T07:59:59.000Z</time>
        <extensions>
          <ns3:TrackPointExtension>
            <ns3:atemp>20.2</ns3:atemp>
            <ns3:hr>114</ns3:hr>
            <ns3:cad>78</ns3:cad>
            <ns3:power>0</ns3:power>
          </ns3:TrackPointExtension>
        </extensions>
      </trkpt>
      <trkpt lat="46.1721972858" lon="7.2123891726">
        <ele>280.99</ele>
        <time>2026-05-17T08:00:00.000Z</time>
        <extensions>
          <ns3:TrackPointExtension>
            <ns3:atemp>20.3</ns3:atemp>
            <ns3:hr>120</ns3:hr>
            <ns3:cad>77</ns3:cad>
            <ns3:power>177</ns3:power>
          </ns3:TrackPointExtension>
        </extensions>
      </trkpt>
      <trkpt lat="46.1722313477" lon="7.2124655265">
        <ele>281.07</ele>
        <time>2026-05-17T08:00:01.000Z</time>
        <extensions>
          <ns3:TrackPointExtension>
            <ns3:atemp>20.3</ns3:atemp>
            <ns3:hr>120</ns3:hr>
            <ns3:cad>77</ns3:cad>
            <ns3:power>177</ns3:power>
          </ns3:TrackPointExtension>
        </extensions>
      </trkpt>
      <trkpt lat="46.1722651323" lon="7.2125415251">
        <ele>281.14</ele>
        <time>2026-05-17T08:00:02.000Z</time>
        <extensions>
          <ns3:TrackPointExtension>
            <ns3:atemp>20.3</ns3:atemp>
            <ns3:hr>120</ns3:hr>
            <ns3:cad>77</ns3:cad>
            <ns3:power>177</ns3:power>
          </ns3:TrackPointExtension>
        </extensions>
      </trkpt>
      <trkpt lat="46.1723036308" lon="7.2126300980">
        <ele>281.22</ele>
        <time>2026-05-17T08:00:03.000Z</time>
        <extensions>
          <ns3:TrackPointExtension>
            <ns3:atemp>20.3</ns3:atemp>
            <ns3:hr>120</ns3:hr>
            <ns3:cad>77</ns3:cad>
            <ns3:power>177</ns3:power>
          </ns3:TrackPointExtension>
        </extensions>
      </trkpt>
      <trkpt lat="46.1723414864" lon="7.2127061129">
        <ele>281.30</ele>
        <time>2026-05-17T08:00:04.000Z</time>
        <extensions>
          <ns3:TrackPointExtension>
            <ns3:atemp>20.3</ns3:atemp>
            <ns3:hr>120</ns3:hr>
            <ns3:cad>76</ns3:cad>
            <ns3:power>177</ns3:power>
          </ns3:TrackPointExtension>
        </extensions>
      </trkpt>
      <trkpt lat="46.1723766278" lon="7.2127954130">
        <ele>281.37</ele>
        <time>2026-05-17T08:00:05.000Z</time>
        <extensions>
          <ns3:TrackPointExtension>
            <ns3:atemp>20.3</ns3:atemp>
            <ns3:hr>120</ns3:hr>
            <ns3:cad>76</ns3:cad>
            <ns3:power>177</ns3:power>
          </ns3:TrackPointExtension>
        </extensions>
      </trkpt>
      <trkpt lat="46.1724132820" lon="7.2128782140">
        <ele>281.45</ele>
        <time>2026-05-17T08:00:06.000Z</time>
        <extensions>
          <ns3:TrackPointExtension>
            <ns3:atemp>20.3</ns3:atemp>
            <ns3:hr>120</ns3:hr>
            <ns3:cad>76</ns3:cad>
            <ns3:power>177</ns3:power>
          </ns3:TrackPointExtension>
        </extensions>
      </trkpt>
      <trkpt lat="46.1724521234" lon="7.2129669973">
        <ele>281.52</ele>
        <time>2026-05-17T08:00:07.000Z</time>
        <extensions>
          <ns3:TrackPointExtension>
            <ns3:atemp>20.3</ns3:atemp>
            <ns3:hr>120</ns3:hr>
            <ns3:cad>76</ns3:cad>
            <ns3:power>177</ns3:power>
          </ns3:TrackPointExtension>
        </extensions>
      </trkpt>
      <trkpt lat="46.1724894046" lon="7.2130560451">
        <ele>281.60</ele>
        <time>2026-05-17T08:00:08.000Z</time>
        <extensions>
          <ns3:TrackPointExtension>
            <ns3:atemp>20.3</ns3:atemp>
            <ns3:hr>120</ns3:hr>
            <ns3:cad>76</ns3:cad>
            <ns3:power>177</ns3:power>
          </ns3:TrackPointExtension>
        </extensions>
      </trkpt>
      <trkpt lat="46.1725328963" lon="7.2131347444">
        <ele>281.68</ele>
        <time>2026-05-17T08:00:09.000Z</time>
        <extensions>
          <ns3:TrackPointExtension>
            <ns3:atemp>20.3</ns3:atemp>
            <ns3:hr>120</ns3:hr>
            <ns3:cad>75</ns3:cad>
            <ns3:power>177</ns3:power>
          </ns3:TrackPointExtension>
        </extensions>
      </trkpt>
      <trkpt lat="46.1725694550" lon="7.2132157761">
        <ele>281.75</ele>
        <time>2026-05-17T08:00:10.000Z</time>
        <extensions>
          <ns3:TrackPointExtension>
            <ns3:atemp>20.3</ns3:atemp>
            <ns3:hr>120</ns3:hr>
            <ns3:cad>75</ns3:cad>
            <ns3:power>178</ns3:power>
          </ns3:TrackPointExtension>
        </extensions>
      </trkpt>
      <trkpt lat="46.1726084266" lon="7.2132981680">
        <ele>281.83</ele>
        <time>2026-05-17T08:00:11.000Z</time>
        <extensions>
          <ns3:TrackPointExtension>
            <ns3:atemp>20.3</ns3:atemp>
            <ns3:hr>120</ns3:hr>
            <ns3:cad>75</ns3:cad>
            <ns3:power>178</ns3:power>
          </ns3:TrackPointExtension>
        </extensions>
      </trkpt>
      <trkpt lat="46.1726526490" lon="7.2133832424">
        <ele>281.90</ele>
        <time>2026-05-17T08:00:12.000Z</time>
        <extensions>
          <ns3:TrackPointExtension>
            <ns3:atemp>20.3</ns3:atemp>
            <ns3:hr>120</ns3:hr>
            <ns3:cad>75</ns3:cad>
            <ns3:power>178</ns3:power>
          </ns3:TrackPointExtension>
        </extensions>
      </trkpt>
      <trkpt lat="46.1726948018" lon="7.2134704082">
        <ele>281.98</ele>
        <time>2026-05-17T08:00:13.000Z</time>
        <extensions>
          <ns3:TrackPointExtension>
            <ns3:atemp>20.3</ns3:atemp>
            <ns3:hr>120</ns3:hr>
            <ns3:cad>74</ns3:cad>
            <ns3:power>178</ns3:power>
          </ns3:TrackPointExtension>
        </extensions>
      </trkpt>
      <trkpt lat="46.1727366873" lon="7.2135543400">
        <ele>282.06</ele>
        <time>2026-05-17T08:00:14.000Z</time>
        <extensions>
          <ns3:TrackPointExtension>
            <ns3:atemp>20.3</ns3:atemp>
            <ns3:hr>120</ns3:hr>
            <ns3:cad>74</ns3:cad>
            <ns3:power>178</ns3:power>
          </ns3:TrackPointExtension>
        </extensions>
      </trkpt>
      <trkpt lat="46.1727750804" lon="7.2136333546">
        <ele>282.13</ele>
        <time>2026-05-17T08:00:15.000Z</time>
        <extensions>
          <ns3:TrackPointExtension>
            <ns3:atemp>20.3</ns3:atemp>
            <ns3:hr>120</ns3:hr>
            <ns3:cad>74</ns3:cad>
            <ns3:power>178</ns3:power>
          </ns3:TrackPointExtension>
        </extensions>
      </trkpt>
      <trkpt lat="46.1728153623" lon="7.2137138399">
        <ele>282.21</ele>
        <time>2026-05-17T08:00:16.000Z</time>
        <extensions>
          <ns3:TrackPointExtension>
            <ns3:atemp>20.3</ns3:atemp>
            <ns3:hr>120</ns3:hr>
            <ns3:cad>74</ns3:cad>
            <ns3:power>178</ns3:power>
          </ns3:TrackPointExtension>
        </extensions>
      </trkpt>
      <trkpt lat="46.1728563704" lon="7.2137929029">
        <ele>282.28</ele>
        <time>2026-05-17T08:00:17.000Z</time>
        <extensions>
          <ns3:TrackPointExtension>
            <ns3:atemp>20.3</ns3:atemp>
            <ns3:hr>120</ns3:hr>
            <ns3:cad>74</ns3:cad>
            <ns3:power>179</ns3:power>
          </ns3:TrackPointExtension>
        </extensions>
      </trkpt>
      <trkpt lat="46.1728969400" lon="7.2138723439">
        <ele>282.36</ele>
        <time>2026-05-17T08:00:18.000Z</time>
        <extensions>
          <ns3:TrackPointExtension>
            <ns3:atemp>20.3</ns3:atemp>
            <ns3:hr>120</ns3:hr>
            <ns3:cad>73</ns3:cad>
            <ns3:power>179</ns3:power>
          </ns3:TrackPointExtension>
        </extensions>
      </trkpt>
      <trkpt lat="46.1729385588" lon="7.2139430736">
        <ele>282.44</ele>
        <time>2026-05-17T08:00:19.000Z</time>
        <extensions>
          <ns3:TrackPointExtension>
            <ns3:atemp>20.3</ns3:atemp>
            <ns3:hr>120</ns3:hr>
            <ns3:cad>73</ns3:cad>
            <ns3:power>179</ns3:power>
          </ns3:TrackPointExtension>
        </extensions>
      </trkpt>
      <trkpt lat="46.1729858821" lon="7.2140132704">
        <ele>282.51</ele>
        <time>2026-05-17T08:00:20.000Z</time>
        <extensions>
          <ns3:TrackPointExtension>
            <ns3:atemp>20.3</ns3:atemp>
            <ns3:hr>120</ns3:hr>
            <ns3:cad>73</ns3:cad>
            <ns3:power>179</ns3:power>
          </ns3:TrackPointExtension>
        </extensions>
      </trkpt>
      <trkpt lat="46.1730275441" lon="7.2140950136">
        <ele>282.59</ele>
        <time>2026-05-17T08:00:21.000Z</time>
        <extensions>
          <ns3:TrackPointExtension>
            <ns3:atemp>20.3</ns3:atemp>
            <ns3:hr>120</ns3:hr>
            <ns3:cad>73</ns3:cad>
            <ns3:power>180</ns3:power>
          </ns3:TrackPointExtension>
        </extensions>
      </trkpt>
      <trkpt lat="46.1730681184" lon="7.2141746667">
        <ele>282.67</ele>
        <time>2026-05-17T08:00:22.000Z</time>
        <extensions>
          <ns3:TrackPointExtension>
            <ns3:atemp>20.3</ns3:atemp>
            <ns3:hr>120</ns3:hr>
            <ns3:cad>73</ns3:cad>
            <ns3:power>180</ns3:power>
          </ns3:TrackPointExtension>
        </extensions>
      </trkpt>
      <trkpt lat="46.1731168945" lon="7.2142457875">
        <ele>282.74</ele>
        <time>2026-05-17T08:00:23.000Z</time>
        <extensions>
          <ns3:TrackPointExtension>
            <ns3:atemp>20.3</ns3:atemp>
            <ns3:hr>120</ns3:hr>
            <ns3:cad>72</ns3:cad>
            <ns3:power>180</ns3:power>
          </ns3:TrackPointExtension>
        </extensions>
      </trkpt>
      <trkpt lat="46.1731564033" lon="7.2143223935">
        <ele>282.82</ele>
        <time>2026-05-17T08:00:24.000Z</time>
        <extensions>
          <ns3:TrackPointExtension>
            <ns3:atemp>20.3</ns3:atemp>
            <ns3:hr>121</ns3:hr>
            <ns3:cad>72</ns3:cad>
            <ns3:power>180</ns3:power>
          </ns3:TrackPointExtension>
        </extensions>
      </trkpt>
      <trkpt lat="46.1731984477" lon="7.2144066307">
        <ele>282.90</ele>
        <time>2026-05-17T08:00:25.000Z</time>
        <extensions>
          <ns3:TrackPointExtension>
            <ns3:atemp>20.3</ns3:atemp>
            <ns3:hr>121</ns3:hr>
            <ns3:cad>72</ns3:cad>
            <ns3:power>181</ns3:power>
          </ns3:TrackPointExtension>
        </extensions>
      </trkpt>
      <trkpt lat="46.1732450750" lon="7.2144766690">
        <ele>282.97</ele>
        <time>2026-05-17T08:00:26.000Z</time>
        <extensions>
          <ns3:TrackPointExtension>
            <ns3:atemp>20.3</ns3:atemp>
            <ns3:hr>121</ns3:hr>
            <ns3:cad>72</ns3:cad>
            <ns3:power>181</ns3:power>
          </ns3:TrackPointExtension>
        </extensions>
      </trkpt>
      <trkpt lat="46.1732863249" lon="7.2145453325">
        <ele>283.05</ele>
        <time>2026-05-17T08:00:27.000Z</time>
        <extensions>
          <ns3:TrackPointExtension>
            <ns3:atemp>20.3</ns3:atemp>
            <ns3:hr>121</ns3:hr>
            <ns3:cad>72</ns3:cad>
            <ns3:power>181</ns3:power>
          </ns3:TrackPointExtension>
        </extensions>
      </trkpt>
      <trkpt lat="46.1733315231" lon="7.2146197374">
        <ele>283.13</ele>
        <time>2026-05-17T08:00:28.000Z</time>
        <extensions>
          <ns3:TrackPointExtension>
            <ns3:atemp>20.3</ns3:atemp>
            <ns3:hr>121</ns3:hr>
            <ns3:cad>72</ns3:cad>
            <ns3:power>182</ns3:power>
          </ns3:TrackPointExtension>
        </extensions>
      </trkpt>
      <trkpt lat="46.1733731628" lon="7.2146881383">
        <ele>283.21</ele>
        <time>2026-05-17T08:00:29.000Z</time>
        <extensions>
          <ns3:TrackPointExtension>
            <ns3:atemp>20.3</ns3:atemp>
            <ns3:hr>121</ns3:hr>
            <ns3:cad>71</ns3:cad>
            <ns3:power>182</ns3:power>
          </ns3:TrackPointExtension>
        </extensions>
      </trkpt>
      <trkpt lat="46.1734141024" lon="7.2147698823">
        <ele>283.28</ele>
        <time>2026-05-17T08:00:30.000Z</time>
        <extensions>
          <ns3:TrackPointExtension>
            <ns3:atemp>20.3</ns3:atemp>
            <ns3:hr>121</ns3:hr>
            <ns3:cad>71</ns3:cad>
            <ns3:power>182</ns3:power>
          </ns3:TrackPointExtension>
        </extensions>
      </trkpt>
      <trkpt lat="46.1734619746" lon="7.2148448887">
        <ele>283.36</ele>
        <time>2026-05-17T08:00:31.000Z</time>
        <extensions>
          <ns3:TrackPointExtension>
            <ns3:atemp>20.3</ns3:atemp>
            <ns3:hr>121</ns3:hr>
            <ns3:cad>71</ns3:cad>
            <ns3:power>183</ns3:power>
          </ns3:TrackPointExtension>
        </extensions>
      </trkpt>
      <trkpt lat="46.1735058032" lon="7.2149158770">
        <ele>283.44</ele>
        <time>2026-05-17T08:00:32.000Z</time>
        <extensions>
          <ns3:TrackPointExtension>
            <ns3:atemp>20.3</ns3:atemp>
            <ns3:hr>121</ns3:hr>
            <ns3:cad>71</ns3:cad>
            <ns3:power>183</ns3:power>
          </ns3:TrackPointExtension>
        </extensions>
      </trkpt>
      <trkpt lat="46.1735505440" lon="7.2149937166">
        <ele>283.51</ele>
        <time>2026-05-17T08:00:33.000Z</time>
        <extensions>
          <ns3:TrackPointExtension>
            <ns3:atemp>20.3</ns3:atemp>
            <ns3:hr>121</ns3:hr>
            <ns3:cad>71</ns3:cad>
            <ns3:power>183</ns3:power>
          </ns3:TrackPointExtension>
        </extensions>
      </trkpt>
      <trkpt lat="46.1736009466" lon="7.2150648076">
        <ele>283.59</ele>
        <time>2026-05-17T08:00:34.000Z</time>
        <extensions>
          <ns3:TrackPointExtension>
            <ns3:atemp>20.3</ns3:atemp>
            <ns3:hr>121</ns3:hr>
            <ns3:cad>71</ns3:cad>
            <ns3:power>184</ns3:power>
          </ns3:TrackPointExtension>
        </extensions>
      </trkpt>
      <trkpt lat="46.1736451046" lon="7.2151417515">
        <ele>283.67</ele>
        <time>2026-05-17T08:00:35.000Z</time>
        <extensions>
          <ns3:TrackPointExtension>
            <ns3:atemp>20.3</ns3:atemp>
            <ns3:hr>121</ns3:hr>
            <ns3:cad>70</ns3:cad>
            <ns3:power>184</ns3:power>
          </ns3:TrackPointExtension>
        </extensions>
      </trkpt>
      <trkpt lat="46.1736889928" lon="7.2152219676">
        <ele>283.75</ele>
        <time>2026-05-17T08:00:36.000Z</time>
        <extensions>
          <ns3:TrackPointExtension>
            <ns3:atemp>20.3</ns3:atemp>
            <ns3:hr>121</ns3:hr>
            <ns3:cad>70</ns3:cad>
            <ns3:power>184</ns3:power>
          </ns3:TrackPointExtension>
        </extensions>
      </trkpt>
      <trkpt lat="46.1737376639" lon="7.2152945017">
        <ele>283.82</ele>
        <time>2026-05-17T08:00:37.000Z</time>
        <extensions>
          <ns3:TrackPointExtension>
            <ns3:atemp>20.3</ns3:atemp>
            <ns3:hr>121</ns3:hr>
            <ns3:cad>70</ns3:cad>
            <ns3:power>185</ns3:power>
          </ns3:TrackPointExtension>
        </extensions>
      </trkpt>
      <trkpt lat="46.1737871803" lon="7.2153642091">
        <ele>283.90</ele>
        <time>2026-05-17T08:00:38.000Z</time>
        <extensions>
          <ns3:TrackPointExtension>
            <ns3:atemp>20.3</ns3:atemp>
            <ns3:hr>121</ns3:hr>
            <ns3:cad>70</ns3:cad>
            <ns3:power>185</ns3:power>
          </ns3:TrackPointExtension>
        </extensions>
      </trkpt>
      <trkpt lat="46.1738392887" lon="7.2154415785">
        <ele>283.98</ele>
        <time>2026-05-17T08:00:39.000Z</time>
        <extensions>
          <ns3:TrackPointExtension>
            <ns3:atemp>20.3</ns3:atemp>
            <ns3:hr>121</ns3:hr>
            <ns3:cad>70</ns3:cad>
            <ns3:power>186</ns3:power>
          </ns3:TrackPointExtension>
        </extensions>
      </trkpt>
      <trkpt lat="46.1738916984" lon="7.2155192195">
        <ele>284.06</ele>
        <time>2026-05-17T08:00:40.000Z</time>
        <extensions>
          <ns3:TrackPointExtension>
            <ns3:atemp>20.3</ns3:atemp>
            <ns3:hr>122</ns3:hr>
            <ns3:cad>70</ns3:cad>
            <ns3:power>186</ns3:power>
          </ns3:TrackPointExtension>
        </extensions>
      </trkpt>
      <trkpt lat="46.1739444499" lon="7.2155928048">
        <ele>284.14</ele>
        <time>2026-05-17T08:00:41.000Z</time>
        <extensions>
          <ns3:TrackPointExtension>
            <ns3:atemp>20.3</ns3:atemp>
            <ns3:hr>122</ns3:hr>
            <ns3:cad>70</ns3:cad>
            <ns3:power>187</ns3:power>
          </ns3:TrackPointExtension>
        </extensions>
      </trkpt>
      <trkpt lat="46.1739943517" lon="7.2156653619">
        <ele>284.21</ele>
        <time>2026-05-17T08:00:42.000Z</time>
        <extensions>
          <ns3:TrackPointExtension>
            <ns3:atemp>20.3</ns3:atemp>
            <ns3:hr>122</ns3:hr>
            <ns3:cad>69</ns3:cad>
            <ns3:power>187</ns3:power>
          </ns3:TrackPointExtension>
        </extensions>
      </trkpt>
      <trkpt lat="46.1740394943" lon="7.2157400846">
        <ele>284.29</ele>
        <time>2026-05-17T08:00:43.000Z</time>
        <extensions>
          <ns3:TrackPointExtension>
            <ns3:atemp>20.3</ns3:atemp>
            <ns3:hr>122</ns3:hr>
            <ns3:cad>69</ns3:cad>
            <ns3:power>188</ns3:power>
          </ns3:TrackPointExtension>
        </extensions>
      </trkpt>
      <trkpt lat="46.1740862073" lon="7.2158092631">
        <ele>284.37</ele>
        <time>2026-05-17T08:00:44.000Z</time>
        <extensions>
          <ns3:TrackPointExtension>
            <ns3:atemp>20.3</ns3:atemp>
            <ns3:hr>122</ns3:hr>
            <ns3:cad>69</ns3:cad>
            <ns3:power>188</ns3:power>
          </ns3:TrackPointExtension>
        </extensions>
      </trkpt>
      <trkpt lat="46.1741342068" lon="7.2158759512">
        <ele>284.45</ele>
        <time>2026-05-17T08:00:45.000Z</time>
        <extensions>
          <ns3:TrackPointExtension>
            <ns3:atemp>20.3</ns3:atemp>
            <ns3:hr>122</ns3:hr>
            <ns3:cad>69</ns3:cad>
            <ns3:power>188</ns3:power>
          </ns3:TrackPointExtension>
        </extensions>
      </trkpt>
      <trkpt lat="46.1741796596" lon="7.2159442398">
        <ele>284.53</ele>
        <time>2026-05-17T08:00:46.000Z</time>
        <extensions>
          <ns3:TrackPointExtension>
            <ns3:atemp>20.3</ns3:atemp>
            <ns3:hr>122</ns3:hr>
            <ns3:cad>69</ns3:cad>
            <ns3:power>189</ns3:power>
          </ns3:TrackPointExtension>
        </extensions>
      </trkpt>
      <trkpt lat="46.1742344896" lon="7.2160106117">
        <ele>284.61</ele>
        <time>2026-05-17T08:00:47.000Z</time>
        <extensions>
          <ns3:TrackPointExtension>
            <ns3:atemp>20.3</ns3:atemp>
            <ns3:hr>122</ns3:hr>
            <ns3:cad>69</ns3:cad>
            <ns3:power>189</ns3:power>
          </ns3:TrackPointExtension>
        </extensions>
      </trkpt>
      <trkpt lat="46.1742816968" lon="7.2160806923">
        <ele>284.69</ele>
        <time>2026-05-17T08:00:48.000Z</time>
        <extensions>
          <ns3:TrackPointExtension>
            <ns3:atemp>20.3</ns3:atemp>
            <ns3:hr>122</ns3:hr>
            <ns3:cad>69</ns3:cad>
            <ns3:power>190</ns3:power>
          </ns3:TrackPointExtension>
        </extensions>
      </trkpt>
      <trkpt lat="46.1743304707" lon="7.2161589392">
        <ele>284.76</ele>
        <time>2026-05-17T08:00:49.000Z</time>
        <extensions>
          <ns3:TrackPointExtension>
            <ns3:atemp>20.3</ns3:atemp>
            <ns3:hr>122</ns3:hr>
            <ns3:cad>69</ns3:cad>
            <ns3:power>190</ns3:power>
          </ns3:TrackPointExtension>
        </extensions>
      </trkpt>
      <trkpt lat="46.1743819509" lon="7.2162267154">
        <ele>284.84</ele>
        <time>2026-05-17T08:00:50.000Z</time>
        <extensions>
          <ns3:TrackPointExtension>
            <ns3:atemp>20.3</ns3:atemp>
            <ns3:hr>122</ns3:hr>
            <ns3:cad>69</ns3:cad>
            <ns3:power>191</ns3:power>
          </ns3:TrackPointExtension>
        </extensions>
      </trkpt>
      <trkpt lat="46.1744301918" lon="7.2162975351">
        <ele>284.92</ele>
        <time>2026-05-17T08:00:51.000Z</time>
        <extensions>
          <ns3:TrackPointExtension>
            <ns3:atemp>20.3</ns3:atemp>
            <ns3:hr>122</ns3:hr>
            <ns3:cad>69</ns3:cad>
            <ns3:power>191</ns3:power>
          </ns3:TrackPointExtension>
        </extensions>
      </trkpt>
      <trkpt lat="46.1744808389" lon="7.2163666690">
        <ele>285.00</ele>
        <time>2026-05-17T08:00:52.000Z</time>
        <extensions>
          <ns3:TrackPointExtension>
            <ns3:atemp>20.3</ns3:atemp>
            <ns3:hr>122</ns3:hr>
            <ns3:cad>69</ns3:cad>
            <ns3:power>192</ns3:power>
          </ns3:TrackPointExtension>
        </extensions>
      </trkpt>
      <trkpt lat="46.1745323766" lon="7.2164438519">
        <ele>285.08</ele>
        <time>2026-05-17T08:00:53.000Z</time>
        <extensions>
          <ns3:TrackPointExtension>
            <ns3:atemp>20.3</ns3:atemp>
            <ns3:hr>123</ns3:hr>
            <ns3:cad>68</ns3:cad>
            <ns3:power>192</ns3:power>
          </ns3:TrackPointExtension>
        </extensions>
      </trkpt>
      <trkpt lat="46.1745815295" lon="7.2165214078">
        <ele>285.16</ele>
        <time>2026-05-17T08:00:54.000Z</time>
        <extensions>
          <ns3:TrackPointExtension>
            <ns3:atemp>20.3</ns3:atemp>
            <ns3:hr>123</ns3:hr>
            <ns3:cad>68</ns3:cad>
            <ns3:power>193</ns3:power>
          </ns3:TrackPointExtension>
        </extensions>
      </trkpt>
      <trkpt lat="46.1746311814" lon="7.2166013444">
        <ele>285.24</ele>
        <time>2026-05-17T08:00:55.000Z</time>
        <extensions>
          <ns3:TrackPointExtension>
            <ns3:atemp>20.3</ns3:atemp>
            <ns3:hr>123</ns3:hr>
            <ns3:cad>68</ns3:cad>
            <ns3:power>193</ns3:power>
          </ns3:TrackPointExtension>
        </extensions>
      </trkpt>
      <trkpt lat="46.1746780067" lon="7.2166803454">
        <ele>285.32</ele>
        <time>2026-05-17T08:00:56.000Z</time>
        <extensions>
          <ns3:TrackPointExtension>
            <ns3:atemp>20.3</ns3:atemp>
            <ns3:hr>123</ns3:hr>
            <ns3:cad>68</ns3:cad>
            <ns3:power>194</ns3:power>
          </ns3:TrackPointExtension>
        </extensions>
      </trkpt>
      <trkpt lat="46.1747248449" lon="7.2167558174">
        <ele>285.40</ele>
        <time>2026-05-17T08:00:57.000Z</time>
        <extensions>
          <ns3:TrackPointExtension>
            <ns3:atemp>20.3</ns3:atemp>
            <ns3:hr>123</ns3:hr>
            <ns3:cad>68</ns3:cad>
            <ns3:power>195</ns3:power>
          </ns3:TrackPointExtension>
        </extensions>
      </trkpt>
      <trkpt lat="46.1747757411" lon="7.2168253320">
        <ele>285.48</ele>
        <time>2026-05-17T08:00:58.000Z</time>
        <extensions>
          <ns3:TrackPointExtension>
            <ns3:atemp>20.3</ns3:atemp>
            <ns3:hr>123</ns3:hr>
            <ns3:cad>68</ns3:cad>
            <ns3:power>195</ns3:power>
          </ns3:TrackPointExtension>
        </extensions>
      </trkpt>
      <trkpt lat="46.1748234892" lon="7.2168958208">
        <ele>285.56</ele>
        <time>2026-05-17T08:00:59.000Z</time>
        <extensions>
          <ns3:TrackPointExtension>
            <ns3:atemp>20.3</ns3:atemp>
            <ns3:hr>123</ns3:hr>
            <ns3:cad>68</ns3:cad>
            <ns3:power>196</ns3:power>
          </ns3:TrackPointExtension>
        </extensions>
      </trkpt>
      <trkpt lat="46.1748761826" lon="7.2169724333">
        <ele>285.64</ele>
        <time>2026-05-17T08:01:00.000Z</time>
        <extensions>
          <ns3:TrackPointExtension>
            <ns3:atemp>20.3</ns3:atemp>
            <ns3:hr>123</ns3:hr>
            <ns3:cad>68</ns3:cad>
            <ns3:power>196</ns3:power>
          </ns3:TrackPointExtension>
        </extensions>
      </trkpt>
      <trkpt lat="46.1749257970" lon="7.2170388046">
        <ele>285.72</ele>
        <time>2026-05-17T08:01:01.000Z</time>
        <extensions>
          <ns3:TrackPointExtension>
            <ns3:atemp>20.3</ns3:atemp>
            <ns3:hr>123</ns3:hr>
            <ns3:cad>68</ns3:cad>
            <ns3:power>197</ns3:power>
          </ns3:TrackPointExtension>
        </extensions>
      </trkpt>
      <trkpt lat="46.1749744901" lon="7.2171064903">
        <ele>285.80</ele>
        <time>2026-05-17T08:01:02.000Z</time>
        <extensions>
          <ns3:TrackPointExtension>
            <ns3:atemp>20.3</ns3:atemp>
            <ns3:hr>123</ns3:hr>
            <ns3:cad>68</ns3:cad>
            <ns3:power>197</ns3:power>
          </ns3:TrackPointExtension>
        </extensions>
      </trkpt>
      <trkpt lat="46.1750300060" lon="7.2171799688">
        <ele>285.88</ele>
        <time>2026-05-17T08:01:03.000Z</time>
        <extensions>
          <ns3:TrackPointExtension>
            <ns3:atemp>20.3</ns3:atemp>
            <ns3:hr>123</ns3:hr>
            <ns3:cad>68</ns3:cad>
            <ns3:power>198</ns3:power>
          </ns3:TrackPointExtension>
        </extensions>
      </trkpt>
      <trkpt lat="46.1750778483" lon="7.2172474698">
        <ele>285.96</ele>
        <time>2026-05-17T08:01:04.000Z</time>
        <extensions>
          <ns3:TrackPointExtension>
            <ns3:atemp>20.3</ns3:atemp>
            <ns3:hr>124</ns3:hr>
            <ns3:cad>68</ns3:cad>
            <ns3:power>198</ns3:power>
          </ns3:TrackPointExtension>
        </extensions>
      </trkpt>
      <trkpt lat="46.1751304643" lon="7.2173226981">
        <ele>286.04</ele>
        <time>2026-05-17T08:01:05.000Z</time>
        <extensions>
          <ns3:TrackPointExtension>
            <ns3:atemp>20.3</ns3:atemp>
            <ns3:hr>124</ns3:hr>
            <ns3:cad>68</ns3:cad>
            <ns3:power>199</ns3:power>
          </ns3:TrackPointExtension>
        </extensions>
      </trkpt>
      <trkpt lat="46.1751857610" lon="7.2174020105">
        <ele>286.12</ele>
        <time>2026-05-17T08:01:06.000Z</time>
        <extensions>
          <ns3:TrackPointExtension>
            <ns3:atemp>20.3</ns3:atemp>
            <ns3:hr>124</ns3:hr>
            <ns3:cad>68</ns3:cad>
            <ns3:power>199</ns3:power>
          </ns3:TrackPointExtension>
        </extensions>
      </trkpt>
      <trkpt lat="46.1752347278" lon="7.2174797676">
        <ele>286.20</ele>
        <time>2026-05-17T08:01:07.000Z</time>
        <extensions>
          <ns3:TrackPointExtension>
            <ns3:atemp>20.3</ns3:atemp>
            <ns3:hr>124</ns3:hr>
            <ns3:cad>68</ns3:cad>
            <ns3:power>200</ns3:power>
          </ns3:TrackPointExtension>
        </extensions>
      </trkpt>
      <trkpt lat="46.1752926440" lon="7.2175463796">
        <ele>286.28</ele>
        <time>2026-05-17T08:01:08.000Z</time>
        <extensions>
          <ns3:TrackPointExtension>
            <ns3:atemp>20.3</ns3:atemp>
            <ns3:hr>124</ns3:hr>
            <ns3:cad>68</ns3:cad>
            <ns3:power>200</ns3:power>
          </ns3:TrackPointExtension>
        </extensions>
      </trkpt>
      <trkpt lat="46.1753448169" lon="7.2176248097">
        <ele>286.36</ele>
        <time>2026-05-17T08:01:09.000Z</time>
        <extensions>
          <ns3:TrackPointExtension>
            <ns3:atemp>20.3</ns3:atemp>
            <ns3:hr>124</ns3:hr>
            <ns3:cad>68</ns3:cad>
            <ns3:power>201</ns3:power>
          </ns3:TrackPointExtension>
        </extensions>
      </trkpt>
      <trkpt lat="46.1753961950" lon="7.2177045608">
        <ele>286.44</ele>
        <time>2026-05-17T08:01:10.000Z</time>
        <extensions>
          <ns3:TrackPointExtension>
            <ns3:atemp>20.3</ns3:atemp>
            <ns3:hr>124</ns3:hr>
            <ns3:cad>68</ns3:cad>
            <ns3:power>201</ns3:power>
          </ns3:TrackPointExtension>
        </extensions>
      </trkpt>
      <trkpt lat="46.1754440106" lon="7.2177815933">
        <ele>286.53</ele>
        <time>2026-05-17T08:01:11.000Z</time>
        <extensions>
          <ns3:TrackPointExtension>
            <ns3:atemp>20.3</ns3:atemp>
            <ns3:hr>124</ns3:hr>
            <ns3:cad>68</ns3:cad>
            <ns3:power>202</ns3:power>
          </ns3:TrackPointExtension>
        </extensions>
      </trkpt>
      <trkpt lat="46.1754959717" lon="7.2178476687">
        <ele>286.61</ele>
        <time>2026-05-17T08:01:12.000Z</time>
        <extensions>
          <ns3:TrackPointExtension>
            <ns3:atemp>20.3</ns3:atemp>
            <ns3:hr>124</ns3:hr>
            <ns3:cad>68</ns3:cad>
            <ns3:power>202</ns3:power>
          </ns3:TrackPointExtension>
        </extensions>
      </trkpt>
      <trkpt lat="46.1755474704" lon="7.2179277514">
        <ele>286.69</ele>
        <time>2026-05-17T08:01:13.000Z</time>
        <extensions>
          <ns3:TrackPointExtension>
            <ns3:atemp>20.3</ns3:atemp>
            <ns3:hr>124</ns3:hr>
            <ns3:cad>68</ns3:cad>
            <ns3:power>203</ns3:power>
          </ns3:TrackPointExtension>
        </extensions>
      </trkpt>
      <trkpt lat="46.1755992146" lon="7.2179970265">
        <ele>286.77</ele>
        <time>2026-05-17T08:01:14.000Z</time>
        <extensions>
          <ns3:TrackPointExtension>
            <ns3:atemp>20.3</ns3:atemp>
            <ns3:hr>125</ns3:hr>
            <ns3:cad>68</ns3:cad>
            <ns3:power>203</ns3:power>
          </ns3:TrackPointExtension>
        </extensions>
      </trkpt>
      <trkpt lat="46.1756556121" lon="7.2180764512">
        <ele>286.85</ele>
        <time>2026-05-17T08:01:15.000Z</time>
        <extensions>
          <ns3:TrackPointExtension>
            <ns3:atemp>20.3</ns3:atemp>
            <ns3:hr>125</ns3:hr>
            <ns3:cad>68</ns3:cad>
            <ns3:power>204</ns3:power>
          </ns3:TrackPointExtension>
        </extensions>
      </trkpt>
      <trkpt lat="46.1757118325" lon="7.2181506754">
        <ele>286.93</ele>
        <time>2026-05-17T08:01:16.000Z</time>
        <extensions>
          <ns3:TrackPointExtension>
            <ns3:atemp>20.3</ns3:atemp>
            <ns3:hr>125</ns3:hr>
            <ns3:cad>68</ns3:cad>
            <ns3:power>204</ns3:power>
          </ns3:TrackPointExtension>
        </extensions>
      </trkpt>
      <trkpt lat="46.1757668503" lon="7.2182187905">
        <ele>287.01</ele>
        <time>2026-05-17T08:01:17.000Z</time>
        <extensions>
          <ns3:TrackPointExtension>
            <ns3:atemp>20.3</ns3:atemp>
            <ns3:hr>125</ns3:hr>
            <ns3:cad>68</ns3:cad>
            <ns3:power>205</ns3:power>
          </ns3:TrackPointExtension>
        </extensions>
      </trkpt>
      <trkpt lat="46.1758188564" lon="7.2182867672">
        <ele>287.10</ele>
        <time>2026-05-17T08:01:18.000Z</time>
        <extensions>
          <ns3:TrackPointExtension>
            <ns3:atemp>20.3</ns3:atemp>
            <ns3:hr>125</ns3:hr>
            <ns3:cad>68</ns3:cad>
            <ns3:power>205</ns3:power>
          </ns3:TrackPointExtension>
        </extensions>
      </trkpt>
      <trkpt lat="46.1758687417" lon="7.2183557438">
        <ele>287.18</ele>
        <time>2026-05-17T08:01:19.000Z</time>
        <extensions>
          <ns3:TrackPointExtension>
            <ns3:atemp>20.3</ns3:atemp>
            <ns3:hr>125</ns3:hr>
            <ns3:cad>68</ns3:cad>
            <ns3:power>206</ns3:power>
          </ns3:TrackPointExtension>
        </extensions>
      </trkpt>
      <trkpt lat="46.1759210521" lon="7.2184305966">
        <ele>287.26</ele>
        <time>2026-05-17T08:01:20.000Z</time>
        <extensions>
          <ns3:TrackPointExtension>
            <ns3:atemp>20.4</ns3:atemp>
            <ns3:hr>125</ns3:hr>
            <ns3:cad>68</ns3:cad>
            <ns3:power>206</ns3:power>
          </ns3:TrackPointExtension>
        </extensions>
      </trkpt>
      <trkpt lat="46.1759794139" lon="7.2185022937">
        <ele>287.34</ele>
        <time>2026-05-17T08:01:21.000Z</time>
        <extensions>
          <ns3:TrackPointExtension>
            <ns3:atemp>20.4</ns3:atemp>
            <ns3:hr>125</ns3:hr>
            <ns3:cad>69</ns3:cad>
            <ns3:power>207</ns3:power>
          </ns3:TrackPointExtension>
        </extensions>
      </trkpt>
      <trkpt lat="46.1760321838" lon="7.2185700195">
        <ele>287.43</ele>
        <time>2026-05-17T08:01:22.000Z</time>
        <extensions>
          <ns3:TrackPointExtension>
            <ns3:atemp>20.4</ns3:atemp>
            <ns3:hr>125</ns3:hr>
            <ns3:cad>69</ns3:cad>
            <ns3:power>207</ns3:power>
          </ns3:TrackPointExtension>
        </extensions>
      </trkpt>
      <trkpt lat="46.1760884703" lon="7.2186446299">
        <ele>287.51</ele>
        <time>2026-05-17T08:01:23.000Z</time>
        <extensions>
          <ns3:TrackPointExtension>
            <ns3:atemp>20.4</ns3:atemp>
            <ns3:hr>125</ns3:hr>
            <ns3:cad>69</ns3:cad>
            <ns3:power>208</ns3:power>
          </ns3:TrackPointExtension>
        </extensions>
      </trkpt>
      <trkpt lat="46.1761431386" lon="7.2187181903">
        <ele>287.59</ele>
        <time>2026-05-17T08:01:24.000Z</time>
        <extensions>
          <ns3:TrackPointExtension>
            <ns3:atemp>20.4</ns3:atemp>
            <ns3:hr>126</ns3:hr>
            <ns3:cad>69</ns3:cad>
            <ns3:power>208</ns3:power>
          </ns3:TrackPointExtension>
        </extensions>
      </trkpt>
      <trkpt lat="46.1761979691" lon="7.2187952086">
        <ele>287.67</ele>
        <time>2026-05-17T08:01:25.000Z</time>
        <extensions>
          <ns3:TrackPointExtension>
            <ns3:atemp>20.4</ns3:atemp>
            <ns3:hr>126</ns3:hr>
            <ns3:cad>69</ns3:cad>
            <ns3:power>209</ns3:power>
          </ns3:TrackPointExtension>
        </extensions>
      </trkpt>
      <trkpt lat="46.1762563047" lon="7.2188627007">
        <ele>287.76</ele>
        <time>2026-05-17T08:01:26.000Z</time>
        <extensions>
          <ns3:TrackPointExtension>
            <ns3:atemp>20.4</ns3:atemp>
            <ns3:hr>126</ns3:hr>
            <ns3:cad>69</ns3:cad>
            <ns3:power>209</ns3:power>
          </ns3:TrackPointExtension>
        </extensions>
      </trkpt>
      <trkpt lat="46.1763159181" lon="7.2189388302">
        <ele>287.84</ele>
        <time>2026-05-17T08:01:27.000Z</time>
        <extensions>
          <ns3:TrackPointExtension>
            <ns3:atemp>20.4</ns3:atemp>
            <ns3:hr>126</ns3:hr>
            <ns3:cad>69</ns3:cad>
            <ns3:power>210</ns3:power>
          </ns3:TrackPointExtension>
        </extensions>
      </trkpt>
      <trkpt lat="46.1763735991" lon="7.2190136797">
        <ele>287.92</ele>
        <time>2026-05-17T08:01:28.000Z</time>
        <extensions>
          <ns3:TrackPointExtension>
            <ns3:atemp>20.4</ns3:atemp>
            <ns3:hr>126</ns3:hr>
            <ns3:cad>69</ns3:cad>
            <ns3:power>210</ns3:power>
          </ns3:TrackPointExtension>
        </extensions>
      </trkpt>
      <trkpt lat="46.1764266792" lon="7.2190776868">
        <ele>288.00</ele>
        <time>2026-05-17T08:01:29.000Z</time>
        <extensions>
          <ns3:TrackPointExtension>
            <ns3:atemp>20.4</ns3:atemp>
            <ns3:hr>126</ns3:hr>
            <ns3:cad>69</ns3:cad>
            <ns3:power>210</ns3:power>
          </ns3:TrackPointExtension>
        </extensions>
      </trkpt>
      <trkpt lat="46.1764798857" lon="7.2191438409">
        <ele>288.09</ele>
        <time>2026-05-17T08:01:30.000Z</time>
        <extensions>
          <ns3:TrackPointExtension>
            <ns3:atemp>20.4</ns3:atemp>
            <ns3:hr>126</ns3:hr>
            <ns3:cad>69</ns3:cad>
            <ns3:power>211</ns3:power>
          </ns3:TrackPointExtension>
        </extensions>
      </trkpt>
      <trkpt lat="46.1765313130" lon="7.2192197175">
        <ele>288.17</ele>
        <time>2026-05-17T08:01:31.000Z</time>
        <extensions>
          <ns3:TrackPointExtension>
            <ns3:atemp>20.4</ns3:atemp>
            <ns3:hr>126</ns3:hr>
            <ns3:cad>70</ns3:cad>
            <ns3:power>211</ns3:power>
          </ns3:TrackPointExtension>
        </extensions>
      </trkpt>
      <trkpt lat="46.1765839465" lon="7.2192890074">
        <ele>288.25</ele>
        <time>2026-05-17T08:01:32.000Z</time>
        <extensions>
          <ns3:TrackPointExtension>
            <ns3:atemp>20.4</ns3:atemp>
            <ns3:hr>126</ns3:hr>
            <ns3:cad>70</ns3:cad>
            <ns3:power>211</ns3:power>
          </ns3:TrackPointExtension>
        </extensions>
      </trkpt>
      <trkpt lat="46.1766347260" lon="7.2193545096">
        <ele>288.34</ele>
        <time>2026-05-17T08:01:33.000Z</time>
        <extensions>
          <ns3:TrackPointExtension>
            <ns3:atemp>20.4</ns3:atemp>
            <ns3:hr>126</ns3:hr>
            <ns3:cad>70</ns3:cad>
            <ns3:power>212</ns3:power>
          </ns3:TrackPointExtension>
        </extensions>
      </trkpt>
      <trkpt lat="46.1766951160" lon="7.2194222413">
        <ele>288.42</ele>
        <time>2026-05-17T08:01:34.000Z</time>
        <extensions>
          <ns3:TrackPointExtension>
            <ns3:atemp>20.4</ns3:atemp>
            <ns3:hr>127</ns3:hr>
            <ns3:cad>70</ns3:cad>
            <ns3:power>212</ns3:power>
          </ns3:TrackPointExtension>
        </extensions>
      </trkpt>
      <trkpt lat="46.1767543067" lon="7.2194900361">
        <ele>288.50</ele>
        <time>2026-05-17T08:01:35.000Z</time>
        <extensions>
          <ns3:TrackPointExtension>
            <ns3:atemp>20.4</ns3:atemp>
            <ns3:hr>127</ns3:hr>
            <ns3:cad>70</ns3:cad>
            <ns3:power>212</ns3:power>
          </ns3:TrackPointExtension>
        </extensions>
      </trkpt>
      <trkpt lat="46.1768123584" lon="7.2195546775">
        <ele>288.59</ele>
        <time>2026-05-17T08:01:36.000Z</time>
        <extensions>
          <ns3:TrackPointExtension>
            <ns3:atemp>20.4</ns3:atemp>
            <ns3:hr>127</ns3:hr>
            <ns3:cad>70</ns3:cad>
            <ns3:power>213</ns3:power>
          </ns3:TrackPointExtension>
        </extensions>
      </trkpt>
      <trkpt lat="46.1768682625" lon="7.2196318966">
        <ele>288.67</ele>
        <time>2026-05-17T08:01:37.000Z</time>
        <extensions>
          <ns3:TrackPointExtension>
            <ns3:atemp>20.4</ns3:atemp>
            <ns3:hr>127</ns3:hr>
            <ns3:cad>70</ns3:cad>
            <ns3:power>213</ns3:power>
          </ns3:TrackPointExtension>
        </extensions>
      </trkpt>
      <trkpt lat="46.1769296170" lon="7.2197083443">
        <ele>288.75</ele>
        <time>2026-05-17T08:01:38.000Z</time>
        <extensions>
          <ns3:TrackPointExtension>
            <ns3:atemp>20.4</ns3:atemp>
            <ns3:hr>127</ns3:hr>
            <ns3:cad>71</ns3:cad>
            <ns3:power>213</ns3:power>
          </ns3:TrackPointExtension>
        </extensions>
      </trkpt>
      <trkpt lat="46.1769838461" lon="7.2197794418">
        <ele>288.84</ele>
        <time>2026-05-17T08:01:39.000Z</time>
        <extensions>
          <ns3:TrackPointExtension>
            <ns3:atemp>20.4</ns3:atemp>
            <ns3:hr>127</ns3:hr>
            <ns3:cad>71</ns3:cad>
            <ns3:power>214</ns3:power>
          </ns3:TrackPointExtension>
        </extensions>
      </trkpt>
      <trkpt lat="46.1770461231" lon="7.2198544268">
        <ele>288.92</ele>
        <time>2026-05-17T08:01:40.000Z</time>
        <extensions>
          <ns3:TrackPointExtension>
            <ns3:atemp>20.4</ns3:atemp>
            <ns3:hr>127</ns3:hr>
            <ns3:cad>71</ns3:cad>
            <ns3:power>214</ns3:power>
          </ns3:TrackPointExtension>
        </extensions>
      </trkpt>
      <trkpt lat="46.1771005417" lon="7.2199177419">
        <ele>289.00</ele>
        <time>2026-05-17T08:01:41.000Z</time>
        <extensions>
          <ns3:TrackPointExtension>
            <ns3:atemp>20.4</ns3:atemp>
            <ns3:hr>127</ns3:hr>
            <ns3:cad>71</ns3:cad>
            <ns3:power>214</ns3:power>
          </ns3:TrackPointExtension>
        </extensions>
      </trkpt>
      <trkpt lat="46.1771602505" lon="7.2199911962">
        <ele>289.09</ele>
        <time>2026-05-17T08:01:42.000Z</time>
        <extensions>
          <ns3:TrackPointExtension>
            <ns3:atemp>20.4</ns3:atemp>
            <ns3:hr>127</ns3:hr>
            <ns3:cad>71</ns3:cad>
            <ns3:power>214</ns3:power>
          </ns3:TrackPointExtension>
        </extensions>
      </trkpt>
      <trkpt lat="46.1772165185" lon="7.2200585374">
        <ele>289.17</ele>
        <time>2026-05-17T08:01:43.000Z</time>
        <extensions>
          <ns3:TrackPointExtension>
            <ns3:atemp>20.4</ns3:atemp>
            <ns3:hr>127</ns3:hr>
            <ns3:cad>71</ns3:cad>
            <ns3:power>215</ns3:power>
          </ns3:TrackPointExtension>
        </extensions>
      </trkpt>
      <trkpt lat="46.1772773969" lon="7.2201352490">
        <ele>289.25</ele>
        <time>2026-05-17T08:01:44.000Z</time>
        <extensions>
          <ns3:TrackPointExtension>
            <ns3:atemp>20.4</ns3:atemp>
            <ns3:hr>127</ns3:hr>
            <ns3:cad>71</ns3:cad>
            <ns3:power>215</ns3:power>
          </ns3:TrackPointExtension>
        </extensions>
      </trkpt>
      <trkpt lat="46.1773303802" lon="7.2202044209">
        <ele>289.34</ele>
        <time>2026-05-17T08:01:45.000Z</time>
        <extensions>
          <ns3:TrackPointExtension>
            <ns3:atemp>20.4</ns3:atemp>
            <ns3:hr>128</ns3:hr>
            <ns3:cad>72</ns3:cad>
            <ns3:power>215</ns3:power>
          </ns3:TrackPointExtension>
        </extensions>
      </trkpt>
      <trkpt lat="46.1773885609" lon="7.2202809222">
        <ele>289.42</ele>
        <time>2026-05-17T08:01:46.000Z</time>
        <extensions>
          <ns3:TrackPointExtension>
            <ns3:atemp>20.4</ns3:atemp>
            <ns3:hr>128</ns3:hr>
            <ns3:cad>72</ns3:cad>
            <ns3:power>215</ns3:power>
          </ns3:TrackPointExtension>
        </extensions>
      </trkpt>
      <trkpt lat="46.1774459489" lon="7.2203577722">
        <ele>289.51</ele>
        <time>2026-05-17T08:01:47.000Z</time>
        <extensions>
          <ns3:TrackPointExtension>
            <ns3:atemp>20.4</ns3:atemp>
            <ns3:hr>128</ns3:hr>
            <ns3:cad>72</ns3:cad>
            <ns3:power>215</ns3:power>
          </ns3:TrackPointExtension>
        </extensions>
      </trkpt>
      <trkpt lat="46.1775067992" lon="7.2204244645">
        <ele>289.59</ele>
        <time>2026-05-17T08:01:48.000Z</time>
        <extensions>
          <ns3:TrackPointExtension>
            <ns3:atemp>20.4</ns3:atemp>
            <ns3:hr>128</ns3:hr>
            <ns3:cad>72</ns3:cad>
            <ns3:power>216</ns3:power>
          </ns3:TrackPointExtension>
        </extensions>
      </trkpt>
      <trkpt lat="46.1775645708" lon="7.2204951444">
        <ele>289.67</ele>
        <time>2026-05-17T08:01:49.000Z</time>
        <extensions>
          <ns3:TrackPointExtension>
            <ns3:atemp>20.4</ns3:atemp>
            <ns3:hr>128</ns3:hr>
            <ns3:cad>72</ns3:cad>
            <ns3:power>216</ns3:power>
          </ns3:TrackPointExtension>
        </extensions>
      </trkpt>
      <trkpt lat="46.1776185804" lon="7.2205617809">
        <ele>289.76</ele>
        <time>2026-05-17T08:01:50.000Z</time>
        <extensions>
          <ns3:TrackPointExtension>
            <ns3:atemp>20.4</ns3:atemp>
            <ns3:hr>128</ns3:hr>
            <ns3:cad>73</ns3:cad>
            <ns3:power>216</ns3:power>
          </ns3:TrackPointExtension>
        </extensions>
      </trkpt>
      <trkpt lat="46.1776762458" lon="7.2206363424">
        <ele>289.84</ele>
        <time>2026-05-17T08:01:51.000Z</time>
        <extensions>
          <ns3:TrackPointExtension>
            <ns3:atemp>20.4</ns3:atemp>
            <ns3:hr>128</ns3:hr>
            <ns3:cad>73</ns3:cad>
            <ns3:power>216</ns3:power>
          </ns3:TrackPointExtension>
        </extensions>
      </trkpt>
      <trkpt lat="46.1777294688" lon="7.2207063573">
        <ele>289.92</ele>
        <time>2026-05-17T08:01:52.000Z</time>
        <extensions>
          <ns3:TrackPointExtension>
            <ns3:atemp>20.4</ns3:atemp>
            <ns3:hr>128</ns3:hr>
            <ns3:cad>73</ns3:cad>
            <ns3:power>216</ns3:power>
          </ns3:TrackPointExtension>
        </extensions>
      </trkpt>
      <trkpt lat="46.1777856458" lon="7.2207770924">
        <ele>290.01</ele>
        <time>2026-05-17T08:01:53.000Z</time>
        <extensions>
          <ns3:TrackPointExtension>
            <ns3:atemp>20.4</ns3:atemp>
            <ns3:hr>128</ns3:hr>
            <ns3:cad>73</ns3:cad>
            <ns3:power>216</ns3:power>
          </ns3:TrackPointExtension>
        </extensions>
      </trkpt>
      <trkpt lat="46.1778483948" lon="7.2208545001">
        <ele>290.09</ele>
        <time>2026-05-17T08:01:54.000Z</time>
        <extensions>
          <ns3:TrackPointExtension>
            <ns3:atemp>20.4</ns3:atemp>
            <ns3:hr>128</ns3:hr>
            <ns3:cad>73</ns3:cad>
            <ns3:power>216</ns3:power>
          </ns3:TrackPointExtension>
        </extensions>
      </trkpt>
      <trkpt lat="46.1779016419" lon="7.2209309041">
        <ele>290.18</ele>
        <time>2026-05-17T08:01:55.000Z</time>
        <extensions>
          <ns3:TrackPointExtension>
            <ns3:atemp>20.4</ns3:atemp>
            <ns3:hr>129</ns3:hr>
            <ns3:cad>74</ns3:cad>
            <ns3:power>216</ns3:power>
          </ns3:TrackPointExtension>
        </extensions>
      </trkpt>
      <trkpt lat="46.1779632632" lon="7.2209947501">
        <ele>290.26</ele>
        <time>2026-05-17T08:01:56.000Z</time>
        <extensions>
          <ns3:TrackPointExtension>
            <ns3:atemp>20.4</ns3:atemp>
            <ns3:hr>129</ns3:hr>
            <ns3:cad>74</ns3:cad>
            <ns3:power>216</ns3:power>
          </ns3:TrackPointExtension>
        </extensions>
      </trkpt>
      <trkpt lat="46.1780217418" lon="7.2210690902">
        <ele>290.34</ele>
        <time>2026-05-17T08:01:57.000Z</time>
        <extensions>
          <ns3:TrackPointExtension>
            <ns3:atemp>20.4</ns3:atemp>
            <ns3:hr>129</ns3:hr>
            <ns3:cad>74</ns3:cad>
            <ns3:power>216</ns3:power>
          </ns3:TrackPointExtension>
        </extensions>
      </trkpt>
      <trkpt lat="46.1780830002" lon="7.2211342659">
        <ele>290.43</ele>
        <time>2026-05-17T08:01:58.000Z</time>
        <extensions>
          <ns3:TrackPointExtension>
            <ns3:atemp>20.4</ns3:atemp>
            <ns3:hr>129</ns3:hr>
            <ns3:cad>74</ns3:cad>
            <ns3:power>216</ns3:power>
          </ns3:TrackPointExtension>
        </extensions>
      </trkpt>
      <trkpt lat="46.1781445630" lon="7.2211993697">
        <ele>290.51</ele>
        <time>2026-05-17T08:01:59.000Z</time>
        <extensions>
          <ns3:TrackPointExtension>
            <ns3:atemp>20.4</ns3:atemp>
            <ns3:hr>129</ns3:hr>
            <ns3:cad>74</ns3:cad>
            <ns3:power>216</ns3:power>
          </ns3:TrackPointExtension>
        </extensions>
      </trkpt>
      <trkpt lat="46.1781980321" lon="7.2212735845">
        <ele>290.60</ele>
        <time>2026-05-17T08:02:00.000Z</time>
        <extensions>
          <ns3:TrackPointExtension>
            <ns3:atemp>20.4</ns3:atemp>
            <ns3:hr>129</ns3:hr>
            <ns3:cad>75</ns3:cad>
            <ns3:power>216</ns3:power>
          </ns3:TrackPointExtension>
        </extensions>
      </trkpt>
      <trkpt lat="46.1782572561" lon="7.2213422556">
        <ele>290.68</ele>
        <time>2026-05-17T08:02:01.000Z</time>
        <extensions>
          <ns3:TrackPointExtension>
            <ns3:atemp>20.4</ns3:atemp>
            <ns3:hr>129</ns3:hr>
            <ns3:cad>75</ns3:cad>
            <ns3:power>216</ns3:power>
          </ns3:TrackPointExtension>
        </extensions>
      </trkpt>
      <trkpt lat="46.1783099635" lon="7.2214094634">
        <ele>290.76</ele>
        <time>2026-05-17T08:02:02.000Z</time>
        <extensions>
          <ns3:TrackPointExtension>
            <ns3:atemp>20.4</ns3:atemp>
            <ns3:hr>129</ns3:hr>
            <ns3:cad>75</ns3:cad>
            <ns3:power>216</ns3:power>
          </ns3:TrackPointExtension>
        </extensions>
      </trkpt>
      <trkpt lat="46.1783639003" lon="7.2214866245">
        <ele>290.85</ele>
        <time>2026-05-17T08:02:03.000Z</time>
        <extensions>
          <ns3:TrackPointExtension>
            <ns3:atemp>20.4</ns3:atemp>
            <ns3:hr>129</ns3:hr>
            <ns3:cad>75</ns3:cad>
            <ns3:power>216</ns3:power>
          </ns3:TrackPointExtension>
        </extensions>
      </trkpt>
      <trkpt lat="46.1784217161" lon="7.2215536956">
        <ele>290.93</ele>
        <time>2026-05-17T08:02:04.000Z</time>
        <extensions>
          <ns3:TrackPointExtension>
            <ns3:atemp>20.4</ns3:atemp>
            <ns3:hr>129</ns3:hr>
            <ns3:cad>75</ns3:cad>
            <ns3:power>216</ns3:power>
          </ns3:TrackPointExtension>
        </extensions>
      </trkpt>
      <trkpt lat="46.1784774380" lon="7.2216268168">
        <ele>291.02</ele>
        <time>2026-05-17T08:02:05.000Z</time>
        <extensions>
          <ns3:TrackPointExtension>
            <ns3:atemp>20.4</ns3:atemp>
            <ns3:hr>129</ns3:hr>
            <ns3:cad>76</ns3:cad>
            <ns3:power>216</ns3:power>
          </ns3:TrackPointExtension>
        </extensions>
      </trkpt>
      <trkpt lat="46.1785376518" lon="7.2217057226">
        <ele>291.10</ele>
        <time>2026-05-17T08:02:06.000Z</time>
        <extensions>
          <ns3:TrackPointExtension>
            <ns3:atemp>20.4</ns3:atemp>
            <ns3:hr>129</ns3:hr>
            <ns3:cad>76</ns3:cad>
            <ns3:power>216</ns3:power>
          </ns3:TrackPointExtension>
        </extensions>
      </trkpt>
      <trkpt lat="46.1785931452" lon="7.2217737613">
        <ele>291.18</ele>
        <time>2026-05-17T08:02:07.000Z</time>
        <extensions>
          <ns3:TrackPointExtension>
            <ns3:atemp>20.4</ns3:atemp>
            <ns3:hr>129</ns3:hr>
            <ns3:cad>76</ns3:cad>
            <ns3:power>216</ns3:power>
          </ns3:TrackPointExtension>
        </extensions>
      </trkpt>
      <trkpt lat="46.1786538012" lon="7.2218422041">
        <ele>291.27</ele>
        <time>2026-05-17T08:02:08.000Z</time>
        <extensions>
          <ns3:TrackPointExtension>
            <ns3:atemp>20.4</ns3:atemp>
            <ns3:hr>130</ns3:hr>
            <ns3:cad>76</ns3:cad>
            <ns3:power>216</ns3:power>
          </ns3:TrackPointExtension>
        </extensions>
      </trkpt>
      <trkpt lat="46.1787141144" lon="7.2219079986">
        <ele>291.35</ele>
        <time>2026-05-17T08:02:09.000Z</time>
        <extensions>
          <ns3:TrackPointExtension>
            <ns3:atemp>20.4</ns3:atemp>
            <ns3:hr>130</ns3:hr>
            <ns3:cad>77</ns3:cad>
            <ns3:power>215</ns3:power>
          </ns3:TrackPointExtension>
        </extensions>
      </trkpt>
      <trkpt lat="46.1787729837" lon="7.2219755538">
        <ele>291.44</ele>
        <time>2026-05-17T08:02:10.000Z</time>
        <extensions>
          <ns3:TrackPointExtension>
            <ns3:atemp>20.4</ns3:atemp>
            <ns3:hr>130</ns3:hr>
            <ns3:cad>77</ns3:cad>
            <ns3:power>215</ns3:power>
          </ns3:TrackPointExtension>
        </extensions>
      </trkpt>
      <trkpt lat="46.1788304699" lon="7.2220420623">
        <ele>291.52</ele>
        <time>2026-05-17T08:02:11.000Z</time>
        <extensions>
          <ns3:TrackPointExtension>
            <ns3:atemp>20.4</ns3:atemp>
            <ns3:hr>130</ns3:hr>
            <ns3:cad>77</ns3:cad>
            <ns3:power>215</ns3:power>
          </ns3:TrackPointExtension>
        </extensions>
      </trkpt>
      <trkpt lat="46.1788827232" lon="7.2221079633">
        <ele>291.60</ele>
        <time>2026-05-17T08:02:12.000Z</time>
        <extensions>
          <ns3:TrackPointExtension>
            <ns3:atemp>20.4</ns3:atemp>
            <ns3:hr>130</ns3:hr>
            <ns3:cad>77</ns3:cad>
            <ns3:power>215</ns3:power>
          </ns3:TrackPointExtension>
        </extensions>
      </trkpt>
      <trkpt lat="46.1789416151" lon="7.2221850199">
        <ele>291.69</ele>
        <time>2026-05-17T08:02:13.000Z</time>
        <extensions>
          <ns3:TrackPointExtension>
            <ns3:atemp>20.4</ns3:atemp>
            <ns3:hr>130</ns3:hr>
            <ns3:cad>77</ns3:cad>
            <ns3:power>215</ns3:power>
          </ns3:TrackPointExtension>
        </extensions>
      </trkpt>
      <trkpt lat="46.1789916345" lon="7.2222615750">
        <ele>291.77</ele>
        <time>2026-05-17T08:02:14.000Z</time>
        <extensions>
          <ns3:TrackPointExtension>
            <ns3:atemp>20.4</ns3:atemp>
            <ns3:hr>130</ns3:hr>
            <ns3:cad>78</ns3:cad>
            <ns3:power>214</ns3:power>
          </ns3:TrackPointExtension>
        </extensions>
      </trkpt>
      <trkpt lat="46.1790450030" lon="7.2223333957">
        <ele>291.85</ele>
        <time>2026-05-17T08:02:15.000Z</time>
        <extensions>
          <ns3:TrackPointExtension>
            <ns3:atemp>20.4</ns3:atemp>
            <ns3:hr>130</ns3:hr>
            <ns3:cad>78</ns3:cad>
            <ns3:power>214</ns3:power>
          </ns3:TrackPointExtension>
        </extensions>
      </trkpt>
      <trkpt lat="46.1790950315" lon="7.2224145037">
        <ele>291.94</ele>
        <time>2026-05-17T08:02:16.000Z</time>
        <extensions>
          <ns3:TrackPointExtension>
            <ns3:atemp>20.4</ns3:atemp>
            <ns3:hr>130</ns3:hr>
            <ns3:cad>78</ns3:cad>
            <ns3:power>214</ns3:power>
          </ns3:TrackPointExtension>
        </extensions>
      </trkpt>
      <trkpt lat="46.1791539051" lon="7.2224905058">
        <ele>292.02</ele>
        <time>2026-05-17T08:02:17.000Z</time>
        <extensions>
          <ns3:TrackPointExtension>
            <ns3:atemp>20.4</ns3:atemp>
            <ns3:hr>130</ns3:hr>
            <ns3:cad>78</ns3:cad>
            <ns3:power>214</ns3:power>
          </ns3:TrackPointExtension>
        </extensions>
      </trkpt>
      <trkpt lat="46.1792081708" lon="7.2225607996">
        <ele>292.10</ele>
        <time>2026-05-17T08:02:18.000Z</time>
        <extensions>
          <ns3:TrackPointExtension>
            <ns3:atemp>20.4</ns3:atemp>
            <ns3:hr>130</ns3:hr>
            <ns3:cad>79</ns3:cad>
            <ns3:power>213</ns3:power>
          </ns3:TrackPointExtension>
        </extensions>
      </trkpt>
      <trkpt lat="46.1792607324" lon="7.2226376462">
        <ele>292.19</ele>
        <time>2026-05-17T08:02:19.000Z</time>
        <extensions>
          <ns3:TrackPointExtension>
            <ns3:atemp>20.4</ns3:atemp>
            <ns3:hr>130</ns3:hr>
            <ns3:cad>79</ns3:cad>
            <ns3:power>213</ns3:power>
          </ns3:TrackPointExtension>
        </extensions>
      </trkpt>
      <trkpt lat="46.1793195339" lon="7.2227147598">
        <ele>292.27</ele>
        <time>2026-05-17T08:02:20.000Z</time>
        <extensions>
          <ns3:TrackPointExtension>
            <ns3:atemp>20.4</ns3:atemp>
            <ns3:hr>130</ns3:hr>
            <ns3:cad>79</ns3:cad>
            <ns3:power>213</ns3:power>
          </ns3:TrackPointExtension>
        </extensions>
      </trkpt>
      <trkpt lat="46.1793754665" lon="7.2227866452">
        <ele>292.35</ele>
        <time>2026-05-17T08:02:21.000Z</time>
        <extensions>
          <ns3:TrackPointExtension>
            <ns3:atemp>20.4</ns3:atemp>
            <ns3:hr>130</ns3:hr>
            <ns3:cad>79</ns3:cad>
            <ns3:power>212</ns3:power>
          </ns3:TrackPointExtension>
        </extensions>
      </trkpt>
      <trkpt lat="46.1794337280" lon="7.2228670480">
        <ele>292.44</ele>
        <time>2026-05-17T08:02:22.000Z</time>
        <extensions>
          <ns3:TrackPointExtension>
            <ns3:atemp>20.4</ns3:atemp>
            <ns3:hr>131</ns3:hr>
            <ns3:cad>80</ns3:cad>
            <ns3:power>212</ns3:power>
          </ns3:TrackPointExtension>
        </extensions>
      </trkpt>
      <trkpt lat="46.1794878406" lon="7.2229440695">
        <ele>292.52</ele>
        <time>2026-05-17T08:02:23.000Z</time>
        <extensions>
          <ns3:TrackPointExtension>
            <ns3:atemp>20.4</ns3:atemp>
            <ns3:hr>131</ns3:hr>
            <ns3:cad>80</ns3:cad>
            <ns3:power>212</ns3:power>
          </ns3:TrackPointExtension>
        </extensions>
      </trkpt>
      <trkpt lat="46.1795356342" lon="7.2230128200">
        <ele>292.60</ele>
        <time>2026-05-17T08:02:24.000Z</time>
        <extensions>
          <ns3:TrackPointExtension>
            <ns3:atemp>20.4</ns3:atemp>
            <ns3:hr>131</ns3:hr>
            <ns3:cad>80</ns3:cad>
            <ns3:power>211</ns3:power>
          </ns3:TrackPointExtension>
        </extensions>
      </trkpt>
      <trkpt lat="46.1795877670" lon="7.2230934230">
        <ele>292.69</ele>
        <time>2026-05-17T08:02:25.000Z</time>
        <extensions>
          <ns3:TrackPointExtension>
            <ns3:atemp>20.4</ns3:atemp>
            <ns3:hr>131</ns3:hr>
            <ns3:cad>80</ns3:cad>
            <ns3:power>211</ns3:power>
          </ns3:TrackPointExtension>
        </extensions>
      </trkpt>
      <trkpt lat="46.1796432690" lon="7.2231743327">
        <ele>292.77</ele>
        <time>2026-05-17T08:02:26.000Z</time>
        <extensions>
          <ns3:TrackPointExtension>
            <ns3:atemp>20.4</ns3:atemp>
            <ns3:hr>131</ns3:hr>
            <ns3:cad>80</ns3:cad>
            <ns3:power>211</ns3:power>
          </ns3:TrackPointExtension>
        </extensions>
      </trkpt>
      <trkpt lat="46.1796983422" lon="7.2232567045">
        <ele>292.85</ele>
        <time>2026-05-17T08:02:27.000Z</time>
        <extensions>
          <ns3:TrackPointExtension>
            <ns3:atemp>20.4</ns3:atemp>
            <ns3:hr>131</ns3:hr>
            <ns3:cad>81</ns3:cad>
            <ns3:power>210</ns3:power>
          </ns3:TrackPointExtension>
        </extensions>
      </trkpt>
      <trkpt lat="46.1797529375" lon="7.2233353607">
        <ele>292.94</ele>
        <time>2026-05-17T08:02:28.000Z</time>
        <extensions>
          <ns3:TrackPointExtension>
            <ns3:atemp>20.4</ns3:atemp>
            <ns3:hr>131</ns3:hr>
            <ns3:cad>81</ns3:cad>
            <ns3:power>210</ns3:power>
          </ns3:TrackPointExtension>
        </extensions>
      </trkpt>
      <trkpt lat="46.1797998959" lon="7.2234111507">
        <ele>293.02</ele>
        <time>2026-05-17T08:02:29.000Z</time>
        <extensions>
          <ns3:TrackPointExtension>
            <ns3:atemp>20.4</ns3:atemp>
            <ns3:hr>131</ns3:hr>
            <ns3:cad>81</ns3:cad>
            <ns3:power>209</ns3:power>
          </ns3:TrackPointExtension>
        </extensions>
      </trkpt>
      <trkpt lat="46.1798504730" lon="7.2234943083">
        <ele>293.10</ele>
        <time>2026-05-17T08:02:30.000Z</time>
        <extensions>
          <ns3:TrackPointExtension>
            <ns3:atemp>20.4</ns3:atemp>
            <ns3:hr>131</ns3:hr>
            <ns3:cad>81</ns3:cad>
            <ns3:power>209</ns3:power>
          </ns3:TrackPointExtension>
        </extensions>
      </trkpt>
      <trkpt lat="46.1799017295" lon="7.2235748712">
        <ele>293.18</ele>
        <time>2026-05-17T08:02:31.000Z</time>
        <extensions>
          <ns3:TrackPointExtension>
            <ns3:atemp>20.4</ns3:atemp>
            <ns3:hr>131</ns3:hr>
            <ns3:cad>82</ns3:cad>
            <ns3:power>209</ns3:power>
          </ns3:TrackPointExtension>
        </extensions>
      </trkpt>
      <trkpt lat="46.1799491767" lon="7.2236529972">
        <ele>293.27</ele>
        <time>2026-05-17T08:02:32.000Z</time>
        <extensions>
          <ns3:TrackPointExtension>
            <ns3:atemp>20.4</ns3:atemp>
            <ns3:hr>131</ns3:hr>
            <ns3:cad>82</ns3:cad>
            <ns3:power>208</ns3:power>
          </ns3:TrackPointExtension>
        </extensions>
      </trkpt>
      <trkpt lat="46.1800045567" lon="7.2237320707">
        <ele>293.35</ele>
        <time>2026-05-17T08:02:33.000Z</time>
        <extensions>
          <ns3:TrackPointExtension>
            <ns3:atemp>20.4</ns3:atemp>
            <ns3:hr>131</ns3:hr>
            <ns3:cad>82</ns3:cad>
            <ns3:power>208</ns3:power>
          </ns3:TrackPointExtension>
        </extensions>
      </trkpt>
      <trkpt lat="46.1800535511" lon="7.2238133548">
        <ele>293.43</ele>
        <time>2026-05-17T08:02:34.000Z</time>
        <extensions>
          <ns3:TrackPointExtension>
            <ns3:atemp>20.4</ns3:atemp>
            <ns3:hr>131</ns3:hr>
            <ns3:cad>82</ns3:cad>
            <ns3:power>207</ns3:power>
          </ns3:TrackPointExtension>
        </extensions>
      </trkpt>
      <trkpt lat="46.1801086933" lon="7.2238948408">
        <ele>293.51</ele>
        <time>2026-05-17T08:02:35.000Z</time>
        <extensions>
          <ns3:TrackPointExtension>
            <ns3:atemp>20.4</ns3:atemp>
            <ns3:hr>131</ns3:hr>
            <ns3:cad>82</ns3:cad>
            <ns3:power>207</ns3:power>
          </ns3:TrackPointExtension>
        </extensions>
      </trkpt>
      <trkpt lat="46.1801559373" lon="7.2239685264">
        <ele>293.59</ele>
        <time>2026-05-17T08:02:36.000Z</time>
        <extensions>
          <ns3:TrackPointExtension>
            <ns3:atemp>20.4</ns3:atemp>
            <ns3:hr>131</ns3:hr>
            <ns3:cad>83</ns3:cad>
            <ns3:power>206</ns3:power>
          </ns3:TrackPointExtension>
        </extensions>
      </trkpt>
      <trkpt lat="46.1802015039" lon="7.2240516229">
        <ele>293.68</ele>
        <time>2026-05-17T08:02:37.000Z</time>
        <extensions>
          <ns3:TrackPointExtension>
            <ns3:atemp>20.4</ns3:atemp>
            <ns3:hr>131</ns3:hr>
            <ns3:cad>83</ns3:cad>
            <ns3:power>206</ns3:power>
          </ns3:TrackPointExtension>
        </extensions>
      </trkpt>
      <trkpt lat="46.1802528583" lon="7.2241288459">
        <ele>293.76</ele>
        <time>2026-05-17T08:02:38.000Z</time>
        <extensions>
          <ns3:TrackPointExtension>
            <ns3:atemp>20.4</ns3:atemp>
            <ns3:hr>131</ns3:hr>
            <ns3:cad>83</ns3:cad>
            <ns3:power>205</ns3:power>
          </ns3:TrackPointExtension>
        </extensions>
      </trkpt>
      <trkpt lat="46.1803029875" lon="7.2242017374">
        <ele>293.84</ele>
        <time>2026-05-17T08:02:39.000Z</time>
        <extensions>
          <ns3:TrackPointExtension>
            <ns3:atemp>20.4</ns3:atemp>
            <ns3:hr>131</ns3:hr>
            <ns3:cad>83</ns3:cad>
            <ns3:power>205</ns3:power>
          </ns3:TrackPointExtension>
        </extensions>
      </trkpt>
      <trkpt lat="46.1803512137" lon="7.2242843108">
        <ele>293.92</ele>
        <time>2026-05-17T08:02:40.000Z</time>
        <extensions>
          <ns3:TrackPointExtension>
            <ns3:atemp>20.4</ns3:atemp>
            <ns3:hr>131</ns3:hr>
            <ns3:cad>83</ns3:cad>
            <ns3:power>204</ns3:power>
          </ns3:TrackPointExtension>
        </extensions>
      </trkpt>
      <trkpt lat="46.1803975737" lon="7.2243702985">
        <ele>294.00</ele>
        <time>2026-05-17T08:02:41.000Z</time>
        <extensions>
          <ns3:TrackPointExtension>
            <ns3:atemp>20.5</ns3:atemp>
            <ns3:hr>131</ns3:hr>
            <ns3:cad>84</ns3:cad>
            <ns3:power>204</ns3:power>
          </ns3:TrackPointExtension>
        </extensions>
      </trkpt>
      <trkpt lat="46.1804492027" lon="7.2244439589">
        <ele>294.08</ele>
        <time>2026-05-17T08:02:42.000Z</time>
        <extensions>
          <ns3:TrackPointExtension>
            <ns3:atemp>20.5</ns3:atemp>
            <ns3:hr>131</ns3:hr>
            <ns3:cad>84</ns3:cad>
            <ns3:power>203</ns3:power>
          </ns3:TrackPointExtension>
        </extensions>
      </trkpt>
      <trkpt lat="46.1805018446" lon="7.2245210474">
        <ele>294.17</ele>
        <time>2026-05-17T08:02:43.000Z</time>
        <extensions>
          <ns3:TrackPointExtension>
            <ns3:atemp>20.5</ns3:atemp>
            <ns3:hr>131</ns3:hr>
            <ns3:cad>84</ns3:cad>
            <ns3:power>203</ns3:power>
          </ns3:TrackPointExtension>
        </extensions>
      </trkpt>
      <trkpt lat="46.1805515341" lon="7.2246000245">
        <ele>294.25</ele>
        <time>2026-05-17T08:02:44.000Z</time>
        <extensions>
          <ns3:TrackPointExtension>
            <ns3:atemp>20.5</ns3:atemp>
            <ns3:hr>131</ns3:hr>
            <ns3:cad>84</ns3:cad>
            <ns3:power>202</ns3:power>
          </ns3:TrackPointExtension>
        </extensions>
      </trkpt>
      <trkpt lat="46.1806024202" lon="7.2246860523">
        <ele>294.33</ele>
        <time>2026-05-17T08:02:45.000Z</time>
        <extensions>
          <ns3:TrackPointExtension>
            <ns3:atemp>20.5</ns3:atemp>
            <ns3:hr>131</ns3:hr>
            <ns3:cad>84</ns3:cad>
            <ns3:power>202</ns3:power>
          </ns3:TrackPointExtension>
        </extensions>
      </trkpt>
      <trkpt lat="46.1806469862" lon="7.2247741900">
        <ele>294.41</ele>
        <time>2026-05-17T08:02:46.000Z</time>
        <extensions>
          <ns3:TrackPointExtension>
            <ns3:atemp>20.5</ns3:atemp>
            <ns3:hr>131</ns3:hr>
            <ns3:cad>84</ns3:cad>
            <ns3:power>201</ns3:power>
          </ns3:TrackPointExtension>
        </extensions>
      </trkpt>
      <trkpt lat="46.1806989646" lon="7.2248553814">
        <ele>294.49</ele>
        <time>2026-05-17T08:02:47.000Z</time>
        <extensions>
          <ns3:TrackPointExtension>
            <ns3:atemp>20.5</ns3:atemp>
            <ns3:hr>132</ns3:hr>
            <ns3:cad>85</ns3:cad>
            <ns3:power>201</ns3:power>
          </ns3:TrackPointExtension>
        </extensions>
      </trkpt>
      <trkpt lat="46.1807465887" lon="7.2249381948">
        <ele>294.57</ele>
        <time>2026-05-17T08:02:48.000Z</time>
        <extensions>
          <ns3:TrackPointExtension>
            <ns3:atemp>20.5</ns3:atemp>
            <ns3:hr>132</ns3:hr>
            <ns3:cad>85</ns3:cad>
            <ns3:power>200</ns3:power>
          </ns3:TrackPointExtension>
        </extensions>
      </trkpt>
      <trkpt lat="46.1807945722" lon="7.2250166298">
        <ele>294.65</ele>
        <time>2026-05-17T08:02:49.000Z</time>
        <extensions>
          <ns3:TrackPointExtension>
            <ns3:atemp>20.5</ns3:atemp>
            <ns3:hr>132</ns3:hr>
            <ns3:cad>85</ns3:cad>
            <ns3:power>200</ns3:power>
          </ns3:TrackPointExtension>
        </extensions>
      </trkpt>
      <trkpt lat="46.1808390819" lon="7.2250921345">
        <ele>294.73</ele>
        <time>2026-05-17T08:02:50.000Z</time>
        <extensions>
          <ns3:TrackPointExtension>
            <ns3:atemp>20.5</ns3:atemp>
            <ns3:hr>132</ns3:hr>
            <ns3:cad>85</ns3:cad>
            <ns3:power>199</ns3:power>
          </ns3:TrackPointExtension>
        </extensions>
      </trkpt>
      <trkpt lat="46.1808856510" lon="7.2251708695">
        <ele>294.81</ele>
        <time>2026-05-17T08:02:51.000Z</time>
        <extensions>
          <ns3:TrackPointExtension>
            <ns3:atemp>20.5</ns3:atemp>
            <ns3:hr>132</ns3:hr>
            <ns3:cad>85</ns3:cad>
            <ns3:power>199</ns3:power>
          </ns3:TrackPointExtension>
        </extensions>
      </trkpt>
      <trkpt lat="46.1809319289" lon="7.2252511079">
        <ele>294.89</ele>
        <time>2026-05-17T08:02:52.000Z</time>
        <extensions>
          <ns3:TrackPointExtension>
            <ns3:atemp>20.5</ns3:atemp>
            <ns3:hr>132</ns3:hr>
            <ns3:cad>85</ns3:cad>
            <ns3:power>198</ns3:power>
          </ns3:TrackPointExtension>
        </extensions>
      </trkpt>
      <trkpt lat="46.1809802301" lon="7.2253279286">
        <ele>294.97</ele>
        <time>2026-05-17T08:02:53.000Z</time>
        <extensions>
          <ns3:TrackPointExtension>
            <ns3:atemp>20.5</ns3:atemp>
            <ns3:hr>132</ns3:hr>
            <ns3:cad>86</ns3:cad>
            <ns3:power>198</ns3:power>
          </ns3:TrackPointExtension>
        </extensions>
      </trkpt>
      <trkpt lat="46.1810258677" lon="7.2254155133">
        <ele>295.05</ele>
        <time>2026-05-17T08:02:54.000Z</time>
        <extensions>
          <ns3:TrackPointExtension>
            <ns3:atemp>20.5</ns3:atemp>
            <ns3:hr>132</ns3:hr>
            <ns3:cad>86</ns3:cad>
            <ns3:power>197</ns3:power>
          </ns3:TrackPointExtension>
        </extensions>
      </trkpt>
      <trkpt lat="46.1810729595" lon="7.2254956264">
        <ele>295.13</ele>
        <time>2026-05-17T08:02:55.000Z</time>
        <extensions>
          <ns3:TrackPointExtension>
            <ns3:atemp>20.5</ns3:atemp>
            <ns3:hr>132</ns3:hr>
            <ns3:cad>86</ns3:cad>
            <ns3:power>197</ns3:power>
          </ns3:TrackPointExtension>
        </extensions>
      </trkpt>
      <trkpt lat="46.1811172957" lon="7.2255833817">
        <ele>295.21</ele>
        <time>2026-05-17T08:02:56.000Z</time>
        <extensions>
          <ns3:TrackPointExtension>
            <ns3:atemp>20.5</ns3:atemp>
            <ns3:hr>132</ns3:hr>
            <ns3:cad>86</ns3:cad>
            <ns3:power>196</ns3:power>
          </ns3:TrackPointExtension>
        </extensions>
      </trkpt>
      <trkpt lat="46.1811614416" lon="7.2256690853">
        <ele>295.29</ele>
        <time>2026-05-17T08:02:57.000Z</time>
        <extensions>
          <ns3:TrackPointExtension>
            <ns3:atemp>20.5</ns3:atemp>
            <ns3:hr>132</ns3:hr>
            <ns3:cad>86</ns3:cad>
            <ns3:power>196</ns3:power>
          </ns3:TrackPointExtension>
        </extensions>
      </trkpt>
      <trkpt lat="46.1812078614" lon="7.2257505883">
        <ele>295.37</ele>
        <time>2026-05-17T08:02:58.000Z</time>
        <extensions>
          <ns3:TrackPointExtension>
            <ns3:atemp>20.5</ns3:atemp>
            <ns3:hr>132</ns3:hr>
            <ns3:cad>86</ns3:cad>
            <ns3:power>195</ns3:power>
          </ns3:TrackPointExtension>
        </extensions>
      </trkpt>
      <trkpt lat="46.1812487732" lon="7.2258383135">
        <ele>295.45</ele>
        <time>2026-05-17T08:02:59.000Z</time>
        <extensions>
          <ns3:TrackPointExtension>
            <ns3:atemp>20.5</ns3:atemp>
            <ns3:hr>132</ns3:hr>
            <ns3:cad>86</ns3:cad>
            <ns3:power>194</ns3:power>
          </ns3:TrackPointExtension>
        </extensions>
      </trkpt>
      <trkpt lat="46.1812928747" lon="7.2259232534">
        <ele>295.53</ele>
        <time>2026-05-17T08:03:00.000Z</time>
        <extensions>
          <ns3:TrackPointExtension>
            <ns3:atemp>20.5</ns3:atemp>
            <ns3:hr>132</ns3:hr>
            <ns3:cad>87</ns3:cad>
            <ns3:power>194</ns3:power>
          </ns3:TrackPointExtension>
        </extensions>
      </trkpt>
      <trkpt lat="46.1813373867" lon="7.2260060027">
        <ele>295.61</ele>
        <time>2026-05-17T08:03:01.000Z</time>
        <extensions>
          <ns3:TrackPointExtension>
            <ns3:atemp>20.5</ns3:atemp>
            <ns3:hr>132</ns3:hr>
            <ns3:cad>87</ns3:cad>
            <ns3:power>193</ns3:power>
          </ns3:TrackPointExtension>
        </extensions>
      </trkpt>
      <trkpt lat="46.1813827845" lon="7.2260944273">
        <ele>295.69</ele>
        <time>2026-05-17T08:03:02.000Z</time>
        <extensions>
          <ns3:TrackPointExtension>
            <ns3:atemp>20.5</ns3:atemp>
            <ns3:hr>132</ns3:hr>
            <ns3:cad>87</ns3:cad>
            <ns3:power>193</ns3:power>
          </ns3:TrackPointExtension>
        </extensions>
      </trkpt>
      <trkpt lat="46.1814240791" lon="7.2261806027">
        <ele>295.77</ele>
        <time>2026-05-17T08:03:03.000Z</time>
        <extensions>
          <ns3:TrackPointExtension>
            <ns3:atemp>20.5</ns3:atemp>
            <ns3:hr>132</ns3:hr>
            <ns3:cad>87</ns3:cad>
            <ns3:power>192</ns3:power>
          </ns3:TrackPointExtension>
        </extensions>
      </trkpt>
      <trkpt lat="46.1814626332" lon="7.2262581691">
        <ele>295.85</ele>
        <time>2026-05-17T08:03:04.000Z</time>
        <extensions>
          <ns3:TrackPointExtension>
            <ns3:atemp>20.5</ns3:atemp>
            <ns3:hr>132</ns3:hr>
            <ns3:cad>87</ns3:cad>
            <ns3:power>192</ns3:power>
          </ns3:TrackPointExtension>
        </extensions>
      </trkpt>
      <trkpt lat="46.1815061968" lon="7.2263349221">
        <ele>295.93</ele>
        <time>2026-05-17T08:03:05.000Z</time>
        <extensions>
          <ns3:TrackPointExtension>
            <ns3:atemp>20.5</ns3:atemp>
            <ns3:hr>132</ns3:hr>
            <ns3:cad>87</ns3:cad>
            <ns3:power>191</ns3:power>
          </ns3:TrackPointExtension>
        </extensions>
      </trkpt>
      <trkpt lat="46.1815517084" lon="7.2264170249">
        <ele>296.01</ele>
        <time>2026-05-17T08:03:06.000Z</time>
        <extensions>
          <ns3:TrackPointExtension>
            <ns3:atemp>20.5</ns3:atemp>
            <ns3:hr>132</ns3:hr>
            <ns3:cad>87</ns3:cad>
            <ns3:power>191</ns3:power>
          </ns3:TrackPointExtension>
        </extensions>
      </trkpt>
      <trkpt lat="46.1815932360" lon="7.2264995143">
        <ele>296.09</ele>
        <time>2026-05-17T08:03:07.000Z</time>
        <extensions>
          <ns3:TrackPointExtension>
            <ns3:atemp>20.5</ns3:atemp>
            <ns3:hr>132</ns3:hr>
            <ns3:cad>87</ns3:cad>
            <ns3:power>190</ns3:power>
          </ns3:TrackPointExtension>
        </extensions>
      </trkpt>
      <trkpt lat="46.1816324845" lon="7.2265792677">
        <ele>296.17</ele>
        <time>2026-05-17T08:03:08.000Z</time>
        <extensions>
          <ns3:TrackPointExtension>
            <ns3:atemp>20.5</ns3:atemp>
            <ns3:hr>132</ns3:hr>
            <ns3:cad>87</ns3:cad>
            <ns3:power>190</ns3:power>
          </ns3:TrackPointExtension>
        </extensions>
      </trkpt>
      <trkpt lat="46.1816707050" lon="7.2266587275">
        <ele>296.24</ele>
        <time>2026-05-17T08:03:09.000Z</time>
        <extensions>
          <ns3:TrackPointExtension>
            <ns3:atemp>20.5</ns3:atemp>
            <ns3:hr>132</ns3:hr>
            <ns3:cad>87</ns3:cad>
            <ns3:power>189</ns3:power>
          </ns3:TrackPointExtension>
        </extensions>
      </trkpt>
      <trkpt lat="46.1817170137" lon="7.2267362033">
        <ele>296.32</ele>
        <time>2026-05-17T08:03:10.000Z</time>
        <extensions>
          <ns3:TrackPointExtension>
            <ns3:atemp>20.5</ns3:atemp>
            <ns3:hr>132</ns3:hr>
            <ns3:cad>87</ns3:cad>
            <ns3:power>189</ns3:power>
          </ns3:TrackPointExtension>
        </extensions>
      </trkpt>
      <trkpt lat="46.1817599717" lon="7.2268222845">
        <ele>296.40</ele>
        <time>2026-05-17T08:03:11.000Z</time>
        <extensions>
          <ns3:TrackPointExtension>
            <ns3:atemp>20.5</ns3:atemp>
            <ns3:hr>132</ns3:hr>
            <ns3:cad>88</ns3:cad>
            <ns3:power>188</ns3:power>
          </ns3:TrackPointExtension>
        </extensions>
      </trkpt>
      <trkpt lat="46.1818006075" lon="7.2268998063">
        <ele>296.48</ele>
        <time>2026-05-17T08:03:12.000Z</time>
        <extensions>
          <ns3:TrackPointExtension>
            <ns3:atemp>20.5</ns3:atemp>
            <ns3:hr>131</ns3:hr>
            <ns3:cad>88</ns3:cad>
            <ns3:power>188</ns3:power>
          </ns3:TrackPointExtension>
        </extensions>
      </trkpt>
      <trkpt lat="46.1818422444" lon="7.2269783309">
        <ele>296.56</ele>
        <time>2026-05-17T08:03:13.000Z</time>
        <extensions>
          <ns3:TrackPointExtension>
            <ns3:atemp>20.5</ns3:atemp>
            <ns3:hr>131</ns3:hr>
            <ns3:cad>88</ns3:cad>
            <ns3:power>187</ns3:power>
          </ns3:TrackPointExtension>
        </extensions>
      </trkpt>
      <trkpt lat="46.1818835993" lon="7.2270640954">
        <ele>296.64</ele>
        <time>2026-05-17T08:03:14.000Z</time>
        <extensions>
          <ns3:TrackPointExtension>
            <ns3:atemp>20.5</ns3:atemp>
            <ns3:hr>131</ns3:hr>
            <ns3:cad>88</ns3:cad>
            <ns3:power>187</ns3:power>
          </ns3:TrackPointExtension>
        </extensions>
      </trkpt>
      <trkpt lat="46.1819249936" lon="7.2271512165">
        <ele>296.71</ele>
        <time>2026-05-17T08:03:15.000Z</time>
        <extensions>
          <ns3:TrackPointExtension>
            <ns3:atemp>20.5</ns3:atemp>
            <ns3:hr>131</ns3:hr>
            <ns3:cad>88</ns3:cad>
            <ns3:power>187</ns3:power>
          </ns3:TrackPointExtension>
        </extensions>
      </trkpt>
      <trkpt lat="46.1819607213" lon="7.2272350924">
        <ele>296.79</ele>
        <time>2026-05-17T08:03:16.000Z</time>
        <extensions>
          <ns3:TrackPointExtension>
            <ns3:atemp>20.5</ns3:atemp>
            <ns3:hr>131</ns3:hr>
            <ns3:cad>88</ns3:cad>
            <ns3:power>186</ns3:power>
          </ns3:TrackPointExtension>
        </extensions>
      </trkpt>
      <trkpt lat="46.1820050209" lon="7.2273246221">
        <ele>296.87</ele>
        <time>2026-05-17T08:03:17.000Z</time>
        <extensions>
          <ns3:TrackPointExtension>
            <ns3:atemp>20.5</ns3:atemp>
            <ns3:hr>131</ns3:hr>
            <ns3:cad>88</ns3:cad>
            <ns3:power>186</ns3:power>
          </ns3:TrackPointExtension>
        </extensions>
      </trkpt>
      <trkpt lat="46.1820415326" lon="7.2274135973">
        <ele>296.95</ele>
        <time>2026-05-17T08:03:18.000Z</time>
        <extensions>
          <ns3:TrackPointExtension>
            <ns3:atemp>20.5</ns3:atemp>
            <ns3:hr>131</ns3:hr>
            <ns3:cad>88</ns3:cad>
            <ns3:power>185</ns3:power>
          </ns3:TrackPointExtension>
        </extensions>
      </trkpt>
      <trkpt lat="46.1820798448" lon="7.2274908882">
        <ele>297.03</ele>
        <time>2026-05-17T08:03:19.000Z</time>
        <extensions>
          <ns3:TrackPointExtension>
            <ns3:atemp>20.5</ns3:atemp>
            <ns3:hr>131</ns3:hr>
            <ns3:cad>88</ns3:cad>
            <ns3:power>185</ns3:power>
          </ns3:TrackPointExtension>
        </extensions>
      </trkpt>
      <trkpt lat="46.1821144420" lon="7.2275772780">
        <ele>297.10</ele>
        <time>2026-05-17T08:03:20.000Z</time>
        <extensions>
          <ns3:TrackPointExtension>
            <ns3:atemp>20.5</ns3:atemp>
            <ns3:hr>131</ns3:hr>
            <ns3:cad>88</ns3:cad>
            <ns3:power>184</ns3:power>
          </ns3:TrackPointExtension>
        </extensions>
      </trkpt>
      <trkpt lat="46.1821585281" lon="7.2276605662">
        <ele>297.18</ele>
        <time>2026-05-17T08:03:21.000Z</time>
        <extensions>
          <ns3:TrackPointExtension>
            <ns3:atemp>20.5</ns3:atemp>
            <ns3:hr>131</ns3:hr>
            <ns3:cad>88</ns3:cad>
            <ns3:power>184</ns3:power>
          </ns3:TrackPointExtension>
        </extensions>
      </trkpt>
      <trkpt lat="46.1821948416" lon="7.2277451110">
        <ele>297.26</ele>
        <time>2026-05-17T08:03:22.000Z</time>
        <extensions>
          <ns3:TrackPointExtension>
            <ns3:atemp>20.5</ns3:atemp>
            <ns3:hr>131</ns3:hr>
            <ns3:cad>88</ns3:cad>
            <ns3:power>184</ns3:power>
          </ns3:TrackPointExtension>
        </extensions>
      </trkpt>
      <trkpt lat="46.1822376481" lon="7.2278298154">
        <ele>297.34</ele>
        <time>2026-05-17T08:03:23.000Z</time>
        <extensions>
          <ns3:TrackPointExtension>
            <ns3:atemp>20.5</ns3:atemp>
            <ns3:hr>131</ns3:hr>
            <ns3:cad>88</ns3:cad>
            <ns3:power>183</ns3:power>
          </ns3:TrackPointExtension>
        </extensions>
      </trkpt>
      <trkpt lat="46.1822726839" lon="7.2279103279">
        <ele>297.41</ele>
        <time>2026-05-17T08:03:24.000Z</time>
        <extensions>
          <ns3:TrackPointExtension>
            <ns3:atemp>20.5</ns3:atemp>
            <ns3:hr>131</ns3:hr>
            <ns3:cad>88</ns3:cad>
            <ns3:power>183</ns3:power>
          </ns3:TrackPointExtension>
        </extensions>
      </trkpt>
      <trkpt lat="46.1823135769" lon="7.2279913849">
        <ele>297.49</ele>
        <time>2026-05-17T08:03:25.000Z</time>
        <extensions>
          <ns3:TrackPointExtension>
            <ns3:atemp>20.5</ns3:atemp>
            <ns3:hr>131</ns3:hr>
            <ns3:cad>88</ns3:cad>
            <ns3:power>183</ns3:power>
          </ns3:TrackPointExtension>
        </extensions>
      </trkpt>
      <trkpt lat="46.1823515774" lon="7.2280803094">
        <ele>297.57</ele>
        <time>2026-05-17T08:03:26.000Z</time>
        <extensions>
          <ns3:TrackPointExtension>
            <ns3:atemp>20.5</ns3:atemp>
            <ns3:hr>131</ns3:hr>
            <ns3:cad>88</ns3:cad>
            <ns3:power>182</ns3:power>
          </ns3:TrackPointExtension>
        </extensions>
      </trkpt>
      <trkpt lat="46.1823940857" lon="7.2281626612">
        <ele>297.64</ele>
        <time>2026-05-17T08:03:27.000Z</time>
        <extensions>
          <ns3:TrackPointExtension>
            <ns3:atemp>20.5</ns3:atemp>
            <ns3:hr>131</ns3:hr>
            <ns3:cad>88</ns3:cad>
            <ns3:power>182</ns3:power>
          </ns3:TrackPointExtension>
        </extensions>
      </trkpt>
      <trkpt lat="46.1824351563" lon="7.2282490260">
        <ele>297.72</ele>
        <time>2026-05-17T08:03:28.000Z</time>
        <extensions>
          <ns3:TrackPointExtension>
            <ns3:atemp>20.5</ns3:atemp>
            <ns3:hr>131</ns3:hr>
            <ns3:cad>88</ns3:cad>
            <ns3:power>182</ns3:power>
          </ns3:TrackPointExtension>
        </extensions>
      </trkpt>
      <trkpt lat="46.1824679530" lon="7.2283271512">
        <ele>297.80</ele>
        <time>2026-05-17T08:03:29.000Z</time>
        <extensions>
          <ns3:TrackPointExtension>
            <ns3:atemp>20.5</ns3:atemp>
            <ns3:hr>131</ns3:hr>
            <ns3:cad>88</ns3:cad>
            <ns3:power>181</ns3:power>
          </ns3:TrackPointExtension>
        </extensions>
      </trkpt>
      <trkpt lat="46.1825058742" lon="7.2284124031">
        <ele>297.87</ele>
        <time>2026-05-17T08:03:30.000Z</time>
        <extensions>
          <ns3:TrackPointExtension>
            <ns3:atemp>20.5</ns3:atemp>
            <ns3:hr>131</ns3:hr>
            <ns3:cad>88</ns3:cad>
            <ns3:power>181</ns3:power>
          </ns3:TrackPointExtension>
        </extensions>
      </trkpt>
      <trkpt lat="46.1825428218" lon="7.2284997684">
        <ele>297.95</ele>
        <time>2026-05-17T08:03:31.000Z</time>
        <extensions>
          <ns3:TrackPointExtension>
            <ns3:atemp>20.5</ns3:atemp>
            <ns3:hr>131</ns3:hr>
            <ns3:cad>88</ns3:cad>
            <ns3:power>181</ns3:power>
          </ns3:TrackPointExtension>
        </extensions>
      </trkpt>
      <trkpt lat="46.1825804256" lon="7.2285823169">
        <ele>298.03</ele>
        <time>2026-05-17T08:03:32.000Z</time>
        <extensions>
          <ns3:TrackPointExtension>
            <ns3:atemp>20.5</ns3:atemp>
            <ns3:hr>131</ns3:hr>
            <ns3:cad>88</ns3:cad>
            <ns3:power>180</ns3:power>
          </ns3:TrackPointExtension>
        </extensions>
      </trkpt>
      <trkpt lat="46.1826207488" lon="7.2286651217">
        <ele>298.10</ele>
        <time>2026-05-17T08:03:33.000Z</time>
        <extensions>
          <ns3:TrackPointExtension>
            <ns3:atemp>20.5</ns3:atemp>
            <ns3:hr>131</ns3:hr>
            <ns3:cad>88</ns3:cad>
            <ns3:power>180</ns3:power>
          </ns3:TrackPointExtension>
        </extensions>
      </trkpt>
      <trkpt lat="46.1826514749" lon="7.2287456291">
        <ele>298.18</ele>
        <time>2026-05-17T08:03:34.000Z</time>
        <extensions>
          <ns3:TrackPointExtension>
            <ns3:atemp>20.5</ns3:atemp>
            <ns3:hr>131</ns3:hr>
            <ns3:cad>88</ns3:cad>
            <ns3:power>180</ns3:power>
          </ns3:TrackPointExtension>
        </extensions>
      </trkpt>
      <trkpt lat="46.1826848474" lon="7.2288272153">
        <ele>298.26</ele>
        <time>2026-05-17T08:03:35.000Z</time>
        <extensions>
          <ns3:TrackPointExtension>
            <ns3:atemp>20.5</ns3:atemp>
            <ns3:hr>131</ns3:hr>
            <ns3:cad>88</ns3:cad>
            <ns3:power>180</ns3:power>
          </ns3:TrackPointExtension>
        </extensions>
      </trkpt>
      <trkpt lat="46.1827229489" lon="7.2289128933">
        <ele>298.33</ele>
        <time>2026-05-17T08:03:36.000Z</time>
        <extensions>
          <ns3:TrackPointExtension>
            <ns3:atemp>20.5</ns3:atemp>
            <ns3:hr>131</ns3:hr>
            <ns3:cad>88</ns3:cad>
            <ns3:power>179</ns3:power>
          </ns3:TrackPointExtension>
        </extensions>
      </trkpt>
      <trkpt lat="46.1827538545" lon="7.2290030595">
        <ele>298.41</ele>
        <time>2026-05-17T08:03:37.000Z</time>
        <extensions>
          <ns3:TrackPointExtension>
            <ns3:atemp>20.5</ns3:atemp>
            <ns3:hr>130</ns3:hr>
            <ns3:cad>88</ns3:cad>
            <ns3:power>179</ns3:power>
          </ns3:TrackPointExtension>
        </extensions>
      </trkpt>
      <trkpt lat="46.1827894782" lon="7.2290825836">
        <ele>298.49</ele>
        <time>2026-05-17T08:03:38.000Z</time>
        <extensions>
          <ns3:TrackPointExtension>
            <ns3:atemp>20.5</ns3:atemp>
            <ns3:hr>130</ns3:hr>
            <ns3:cad>88</ns3:cad>
            <ns3:power>179</ns3:power>
          </ns3:TrackPointExtension>
        </extensions>
      </trkpt>
      <trkpt lat="46.1828258278" lon="7.2291697776">
        <ele>298.56</ele>
        <time>2026-05-17T08:03:39.000Z</time>
        <extensions>
          <ns3:TrackPointExtension>
            <ns3:atemp>20.5</ns3:atemp>
            <ns3:hr>130</ns3:hr>
            <ns3:cad>87</ns3:cad>
            <ns3:power>179</ns3:power>
          </ns3:TrackPointExtension>
        </extensions>
      </trkpt>
      <trkpt lat="46.1828585040" lon="7.2292483329">
        <ele>298.64</ele>
        <time>2026-05-17T08:03:40.000Z</time>
        <extensions>
          <ns3:TrackPointExtension>
            <ns3:atemp>20.5</ns3:atemp>
            <ns3:hr>130</ns3:hr>
            <ns3:cad>87</ns3:cad>
            <ns3:power>178</ns3:power>
          </ns3:TrackPointExtension>
        </extensions>
      </trkpt>
      <trkpt lat="46.1828885048" lon="7.2293350456">
        <ele>298.72</ele>
        <time>2026-05-17T08:03:41.000Z</time>
        <extensions>
          <ns3:TrackPointExtension>
            <ns3:atemp>20.5</ns3:atemp>
            <ns3:hr>130</ns3:hr>
            <ns3:cad>87</ns3:cad>
            <ns3:power>178</ns3:power>
          </ns3:TrackPointExtension>
        </extensions>
      </trkpt>
      <trkpt lat="46.1829238634" lon="7.2294186758">
        <ele>298.79</ele>
        <time>2026-05-17T08:03:42.000Z</time>
        <extensions>
          <ns3:TrackPointExtension>
            <ns3:atemp>20.5</ns3:atemp>
            <ns3:hr>130</ns3:hr>
            <ns3:cad>87</ns3:cad>
            <ns3:power>178</ns3:power>
          </ns3:TrackPointExtension>
        </extensions>
      </trkpt>
      <trkpt lat="46.1829524586" lon="7.2295033773">
        <ele>298.87</ele>
        <time>2026-05-17T08:03:43.000Z</time>
        <extensions>
          <ns3:TrackPointExtension>
            <ns3:atemp>20.5</ns3:atemp>
            <ns3:hr>130</ns3:hr>
            <ns3:cad>87</ns3:cad>
            <ns3:power>178</ns3:power>
          </ns3:TrackPointExtension>
        </extensions>
      </trkpt>
      <trkpt lat="46.1829857545" lon="7.2295918639">
        <ele>298.94</ele>
        <time>2026-05-17T08:03:44.000Z</time>
        <extensions>
          <ns3:TrackPointExtension>
            <ns3:atemp>20.5</ns3:atemp>
            <ns3:hr>130</ns3:hr>
            <ns3:cad>87</ns3:cad>
            <ns3:power>178</ns3:power>
          </ns3:TrackPointExtension>
        </extensions>
      </trkpt>
      <trkpt lat="46.1830146988" lon="7.2296835727">
        <ele>299.02</ele>
        <time>2026-05-17T08:03:45.000Z</time>
        <extensions>
          <ns3:TrackPointExtension>
            <ns3:atemp>20.5</ns3:atemp>
            <ns3:hr>130</ns3:hr>
            <ns3:cad>87</ns3:cad>
            <ns3:power>178</ns3:power>
          </ns3:TrackPointExtension>
        </extensions>
      </trkpt>
      <trkpt lat="46.1830488479" lon="7.2297646443">
        <ele>299.10</ele>
        <time>2026-05-17T08:03:46.000Z</time>
        <extensions>
          <ns3:TrackPointExtension>
            <ns3:atemp>20.5</ns3:atemp>
            <ns3:hr>130</ns3:hr>
            <ns3:cad>87</ns3:cad>
            <ns3:power>178</ns3:power>
          </ns3:TrackPointExtension>
        </extensions>
      </trkpt>
      <trkpt lat="46.1830825192" lon="7.2298446022">
        <ele>299.17</ele>
        <time>2026-05-17T08:03:47.000Z</time>
        <extensions>
          <ns3:TrackPointExtension>
            <ns3:atemp>20.5</ns3:atemp>
            <ns3:hr>130</ns3:hr>
            <ns3:cad>87</ns3:cad>
            <ns3:power>177</ns3:power>
          </ns3:TrackPointExtension>
        </extensions>
      </trkpt>
      <trkpt lat="46.1831104563" lon="7.2299346955">
        <ele>299.25</ele>
        <time>2026-05-17T08:03:48.000Z</time>
        <extensions>
          <ns3:TrackPointExtension>
            <ns3:atemp>20.5</ns3:atemp>
            <ns3:hr>130</ns3:hr>
            <ns3:cad>87</ns3:cad>
            <ns3:power>177</ns3:power>
          </ns3:TrackPointExtension>
        </extensions>
      </trkpt>
      <trkpt lat="46.1831402056" lon="7.2300298879">
        <ele>299.32</ele>
        <time>2026-05-17T08:03:49.000Z</time>
        <extensions>
          <ns3:TrackPointExtension>
            <ns3:atemp>20.5</ns3:atemp>
            <ns3:hr>130</ns3:hr>
            <ns3:cad>86</ns3:cad>
            <ns3:power>177</ns3:power>
          </ns3:TrackPointExtension>
        </extensions>
      </trkpt>
      <trkpt lat="46.1831744600" lon="7.2301237194">
        <ele>299.40</ele>
        <time>2026-05-17T08:03:50.000Z</time>
        <extensions>
          <ns3:TrackPointExtension>
            <ns3:atemp>20.5</ns3:atemp>
            <ns3:hr>130</ns3:hr>
            <ns3:cad>86</ns3:cad>
            <ns3:power>177</ns3:power>
          </ns3:TrackPointExtension>
        </extensions>
      </trkpt>
      <trkpt lat="46.1832086443" lon="7.2302042470">
        <ele>299.48</ele>
        <time>2026-05-17T08:03:51.000Z</time>
        <extensions>
          <ns3:TrackPointExtension>
            <ns3:atemp>20.5</ns3:atemp>
            <ns3:hr>130</ns3:hr>
            <ns3:cad>86</ns3:cad>
            <ns3:power>177</ns3:power>
          </ns3:TrackPointExtension>
        </extensions>
      </trkpt>
      <trkpt lat="46.1832394622" lon="7.2302923892">
        <ele>299.55</ele>
        <time>2026-05-17T08:03:52.000Z</time>
        <extensions>
          <ns3:TrackPointExtension>
            <ns3:atemp>20.5</ns3:atemp>
            <ns3:hr>129</ns3:hr>
            <ns3:cad>86</ns3:cad>
            <ns3:power>177</ns3:power>
          </ns3:TrackPointExtension>
        </extensions>
      </trkpt>
      <trkpt lat="46.1832645276" lon="7.2303791937">
        <ele>299.63</ele>
        <time>2026-05-17T08:03:53.000Z</time>
        <extensions>
          <ns3:TrackPointExtension>
            <ns3:atemp>20.5</ns3:atemp>
            <ns3:hr>129</ns3:hr>
            <ns3:cad>86</ns3:cad>
            <ns3:power>177</ns3:power>
          </ns3:TrackPointExtension>
        </extensions>
      </trkpt>
      <trkpt lat="46.1832913253" lon="7.2304704373">
        <ele>299.70</ele>
        <time>2026-05-17T08:03:54.000Z</time>
        <extensions>
          <ns3:TrackPointExtension>
            <ns3:atemp>20.5</ns3:atemp>
            <ns3:hr>129</ns3:hr>
            <ns3:cad>86</ns3:cad>
            <ns3:power>177</ns3:power>
          </ns3:TrackPointExtension>
        </extensions>
      </trkpt>
      <trkpt lat="46.1833162746" lon="7.2305542459">
        <ele>299.78</ele>
        <time>2026-05-17T08:03:55.000Z</time>
        <extensions>
          <ns3:TrackPointExtension>
            <ns3:atemp>20.5</ns3:atemp>
            <ns3:hr>129</ns3:hr>
            <ns3:cad>86</ns3:cad>
            <ns3:power>177</ns3:power>
          </ns3:TrackPointExtension>
        </extensions>
      </trkpt>
      <trkpt lat="46.1833450225" lon="7.2306370869">
        <ele>299.86</ele>
        <time>2026-05-17T08:03:56.000Z</time>
        <extensions>
          <ns3:TrackPointExtension>
            <ns3:atemp>20.5</ns3:atemp>
            <ns3:hr>129</ns3:hr>
            <ns3:cad>86</ns3:cad>
            <ns3:power>177</ns3:power>
          </ns3:TrackPointExtension>
        </extensions>
      </trkpt>
      <trkpt lat="46.1833795984" lon="7.2307252247">
        <ele>299.93</ele>
        <time>2026-05-17T08:03:57.000Z</time>
        <extensions>
          <ns3:TrackPointExtension>
            <ns3:atemp>20.5</ns3:atemp>
            <ns3:hr>129</ns3:hr>
            <ns3:cad>85</ns3:cad>
            <ns3:power>177</ns3:power>
          </ns3:TrackPointExtension>
        </extensions>
      </trkpt>
      <trkpt lat="46.1834041181" lon="7.2308142632">
        <ele>300.01</ele>
        <time>2026-05-17T08:03:58.000Z</time>
        <extensions>
          <ns3:TrackPointExtension>
            <ns3:atemp>20.5</ns3:atemp>
            <ns3:hr>129</ns3:hr>
            <ns3:cad>85</ns3:cad>
            <ns3:power>177</ns3:power>
          </ns3:TrackPointExtension>
        </extensions>
      </trkpt>
      <trkpt lat="46.1834336695" lon="7.2309006647">
        <ele>300.09</ele>
        <time>2026-05-17T08:03:59.000Z</time>
        <extensions>
          <ns3:TrackPointExtension>
            <ns3:atemp>20.5</ns3:atemp>
            <ns3:hr>129</ns3:hr>
            <ns3:cad>85</ns3:cad>
            <ns3:power>177</ns3:power>
          </ns3:TrackPointExtension>
        </extensions>
      </trkpt>
      <trkpt lat="46.1834626772" lon="7.2309972497">
        <ele>300.16</ele>
        <time>2026-05-17T08:04:00.000Z</time>
        <extensions>
          <ns3:TrackPointExtension>
            <ns3:atemp>20.6</ns3:atemp>
            <ns3:hr>129</ns3:hr>
            <ns3:cad>85</ns3:cad>
            <ns3:power>177</ns3:power>
          </ns3:TrackPointExtension>
        </extensions>
      </trkpt>
      <trkpt lat="46.1834877232" lon="7.2310832679">
        <ele>300.24</ele>
        <time>2026-05-17T08:04:01.000Z</time>
        <extensions>
          <ns3:TrackPointExtension>
            <ns3:atemp>20.6</ns3:atemp>
            <ns3:hr>129</ns3:hr>
            <ns3:cad>85</ns3:cad>
            <ns3:power>177</ns3:power>
          </ns3:TrackPointExtension>
        </extensions>
      </trkpt>
      <trkpt lat="46.1835212941" lon="7.2311716029">
        <ele>300.31</ele>
        <time>2026-05-17T08:04:02.000Z</time>
        <extensions>
          <ns3:TrackPointExtension>
            <ns3:atemp>20.6</ns3:atemp>
            <ns3:hr>129</ns3:hr>
            <ns3:cad>85</ns3:cad>
            <ns3:power>178</ns3:power>
          </ns3:TrackPointExtension>
        </extensions>
      </trkpt>
      <trkpt lat="46.1835462174" lon="7.2312621592">
        <ele>300.39</ele>
        <time>2026-05-17T08:04:03.000Z</time>
        <extensions>
          <ns3:TrackPointExtension>
            <ns3:atemp>20.6</ns3:atemp>
            <ns3:hr>129</ns3:hr>
            <ns3:cad>84</ns3:cad>
            <ns3:power>178</ns3:power>
          </ns3:TrackPointExtension>
        </extensions>
      </trkpt>
      <trkpt lat="46.1835703350" lon="7.2313491713">
        <ele>300.47</ele>
        <time>2026-05-17T08:04:04.000Z</time>
        <extensions>
          <ns3:TrackPointExtension>
            <ns3:atemp>20.6</ns3:atemp>
            <ns3:hr>128</ns3:hr>
            <ns3:cad>84</ns3:cad>
            <ns3:power>178</ns3:power>
          </ns3:TrackPointExtension>
        </extensions>
      </trkpt>
      <trkpt lat="46.1835950401" lon="7.2314365237">
        <ele>300.54</ele>
        <time>2026-05-17T08:04:05.000Z</time>
        <extensions>
          <ns3:TrackPointExtension>
            <ns3:atemp>20.6</ns3:atemp>
            <ns3:hr>128</ns3:hr>
            <ns3:cad>84</ns3:cad>
            <ns3:power>178</ns3:power>
          </ns3:TrackPointExtension>
        </extensions>
      </trkpt>
      <trkpt lat="46.1836282238" lon="7.2315293177">
        <ele>300.62</ele>
        <time>2026-05-17T08:04:06.000Z</time>
        <extensions>
          <ns3:TrackPointExtension>
            <ns3:atemp>20.6</ns3:atemp>
            <ns3:hr>128</ns3:hr>
            <ns3:cad>84</ns3:cad>
            <ns3:power>178</ns3:power>
          </ns3:TrackPointExtension>
        </extensions>
      </trkpt>
      <trkpt lat="46.1836565100" lon="7.2316241492">
        <ele>300.69</ele>
        <time>2026-05-17T08:04:07.000Z</time>
        <extensions>
          <ns3:TrackPointExtension>
            <ns3:atemp>20.6</ns3:atemp>
            <ns3:hr>128</ns3:hr>
            <ns3:cad>84</ns3:cad>
            <ns3:power>178</ns3:power>
          </ns3:TrackPointExtension>
        </extensions>
      </trkpt>
      <trkpt lat="46.1836846357" lon="7.2317079433">
        <ele>300.77</ele>
        <time>2026-05-17T08:04:08.000Z</time>
        <extensions>
          <ns3:TrackPointExtension>
            <ns3:atemp>20.6</ns3:atemp>
            <ns3:hr>128</ns3:hr>
            <ns3:cad>83</ns3:cad>
            <ns3:power>178</ns3:power>
          </ns3:TrackPointExtension>
        </extensions>
      </trkpt>
      <trkpt lat="46.1837086193" lon="7.2318043309">
        <ele>300.85</ele>
        <time>2026-05-17T08:04:09.000Z</time>
        <extensions>
          <ns3:TrackPointExtension>
            <ns3:atemp>20.6</ns3:atemp>
            <ns3:hr>128</ns3:hr>
            <ns3:cad>83</ns3:cad>
            <ns3:power>179</ns3:power>
          </ns3:TrackPointExtension>
        </extensions>
      </trkpt>
      <trkpt lat="46.1837333464" lon="7.2318899963">
        <ele>300.92</ele>
        <time>2026-05-17T08:04:10.000Z</time>
        <extensions>
          <ns3:TrackPointExtension>
            <ns3:atemp>20.6</ns3:atemp>
            <ns3:hr>128</ns3:hr>
            <ns3:cad>83</ns3:cad>
            <ns3:power>179</ns3:power>
          </ns3:TrackPointExtension>
        </extensions>
      </trkpt>
      <trkpt lat="46.1837598261" lon="7.2319879205">
        <ele>301.00</ele>
        <time>2026-05-17T08:04:11.000Z</time>
        <extensions>
          <ns3:TrackPointExtension>
            <ns3:atemp>20.6</ns3:atemp>
            <ns3:hr>128</ns3:hr>
            <ns3:cad>83</ns3:cad>
            <ns3:power>179</ns3:power>
          </ns3:TrackPointExtension>
        </extensions>
      </trkpt>
      <trkpt lat="46.1837853609" lon="7.2320759939">
        <ele>301.08</ele>
        <time>2026-05-17T08:04:12.000Z</time>
        <extensions>
          <ns3:TrackPointExtension>
            <ns3:atemp>20.6</ns3:atemp>
            <ns3:hr>128</ns3:hr>
            <ns3:cad>83</ns3:cad>
            <ns3:power>179</ns3:power>
          </ns3:TrackPointExtension>
        </extensions>
      </trkpt>
      <trkpt lat="46.1838138926" lon="7.2321604107">
        <ele>301.15</ele>
        <time>2026-05-17T08:04:13.000Z</time>
        <extensions>
          <ns3:TrackPointExtension>
            <ns3:atemp>20.6</ns3:atemp>
            <ns3:hr>128</ns3:hr>
            <ns3:cad>82</ns3:cad>
            <ns3:power>179</ns3:power>
          </ns3:TrackPointExtension>
        </extensions>
      </trkpt>
      <trkpt lat="46.1838366500" lon="7.2322588998">
        <ele>301.23</ele>
        <time>2026-05-17T08:04:14.000Z</time>
        <extensions>
          <ns3:TrackPointExtension>
            <ns3:atemp>20.6</ns3:atemp>
            <ns3:hr>128</ns3:hr>
            <ns3:cad>82</ns3:cad>
            <ns3:power>180</ns3:power>
          </ns3:TrackPointExtension>
        </extensions>
      </trkpt>
      <trkpt lat="46.1838601243" lon="7.2323453998">
        <ele>301.31</ele>
        <time>2026-05-17T08:04:15.000Z</time>
        <extensions>
          <ns3:TrackPointExtension>
            <ns3:atemp>20.6</ns3:atemp>
            <ns3:hr>127</ns3:hr>
            <ns3:cad>82</ns3:cad>
            <ns3:power>180</ns3:power>
          </ns3:TrackPointExtension>
        </extensions>
      </trkpt>
      <trkpt lat="46.1838928750" lon="7.2324316733">
        <ele>301.38</ele>
        <time>2026-05-17T08:04:16.000Z</time>
        <extensions>
          <ns3:TrackPointExtension>
            <ns3:atemp>20.6</ns3:atemp>
            <ns3:hr>127</ns3:hr>
            <ns3:cad>82</ns3:cad>
            <ns3:power>180</ns3:power>
          </ns3:TrackPointExtension>
        </extensions>
      </trkpt>
      <trkpt lat="46.1839205210" lon="7.2325292254">
        <ele>301.46</ele>
        <time>2026-05-17T08:04:17.000Z</time>
        <extensions>
          <ns3:TrackPointExtension>
            <ns3:atemp>20.6</ns3:atemp>
            <ns3:hr>127</ns3:hr>
            <ns3:cad>82</ns3:cad>
            <ns3:power>180</ns3:power>
          </ns3:TrackPointExtension>
        </extensions>
      </trkpt>
      <trkpt lat="46.1839522066" lon="7.2326214913">
        <ele>301.54</ele>
        <time>2026-05-17T08:04:18.000Z</time>
        <extensions>
          <ns3:TrackPointExtension>
            <ns3:atemp>20.6</ns3:atemp>
            <ns3:hr>127</ns3:hr>
            <ns3:cad>81</ns3:cad>
            <ns3:power>181</ns3:power>
          </ns3:TrackPointExtension>
        </extensions>
      </trkpt>
      <trkpt lat="46.1839850845" lon="7.2327070117">
        <ele>301.61</ele>
        <time>2026-05-17T08:04:19.000Z</time>
        <extensions>
          <ns3:TrackPointExtension>
            <ns3:atemp>20.6</ns3:atemp>
            <ns3:hr>127</ns3:hr>
            <ns3:cad>81</ns3:cad>
            <ns3:power>181</ns3:power>
          </ns3:TrackPointExtension>
        </extensions>
      </trkpt>
      <trkpt lat="46.1840185820" lon="7.2328000271">
        <ele>301.69</ele>
        <time>2026-05-17T08:04:20.000Z</time>
        <extensions>
          <ns3:TrackPointExtension>
            <ns3:atemp>20.6</ns3:atemp>
            <ns3:hr>127</ns3:hr>
            <ns3:cad>81</ns3:cad>
            <ns3:power>181</ns3:power>
          </ns3:TrackPointExtension>
        </extensions>
      </trkpt>
      <trkpt lat="46.1840521191" lon="7.2328969641">
        <ele>301.77</ele>
        <time>2026-05-17T08:04:21.000Z</time>
        <extensions>
          <ns3:TrackPointExtension>
            <ns3:atemp>20.6</ns3:atemp>
            <ns3:hr>127</ns3:hr>
            <ns3:cad>81</ns3:cad>
            <ns3:power>182</ns3:power>
          </ns3:TrackPointExtension>
        </extensions>
      </trkpt>
      <trkpt lat="46.1840812336" lon="7.2329929545">
        <ele>301.84</ele>
        <time>2026-05-17T08:04:22.000Z</time>
        <extensions>
          <ns3:TrackPointExtension>
            <ns3:atemp>20.6</ns3:atemp>
            <ns3:hr>127</ns3:hr>
            <ns3:cad>81</ns3:cad>
            <ns3:power>182</ns3:power>
          </ns3:TrackPointExtension>
        </extensions>
      </trkpt>
      <trkpt lat="46.1841117875" lon="7.2330827480">
        <ele>301.92</ele>
        <time>2026-05-17T08:04:23.000Z</time>
        <extensions>
          <ns3:TrackPointExtension>
            <ns3:atemp>20.6</ns3:atemp>
            <ns3:hr>127</ns3:hr>
            <ns3:cad>80</ns3:cad>
            <ns3:power>182</ns3:power>
          </ns3:TrackPointExtension>
        </extensions>
      </trkpt>
      <trkpt lat="46.1841383267" lon="7.2331776444">
        <ele>302.00</ele>
        <time>2026-05-17T08:04:24.000Z</time>
        <extensions>
          <ns3:TrackPointExtension>
            <ns3:atemp>20.6</ns3:atemp>
            <ns3:hr>127</ns3:hr>
            <ns3:cad>80</ns3:cad>
            <ns3:power>183</ns3:power>
          </ns3:TrackPointExtension>
        </extensions>
      </trkpt>
      <trkpt lat="46.1841682543" lon="7.2332729263">
        <ele>302.08</ele>
        <time>2026-05-17T08:04:25.000Z</time>
        <extensions>
          <ns3:TrackPointExtension>
            <ns3:atemp>20.6</ns3:atemp>
            <ns3:hr>126</ns3:hr>
            <ns3:cad>80</ns3:cad>
            <ns3:power>183</ns3:power>
          </ns3:TrackPointExtension>
        </extensions>
      </trkpt>
      <trkpt lat="46.1841956384" lon="7.2333583356">
        <ele>302.15</ele>
        <time>2026-05-17T08:04:26.000Z</time>
        <extensions>
          <ns3:TrackPointExtension>
            <ns3:atemp>20.6</ns3:atemp>
            <ns3:hr>126</ns3:hr>
            <ns3:cad>80</ns3:cad>
            <ns3:power>184</ns3:power>
          </ns3:TrackPointExtension>
        </extensions>
      </trkpt>
      <trkpt lat="46.1842269014" lon="7.2334501096">
        <ele>302.23</ele>
        <time>2026-05-17T08:04:27.000Z</time>
        <extensions>
          <ns3:TrackPointExtension>
            <ns3:atemp>20.6</ns3:atemp>
            <ns3:hr>126</ns3:hr>
            <ns3:cad>79</ns3:cad>
            <ns3:power>184</ns3:power>
          </ns3:TrackPointExtension>
        </extensions>
      </trkpt>
      <trkpt lat="46.1842607176" lon="7.2335444214">
        <ele>302.31</ele>
        <time>2026-05-17T08:04:28.000Z</time>
        <extensions>
          <ns3:TrackPointExtension>
            <ns3:atemp>20.6</ns3:atemp>
            <ns3:hr>126</ns3:hr>
            <ns3:cad>79</ns3:cad>
            <ns3:power>184</ns3:power>
          </ns3:TrackPointExtension>
        </extensions>
      </trkpt>
      <trkpt lat="46.1842940742" lon="7.2336317097">
        <ele>302.39</ele>
        <time>2026-05-17T08:04:29.000Z</time>
        <extensions>
          <ns3:TrackPointExtension>
            <ns3:atemp>20.6</ns3:atemp>
            <ns3:hr>126</ns3:hr>
            <ns3:cad>79</ns3:cad>
            <ns3:power>185</ns3:power>
          </ns3:TrackPointExtension>
        </extensions>
      </trkpt>
      <trkpt lat="46.1843211057" lon="7.2337308533">
        <ele>302.46</ele>
        <time>2026-05-17T08:04:30.000Z</time>
        <extensions>
          <ns3:TrackPointExtension>
            <ns3:atemp>20.6</ns3:atemp>
            <ns3:hr>126</ns3:hr>
            <ns3:cad>79</ns3:cad>
            <ns3:power>185</ns3:power>
          </ns3:TrackPointExtension>
        </extensions>
      </trkpt>
      <trkpt lat="46.1843496527" lon="7.2338228376">
        <ele>302.54</ele>
        <time>2026-05-17T08:04:31.000Z</time>
        <extensions>
          <ns3:TrackPointExtension>
            <ns3:atemp>20.6</ns3:atemp>
            <ns3:hr>126</ns3:hr>
            <ns3:cad>79</ns3:cad>
            <ns3:power>186</ns3:power>
          </ns3:TrackPointExtension>
        </extensions>
      </trkpt>
      <trkpt lat="46.1843821135" lon="7.2339070940">
        <ele>302.62</ele>
        <time>2026-05-17T08:04:32.000Z</time>
        <extensions>
          <ns3:TrackPointExtension>
            <ns3:atemp>20.6</ns3:atemp>
            <ns3:hr>126</ns3:hr>
            <ns3:cad>78</ns3:cad>
            <ns3:power>186</ns3:power>
          </ns3:TrackPointExtension>
        </extensions>
      </trkpt>
      <trkpt lat="46.1844113345" lon="7.2339953214">
        <ele>302.70</ele>
        <time>2026-05-17T08:04:33.000Z</time>
        <extensions>
          <ns3:TrackPointExtension>
            <ns3:atemp>20.6</ns3:atemp>
            <ns3:hr>126</ns3:hr>
            <ns3:cad>78</ns3:cad>
            <ns3:power>186</ns3:power>
          </ns3:TrackPointExtension>
        </extensions>
      </trkpt>
      <trkpt lat="46.1844416102" lon="7.2340932999">
        <ele>302.78</ele>
        <time>2026-05-17T08:04:34.000Z</time>
        <extensions>
          <ns3:TrackPointExtension>
            <ns3:atemp>20.6</ns3:atemp>
            <ns3:hr>126</ns3:hr>
            <ns3:cad>78</ns3:cad>
            <ns3:power>187</ns3:power>
          </ns3:TrackPointExtension>
        </extensions>
      </trkpt>
      <trkpt lat="46.1844766902" lon="7.2341898794">
        <ele>302.85</ele>
        <time>2026-05-17T08:04:35.000Z</time>
        <extensions>
          <ns3:TrackPointExtension>
            <ns3:atemp>20.6</ns3:atemp>
            <ns3:hr>125</ns3:hr>
            <ns3:cad>78</ns3:cad>
            <ns3:power>187</ns3:power>
          </ns3:TrackPointExtension>
        </extensions>
      </trkpt>
      <trkpt lat="46.1845096194" lon="7.2342769184">
        <ele>302.93</ele>
        <time>2026-05-17T08:04:36.000Z</time>
        <extensions>
          <ns3:TrackPointExtension>
            <ns3:atemp>20.6</ns3:atemp>
            <ns3:hr>125</ns3:hr>
            <ns3:cad>77</ns3:cad>
            <ns3:power>188</ns3:power>
          </ns3:TrackPointExtension>
        </extensions>
      </trkpt>
      <trkpt lat="46.1845405810" lon="7.2343621020">
        <ele>303.01</ele>
        <time>2026-05-17T08:04:37.000Z</time>
        <extensions>
          <ns3:TrackPointExtension>
            <ns3:atemp>20.6</ns3:atemp>
            <ns3:hr>125</ns3:hr>
            <ns3:cad>77</ns3:cad>
            <ns3:power>188</ns3:power>
          </ns3:TrackPointExtension>
        </extensions>
      </trkpt>
      <trkpt lat="46.1845713739" lon="7.2344496768">
        <ele>303.09</ele>
        <time>2026-05-17T08:04:38.000Z</time>
        <extensions>
          <ns3:TrackPointExtension>
            <ns3:atemp>20.6</ns3:atemp>
            <ns3:hr>125</ns3:hr>
            <ns3:cad>77</ns3:cad>
            <ns3:power>189</ns3:power>
          </ns3:TrackPointExtension>
        </extensions>
      </trkpt>
      <trkpt lat="46.1845996529" lon="7.2345445100">
        <ele>303.17</ele>
        <time>2026-05-17T08:04:39.000Z</time>
        <extensions>
          <ns3:TrackPointExtension>
            <ns3:atemp>20.6</ns3:atemp>
            <ns3:hr>125</ns3:hr>
            <ns3:cad>77</ns3:cad>
            <ns3:power>189</ns3:power>
          </ns3:TrackPointExtension>
        </extensions>
      </trkpt>
      <trkpt lat="46.1846289822" lon="7.2346392596">
        <ele>303.25</ele>
        <time>2026-05-17T08:04:40.000Z</time>
        <extensions>
          <ns3:TrackPointExtension>
            <ns3:atemp>20.6</ns3:atemp>
            <ns3:hr>125</ns3:hr>
            <ns3:cad>77</ns3:cad>
            <ns3:power>190</ns3:power>
          </ns3:TrackPointExtension>
        </extensions>
      </trkpt>
      <trkpt lat="46.1846617375" lon="7.2347387147">
        <ele>303.32</ele>
        <time>2026-05-17T08:04:41.000Z</time>
        <extensions>
          <ns3:TrackPointExtension>
            <ns3:atemp>20.6</ns3:atemp>
            <ns3:hr>125</ns3:hr>
            <ns3:cad>76</ns3:cad>
            <ns3:power>190</ns3:power>
          </ns3:TrackPointExtension>
        </extensions>
      </trkpt>
      <trkpt lat="46.1846968604" lon="7.2348357797">
        <ele>303.40</ele>
        <time>2026-05-17T08:04:42.000Z</time>
        <extensions>
          <ns3:TrackPointExtension>
            <ns3:atemp>20.6</ns3:atemp>
            <ns3:hr>125</ns3:hr>
            <ns3:cad>76</ns3:cad>
            <ns3:power>191</ns3:power>
          </ns3:TrackPointExtension>
        </extensions>
      </trkpt>
      <trkpt lat="46.1847317028" lon="7.2349281138">
        <ele>303.48</ele>
        <time>2026-05-17T08:04:43.000Z</time>
        <extensions>
          <ns3:TrackPointExtension>
            <ns3:atemp>20.6</ns3:atemp>
            <ns3:hr>125</ns3:hr>
            <ns3:cad>76</ns3:cad>
            <ns3:power>191</ns3:power>
          </ns3:TrackPointExtension>
        </extensions>
      </trkpt>
      <trkpt lat="46.1847650970" lon="7.2350141893">
        <ele>303.56</ele>
        <time>2026-05-17T08:04:44.000Z</time>
        <extensions>
          <ns3:TrackPointExtension>
            <ns3:atemp>20.6</ns3:atemp>
            <ns3:hr>125</ns3:hr>
            <ns3:cad>76</ns3:cad>
            <ns3:power>192</ns3:power>
          </ns3:TrackPointExtension>
        </extensions>
      </trkpt>
      <trkpt lat="46.1847980163" lon="7.2351104943">
        <ele>303.64</ele>
        <time>2026-05-17T08:04:45.000Z</time>
        <extensions>
          <ns3:TrackPointExtension>
            <ns3:atemp>20.6</ns3:atemp>
            <ns3:hr>124</ns3:hr>
            <ns3:cad>75</ns3:cad>
            <ns3:power>192</ns3:power>
          </ns3:TrackPointExtension>
        </extensions>
      </trkpt>
      <trkpt lat="46.1848289028" lon="7.2352027339">
        <ele>303.72</ele>
        <time>2026-05-17T08:04:46.000Z</time>
        <extensions>
          <ns3:TrackPointExtension>
            <ns3:atemp>20.6</ns3:atemp>
            <ns3:hr>124</ns3:hr>
            <ns3:cad>75</ns3:cad>
            <ns3:power>193</ns3:power>
          </ns3:TrackPointExtension>
        </extensions>
      </trkpt>
      <trkpt lat="46.1848640180" lon="7.2353026245">
        <ele>303.80</ele>
        <time>2026-05-17T08:04:47.000Z</time>
        <extensions>
          <ns3:TrackPointExtension>
            <ns3:atemp>20.6</ns3:atemp>
            <ns3:hr>124</ns3:hr>
            <ns3:cad>75</ns3:cad>
            <ns3:power>193</ns3:power>
          </ns3:TrackPointExtension>
        </extensions>
      </trkpt>
      <trkpt lat="46.1848970386" lon="7.2354021926">
        <ele>303.88</ele>
        <time>2026-05-17T08:04:48.000Z</time>
        <extensions>
          <ns3:TrackPointExtension>
            <ns3:atemp>20.6</ns3:atemp>
            <ns3:hr>124</ns3:hr>
            <ns3:cad>75</ns3:cad>
            <ns3:power>194</ns3:power>
          </ns3:TrackPointExtension>
        </extensions>
      </trkpt>
      <trkpt lat="46.1849310722" lon="7.2354978980">
        <ele>303.96</ele>
        <time>2026-05-17T08:04:49.000Z</time>
        <extensions>
          <ns3:TrackPointExtension>
            <ns3:atemp>20.6</ns3:atemp>
            <ns3:hr>124</ns3:hr>
            <ns3:cad>75</ns3:cad>
            <ns3:power>194</ns3:power>
          </ns3:TrackPointExtension>
        </extensions>
      </trkpt>
      <trkpt lat="46.1849623315" lon="7.2355983855">
        <ele>304.04</ele>
        <time>2026-05-17T08:04:50.000Z</time>
        <extensions>
          <ns3:TrackPointExtension>
            <ns3:atemp>20.6</ns3:atemp>
            <ns3:hr>124</ns3:hr>
            <ns3:cad>74</ns3:cad>
            <ns3:power>195</ns3:power>
          </ns3:TrackPointExtension>
        </extensions>
      </trkpt>
      <trkpt lat="46.1849904807" lon="7.2356966208">
        <ele>304.12</ele>
        <time>2026-05-17T08:04:51.000Z</time>
        <extensions>
          <ns3:TrackPointExtension>
            <ns3:atemp>20.6</ns3:atemp>
            <ns3:hr>124</ns3:hr>
            <ns3:cad>74</ns3:cad>
            <ns3:power>195</ns3:power>
          </ns3:TrackPointExtension>
        </extensions>
      </trkpt>
      <trkpt lat="46.1850252134" lon="7.2357856696">
        <ele>304.20</ele>
        <time>2026-05-17T08:04:52.000Z</time>
        <extensions>
          <ns3:TrackPointExtension>
            <ns3:atemp>20.6</ns3:atemp>
            <ns3:hr>124</ns3:hr>
            <ns3:cad>74</ns3:cad>
            <ns3:power>196</ns3:power>
          </ns3:TrackPointExtension>
        </extensions>
      </trkpt>
      <trkpt lat="46.1850587793" lon="7.2358779300">
        <ele>304.28</ele>
        <time>2026-05-17T08:04:53.000Z</time>
        <extensions>
          <ns3:TrackPointExtension>
            <ns3:atemp>20.6</ns3:atemp>
            <ns3:hr>124</ns3:hr>
            <ns3:cad>74</ns3:cad>
            <ns3:power>196</ns3:power>
          </ns3:TrackPointExtension>
        </extensions>
      </trkpt>
      <trkpt lat="46.1850848312" lon="7.2359785365">
        <ele>304.36</ele>
        <time>2026-05-17T08:04:54.000Z</time>
        <extensions>
          <ns3:TrackPointExtension>
            <ns3:atemp>20.6</ns3:atemp>
            <ns3:hr>124</ns3:hr>
            <ns3:cad>73</ns3:cad>
            <ns3:power>197</ns3:power>
          </ns3:TrackPointExtension>
        </extensions>
      </trkpt>
      <trkpt lat="46.1851185349" lon="7.2360759612">
        <ele>304.44</ele>
        <time>2026-05-17T08:04:55.000Z</time>
        <extensions>
          <ns3:TrackPointExtension>
            <ns3:atemp>20.6</ns3:atemp>
            <ns3:hr>124</ns3:hr>
            <ns3:cad>73</ns3:cad>
            <ns3:power>197</ns3:power>
          </ns3:TrackPointExtension>
        </extensions>
      </trkpt>
      <trkpt lat="46.1851501214" lon="7.2361707144">
        <ele>304.52</ele>
        <time>2026-05-17T08:04:56.000Z</time>
        <extensions>
          <ns3:TrackPointExtension>
            <ns3:atemp>20.6</ns3:atemp>
            <ns3:hr>123</ns3:hr>
            <ns3:cad>73</ns3:cad>
            <ns3:power>198</ns3:power>
          </ns3:TrackPointExtension>
        </extensions>
      </trkpt>
      <trkpt lat="46.1851818612" lon="7.2362719333">
        <ele>304.60</ele>
        <time>2026-05-17T08:04:57.000Z</time>
        <extensions>
          <ns3:TrackPointExtension>
            <ns3:atemp>20.6</ns3:atemp>
            <ns3:hr>123</ns3:hr>
            <ns3:cad>73</ns3:cad>
            <ns3:power>199</ns3:power>
          </ns3:TrackPointExtension>
        </extensions>
      </trkpt>
      <trkpt lat="46.1852160814" lon="7.2363628114">
        <ele>304.68</ele>
        <time>2026-05-17T08:04:58.000Z</time>
        <extensions>
          <ns3:TrackPointExtension>
            <ns3:atemp>20.6</ns3:atemp>
            <ns3:hr>123</ns3:hr>
            <ns3:cad>73</ns3:cad>
            <ns3:power>199</ns3:power>
          </ns3:TrackPointExtension>
        </extensions>
      </trkpt>
      <trkpt lat="46.1852510335" lon="7.2364642577">
        <ele>304.76</ele>
        <time>2026-05-17T08:04:59.000Z</time>
        <extensions>
          <ns3:TrackPointExtension>
            <ns3:atemp>20.6</ns3:atemp>
            <ns3:hr>123</ns3:hr>
            <ns3:cad>73</ns3:cad>
            <ns3:power>200</ns3:power>
          </ns3:TrackPointExtension>
        </extensions>
      </trkpt>
      <trkpt lat="46.1852791131" lon="7.2365527102">
        <ele>304.84</ele>
        <time>2026-05-17T08:05:00.000Z</time>
        <extensions>
          <ns3:TrackPointExtension>
            <ns3:atemp>20.6</ns3:atemp>
            <ns3:hr>123</ns3:hr>
            <ns3:cad>72</ns3:cad>
            <ns3:power>200</ns3:power>
          </ns3:TrackPointExtension>
        </extensions>
      </trkpt>
      <trkpt lat="46.1853128606" lon="7.2366398960">
        <ele>304.92</ele>
        <time>2026-05-17T08:05:01.000Z</time>
        <extensions>
          <ns3:TrackPointExtension>
            <ns3:atemp>20.6</ns3:atemp>
            <ns3:hr>123</ns3:hr>
            <ns3:cad>72</ns3:cad>
            <ns3:power>201</ns3:power>
          </ns3:TrackPointExtension>
        </extensions>
      </trkpt>
      <trkpt lat="46.1853417265" lon="7.2367397745">
        <ele>305.00</ele>
        <time>2026-05-17T08:05:02.000Z</time>
        <extensions>
          <ns3:TrackPointExtension>
            <ns3:atemp>20.6</ns3:atemp>
            <ns3:hr>123</ns3:hr>
            <ns3:cad>72</ns3:cad>
            <ns3:power>201</ns3:power>
          </ns3:TrackPointExtension>
        </extensions>
      </trkpt>
      <trkpt lat="46.1853729981" lon="7.2368334527">
        <ele>305.08</ele>
        <time>2026-05-17T08:05:03.000Z</time>
        <extensions>
          <ns3:TrackPointExtension>
            <ns3:atemp>20.6</ns3:atemp>
            <ns3:hr>123</ns3:hr>
            <ns3:cad>72</ns3:cad>
            <ns3:power>202</ns3:power>
          </ns3:TrackPointExtension>
        </extensions>
      </trkpt>
      <trkpt lat="46.1854083878" lon="7.2369347346">
        <ele>305.17</ele>
        <time>2026-05-17T08:05:04.000Z</time>
        <extensions>
          <ns3:TrackPointExtension>
            <ns3:atemp>20.6</ns3:atemp>
            <ns3:hr>123</ns3:hr>
            <ns3:cad>72</ns3:cad>
            <ns3:power>202</ns3:power>
          </ns3:TrackPointExtension>
        </extensions>
      </trkpt>
      <trkpt lat="46.1854360779" lon="7.2370260376">
        <ele>305.25</ele>
        <time>2026-05-17T08:05:05.000Z</time>
        <extensions>
          <ns3:TrackPointExtension>
            <ns3:atemp>20.6</ns3:atemp>
            <ns3:hr>123</ns3:hr>
            <ns3:cad>71</ns3:cad>
            <ns3:power>203</ns3:power>
          </ns3:TrackPointExtension>
        </extensions>
      </trkpt>
      <trkpt lat="46.1854686480" lon="7.2371231785">
        <ele>305.33</ele>
        <time>2026-05-17T08:05:06.000Z</time>
        <extensions>
          <ns3:TrackPointExtension>
            <ns3:atemp>20.6</ns3:atemp>
            <ns3:hr>123</ns3:hr>
            <ns3:cad>71</ns3:cad>
            <ns3:power>203</ns3:power>
          </ns3:TrackPointExtension>
        </extensions>
      </trkpt>
      <trkpt lat="46.1855032804" lon="7.2372232448">
        <ele>305.41</ele>
        <time>2026-05-17T08:05:07.000Z</time>
        <extensions>
          <ns3:TrackPointExtension>
            <ns3:atemp>20.6</ns3:atemp>
            <ns3:hr>122</ns3:hr>
            <ns3:cad>71</ns3:cad>
            <ns3:power>204</ns3:power>
          </ns3:TrackPointExtension>
        </extensions>
      </trkpt>
      <trkpt lat="46.1855366617" lon="7.2373233329">
        <ele>305.49</ele>
        <time>2026-05-17T08:05:08.000Z</time>
        <extensions>
          <ns3:TrackPointExtension>
            <ns3:atemp>20.6</ns3:atemp>
            <ns3:hr>122</ns3:hr>
            <ns3:cad>71</ns3:cad>
            <ns3:power>204</ns3:power>
          </ns3:TrackPointExtension>
        </extensions>
      </trkpt>
      <trkpt lat="46.1855690613" lon="7.2374204593">
        <ele>305.57</ele>
        <time>2026-05-17T08:05:09.000Z</time>
        <extensions>
          <ns3:TrackPointExtension>
            <ns3:atemp>20.6</ns3:atemp>
            <ns3:hr>122</ns3:hr>
            <ns3:cad>71</ns3:cad>
            <ns3:power>205</ns3:power>
          </ns3:TrackPointExtension>
        </extensions>
      </trkpt>
      <trkpt lat="46.1855986129" lon="7.2375199601">
        <ele>305.66</ele>
        <time>2026-05-17T08:05:10.000Z</time>
        <extensions>
          <ns3:TrackPointExtension>
            <ns3:atemp>20.6</ns3:atemp>
            <ns3:hr>122</ns3:hr>
            <ns3:cad>71</ns3:cad>
            <ns3:power>205</ns3:power>
          </ns3:TrackPointExtension>
        </extensions>
      </trkpt>
      <trkpt lat="46.1856310358" lon="7.2376173404">
        <ele>305.74</ele>
        <time>2026-05-17T08:05:11.000Z</time>
        <extensions>
          <ns3:TrackPointExtension>
            <ns3:atemp>20.6</ns3:atemp>
            <ns3:hr>122</ns3:hr>
            <ns3:cad>70</ns3:cad>
            <ns3:power>206</ns3:power>
          </ns3:TrackPointExtension>
        </extensions>
      </trkpt>
      <trkpt lat="46.1856591743" lon="7.2377200041">
        <ele>305.82</ele>
        <time>2026-05-17T08:05:12.000Z</time>
        <extensions>
          <ns3:TrackPointExtension>
            <ns3:atemp>20.6</ns3:atemp>
            <ns3:hr>122</ns3:hr>
            <ns3:cad>70</ns3:cad>
            <ns3:power>206</ns3:power>
          </ns3:TrackPointExtension>
        </extensions>
      </trkpt>
      <trkpt lat="46.1856960581" lon="7.2378201924">
        <ele>305.90</ele>
        <time>2026-05-17T08:05:13.000Z</time>
        <extensions>
          <ns3:TrackPointExtension>
            <ns3:atemp>20.6</ns3:atemp>
            <ns3:hr>122</ns3:hr>
            <ns3:cad>70</ns3:cad>
            <ns3:power>207</ns3:power>
          </ns3:TrackPointExtension>
        </extensions>
      </trkpt>
      <trkpt lat="46.1857240023" lon="7.2379191783">
        <ele>305.98</ele>
        <time>2026-05-17T08:05:14.000Z</time>
        <extensions>
          <ns3:TrackPointExtension>
            <ns3:atemp>20.6</ns3:atemp>
            <ns3:hr>122</ns3:hr>
            <ns3:cad>70</ns3:cad>
            <ns3:power>207</ns3:power>
          </ns3:TrackPointExtension>
        </extensions>
      </trkpt>
      <trkpt lat="46.1857556235" lon="7.2380142790">
        <ele>306.07</ele>
        <time>2026-05-17T08:05:15.000Z</time>
        <extensions>
          <ns3:TrackPointExtension>
            <ns3:atemp>20.6</ns3:atemp>
            <ns3:hr>122</ns3:hr>
            <ns3:cad>70</ns3:cad>
            <ns3:power>208</ns3:power>
          </ns3:TrackPointExtension>
        </extensions>
      </trkpt>
      <trkpt lat="46.1857932075" lon="7.2381042371">
        <ele>306.15</ele>
        <time>2026-05-17T08:05:16.000Z</time>
        <extensions>
          <ns3:TrackPointExtension>
            <ns3:atemp>20.6</ns3:atemp>
            <ns3:hr>122</ns3:hr>
            <ns3:cad>70</ns3:cad>
            <ns3:power>208</ns3:power>
          </ns3:TrackPointExtension>
        </extensions>
      </trkpt>
      <trkpt lat="46.1858320875" lon="7.2381976514">
        <ele>306.23</ele>
        <time>2026-05-17T08:05:17.000Z</time>
        <extensions>
          <ns3:TrackPointExtension>
            <ns3:atemp>20.6</ns3:atemp>
            <ns3:hr>122</ns3:hr>
            <ns3:cad>70</ns3:cad>
            <ns3:power>208</ns3:power>
          </ns3:TrackPointExtension>
        </extensions>
      </trkpt>
      <trkpt lat="46.1858604095" lon="7.2382876981">
        <ele>306.31</ele>
        <time>2026-05-17T08:05:18.000Z</time>
        <extensions>
          <ns3:TrackPointExtension>
            <ns3:atemp>20.6</ns3:atemp>
            <ns3:hr>122</ns3:hr>
            <ns3:cad>70</ns3:cad>
            <ns3:power>209</ns3:power>
          </ns3:TrackPointExtension>
        </extensions>
      </trkpt>
      <trkpt lat="46.1858968475" lon="7.2383759737">
        <ele>306.40</ele>
        <time>2026-05-17T08:05:19.000Z</time>
        <extensions>
          <ns3:TrackPointExtension>
            <ns3:atemp>20.6</ns3:atemp>
            <ns3:hr>121</ns3:hr>
            <ns3:cad>69</ns3:cad>
            <ns3:power>209</ns3:power>
          </ns3:TrackPointExtension>
        </extensions>
      </trkpt>
      <trkpt lat="46.1859271685" lon="7.2384640740">
        <ele>306.48</ele>
        <time>2026-05-17T08:05:20.000Z</time>
        <extensions>
          <ns3:TrackPointExtension>
            <ns3:atemp>20.6</ns3:atemp>
            <ns3:hr>121</ns3:hr>
            <ns3:cad>69</ns3:cad>
            <ns3:power>210</ns3:power>
          </ns3:TrackPointExtension>
        </extensions>
      </trkpt>
      <trkpt lat="46.1859605422" lon="7.2385548878">
        <ele>306.56</ele>
        <time>2026-05-17T08:05:21.000Z</time>
        <extensions>
          <ns3:TrackPointExtension>
            <ns3:atemp>20.7</ns3:atemp>
            <ns3:hr>121</ns3:hr>
            <ns3:cad>69</ns3:cad>
            <ns3:power>210</ns3:power>
          </ns3:TrackPointExtension>
        </extensions>
      </trkpt>
      <trkpt lat="46.1859912767" lon="7.2386478263">
        <ele>306.64</ele>
        <time>2026-05-17T08:05:22.000Z</time>
        <extensions>
          <ns3:TrackPointExtension>
            <ns3:atemp>20.7</ns3:atemp>
            <ns3:hr>121</ns3:hr>
            <ns3:cad>69</ns3:cad>
            <ns3:power>211</ns3:power>
          </ns3:TrackPointExtension>
        </extensions>
      </trkpt>
      <trkpt lat="46.1860294401" lon="7.2387439117">
        <ele>306.73</ele>
        <time>2026-05-17T08:05:23.000Z</time>
        <extensions>
          <ns3:TrackPointExtension>
            <ns3:atemp>20.7</ns3:atemp>
            <ns3:hr>121</ns3:hr>
            <ns3:cad>69</ns3:cad>
            <ns3:power>211</ns3:power>
          </ns3:TrackPointExtension>
        </extensions>
      </trkpt>
      <trkpt lat="46.1860620616" lon="7.2388449827">
        <ele>306.81</ele>
        <time>2026-05-17T08:05:24.000Z</time>
        <extensions>
          <ns3:TrackPointExtension>
            <ns3:atemp>20.7</ns3:atemp>
            <ns3:hr>121</ns3:hr>
            <ns3:cad>69</ns3:cad>
            <ns3:power>211</ns3:power>
          </ns3:TrackPointExtension>
        </extensions>
      </trkpt>
      <trkpt lat="46.1860960484" lon="7.2389462162">
        <ele>306.89</ele>
        <time>2026-05-17T08:05:25.000Z</time>
        <extensions>
          <ns3:TrackPointExtension>
            <ns3:atemp>20.7</ns3:atemp>
            <ns3:hr>121</ns3:hr>
            <ns3:cad>69</ns3:cad>
            <ns3:power>212</ns3:power>
          </ns3:TrackPointExtension>
        </extensions>
      </trkpt>
      <trkpt lat="46.1861283525" lon="7.2390400907">
        <ele>306.98</ele>
        <time>2026-05-17T08:05:26.000Z</time>
        <extensions>
          <ns3:TrackPointExtension>
            <ns3:atemp>20.7</ns3:atemp>
            <ns3:hr>121</ns3:hr>
            <ns3:cad>69</ns3:cad>
            <ns3:power>212</ns3:power>
          </ns3:TrackPointExtension>
        </extensions>
      </trkpt>
      <trkpt lat="46.1861602362" lon="7.2391317800">
        <ele>307.06</ele>
        <time>2026-05-17T08:05:27.000Z</time>
        <extensions>
          <ns3:TrackPointExtension>
            <ns3:atemp>20.7</ns3:atemp>
            <ns3:hr>121</ns3:hr>
            <ns3:cad>69</ns3:cad>
            <ns3:power>212</ns3:power>
          </ns3:TrackPointExtension>
        </extensions>
      </trkpt>
      <trkpt lat="46.1861969254" lon="7.2392310059">
        <ele>307.14</ele>
        <time>2026-05-17T08:05:28.000Z</time>
        <extensions>
          <ns3:TrackPointExtension>
            <ns3:atemp>20.7</ns3:atemp>
            <ns3:hr>121</ns3:hr>
            <ns3:cad>69</ns3:cad>
            <ns3:power>213</ns3:power>
          </ns3:TrackPointExtension>
        </extensions>
      </trkpt>
      <trkpt lat="46.1862333828" lon="7.2393251079">
        <ele>307.23</ele>
        <time>2026-05-17T08:05:29.000Z</time>
        <extensions>
          <ns3:TrackPointExtension>
            <ns3:atemp>20.7</ns3:atemp>
            <ns3:hr>121</ns3:hr>
            <ns3:cad>68</ns3:cad>
            <ns3:power>213</ns3:power>
          </ns3:TrackPointExtension>
        </extensions>
      </trkpt>
      <trkpt lat="46.1862702544" lon="7.2394155447">
        <ele>307.31</ele>
        <time>2026-05-17T08:05:30.000Z</time>
        <extensions>
          <ns3:TrackPointExtension>
            <ns3:atemp>20.7</ns3:atemp>
            <ns3:hr>121</ns3:hr>
            <ns3:cad>68</ns3:cad>
            <ns3:power>213</ns3:power>
          </ns3:TrackPointExtension>
        </extensions>
      </trkpt>
      <trkpt lat="46.1863114614" lon="7.2395060291">
        <ele>307.39</ele>
        <time>2026-05-17T08:05:31.000Z</time>
        <extensions>
          <ns3:TrackPointExtension>
            <ns3:atemp>20.7</ns3:atemp>
            <ns3:hr>121</ns3:hr>
            <ns3:cad>68</ns3:cad>
            <ns3:power>214</ns3:power>
          </ns3:TrackPointExtension>
        </extensions>
      </trkpt>
      <trkpt lat="46.1863523517" lon="7.2395973613">
        <ele>307.48</ele>
        <time>2026-05-17T08:05:32.000Z</time>
        <extensions>
          <ns3:TrackPointExtension>
            <ns3:atemp>20.7</ns3:atemp>
            <ns3:hr>121</ns3:hr>
            <ns3:cad>68</ns3:cad>
            <ns3:power>214</ns3:power>
          </ns3:TrackPointExtension>
        </extensions>
      </trkpt>
      <trkpt lat="46.1863848728" lon="7.2396868132">
        <ele>307.56</ele>
        <time>2026-05-17T08:05:33.000Z</time>
        <extensions>
          <ns3:TrackPointExtension>
            <ns3:atemp>20.7</ns3:atemp>
            <ns3:hr>121</ns3:hr>
            <ns3:cad>68</ns3:cad>
            <ns3:power>214</ns3:power>
          </ns3:TrackPointExtension>
        </extensions>
      </trkpt>
      <trkpt lat="46.1864195770" lon="7.2397763228">
        <ele>307.64</ele>
        <time>2026-05-17T08:05:34.000Z</time>
        <extensions>
          <ns3:TrackPointExtension>
            <ns3:atemp>20.7</ns3:atemp>
            <ns3:hr>121</ns3:hr>
            <ns3:cad>68</ns3:cad>
            <ns3:power>214</ns3:power>
          </ns3:TrackPointExtension>
        </extensions>
      </trkpt>
      <trkpt lat="46.1864563210" lon="7.2398671352">
        <ele>307.73</ele>
        <time>2026-05-17T08:05:35.000Z</time>
        <extensions>
          <ns3:TrackPointExtension>
            <ns3:atemp>20.7</ns3:atemp>
            <ns3:hr>120</ns3:hr>
            <ns3:cad>68</ns3:cad>
            <ns3:power>215</ns3:power>
          </ns3:TrackPointExtension>
        </extensions>
      </trkpt>
      <trkpt lat="46.1864940758" lon="7.2399665196">
        <ele>307.81</ele>
        <time>2026-05-17T08:05:36.000Z</time>
        <extensions>
          <ns3:TrackPointExtension>
            <ns3:atemp>20.7</ns3:atemp>
            <ns3:hr>120</ns3:hr>
            <ns3:cad>68</ns3:cad>
            <ns3:power>215</ns3:power>
          </ns3:TrackPointExtension>
        </extensions>
      </trkpt>
      <trkpt lat="46.1865322609" lon="7.2400531429">
        <ele>307.90</ele>
        <time>2026-05-17T08:05:37.000Z</time>
        <extensions>
          <ns3:TrackPointExtension>
            <ns3:atemp>20.7</ns3:atemp>
            <ns3:hr>120</ns3:hr>
            <ns3:cad>68</ns3:cad>
            <ns3:power>215</ns3:power>
          </ns3:TrackPointExtension>
        </extensions>
      </trkpt>
      <trkpt lat="46.1865713950" lon="7.2401477572">
        <ele>307.98</ele>
        <time>2026-05-17T08:05:38.000Z</time>
        <extensions>
          <ns3:TrackPointExtension>
            <ns3:atemp>20.7</ns3:atemp>
            <ns3:hr>120</ns3:hr>
            <ns3:cad>68</ns3:cad>
            <ns3:power>215</ns3:power>
          </ns3:TrackPointExtension>
        </extensions>
      </trkpt>
      <trkpt lat="46.1866103397" lon="7.2402351477">
        <ele>308.06</ele>
        <time>2026-05-17T08:05:39.000Z</time>
        <extensions>
          <ns3:TrackPointExtension>
            <ns3:atemp>20.7</ns3:atemp>
            <ns3:hr>120</ns3:hr>
            <ns3:cad>68</ns3:cad>
            <ns3:power>215</ns3:power>
          </ns3:TrackPointExtension>
        </extensions>
      </trkpt>
      <trkpt lat="46.1866519762" lon="7.2403247177">
        <ele>308.15</ele>
        <time>2026-05-17T08:05:40.000Z</time>
        <extensions>
          <ns3:TrackPointExtension>
            <ns3:atemp>20.7</ns3:atemp>
            <ns3:hr>120</ns3:hr>
            <ns3:cad>68</ns3:cad>
            <ns3:power>216</ns3:power>
          </ns3:TrackPointExtension>
        </extensions>
      </trkpt>
      <trkpt lat="46.1866877012" lon="7.2404169198">
        <ele>308.23</ele>
        <time>2026-05-17T08:05:41.000Z</time>
        <extensions>
          <ns3:TrackPointExtension>
            <ns3:atemp>20.7</ns3:atemp>
            <ns3:hr>120</ns3:hr>
            <ns3:cad>68</ns3:cad>
            <ns3:power>216</ns3:power>
          </ns3:TrackPointExtension>
        </extensions>
      </trkpt>
      <trkpt lat="46.1867317755" lon="7.2405038427">
        <ele>308.31</ele>
        <time>2026-05-17T08:05:42.000Z</time>
        <extensions>
          <ns3:TrackPointExtension>
            <ns3:atemp>20.7</ns3:atemp>
            <ns3:hr>120</ns3:hr>
            <ns3:cad>68</ns3:cad>
            <ns3:power>216</ns3:power>
          </ns3:TrackPointExtension>
        </extensions>
      </trkpt>
      <trkpt lat="46.1867778274" lon="7.2405979346">
        <ele>308.40</ele>
        <time>2026-05-17T08:05:43.000Z</time>
        <extensions>
          <ns3:TrackPointExtension>
            <ns3:atemp>20.7</ns3:atemp>
            <ns3:hr>120</ns3:hr>
            <ns3:cad>68</ns3:cad>
            <ns3:power>216</ns3:power>
          </ns3:TrackPointExtension>
        </extensions>
      </trkpt>
      <trkpt lat="46.1868158561" lon="7.2406818242">
        <ele>308.48</ele>
        <time>2026-05-17T08:05:44.000Z</time>
        <extensions>
          <ns3:TrackPointExtension>
            <ns3:atemp>20.7</ns3:atemp>
            <ns3:hr>120</ns3:hr>
            <ns3:cad>68</ns3:cad>
            <ns3:power>216</ns3:power>
          </ns3:TrackPointExtension>
        </extensions>
      </trkpt>
      <trkpt lat="46.1868618251" lon="7.2407793381">
        <ele>308.57</ele>
        <time>2026-05-17T08:05:45.000Z</time>
        <extensions>
          <ns3:TrackPointExtension>
            <ns3:atemp>20.7</ns3:atemp>
            <ns3:hr>120</ns3:hr>
            <ns3:cad>68</ns3:cad>
            <ns3:power>216</ns3:power>
          </ns3:TrackPointExtension>
        </extensions>
      </trkpt>
      <trkpt lat="46.1869087090" lon="7.2408741645">
        <ele>308.65</ele>
        <time>2026-05-17T08:05:46.000Z</time>
        <extensions>
          <ns3:TrackPointExtension>
            <ns3:atemp>20.7</ns3:atemp>
            <ns3:hr>120</ns3:hr>
            <ns3:cad>68</ns3:cad>
            <ns3:power>216</ns3:power>
          </ns3:TrackPointExtension>
        </extensions>
      </trkpt>
      <trkpt lat="46.1869500618" lon="7.2409667806">
        <ele>308.73</ele>
        <time>2026-05-17T08:05:47.000Z</time>
        <extensions>
          <ns3:TrackPointExtension>
            <ns3:atemp>20.7</ns3:atemp>
            <ns3:hr>120</ns3:hr>
            <ns3:cad>68</ns3:cad>
            <ns3:power>216</ns3:power>
          </ns3:TrackPointExtension>
        </extensions>
      </trkpt>
      <trkpt lat="46.1869938841" lon="7.2410595279">
        <ele>308.82</ele>
        <time>2026-05-17T08:05:48.000Z</time>
        <extensions>
          <ns3:TrackPointExtension>
            <ns3:atemp>20.7</ns3:atemp>
            <ns3:hr>120</ns3:hr>
            <ns3:cad>68</ns3:cad>
            <ns3:power>216</ns3:power>
          </ns3:TrackPointExtension>
        </extensions>
      </trkpt>
      <trkpt lat="46.1870321106" lon="7.2411417649">
        <ele>308.90</ele>
        <time>2026-05-17T08:05:49.000Z</time>
        <extensions>
          <ns3:TrackPointExtension>
            <ns3:atemp>20.7</ns3:atemp>
            <ns3:hr>120</ns3:hr>
            <ns3:cad>68</ns3:cad>
            <ns3:power>216</ns3:power>
          </ns3:TrackPointExtension>
        </extensions>
      </trkpt>
      <trkpt lat="46.1870753858" lon="7.2412357840">
        <ele>308.99</ele>
        <time>2026-05-17T08:05:50.000Z</time>
        <extensions>
          <ns3:TrackPointExtension>
            <ns3:atemp>20.7</ns3:atemp>
            <ns3:hr>120</ns3:hr>
            <ns3:cad>68</ns3:cad>
            <ns3:power>216</ns3:power>
          </ns3:TrackPointExtension>
        </extensions>
      </trkpt>
      <trkpt lat="46.1871205651" lon="7.2413312060">
        <ele>309.07</ele>
        <time>2026-05-17T08:05:51.000Z</time>
        <extensions>
          <ns3:TrackPointExtension>
            <ns3:atemp>20.7</ns3:atemp>
            <ns3:hr>120</ns3:hr>
            <ns3:cad>68</ns3:cad>
            <ns3:power>216</ns3:power>
          </ns3:TrackPointExtension>
        </extensions>
      </trkpt>
      <trkpt lat="46.1871661918" lon="7.2414135700">
        <ele>309.15</ele>
        <time>2026-05-17T08:05:52.000Z</time>
        <extensions>
          <ns3:TrackPointExtension>
            <ns3:atemp>20.7</ns3:atemp>
            <ns3:hr>120</ns3:hr>
            <ns3:cad>68</ns3:cad>
            <ns3:power>216</ns3:power>
          </ns3:TrackPointExtension>
        </extensions>
      </trkpt>
      <trkpt lat="46.1872089614" lon="7.2415005643">
        <ele>309.24</ele>
        <time>2026-05-17T08:05:53.000Z</time>
        <extensions>
          <ns3:TrackPointExtension>
            <ns3:atemp>20.7</ns3:atemp>
            <ns3:hr>120</ns3:hr>
            <ns3:cad>68</ns3:cad>
            <ns3:power>216</ns3:power>
          </ns3:TrackPointExtension>
        </extensions>
      </trkpt>
      <trkpt lat="46.1872510230" lon="7.2415854469">
        <ele>309.32</ele>
        <time>2026-05-17T08:05:54.000Z</time>
        <extensions>
          <ns3:TrackPointExtension>
            <ns3:atemp>20.7</ns3:atemp>
            <ns3:hr>120</ns3:hr>
            <ns3:cad>68</ns3:cad>
            <ns3:power>216</ns3:power>
          </ns3:TrackPointExtension>
        </extensions>
      </trkpt>
      <trkpt lat="46.1872914445" lon="7.2416805430">
        <ele>309.41</ele>
        <time>2026-05-17T08:05:55.000Z</time>
        <extensions>
          <ns3:TrackPointExtension>
            <ns3:atemp>20.7</ns3:atemp>
            <ns3:hr>120</ns3:hr>
            <ns3:cad>68</ns3:cad>
            <ns3:power>216</ns3:power>
          </ns3:TrackPointExtension>
        </extensions>
      </trkpt>
      <trkpt lat="46.1873381322" lon="7.2417618841">
        <ele>309.49</ele>
        <time>2026-05-17T08:05:56.000Z</time>
        <extensions>
          <ns3:TrackPointExtension>
            <ns3:atemp>20.7</ns3:atemp>
            <ns3:hr>120</ns3:hr>
            <ns3:cad>68</ns3:cad>
            <ns3:power>216</ns3:power>
          </ns3:TrackPointExtension>
        </extensions>
      </trkpt>
      <trkpt lat="46.1873879533" lon="7.2418477232">
        <ele>309.57</ele>
        <time>2026-05-17T08:05:57.000Z</time>
        <extensions>
          <ns3:TrackPointExtension>
            <ns3:atemp>20.7</ns3:atemp>
            <ns3:hr>120</ns3:hr>
            <ns3:cad>69</ns3:cad>
            <ns3:power>216</ns3:power>
          </ns3:TrackPointExtension>
        </extensions>
      </trkpt>
      <trkpt lat="46.1874332622" lon="7.2419367214">
        <ele>309.66</ele>
        <time>2026-05-17T08:05:58.000Z</time>
        <extensions>
          <ns3:TrackPointExtension>
            <ns3:atemp>20.7</ns3:atemp>
            <ns3:hr>120</ns3:hr>
            <ns3:cad>69</ns3:cad>
            <ns3:power>216</ns3:power>
          </ns3:TrackPointExtension>
        </extensions>
      </trkpt>
      <trkpt lat="46.1874831904" lon="7.2420231573">
        <ele>309.74</ele>
        <time>2026-05-17T08:05:59.000Z</time>
        <extensions>
          <ns3:TrackPointExtension>
            <ns3:atemp>20.7</ns3:atemp>
            <ns3:hr>120</ns3:hr>
            <ns3:cad>69</ns3:cad>
            <ns3:power>216</ns3:power>
          </ns3:TrackPointExtension>
        </extensions>
      </trkpt>
      <trkpt lat="46.1875345818" lon="7.2421099762">
        <ele>309.83</ele>
        <time>2026-05-17T08:06:00.000Z</time>
        <extensions>
          <ns3:TrackPointExtension>
            <ns3:atemp>20.7</ns3:atemp>
            <ns3:hr>120</ns3:hr>
            <ns3:cad>69</ns3:cad>
            <ns3:power>216</ns3:power>
          </ns3:TrackPointExtension>
        </extensions>
      </trkpt>
      <trkpt lat="46.1875787522" lon="7.2422001082">
        <ele>309.91</ele>
        <time>2026-05-17T08:06:01.000Z</time>
        <extensions>
          <ns3:TrackPointExtension>
            <ns3:atemp>20.7</ns3:atemp>
            <ns3:hr>120</ns3:hr>
            <ns3:cad>69</ns3:cad>
            <ns3:power>216</ns3:power>
          </ns3:TrackPointExtension>
        </extensions>
      </trkpt>
      <trkpt lat="46.1876217832" lon="7.2422872029">
        <ele>309.99</ele>
        <time>2026-05-17T08:06:02.000Z</time>
        <extensions>
          <ns3:TrackPointExtension>
            <ns3:atemp>20.7</ns3:atemp>
            <ns3:hr>120</ns3:hr>
            <ns3:cad>69</ns3:cad>
            <ns3:power>215</ns3:power>
          </ns3:TrackPointExtension>
        </extensions>
      </trkpt>
      <trkpt lat="46.1876732305" lon="7.2423708173">
        <ele>310.08</ele>
        <time>2026-05-17T08:06:03.000Z</time>
        <extensions>
          <ns3:TrackPointExtension>
            <ns3:atemp>20.7</ns3:atemp>
            <ns3:hr>120</ns3:hr>
            <ns3:cad>69</ns3:cad>
            <ns3:power>215</ns3:power>
          </ns3:TrackPointExtension>
        </extensions>
      </trkpt>
      <trkpt lat="46.1877229322" lon="7.2424574806">
        <ele>310.16</ele>
        <time>2026-05-17T08:06:04.000Z</time>
        <extensions>
          <ns3:TrackPointExtension>
            <ns3:atemp>20.7</ns3:atemp>
            <ns3:hr>120</ns3:hr>
            <ns3:cad>69</ns3:cad>
            <ns3:power>215</ns3:power>
          </ns3:TrackPointExtension>
        </extensions>
      </trkpt>
      <trkpt lat="46.1877666433" lon="7.2425496673">
        <ele>310.24</ele>
        <time>2026-05-17T08:06:05.000Z</time>
        <extensions>
          <ns3:TrackPointExtension>
            <ns3:atemp>20.7</ns3:atemp>
            <ns3:hr>120</ns3:hr>
            <ns3:cad>69</ns3:cad>
            <ns3:power>215</ns3:power>
          </ns3:TrackPointExtension>
        </extensions>
      </trkpt>
      <trkpt lat="46.1878119415" lon="7.2426364852">
        <ele>310.33</ele>
        <time>2026-05-17T08:06:06.000Z</time>
        <extensions>
          <ns3:TrackPointExtension>
            <ns3:atemp>20.7</ns3:atemp>
            <ns3:hr>120</ns3:hr>
            <ns3:cad>69</ns3:cad>
            <ns3:power>215</ns3:power>
          </ns3:TrackPointExtension>
        </extensions>
      </trkpt>
      <trkpt lat="46.1878578310" lon="7.2427144492">
        <ele>310.41</ele>
        <time>2026-05-17T08:06:07.000Z</time>
        <extensions>
          <ns3:TrackPointExtension>
            <ns3:atemp>20.7</ns3:atemp>
            <ns3:hr>120</ns3:hr>
            <ns3:cad>70</ns3:cad>
            <ns3:power>214</ns3:power>
          </ns3:TrackPointExtension>
        </extensions>
      </trkpt>
      <trkpt lat="46.1879042955" lon="7.2428038036">
        <ele>310.50</ele>
        <time>2026-05-17T08:06:08.000Z</time>
        <extensions>
          <ns3:TrackPointExtension>
            <ns3:atemp>20.7</ns3:atemp>
            <ns3:hr>120</ns3:hr>
            <ns3:cad>70</ns3:cad>
            <ns3:power>214</ns3:power>
          </ns3:TrackPointExtension>
        </extensions>
      </trkpt>
      <trkpt lat="46.1879494389" lon="7.2428797323">
        <ele>310.58</ele>
        <time>2026-05-17T08:06:09.000Z</time>
        <extensions>
          <ns3:TrackPointExtension>
            <ns3:atemp>20.7</ns3:atemp>
            <ns3:hr>120</ns3:hr>
            <ns3:cad>70</ns3:cad>
            <ns3:power>214</ns3:power>
          </ns3:TrackPointExtension>
        </extensions>
      </trkpt>
      <trkpt lat="46.1879982235" lon="7.2429622932">
        <ele>310.66</ele>
        <time>2026-05-17T08:06:10.000Z</time>
        <extensions>
          <ns3:TrackPointExtension>
            <ns3:atemp>20.7</ns3:atemp>
            <ns3:hr>120</ns3:hr>
            <ns3:cad>70</ns3:cad>
            <ns3:power>214</ns3:power>
          </ns3:TrackPointExtension>
        </extensions>
      </trkpt>
      <trkpt lat="46.1880482731" lon="7.2430435894">
        <ele>310.75</ele>
        <time>2026-05-17T08:06:11.000Z</time>
        <extensions>
          <ns3:TrackPointExtension>
            <ns3:atemp>20.7</ns3:atemp>
            <ns3:hr>120</ns3:hr>
            <ns3:cad>70</ns3:cad>
            <ns3:power>213</ns3:power>
          </ns3:TrackPointExtension>
        </extensions>
      </trkpt>
      <trkpt lat="46.1880944331" lon="7.2431241482">
        <ele>310.83</ele>
        <time>2026-05-17T08:06:12.000Z</time>
        <extensions>
          <ns3:TrackPointExtension>
            <ns3:atemp>20.7</ns3:atemp>
            <ns3:hr>120</ns3:hr>
            <ns3:cad>70</ns3:cad>
            <ns3:power>213</ns3:power>
          </ns3:TrackPointExtension>
        </extensions>
      </trkpt>
      <trkpt lat="46.1881389009" lon="7.2432122386">
        <ele>310.91</ele>
        <time>2026-05-17T08:06:13.000Z</time>
        <extensions>
          <ns3:TrackPointExtension>
            <ns3:atemp>20.7</ns3:atemp>
            <ns3:hr>120</ns3:hr>
            <ns3:cad>70</ns3:cad>
            <ns3:power>213</ns3:power>
          </ns3:TrackPointExtension>
        </extensions>
      </trkpt>
      <trkpt lat="46.1881889765" lon="7.2432942174">
        <ele>311.00</ele>
        <time>2026-05-17T08:06:14.000Z</time>
        <extensions>
          <ns3:TrackPointExtension>
            <ns3:atemp>20.7</ns3:atemp>
            <ns3:hr>120</ns3:hr>
            <ns3:cad>70</ns3:cad>
            <ns3:power>212</ns3:power>
          </ns3:TrackPointExtension>
        </extensions>
      </trkpt>
      <trkpt lat="46.1882429041" lon="7.2433782763">
        <ele>311.08</ele>
        <time>2026-05-17T08:06:15.000Z</time>
        <extensions>
          <ns3:TrackPointExtension>
            <ns3:atemp>20.7</ns3:atemp>
            <ns3:hr>120</ns3:hr>
            <ns3:cad>71</ns3:cad>
            <ns3:power>212</ns3:power>
          </ns3:TrackPointExtension>
        </extensions>
      </trkpt>
      <trkpt lat="46.1882926587" lon="7.2434574897">
        <ele>311.16</ele>
        <time>2026-05-17T08:06:16.000Z</time>
        <extensions>
          <ns3:TrackPointExtension>
            <ns3:atemp>20.7</ns3:atemp>
            <ns3:hr>120</ns3:hr>
            <ns3:cad>71</ns3:cad>
            <ns3:power>212</ns3:power>
          </ns3:TrackPointExtension>
        </extensions>
      </trkpt>
      <trkpt lat="46.1883422890" lon="7.2435376401">
        <ele>311.25</ele>
        <time>2026-05-17T08:06:17.000Z</time>
        <extensions>
          <ns3:TrackPointExtension>
            <ns3:atemp>20.7</ns3:atemp>
            <ns3:hr>120</ns3:hr>
            <ns3:cad>71</ns3:cad>
            <ns3:power>211</ns3:power>
          </ns3:TrackPointExtension>
        </extensions>
      </trkpt>
      <trkpt lat="46.1883865222" lon="7.2436119782">
        <ele>311.33</ele>
        <time>2026-05-17T08:06:18.000Z</time>
        <extensions>
          <ns3:TrackPointExtension>
            <ns3:atemp>20.7</ns3:atemp>
            <ns3:hr>120</ns3:hr>
            <ns3:cad>71</ns3:cad>
            <ns3:power>211</ns3:power>
          </ns3:TrackPointExtension>
        </extensions>
      </trkpt>
      <trkpt lat="46.1884407637" lon="7.2436986874">
        <ele>311.41</ele>
        <time>2026-05-17T08:06:19.000Z</time>
        <extensions>
          <ns3:TrackPointExtension>
            <ns3:atemp>20.7</ns3:atemp>
            <ns3:hr>120</ns3:hr>
            <ns3:cad>71</ns3:cad>
            <ns3:power>210</ns3:power>
          </ns3:TrackPointExtension>
        </extensions>
      </trkpt>
      <trkpt lat="46.1884866186" lon="7.2437750613">
        <ele>311.49</ele>
        <time>2026-05-17T08:06:20.000Z</time>
        <extensions>
          <ns3:TrackPointExtension>
            <ns3:atemp>20.7</ns3:atemp>
            <ns3:hr>120</ns3:hr>
            <ns3:cad>71</ns3:cad>
            <ns3:power>210</ns3:power>
          </ns3:TrackPointExtension>
        </extensions>
      </trkpt>
      <trkpt lat="46.1885392106" lon="7.2438474009">
        <ele>311.58</ele>
        <time>2026-05-17T08:06:21.000Z</time>
        <extensions>
          <ns3:TrackPointExtension>
            <ns3:atemp>20.7</ns3:atemp>
            <ns3:hr>120</ns3:hr>
            <ns3:cad>72</ns3:cad>
            <ns3:power>210</ns3:power>
          </ns3:TrackPointExtension>
        </extensions>
      </trkpt>
      <trkpt lat="46.1885924454" lon="7.2439255000">
        <ele>311.66</ele>
        <time>2026-05-17T08:06:22.000Z</time>
        <extensions>
          <ns3:TrackPointExtension>
            <ns3:atemp>20.7</ns3:atemp>
            <ns3:hr>120</ns3:hr>
            <ns3:cad>72</ns3:cad>
            <ns3:power>209</ns3:power>
          </ns3:TrackPointExtension>
        </extensions>
      </trkpt>
      <trkpt lat="46.1886378248" lon="7.2439995500">
        <ele>311.74</ele>
        <time>2026-05-17T08:06:23.000Z</time>
        <extensions>
          <ns3:TrackPointExtension>
            <ns3:atemp>20.7</ns3:atemp>
            <ns3:hr>120</ns3:hr>
            <ns3:cad>72</ns3:cad>
            <ns3:power>209</ns3:power>
          </ns3:TrackPointExtension>
        </extensions>
      </trkpt>
      <trkpt lat="46.1886837185" lon="7.2440739453">
        <ele>311.82</ele>
        <time>2026-05-17T08:06:24.000Z</time>
        <extensions>
          <ns3:TrackPointExtension>
            <ns3:atemp>20.7</ns3:atemp>
            <ns3:hr>120</ns3:hr>
            <ns3:cad>72</ns3:cad>
            <ns3:power>208</ns3:power>
          </ns3:TrackPointExtension>
        </extensions>
      </trkpt>
      <trkpt lat="46.1887358380" lon="7.2441469847">
        <ele>311.91</ele>
        <time>2026-05-17T08:06:25.000Z</time>
        <extensions>
          <ns3:TrackPointExtension>
            <ns3:atemp>20.7</ns3:atemp>
            <ns3:hr>120</ns3:hr>
            <ns3:cad>72</ns3:cad>
            <ns3:power>208</ns3:power>
          </ns3:TrackPointExtension>
        </extensions>
      </trkpt>
      <trkpt lat="46.1887868012" lon="7.2442205356">
        <ele>311.99</ele>
        <time>2026-05-17T08:06:26.000Z</time>
        <extensions>
          <ns3:TrackPointExtension>
            <ns3:atemp>20.7</ns3:atemp>
            <ns3:hr>120</ns3:hr>
            <ns3:cad>72</ns3:cad>
            <ns3:power>207</ns3:power>
          </ns3:TrackPointExtension>
        </extensions>
      </trkpt>
      <trkpt lat="46.1888318896" lon="7.2442981989">
        <ele>312.07</ele>
        <time>2026-05-17T08:06:27.000Z</time>
        <extensions>
          <ns3:TrackPointExtension>
            <ns3:atemp>20.7</ns3:atemp>
            <ns3:hr>120</ns3:hr>
            <ns3:cad>73</ns3:cad>
            <ns3:power>207</ns3:power>
          </ns3:TrackPointExtension>
        </extensions>
      </trkpt>
      <trkpt lat="46.1888831488" lon="7.2443690524">
        <ele>312.15</ele>
        <time>2026-05-17T08:06:28.000Z</time>
        <extensions>
          <ns3:TrackPointExtension>
            <ns3:atemp>20.7</ns3:atemp>
            <ns3:hr>120</ns3:hr>
            <ns3:cad>73</ns3:cad>
            <ns3:power>207</ns3:power>
          </ns3:TrackPointExtension>
        </extensions>
      </trkpt>
      <trkpt lat="46.1889342868" lon="7.2444403106">
        <ele>312.24</ele>
        <time>2026-05-17T08:06:29.000Z</time>
        <extensions>
          <ns3:TrackPointExtension>
            <ns3:atemp>20.7</ns3:atemp>
            <ns3:hr>120</ns3:hr>
            <ns3:cad>73</ns3:cad>
            <ns3:power>206</ns3:power>
          </ns3:TrackPointExtension>
        </extensions>
      </trkpt>
      <trkpt lat="46.1889854648" lon="7.2445155715">
        <ele>312.32</ele>
        <time>2026-05-17T08:06:30.000Z</time>
        <extensions>
          <ns3:TrackPointExtension>
            <ns3:atemp>20.7</ns3:atemp>
            <ns3:hr>120</ns3:hr>
            <ns3:cad>73</ns3:cad>
            <ns3:power>206</ns3:power>
          </ns3:TrackPointExtension>
        </extensions>
      </trkpt>
      <trkpt lat="46.1890323907" lon="7.2445958427">
        <ele>312.40</ele>
        <time>2026-05-17T08:06:31.000Z</time>
        <extensions>
          <ns3:TrackPointExtension>
            <ns3:atemp>20.7</ns3:atemp>
            <ns3:hr>120</ns3:hr>
            <ns3:cad>73</ns3:cad>
            <ns3:power>205</ns3:power>
          </ns3:TrackPointExtension>
        </extensions>
      </trkpt>
      <trkpt lat="46.1890778378" lon="7.2446722209">
        <ele>312.48</ele>
        <time>2026-05-17T08:06:32.000Z</time>
        <extensions>
          <ns3:TrackPointExtension>
            <ns3:atemp>20.7</ns3:atemp>
            <ns3:hr>120</ns3:hr>
            <ns3:cad>74</ns3:cad>
            <ns3:power>205</ns3:power>
          </ns3:TrackPointExtension>
        </extensions>
      </trkpt>
      <trkpt lat="46.1891264779" lon="7.2447554132">
        <ele>312.56</ele>
        <time>2026-05-17T08:06:33.000Z</time>
        <extensions>
          <ns3:TrackPointExtension>
            <ns3:atemp>20.7</ns3:atemp>
            <ns3:hr>120</ns3:hr>
            <ns3:cad>74</ns3:cad>
            <ns3:power>204</ns3:power>
          </ns3:TrackPointExtension>
        </extensions>
      </trkpt>
      <trkpt lat="46.1891732007" lon="7.2448346691">
        <ele>312.64</ele>
        <time>2026-05-17T08:06:34.000Z</time>
        <extensions>
          <ns3:TrackPointExtension>
            <ns3:atemp>20.7</ns3:atemp>
            <ns3:hr>120</ns3:hr>
            <ns3:cad>74</ns3:cad>
            <ns3:power>204</ns3:power>
          </ns3:TrackPointExtension>
        </extensions>
      </trkpt>
      <trkpt lat="46.1892221401" lon="7.2449087333">
        <ele>312.73</ele>
        <time>2026-05-17T08:06:35.000Z</time>
        <extensions>
          <ns3:TrackPointExtension>
            <ns3:atemp>20.7</ns3:atemp>
            <ns3:hr>120</ns3:hr>
            <ns3:cad>74</ns3:cad>
            <ns3:power>203</ns3:power>
          </ns3:TrackPointExtension>
        </extensions>
      </trkpt>
      <trkpt lat="46.1892771874" lon="7.2449880907">
        <ele>312.81</ele>
        <time>2026-05-17T08:06:36.000Z</time>
        <extensions>
          <ns3:TrackPointExtension>
            <ns3:atemp>20.7</ns3:atemp>
            <ns3:hr>120</ns3:hr>
            <ns3:cad>75</ns3:cad>
            <ns3:power>203</ns3:power>
          </ns3:TrackPointExtension>
        </extensions>
      </trkpt>
      <trkpt lat="46.1893328634" lon="7.2450635172">
        <ele>312.89</ele>
        <time>2026-05-17T08:06:37.000Z</time>
        <extensions>
          <ns3:TrackPointExtension>
            <ns3:atemp>20.7</ns3:atemp>
            <ns3:hr>120</ns3:hr>
            <ns3:cad>75</ns3:cad>
            <ns3:power>202</ns3:power>
          </ns3:TrackPointExtension>
        </extensions>
      </trkpt>
      <trkpt lat="46.1893883781" lon="7.2451359356">
        <ele>312.97</ele>
        <time>2026-05-17T08:06:38.000Z</time>
        <extensions>
          <ns3:TrackPointExtension>
            <ns3:atemp>20.7</ns3:atemp>
            <ns3:hr>120</ns3:hr>
            <ns3:cad>75</ns3:cad>
            <ns3:power>202</ns3:power>
          </ns3:TrackPointExtension>
        </extensions>
      </trkpt>
      <trkpt lat="46.1894387900" lon="7.2452153581">
        <ele>313.05</ele>
        <time>2026-05-17T08:06:39.000Z</time>
        <extensions>
          <ns3:TrackPointExtension>
            <ns3:atemp>20.7</ns3:atemp>
            <ns3:hr>120</ns3:hr>
            <ns3:cad>75</ns3:cad>
            <ns3:power>201</ns3:power>
          </ns3:TrackPointExtension>
        </extensions>
      </trkpt>
      <trkpt lat="46.1894897606" lon="7.2452885102">
        <ele>313.13</ele>
        <time>2026-05-17T08:06:40.000Z</time>
        <extensions>
          <ns3:TrackPointExtension>
            <ns3:atemp>20.8</ns3:atemp>
            <ns3:hr>120</ns3:hr>
            <ns3:cad>75</ns3:cad>
            <ns3:power>201</ns3:power>
          </ns3:TrackPointExtension>
        </extensions>
      </trkpt>
      <trkpt lat="46.1895395475" lon="7.2453583389">
        <ele>313.21</ele>
        <time>2026-05-17T08:06:41.000Z</time>
        <extensions>
          <ns3:TrackPointExtension>
            <ns3:atemp>20.8</ns3:atemp>
            <ns3:hr>121</ns3:hr>
            <ns3:cad>76</ns3:cad>
            <ns3:power>200</ns3:power>
          </ns3:TrackPointExtension>
        </extensions>
      </trkpt>
      <trkpt lat="46.1895938655" lon="7.2454308777">
        <ele>313.29</ele>
        <time>2026-05-17T08:06:42.000Z</time>
        <extensions>
          <ns3:TrackPointExtension>
            <ns3:atemp>20.8</ns3:atemp>
            <ns3:hr>121</ns3:hr>
            <ns3:cad>76</ns3:cad>
            <ns3:power>199</ns3:power>
          </ns3:TrackPointExtension>
        </extensions>
      </trkpt>
      <trkpt lat="46.1896395921" lon="7.2455020188">
        <ele>313.37</ele>
        <time>2026-05-17T08:06:43.000Z</time>
        <extensions>
          <ns3:TrackPointExtension>
            <ns3:atemp>20.8</ns3:atemp>
            <ns3:hr>121</ns3:hr>
            <ns3:cad>76</ns3:cad>
            <ns3:power>199</ns3:power>
          </ns3:TrackPointExtension>
        </extensions>
      </trkpt>
      <trkpt lat="46.1896859191" lon="7.2455730540">
        <ele>313.45</ele>
        <time>2026-05-17T08:06:44.000Z</time>
        <extensions>
          <ns3:TrackPointExtension>
            <ns3:atemp>20.8</ns3:atemp>
            <ns3:hr>121</ns3:hr>
            <ns3:cad>76</ns3:cad>
            <ns3:power>198</ns3:power>
          </ns3:TrackPointExtension>
        </extensions>
      </trkpt>
      <trkpt lat="46.1897381961" lon="7.2456460316">
        <ele>313.53</ele>
        <time>2026-05-17T08:06:45.000Z</time>
        <extensions>
          <ns3:TrackPointExtension>
            <ns3:atemp>20.8</ns3:atemp>
            <ns3:hr>121</ns3:hr>
            <ns3:cad>76</ns3:cad>
            <ns3:power>198</ns3:power>
          </ns3:TrackPointExtension>
        </extensions>
      </trkpt>
      <trkpt lat="46.1897908413" lon="7.2457164479">
        <ele>313.61</ele>
        <time>2026-05-17T08:06:46.000Z</time>
        <extensions>
          <ns3:TrackPointExtension>
            <ns3:atemp>20.8</ns3:atemp>
            <ns3:hr>121</ns3:hr>
            <ns3:cad>77</ns3:cad>
            <ns3:power>197</ns3:power>
          </ns3:TrackPointExtension>
        </extensions>
      </trkpt>
      <trkpt lat="46.1898401409" lon="7.2457972258">
        <ele>313.69</ele>
        <time>2026-05-17T08:06:47.000Z</time>
        <extensions>
          <ns3:TrackPointExtension>
            <ns3:atemp>20.8</ns3:atemp>
            <ns3:hr>121</ns3:hr>
            <ns3:cad>77</ns3:cad>
            <ns3:power>197</ns3:power>
          </ns3:TrackPointExtension>
        </extensions>
      </trkpt>
      <trkpt lat="46.1898886768" lon="7.2458694619">
        <ele>313.77</ele>
        <time>2026-05-17T08:06:48.000Z</time>
        <extensions>
          <ns3:TrackPointExtension>
            <ns3:atemp>20.8</ns3:atemp>
            <ns3:hr>121</ns3:hr>
            <ns3:cad>77</ns3:cad>
            <ns3:power>196</ns3:power>
          </ns3:TrackPointExtension>
        </extensions>
      </trkpt>
      <trkpt lat="46.1899396802" lon="7.2459351739">
        <ele>313.85</ele>
        <time>2026-05-17T08:06:49.000Z</time>
        <extensions>
          <ns3:TrackPointExtension>
            <ns3:atemp>20.8</ns3:atemp>
            <ns3:hr>121</ns3:hr>
            <ns3:cad>77</ns3:cad>
            <ns3:power>196</ns3:power>
          </ns3:TrackPointExtension>
        </extensions>
      </trkpt>
      <trkpt lat="46.1899963950" lon="7.2460110615">
        <ele>313.93</ele>
        <time>2026-05-17T08:06:50.000Z</time>
        <extensions>
          <ns3:TrackPointExtension>
            <ns3:atemp>20.8</ns3:atemp>
            <ns3:hr>121</ns3:hr>
            <ns3:cad>78</ns3:cad>
            <ns3:power>195</ns3:power>
          </ns3:TrackPointExtension>
        </extensions>
      </trkpt>
      <trkpt lat="46.1900500403" lon="7.2460792672">
        <ele>314.01</ele>
        <time>2026-05-17T08:06:51.000Z</time>
        <extensions>
          <ns3:TrackPointExtension>
            <ns3:atemp>20.8</ns3:atemp>
            <ns3:hr>121</ns3:hr>
            <ns3:cad>78</ns3:cad>
            <ns3:power>195</ns3:power>
          </ns3:TrackPointExtension>
        </extensions>
      </trkpt>
      <trkpt lat="46.1901041004" lon="7.2461515674">
        <ele>314.09</ele>
        <time>2026-05-17T08:06:52.000Z</time>
        <extensions>
          <ns3:TrackPointExtension>
            <ns3:atemp>20.8</ns3:atemp>
            <ns3:hr>121</ns3:hr>
            <ns3:cad>78</ns3:cad>
            <ns3:power>194</ns3:power>
          </ns3:TrackPointExtension>
        </extensions>
      </trkpt>
      <trkpt lat="46.1901537387" lon="7.2462297674">
        <ele>314.17</ele>
        <time>2026-05-17T08:06:53.000Z</time>
        <extensions>
          <ns3:TrackPointExtension>
            <ns3:atemp>20.8</ns3:atemp>
            <ns3:hr>121</ns3:hr>
            <ns3:cad>78</ns3:cad>
            <ns3:power>194</ns3:power>
          </ns3:TrackPointExtension>
        </extensions>
      </trkpt>
      <trkpt lat="46.1902002769" lon="7.2463008810">
        <ele>314.25</ele>
        <time>2026-05-17T08:06:54.000Z</time>
        <extensions>
          <ns3:TrackPointExtension>
            <ns3:atemp>20.8</ns3:atemp>
            <ns3:hr>121</ns3:hr>
            <ns3:cad>79</ns3:cad>
            <ns3:power>193</ns3:power>
          </ns3:TrackPointExtension>
        </extensions>
      </trkpt>
      <trkpt lat="46.1902521885" lon="7.2463668700">
        <ele>314.33</ele>
        <time>2026-05-17T08:06:55.000Z</time>
        <extensions>
          <ns3:TrackPointExtension>
            <ns3:atemp>20.8</ns3:atemp>
            <ns3:hr>121</ns3:hr>
            <ns3:cad>79</ns3:cad>
            <ns3:power>193</ns3:power>
          </ns3:TrackPointExtension>
        </extensions>
      </trkpt>
      <trkpt lat="46.1903057518" lon="7.2464296549">
        <ele>314.41</ele>
        <time>2026-05-17T08:06:56.000Z</time>
        <extensions>
          <ns3:TrackPointExtension>
            <ns3:atemp>20.8</ns3:atemp>
            <ns3:hr>121</ns3:hr>
            <ns3:cad>79</ns3:cad>
            <ns3:power>192</ns3:power>
          </ns3:TrackPointExtension>
        </extensions>
      </trkpt>
      <trkpt lat="46.1903582348" lon="7.2465009104">
        <ele>314.49</ele>
        <time>2026-05-17T08:06:57.000Z</time>
        <extensions>
          <ns3:TrackPointExtension>
            <ns3:atemp>20.8</ns3:atemp>
            <ns3:hr>122</ns3:hr>
            <ns3:cad>79</ns3:cad>
            <ns3:power>192</ns3:power>
          </ns3:TrackPointExtension>
        </extensions>
      </trkpt>
      <trkpt lat="46.1904055209" lon="7.2465631778">
        <ele>314.57</ele>
        <time>2026-05-17T08:06:58.000Z</time>
        <extensions>
          <ns3:TrackPointExtension>
            <ns3:atemp>20.8</ns3:atemp>
            <ns3:hr>122</ns3:hr>
            <ns3:cad>79</ns3:cad>
            <ns3:power>191</ns3:power>
          </ns3:TrackPointExtension>
        </extensions>
      </trkpt>
      <trkpt lat="46.1904581940" lon="7.2466297699">
        <ele>314.65</ele>
        <time>2026-05-17T08:06:59.000Z</time>
        <extensions>
          <ns3:TrackPointExtension>
            <ns3:atemp>20.8</ns3:atemp>
            <ns3:hr>122</ns3:hr>
            <ns3:cad>80</ns3:cad>
            <ns3:power>191</ns3:power>
          </ns3:TrackPointExtension>
        </extensions>
      </trkpt>
      <trkpt lat="46.1905050802" lon="7.2466995869">
        <ele>314.73</ele>
        <time>2026-05-17T08:07:00.000Z</time>
        <extensions>
          <ns3:TrackPointExtension>
            <ns3:atemp>20.8</ns3:atemp>
            <ns3:hr>122</ns3:hr>
            <ns3:cad>80</ns3:cad>
            <ns3:power>190</ns3:power>
          </ns3:TrackPointExtension>
        </extensions>
      </trkpt>
      <trkpt lat="46.1905548710" lon="7.2467634332">
        <ele>314.81</ele>
        <time>2026-05-17T08:07:01.000Z</time>
        <extensions>
          <ns3:TrackPointExtension>
            <ns3:atemp>20.8</ns3:atemp>
            <ns3:hr>122</ns3:hr>
            <ns3:cad>80</ns3:cad>
            <ns3:power>190</ns3:power>
          </ns3:TrackPointExtension>
        </extensions>
      </trkpt>
      <trkpt lat="46.1906091800" lon="7.2468361318">
        <ele>314.88</ele>
        <time>2026-05-17T08:07:02.000Z</time>
        <extensions>
          <ns3:TrackPointExtension>
            <ns3:atemp>20.8</ns3:atemp>
            <ns3:hr>122</ns3:hr>
            <ns3:cad>80</ns3:cad>
            <ns3:power>189</ns3:power>
          </ns3:TrackPointExtension>
        </extensions>
      </trkpt>
      <trkpt lat="46.1906649678" lon="7.2469044708">
        <ele>314.96</ele>
        <time>2026-05-17T08:07:03.000Z</time>
        <extensions>
          <ns3:TrackPointExtension>
            <ns3:atemp>20.8</ns3:atemp>
            <ns3:hr>122</ns3:hr>
            <ns3:cad>81</ns3:cad>
            <ns3:power>189</ns3:power>
          </ns3:TrackPointExtension>
        </extensions>
      </trkpt>
      <trkpt lat="46.1907210143" lon="7.2469713812">
        <ele>315.04</ele>
        <time>2026-05-17T08:07:04.000Z</time>
        <extensions>
          <ns3:TrackPointExtension>
            <ns3:atemp>20.8</ns3:atemp>
            <ns3:hr>122</ns3:hr>
            <ns3:cad>81</ns3:cad>
            <ns3:power>188</ns3:power>
          </ns3:TrackPointExtension>
        </extensions>
      </trkpt>
      <trkpt lat="46.1907771976" lon="7.2470343112">
        <ele>315.12</ele>
        <time>2026-05-17T08:07:05.000Z</time>
        <extensions>
          <ns3:TrackPointExtension>
            <ns3:atemp>20.8</ns3:atemp>
            <ns3:hr>122</ns3:hr>
            <ns3:cad>81</ns3:cad>
            <ns3:power>188</ns3:power>
          </ns3:TrackPointExtension>
        </extensions>
      </trkpt>
      <trkpt lat="46.1908313901" lon="7.2470950102">
        <ele>315.20</ele>
        <time>2026-05-17T08:07:06.000Z</time>
        <extensions>
          <ns3:TrackPointExtension>
            <ns3:atemp>20.8</ns3:atemp>
            <ns3:hr>122</ns3:hr>
            <ns3:cad>81</ns3:cad>
            <ns3:power>187</ns3:power>
          </ns3:TrackPointExtension>
        </extensions>
      </trkpt>
      <trkpt lat="46.1908874411" lon="7.2471690379">
        <ele>315.28</ele>
        <time>2026-05-17T08:07:07.000Z</time>
        <extensions>
          <ns3:TrackPointExtension>
            <ns3:atemp>20.8</ns3:atemp>
            <ns3:hr>122</ns3:hr>
            <ns3:cad>81</ns3:cad>
            <ns3:power>187</ns3:power>
          </ns3:TrackPointExtension>
        </extensions>
      </trkpt>
      <trkpt lat="46.1909381814" lon="7.2472378871">
        <ele>315.35</ele>
        <time>2026-05-17T08:07:08.000Z</time>
        <extensions>
          <ns3:TrackPointExtension>
            <ns3:atemp>20.8</ns3:atemp>
            <ns3:hr>122</ns3:hr>
            <ns3:cad>82</ns3:cad>
            <ns3:power>186</ns3:power>
          </ns3:TrackPointExtension>
        </extensions>
      </trkpt>
      <trkpt lat="46.1909947790" lon="7.2473064352">
        <ele>315.43</ele>
        <time>2026-05-17T08:07:09.000Z</time>
        <extensions>
          <ns3:TrackPointExtension>
            <ns3:atemp>20.8</ns3:atemp>
            <ns3:hr>122</ns3:hr>
            <ns3:cad>82</ns3:cad>
            <ns3:power>186</ns3:power>
          </ns3:TrackPointExtension>
        </extensions>
      </trkpt>
      <trkpt lat="46.1910517714" lon="7.2473717425">
        <ele>315.51</ele>
        <time>2026-05-17T08:07:10.000Z</time>
        <extensions>
          <ns3:TrackPointExtension>
            <ns3:atemp>20.8</ns3:atemp>
            <ns3:hr>123</ns3:hr>
            <ns3:cad>82</ns3:cad>
            <ns3:power>185</ns3:power>
          </ns3:TrackPointExtension>
        </extensions>
      </trkpt>
      <trkpt lat="46.1911023223" lon="7.2474375450">
        <ele>315.59</ele>
        <time>2026-05-17T08:07:11.000Z</time>
        <extensions>
          <ns3:TrackPointExtension>
            <ns3:atemp>20.8</ns3:atemp>
            <ns3:hr>123</ns3:hr>
            <ns3:cad>82</ns3:cad>
            <ns3:power>185</ns3:power>
          </ns3:TrackPointExtension>
        </extensions>
      </trkpt>
      <trkpt lat="46.1911586561" lon="7.2475073873">
        <ele>315.66</ele>
        <time>2026-05-17T08:07:12.000Z</time>
        <extensions>
          <ns3:TrackPointExtension>
            <ns3:atemp>20.8</ns3:atemp>
            <ns3:hr>123</ns3:hr>
            <ns3:cad>82</ns3:cad>
            <ns3:power>185</ns3:power>
          </ns3:TrackPointExtension>
        </extensions>
      </trkpt>
      <trkpt lat="46.1912148024" lon="7.2475766079">
        <ele>315.74</ele>
        <time>2026-05-17T08:07:13.000Z</time>
        <extensions>
          <ns3:TrackPointExtension>
            <ns3:atemp>20.8</ns3:atemp>
            <ns3:hr>123</ns3:hr>
            <ns3:cad>83</ns3:cad>
            <ns3:power>184</ns3:power>
          </ns3:TrackPointExtension>
        </extensions>
      </trkpt>
      <trkpt lat="46.1912702778" lon="7.2476471381">
        <ele>315.82</ele>
        <time>2026-05-17T08:07:14.000Z</time>
        <extensions>
          <ns3:TrackPointExtension>
            <ns3:atemp>20.8</ns3:atemp>
            <ns3:hr>123</ns3:hr>
            <ns3:cad>83</ns3:cad>
            <ns3:power>184</ns3:power>
          </ns3:TrackPointExtension>
        </extensions>
      </trkpt>
      <trkpt lat="46.1913229802" lon="7.2477048188">
        <ele>315.90</ele>
        <time>2026-05-17T08:07:15.000Z</time>
        <extensions>
          <ns3:TrackPointExtension>
            <ns3:atemp>20.8</ns3:atemp>
            <ns3:hr>123</ns3:hr>
            <ns3:cad>83</ns3:cad>
            <ns3:power>183</ns3:power>
          </ns3:TrackPointExtension>
        </extensions>
      </trkpt>
      <trkpt lat="46.1913774175" lon="7.2477765198">
        <ele>315.97</ele>
        <time>2026-05-17T08:07:16.000Z</time>
        <extensions>
          <ns3:TrackPointExtension>
            <ns3:atemp>20.8</ns3:atemp>
            <ns3:hr>123</ns3:hr>
            <ns3:cad>83</ns3:cad>
            <ns3:power>183</ns3:power>
          </ns3:TrackPointExtension>
        </extensions>
      </trkpt>
      <trkpt lat="46.1914321403" lon="7.2478485738">
        <ele>316.05</ele>
        <time>2026-05-17T08:07:17.000Z</time>
        <extensions>
          <ns3:TrackPointExtension>
            <ns3:atemp>20.8</ns3:atemp>
            <ns3:hr>123</ns3:hr>
            <ns3:cad>83</ns3:cad>
            <ns3:power>183</ns3:power>
          </ns3:TrackPointExtension>
        </extensions>
      </trkpt>
      <trkpt lat="46.1914808506" lon="7.2479080352">
        <ele>316.13</ele>
        <time>2026-05-17T08:07:18.000Z</time>
        <extensions>
          <ns3:TrackPointExtension>
            <ns3:atemp>20.8</ns3:atemp>
            <ns3:hr>123</ns3:hr>
            <ns3:cad>84</ns3:cad>
            <ns3:power>182</ns3:power>
          </ns3:TrackPointExtension>
        </extensions>
      </trkpt>
      <trkpt lat="46.1915388031" lon="7.2479787969">
        <ele>316.21</ele>
        <time>2026-05-17T08:07:19.000Z</time>
        <extensions>
          <ns3:TrackPointExtension>
            <ns3:atemp>20.8</ns3:atemp>
            <ns3:hr>123</ns3:hr>
            <ns3:cad>84</ns3:cad>
            <ns3:power>182</ns3:power>
          </ns3:TrackPointExtension>
        </extensions>
      </trkpt>
      <trkpt lat="46.1915941374" lon="7.2480394030">
        <ele>316.28</ele>
        <time>2026-05-17T08:07:20.000Z</time>
        <extensions>
          <ns3:TrackPointExtension>
            <ns3:atemp>20.8</ns3:atemp>
            <ns3:hr>123</ns3:hr>
            <ns3:cad>84</ns3:cad>
            <ns3:power>182</ns3:power>
          </ns3:TrackPointExtension>
        </extensions>
      </trkpt>
      <trkpt lat="46.1916503191" lon="7.2481030731">
        <ele>316.36</ele>
        <time>2026-05-17T08:07:21.000Z</time>
        <extensions>
          <ns3:TrackPointExtension>
            <ns3:atemp>20.8</ns3:atemp>
            <ns3:hr>124</ns3:hr>
            <ns3:cad>84</ns3:cad>
            <ns3:power>181</ns3:power>
          </ns3:TrackPointExtension>
        </extensions>
      </trkpt>
      <trkpt lat="46.1916984638" lon="7.2481719876">
        <ele>316.44</ele>
        <time>2026-05-17T08:07:22.000Z</time>
        <extensions>
          <ns3:TrackPointExtension>
            <ns3:atemp>20.8</ns3:atemp>
            <ns3:hr>124</ns3:hr>
            <ns3:cad>84</ns3:cad>
            <ns3:power>181</ns3:power>
          </ns3:TrackPointExtension>
        </extensions>
      </trkpt>
      <trkpt lat="46.1917528932" lon="7.2482412105">
        <ele>316.51</ele>
        <time>2026-05-17T08:07:23.000Z</time>
        <extensions>
          <ns3:TrackPointExtension>
            <ns3:atemp>20.8</ns3:atemp>
            <ns3:hr>124</ns3:hr>
            <ns3:cad>85</ns3:cad>
            <ns3:power>181</ns3:power>
          </ns3:TrackPointExtension>
        </extensions>
      </trkpt>
      <trkpt lat="46.1918056655" lon="7.2483113450">
        <ele>316.59</ele>
        <time>2026-05-17T08:07:24.000Z</time>
        <extensions>
          <ns3:TrackPointExtension>
            <ns3:atemp>20.8</ns3:atemp>
            <ns3:hr>124</ns3:hr>
            <ns3:cad>85</ns3:cad>
            <ns3:power>180</ns3:power>
          </ns3:TrackPointExtension>
        </extensions>
      </trkpt>
      <trkpt lat="46.1918557956" lon="7.2483818038">
        <ele>316.67</ele>
        <time>2026-05-17T08:07:25.000Z</time>
        <extensions>
          <ns3:TrackPointExtension>
            <ns3:atemp>20.8</ns3:atemp>
            <ns3:hr>124</ns3:hr>
            <ns3:cad>85</ns3:cad>
            <ns3:power>180</ns3:power>
          </ns3:TrackPointExtension>
        </extensions>
      </trkpt>
      <trkpt lat="46.1919038573" lon="7.2484390269">
        <ele>316.74</ele>
        <time>2026-05-17T08:07:26.000Z</time>
        <extensions>
          <ns3:TrackPointExtension>
            <ns3:atemp>20.8</ns3:atemp>
            <ns3:hr>124</ns3:hr>
            <ns3:cad>85</ns3:cad>
            <ns3:power>180</ns3:power>
          </ns3:TrackPointExtension>
        </extensions>
      </trkpt>
      <trkpt lat="46.1919584356" lon="7.2485018801">
        <ele>316.82</ele>
        <time>2026-05-17T08:07:27.000Z</time>
        <extensions>
          <ns3:TrackPointExtension>
            <ns3:atemp>20.8</ns3:atemp>
            <ns3:hr>124</ns3:hr>
            <ns3:cad>85</ns3:cad>
            <ns3:power>180</ns3:power>
          </ns3:TrackPointExtension>
        </extensions>
      </trkpt>
      <trkpt lat="46.1920088669" lon="7.2485719112">
        <ele>316.90</ele>
        <time>2026-05-17T08:07:28.000Z</time>
        <extensions>
          <ns3:TrackPointExtension>
            <ns3:atemp>20.8</ns3:atemp>
            <ns3:hr>124</ns3:hr>
            <ns3:cad>85</ns3:cad>
            <ns3:power>179</ns3:power>
          </ns3:TrackPointExtension>
        </extensions>
      </trkpt>
      <trkpt lat="46.1920667980" lon="7.2486342689">
        <ele>316.97</ele>
        <time>2026-05-17T08:07:29.000Z</time>
        <extensions>
          <ns3:TrackPointExtension>
            <ns3:atemp>20.8</ns3:atemp>
            <ns3:hr>124</ns3:hr>
            <ns3:cad>86</ns3:cad>
            <ns3:power>179</ns3:power>
          </ns3:TrackPointExtension>
        </extensions>
      </trkpt>
      <trkpt lat="46.1921199093" lon="7.2486918809">
        <ele>317.05</ele>
        <time>2026-05-17T08:07:30.000Z</time>
        <extensions>
          <ns3:TrackPointExtension>
            <ns3:atemp>20.8</ns3:atemp>
            <ns3:hr>124</ns3:hr>
            <ns3:cad>86</ns3:cad>
            <ns3:power>179</ns3:power>
          </ns3:TrackPointExtension>
        </extensions>
      </trkpt>
      <trkpt lat="46.1921714567" lon="7.2487549066">
        <ele>317.13</ele>
        <time>2026-05-17T08:07:31.000Z</time>
        <extensions>
          <ns3:TrackPointExtension>
            <ns3:atemp>20.8</ns3:atemp>
            <ns3:hr>125</ns3:hr>
            <ns3:cad>86</ns3:cad>
            <ns3:power>179</ns3:power>
          </ns3:TrackPointExtension>
        </extensions>
      </trkpt>
      <trkpt lat="46.1922244654" lon="7.2488177624">
        <ele>317.20</ele>
        <time>2026-05-17T08:07:32.000Z</time>
        <extensions>
          <ns3:TrackPointExtension>
            <ns3:atemp>20.8</ns3:atemp>
            <ns3:hr>125</ns3:hr>
            <ns3:cad>86</ns3:cad>
            <ns3:power>179</ns3:power>
          </ns3:TrackPointExtension>
        </extensions>
      </trkpt>
      <trkpt lat="46.1922819003" lon="7.2488826491">
        <ele>317.28</ele>
        <time>2026-05-17T08:07:33.000Z</time>
        <extensions>
          <ns3:TrackPointExtension>
            <ns3:atemp>20.8</ns3:atemp>
            <ns3:hr>125</ns3:hr>
            <ns3:cad>86</ns3:cad>
            <ns3:power>178</ns3:power>
          </ns3:TrackPointExtension>
        </extensions>
      </trkpt>
      <trkpt lat="46.1923307070" lon="7.2489436323">
        <ele>317.35</ele>
        <time>2026-05-17T08:07:34.000Z</time>
        <extensions>
          <ns3:TrackPointExtension>
            <ns3:atemp>20.8</ns3:atemp>
            <ns3:hr>125</ns3:hr>
            <ns3:cad>86</ns3:cad>
            <ns3:power>178</ns3:power>
          </ns3:TrackPointExtension>
        </extensions>
      </trkpt>
      <trkpt lat="46.1923827245" lon="7.2490123719">
        <ele>317.43</ele>
        <time>2026-05-17T08:07:35.000Z</time>
        <extensions>
          <ns3:TrackPointExtension>
            <ns3:atemp>20.8</ns3:atemp>
            <ns3:hr>125</ns3:hr>
            <ns3:cad>86</ns3:cad>
            <ns3:power>178</ns3:power>
          </ns3:TrackPointExtension>
        </extensions>
      </trkpt>
      <trkpt lat="46.1924394004" lon="7.2490703707">
        <ele>317.51</ele>
        <time>2026-05-17T08:07:36.000Z</time>
        <extensions>
          <ns3:TrackPointExtension>
            <ns3:atemp>20.8</ns3:atemp>
            <ns3:hr>125</ns3:hr>
            <ns3:cad>86</ns3:cad>
            <ns3:power>178</ns3:power>
          </ns3:TrackPointExtension>
        </extensions>
      </trkpt>
      <trkpt lat="46.1924862845" lon="7.2491327648">
        <ele>317.58</ele>
        <time>2026-05-17T08:07:37.000Z</time>
        <extensions>
          <ns3:TrackPointExtension>
            <ns3:atemp>20.8</ns3:atemp>
            <ns3:hr>125</ns3:hr>
            <ns3:cad>87</ns3:cad>
            <ns3:power>178</ns3:power>
          </ns3:TrackPointExtension>
        </extensions>
      </trkpt>
      <trkpt lat="46.1925381074" lon="7.2491914580">
        <ele>317.66</ele>
        <time>2026-05-17T08:07:38.000Z</time>
        <extensions>
          <ns3:TrackPointExtension>
            <ns3:atemp>20.8</ns3:atemp>
            <ns3:hr>125</ns3:hr>
            <ns3:cad>87</ns3:cad>
            <ns3:power>178</ns3:power>
          </ns3:TrackPointExtension>
        </extensions>
      </trkpt>
      <trkpt lat="46.1925947849" lon="7.2492542372">
        <ele>317.73</ele>
        <time>2026-05-17T08:07:39.000Z</time>
        <extensions>
          <ns3:TrackPointExtension>
            <ns3:atemp>20.8</ns3:atemp>
            <ns3:hr>125</ns3:hr>
            <ns3:cad>87</ns3:cad>
            <ns3:power>177</ns3:power>
          </ns3:TrackPointExtension>
        </extensions>
      </trkpt>
      <trkpt lat="46.1926503346" lon="7.2493116231">
        <ele>317.81</ele>
        <time>2026-05-17T08:07:40.000Z</time>
        <extensions>
          <ns3:TrackPointExtension>
            <ns3:atemp>20.8</ns3:atemp>
            <ns3:hr>125</ns3:hr>
            <ns3:cad>87</ns3:cad>
            <ns3:power>177</ns3:power>
          </ns3:TrackPointExtension>
        </extensions>
      </trkpt>
      <trkpt lat="46.1926995264" lon="7.2493760224">
        <ele>317.89</ele>
        <time>2026-05-17T08:07:41.000Z</time>
        <extensions>
          <ns3:TrackPointExtension>
            <ns3:atemp>20.8</ns3:atemp>
            <ns3:hr>126</ns3:hr>
            <ns3:cad>87</ns3:cad>
            <ns3:power>177</ns3:power>
          </ns3:TrackPointExtension>
        </extensions>
      </trkpt>
      <trkpt lat="46.1927526049" lon="7.2494432278">
        <ele>317.96</ele>
        <time>2026-05-17T08:07:42.000Z</time>
        <extensions>
          <ns3:TrackPointExtension>
            <ns3:atemp>20.8</ns3:atemp>
            <ns3:hr>126</ns3:hr>
            <ns3:cad>87</ns3:cad>
            <ns3:power>177</ns3:power>
          </ns3:TrackPointExtension>
        </extensions>
      </trkpt>
      <trkpt lat="46.1928079763" lon="7.2495024945">
        <ele>318.04</ele>
        <time>2026-05-17T08:07:43.000Z</time>
        <extensions>
          <ns3:TrackPointExtension>
            <ns3:atemp>20.8</ns3:atemp>
            <ns3:hr>126</ns3:hr>
            <ns3:cad>87</ns3:cad>
            <ns3:power>177</ns3:power>
          </ns3:TrackPointExtension>
        </extensions>
      </trkpt>
      <trkpt lat="46.1928605546" lon="7.2495658019">
        <ele>318.11</ele>
        <time>2026-05-17T08:07:44.000Z</time>
        <extensions>
          <ns3:TrackPointExtension>
            <ns3:atemp>20.8</ns3:atemp>
            <ns3:hr>126</ns3:hr>
            <ns3:cad>87</ns3:cad>
            <ns3:power>177</ns3:power>
          </ns3:TrackPointExtension>
        </extensions>
      </trkpt>
      <trkpt lat="46.1929128949" lon="7.2496289012">
        <ele>318.19</ele>
        <time>2026-05-17T08:07:45.000Z</time>
        <extensions>
          <ns3:TrackPointExtension>
            <ns3:atemp>20.8</ns3:atemp>
            <ns3:hr>126</ns3:hr>
            <ns3:cad>87</ns3:cad>
            <ns3:power>177</ns3:power>
          </ns3:TrackPointExtension>
        </extensions>
      </trkpt>
      <trkpt lat="46.1929609892" lon="7.2496981402">
        <ele>318.27</ele>
        <time>2026-05-17T08:07:46.000Z</time>
        <extensions>
          <ns3:TrackPointExtension>
            <ns3:atemp>20.8</ns3:atemp>
            <ns3:hr>126</ns3:hr>
            <ns3:cad>87</ns3:cad>
            <ns3:power>177</ns3:power>
          </ns3:TrackPointExtension>
        </extensions>
      </trkpt>
      <trkpt lat="46.1930150381" lon="7.2497692719">
        <ele>318.34</ele>
        <time>2026-05-17T08:07:47.000Z</time>
        <extensions>
          <ns3:TrackPointExtension>
            <ns3:atemp>20.8</ns3:atemp>
            <ns3:hr>126</ns3:hr>
            <ns3:cad>88</ns3:cad>
            <ns3:power>177</ns3:power>
          </ns3:TrackPointExtension>
        </extensions>
      </trkpt>
      <trkpt lat="46.1930658962" lon="7.2498403156">
        <ele>318.42</ele>
        <time>2026-05-17T08:07:48.000Z</time>
        <extensions>
          <ns3:TrackPointExtension>
            <ns3:atemp>20.8</ns3:atemp>
            <ns3:hr>126</ns3:hr>
            <ns3:cad>88</ns3:cad>
            <ns3:power>177</ns3:power>
          </ns3:TrackPointExtension>
        </extensions>
      </trkpt>
      <trkpt lat="46.1931171373" lon="7.2499110173">
        <ele>318.49</ele>
        <time>2026-05-17T08:07:49.000Z</time>
        <extensions>
          <ns3:TrackPointExtension>
            <ns3:atemp>20.8</ns3:atemp>
            <ns3:hr>126</ns3:hr>
            <ns3:cad>88</ns3:cad>
            <ns3:power>177</ns3:power>
          </ns3:TrackPointExtension>
        </extensions>
      </trkpt>
      <trkpt lat="46.1931687592" lon="7.2499807727">
        <ele>318.57</ele>
        <time>2026-05-17T08:07:50.000Z</time>
        <extensions>
          <ns3:TrackPointExtension>
            <ns3:atemp>20.8</ns3:atemp>
            <ns3:hr>126</ns3:hr>
            <ns3:cad>88</ns3:cad>
            <ns3:power>177</ns3:power>
          </ns3:TrackPointExtension>
        </extensions>
      </trkpt>
      <trkpt lat="46.1932234644" lon="7.2500455370">
        <ele>318.65</ele>
        <time>2026-05-17T08:07:51.000Z</time>
        <extensions>
          <ns3:TrackPointExtension>
            <ns3:atemp>20.8</ns3:atemp>
            <ns3:hr>127</ns3:hr>
            <ns3:cad>88</ns3:cad>
            <ns3:power>177</ns3:power>
          </ns3:TrackPointExtension>
        </extensions>
      </trkpt>
      <trkpt lat="46.1932739209" lon="7.2501061678">
        <ele>318.72</ele>
        <time>2026-05-17T08:07:52.000Z</time>
        <extensions>
          <ns3:TrackPointExtension>
            <ns3:atemp>20.8</ns3:atemp>
            <ns3:hr>127</ns3:hr>
            <ns3:cad>88</ns3:cad>
            <ns3:power>177</ns3:power>
          </ns3:TrackPointExtension>
        </extensions>
      </trkpt>
      <trkpt lat="46.1933232675" lon="7.2501680872">
        <ele>318.80</ele>
        <time>2026-05-17T08:07:53.000Z</time>
        <extensions>
          <ns3:TrackPointExtension>
            <ns3:atemp>20.8</ns3:atemp>
            <ns3:hr>127</ns3:hr>
            <ns3:cad>88</ns3:cad>
            <ns3:power>177</ns3:power>
          </ns3:TrackPointExtension>
        </extensions>
      </trkpt>
      <trkpt lat="46.1933725871" lon="7.2502301005">
        <ele>318.88</ele>
        <time>2026-05-17T08:07:54.000Z</time>
        <extensions>
          <ns3:TrackPointExtension>
            <ns3:atemp>20.8</ns3:atemp>
            <ns3:hr>127</ns3:hr>
            <ns3:cad>88</ns3:cad>
            <ns3:power>177</ns3:power>
          </ns3:TrackPointExtension>
        </extensions>
      </trkpt>
      <trkpt lat="46.1934277657" lon="7.2503051813">
        <ele>318.95</ele>
        <time>2026-05-17T08:07:55.000Z</time>
        <extensions>
          <ns3:TrackPointExtension>
            <ns3:atemp>20.8</ns3:atemp>
            <ns3:hr>127</ns3:hr>
            <ns3:cad>88</ns3:cad>
            <ns3:power>178</ns3:power>
          </ns3:TrackPointExtension>
        </extensions>
      </trkpt>
      <trkpt lat="46.1934740930" lon="7.2503710369">
        <ele>319.03</ele>
        <time>2026-05-17T08:07:56.000Z</time>
        <extensions>
          <ns3:TrackPointExtension>
            <ns3:atemp>20.8</ns3:atemp>
            <ns3:hr>127</ns3:hr>
            <ns3:cad>88</ns3:cad>
            <ns3:power>178</ns3:power>
          </ns3:TrackPointExtension>
        </extensions>
      </trkpt>
      <trkpt lat="46.1935247831" lon="7.2504438550">
        <ele>319.10</ele>
        <time>2026-05-17T08:07:57.000Z</time>
        <extensions>
          <ns3:TrackPointExtension>
            <ns3:atemp>20.8</ns3:atemp>
            <ns3:hr>127</ns3:hr>
            <ns3:cad>88</ns3:cad>
            <ns3:power>178</ns3:power>
          </ns3:TrackPointExtension>
        </extensions>
      </trkpt>
      <trkpt lat="46.1935760543" lon="7.2505057370">
        <ele>319.18</ele>
        <time>2026-05-17T08:07:58.000Z</time>
        <extensions>
          <ns3:TrackPointExtension>
            <ns3:atemp>20.8</ns3:atemp>
            <ns3:hr>127</ns3:hr>
            <ns3:cad>88</ns3:cad>
            <ns3:power>178</ns3:power>
          </ns3:TrackPointExtension>
        </extensions>
      </trkpt>
      <trkpt lat="46.1936233330" lon="7.2505721723">
        <ele>319.26</ele>
        <time>2026-05-17T08:07:59.000Z</time>
        <extensions>
          <ns3:TrackPointExtension>
            <ns3:atemp>20.8</ns3:atemp>
            <ns3:hr>127</ns3:hr>
            <ns3:cad>88</ns3:cad>
            <ns3:power>178</ns3:power>
          </ns3:TrackPointExtension>
        </extensions>
      </trkpt>
      <trkpt lat="46.1936731224" lon="7.2506371746">
        <ele>319.33</ele>
        <time>2026-05-17T08:08:00.000Z</time>
        <extensions>
          <ns3:TrackPointExtension>
            <ns3:atemp>20.9</ns3:atemp>
            <ns3:hr>127</ns3:hr>
            <ns3:cad>88</ns3:cad>
            <ns3:power>178</ns3:power>
          </ns3:TrackPointExtension>
        </extensions>
      </trkpt>
      <trkpt lat="46.1937171199" lon="7.2507003384">
        <ele>319.41</ele>
        <time>2026-05-17T08:08:01.000Z</time>
        <extensions>
          <ns3:TrackPointExtension>
            <ns3:atemp>20.9</ns3:atemp>
            <ns3:hr>127</ns3:hr>
            <ns3:cad>88</ns3:cad>
            <ns3:power>178</ns3:power>
          </ns3:TrackPointExtension>
        </extensions>
      </trkpt>
      <trkpt lat="46.1937610062" lon="7.2507728692">
        <ele>319.48</ele>
        <time>2026-05-17T08:08:02.000Z</time>
        <extensions>
          <ns3:TrackPointExtension>
            <ns3:atemp>20.9</ns3:atemp>
            <ns3:hr>128</ns3:hr>
            <ns3:cad>88</ns3:cad>
            <ns3:power>179</ns3:power>
          </ns3:TrackPointExtension>
        </extensions>
      </trkpt>
      <trkpt lat="46.1938152217" lon="7.2508431410">
        <ele>319.56</ele>
        <time>2026-05-17T08:08:03.000Z</time>
        <extensions>
          <ns3:TrackPointExtension>
            <ns3:atemp>20.9</ns3:atemp>
            <ns3:hr>128</ns3:hr>
            <ns3:cad>88</ns3:cad>
            <ns3:power>179</ns3:power>
          </ns3:TrackPointExtension>
        </extensions>
      </trkpt>
      <trkpt lat="46.1938593244" lon="7.2509164890">
        <ele>319.64</ele>
        <time>2026-05-17T08:08:04.000Z</time>
        <extensions>
          <ns3:TrackPointExtension>
            <ns3:atemp>20.9</ns3:atemp>
            <ns3:hr>128</ns3:hr>
            <ns3:cad>88</ns3:cad>
            <ns3:power>179</ns3:power>
          </ns3:TrackPointExtension>
        </extensions>
      </trkpt>
      <trkpt lat="46.1939054823" lon="7.2509822189">
        <ele>319.71</ele>
        <time>2026-05-17T08:08:05.000Z</time>
        <extensions>
          <ns3:TrackPointExtension>
            <ns3:atemp>20.9</ns3:atemp>
            <ns3:hr>128</ns3:hr>
            <ns3:cad>88</ns3:cad>
            <ns3:power>179</ns3:power>
          </ns3:TrackPointExtension>
        </extensions>
      </trkpt>
      <trkpt lat="46.1939557804" lon="7.2510599762">
        <ele>319.79</ele>
        <time>2026-05-17T08:08:06.000Z</time>
        <extensions>
          <ns3:TrackPointExtension>
            <ns3:atemp>20.9</ns3:atemp>
            <ns3:hr>128</ns3:hr>
            <ns3:cad>88</ns3:cad>
            <ns3:power>180</ns3:power>
          </ns3:TrackPointExtension>
        </extensions>
      </trkpt>
      <trkpt lat="46.1940036337" lon="7.2511345104">
        <ele>319.87</ele>
        <time>2026-05-17T08:08:07.000Z</time>
        <extensions>
          <ns3:TrackPointExtension>
            <ns3:atemp>20.9</ns3:atemp>
            <ns3:hr>128</ns3:hr>
            <ns3:cad>88</ns3:cad>
            <ns3:power>180</ns3:power>
          </ns3:TrackPointExtension>
        </extensions>
      </trkpt>
      <trkpt lat="46.1940552677" lon="7.2512129186">
        <ele>319.94</ele>
        <time>2026-05-17T08:08:08.000Z</time>
        <extensions>
          <ns3:TrackPointExtension>
            <ns3:atemp>20.9</ns3:atemp>
            <ns3:hr>128</ns3:hr>
            <ns3:cad>88</ns3:cad>
            <ns3:power>180</ns3:power>
          </ns3:TrackPointExtension>
        </extensions>
      </trkpt>
      <trkpt lat="46.1941036693" lon="7.2512874868">
        <ele>320.02</ele>
        <time>2026-05-17T08:08:09.000Z</time>
        <extensions>
          <ns3:TrackPointExtension>
            <ns3:atemp>20.9</ns3:atemp>
            <ns3:hr>128</ns3:hr>
            <ns3:cad>88</ns3:cad>
            <ns3:power>180</ns3:power>
          </ns3:TrackPointExtension>
        </extensions>
      </trkpt>
      <trkpt lat="46.1941569448" lon="7.2513550142">
        <ele>320.10</ele>
        <time>2026-05-17T08:08:10.000Z</time>
        <extensions>
          <ns3:TrackPointExtension>
            <ns3:atemp>20.9</ns3:atemp>
            <ns3:hr>128</ns3:hr>
            <ns3:cad>88</ns3:cad>
            <ns3:power>181</ns3:power>
          </ns3:TrackPointExtension>
        </extensions>
      </trkpt>
      <trkpt lat="46.1942017696" lon="7.2514333154">
        <ele>320.17</ele>
        <time>2026-05-17T08:08:11.000Z</time>
        <extensions>
          <ns3:TrackPointExtension>
            <ns3:atemp>20.9</ns3:atemp>
            <ns3:hr>128</ns3:hr>
            <ns3:cad>88</ns3:cad>
            <ns3:power>181</ns3:power>
          </ns3:TrackPointExtension>
        </extensions>
      </trkpt>
      <trkpt lat="46.1942461391" lon="7.2514976144">
        <ele>320.25</ele>
        <time>2026-05-17T08:08:12.000Z</time>
        <extensions>
          <ns3:TrackPointExtension>
            <ns3:atemp>20.9</ns3:atemp>
            <ns3:hr>129</ns3:hr>
            <ns3:cad>88</ns3:cad>
            <ns3:power>181</ns3:power>
          </ns3:TrackPointExtension>
        </extensions>
      </trkpt>
      <trkpt lat="46.1942947910" lon="7.2515694148">
        <ele>320.33</ele>
        <time>2026-05-17T08:08:13.000Z</time>
        <extensions>
          <ns3:TrackPointExtension>
            <ns3:atemp>20.9</ns3:atemp>
            <ns3:hr>129</ns3:hr>
            <ns3:cad>88</ns3:cad>
            <ns3:power>182</ns3:power>
          </ns3:TrackPointExtension>
        </extensions>
      </trkpt>
      <trkpt lat="46.1943436436" lon="7.2516493309">
        <ele>320.41</ele>
        <time>2026-05-17T08:08:14.000Z</time>
        <extensions>
          <ns3:TrackPointExtension>
            <ns3:atemp>20.9</ns3:atemp>
            <ns3:hr>129</ns3:hr>
            <ns3:cad>88</ns3:cad>
            <ns3:power>182</ns3:power>
          </ns3:TrackPointExtension>
        </extensions>
      </trkpt>
      <trkpt lat="46.1943871806" lon="7.2517179232">
        <ele>320.48</ele>
        <time>2026-05-17T08:08:15.000Z</time>
        <extensions>
          <ns3:TrackPointExtension>
            <ns3:atemp>20.9</ns3:atemp>
            <ns3:hr>129</ns3:hr>
            <ns3:cad>87</ns3:cad>
            <ns3:power>182</ns3:power>
          </ns3:TrackPointExtension>
        </extensions>
      </trkpt>
      <trkpt lat="46.1944298710" lon="7.2517905869">
        <ele>320.56</ele>
        <time>2026-05-17T08:08:16.000Z</time>
        <extensions>
          <ns3:TrackPointExtension>
            <ns3:atemp>20.9</ns3:atemp>
            <ns3:hr>129</ns3:hr>
            <ns3:cad>87</ns3:cad>
            <ns3:power>183</ns3:power>
          </ns3:TrackPointExtension>
        </extensions>
      </trkpt>
      <trkpt lat="46.1944794720" lon="7.2518703938">
        <ele>320.64</ele>
        <time>2026-05-17T08:08:17.000Z</time>
        <extensions>
          <ns3:TrackPointExtension>
            <ns3:atemp>20.9</ns3:atemp>
            <ns3:hr>129</ns3:hr>
            <ns3:cad>87</ns3:cad>
            <ns3:power>183</ns3:power>
          </ns3:TrackPointExtension>
        </extensions>
      </trkpt>
      <trkpt lat="46.1945254762" lon="7.2519501369">
        <ele>320.71</ele>
        <time>2026-05-17T08:08:18.000Z</time>
        <extensions>
          <ns3:TrackPointExtension>
            <ns3:atemp>20.9</ns3:atemp>
            <ns3:hr>129</ns3:hr>
            <ns3:cad>87</ns3:cad>
            <ns3:power>183</ns3:power>
          </ns3:TrackPointExtension>
        </extensions>
      </trkpt>
      <trkpt lat="46.1945743680" lon="7.2520266284">
        <ele>320.79</ele>
        <time>2026-05-17T08:08:19.000Z</time>
        <extensions>
          <ns3:TrackPointExtension>
            <ns3:atemp>20.9</ns3:atemp>
            <ns3:hr>129</ns3:hr>
            <ns3:cad>87</ns3:cad>
            <ns3:power>184</ns3:power>
          </ns3:TrackPointExtension>
        </extensions>
      </trkpt>
      <trkpt lat="46.1946184078" lon="7.2520998674">
        <ele>320.87</ele>
        <time>2026-05-17T08:08:20.000Z</time>
        <extensions>
          <ns3:TrackPointExtension>
            <ns3:atemp>20.9</ns3:atemp>
            <ns3:hr>129</ns3:hr>
            <ns3:cad>87</ns3:cad>
            <ns3:power>184</ns3:power>
          </ns3:TrackPointExtension>
        </extensions>
      </trkpt>
      <trkpt lat="46.1946642067" lon="7.2521682874">
        <ele>320.95</ele>
        <time>2026-05-17T08:08:21.000Z</time>
        <extensions>
          <ns3:TrackPointExtension>
            <ns3:atemp>20.9</ns3:atemp>
            <ns3:hr>129</ns3:hr>
            <ns3:cad>87</ns3:cad>
            <ns3:power>185</ns3:power>
          </ns3:TrackPointExtension>
        </extensions>
      </trkpt>
      <trkpt lat="46.1947161852" lon="7.2522439315">
        <ele>321.02</ele>
        <time>2026-05-17T08:08:22.000Z</time>
        <extensions>
          <ns3:TrackPointExtension>
            <ns3:atemp>20.9</ns3:atemp>
            <ns3:hr>129</ns3:hr>
            <ns3:cad>87</ns3:cad>
            <ns3:power>185</ns3:power>
          </ns3:TrackPointExtension>
        </extensions>
      </trkpt>
      <trkpt lat="46.1947606244" lon="7.2523166856">
        <ele>321.10</ele>
        <time>2026-05-17T08:08:23.000Z</time>
        <extensions>
          <ns3:TrackPointExtension>
            <ns3:atemp>20.9</ns3:atemp>
            <ns3:hr>129</ns3:hr>
            <ns3:cad>87</ns3:cad>
            <ns3:power>185</ns3:power>
          </ns3:TrackPointExtension>
        </extensions>
      </trkpt>
      <trkpt lat="46.1948052031" lon="7.2523953530">
        <ele>321.18</ele>
        <time>2026-05-17T08:08:24.000Z</time>
        <extensions>
          <ns3:TrackPointExtension>
            <ns3:atemp>20.9</ns3:atemp>
            <ns3:hr>129</ns3:hr>
            <ns3:cad>87</ns3:cad>
            <ns3:power>186</ns3:power>
          </ns3:TrackPointExtension>
        </extensions>
      </trkpt>
      <trkpt lat="46.1948538086" lon="7.2524678626">
        <ele>321.26</ele>
        <time>2026-05-17T08:08:25.000Z</time>
        <extensions>
          <ns3:TrackPointExtension>
            <ns3:atemp>20.9</ns3:atemp>
            <ns3:hr>130</ns3:hr>
            <ns3:cad>87</ns3:cad>
            <ns3:power>186</ns3:power>
          </ns3:TrackPointExtension>
        </extensions>
      </trkpt>
      <trkpt lat="46.1948982440" lon="7.2525382250">
        <ele>321.34</ele>
        <time>2026-05-17T08:08:26.000Z</time>
        <extensions>
          <ns3:TrackPointExtension>
            <ns3:atemp>20.9</ns3:atemp>
            <ns3:hr>130</ns3:hr>
            <ns3:cad>86</ns3:cad>
            <ns3:power>187</ns3:power>
          </ns3:TrackPointExtension>
        </extensions>
      </trkpt>
      <trkpt lat="46.1949411508" lon="7.2526163475">
        <ele>321.41</ele>
        <time>2026-05-17T08:08:27.000Z</time>
        <extensions>
          <ns3:TrackPointExtension>
            <ns3:atemp>20.9</ns3:atemp>
            <ns3:hr>130</ns3:hr>
            <ns3:cad>86</ns3:cad>
            <ns3:power>187</ns3:power>
          </ns3:TrackPointExtension>
        </extensions>
      </trkpt>
      <trkpt lat="46.1949852826" lon="7.2526945413">
        <ele>321.49</ele>
        <time>2026-05-17T08:08:28.000Z</time>
        <extensions>
          <ns3:TrackPointExtension>
            <ns3:atemp>20.9</ns3:atemp>
            <ns3:hr>130</ns3:hr>
            <ns3:cad>86</ns3:cad>
            <ns3:power>188</ns3:power>
          </ns3:TrackPointExtension>
        </extensions>
      </trkpt>
      <trkpt lat="46.1950350501" lon="7.2527776403">
        <ele>321.57</ele>
        <time>2026-05-17T08:08:29.000Z</time>
        <extensions>
          <ns3:TrackPointExtension>
            <ns3:atemp>20.9</ns3:atemp>
            <ns3:hr>130</ns3:hr>
            <ns3:cad>86</ns3:cad>
            <ns3:power>188</ns3:power>
          </ns3:TrackPointExtension>
        </extensions>
      </trkpt>
      <trkpt lat="46.1950815883" lon="7.2528598059">
        <ele>321.65</ele>
        <time>2026-05-17T08:08:30.000Z</time>
        <extensions>
          <ns3:TrackPointExtension>
            <ns3:atemp>20.9</ns3:atemp>
            <ns3:hr>130</ns3:hr>
            <ns3:cad>86</ns3:cad>
            <ns3:power>188</ns3:power>
          </ns3:TrackPointExtension>
        </extensions>
      </trkpt>
      <trkpt lat="46.1951330857" lon="7.2529436368">
        <ele>321.73</ele>
        <time>2026-05-17T08:08:31.000Z</time>
        <extensions>
          <ns3:TrackPointExtension>
            <ns3:atemp>20.9</ns3:atemp>
            <ns3:hr>130</ns3:hr>
            <ns3:cad>86</ns3:cad>
            <ns3:power>189</ns3:power>
          </ns3:TrackPointExtension>
        </extensions>
      </trkpt>
      <trkpt lat="46.1951779637" lon="7.2530160854">
        <ele>321.81</ele>
        <time>2026-05-17T08:08:32.000Z</time>
        <extensions>
          <ns3:TrackPointExtension>
            <ns3:atemp>20.9</ns3:atemp>
            <ns3:hr>130</ns3:hr>
            <ns3:cad>86</ns3:cad>
            <ns3:power>189</ns3:power>
          </ns3:TrackPointExtension>
        </extensions>
      </trkpt>
      <trkpt lat="46.1952257675" lon="7.2531000401">
        <ele>321.89</ele>
        <time>2026-05-17T08:08:33.000Z</time>
        <extensions>
          <ns3:TrackPointExtension>
            <ns3:atemp>20.9</ns3:atemp>
            <ns3:hr>130</ns3:hr>
            <ns3:cad>85</ns3:cad>
            <ns3:power>190</ns3:power>
          </ns3:TrackPointExtension>
        </extensions>
      </trkpt>
      <trkpt lat="46.1952721433" lon="7.2531776441">
        <ele>321.96</ele>
        <time>2026-05-17T08:08:34.000Z</time>
        <extensions>
          <ns3:TrackPointExtension>
            <ns3:atemp>20.9</ns3:atemp>
            <ns3:hr>130</ns3:hr>
            <ns3:cad>85</ns3:cad>
            <ns3:power>190</ns3:power>
          </ns3:TrackPointExtension>
        </extensions>
      </trkpt>
      <trkpt lat="46.1953178227" lon="7.2532498930">
        <ele>322.04</ele>
        <time>2026-05-17T08:08:35.000Z</time>
        <extensions>
          <ns3:TrackPointExtension>
            <ns3:atemp>20.9</ns3:atemp>
            <ns3:hr>130</ns3:hr>
            <ns3:cad>85</ns3:cad>
            <ns3:power>191</ns3:power>
          </ns3:TrackPointExtension>
        </extensions>
      </trkpt>
      <trkpt lat="46.1953693594" lon="7.2533242754">
        <ele>322.12</ele>
        <time>2026-05-17T08:08:36.000Z</time>
        <extensions>
          <ns3:TrackPointExtension>
            <ns3:atemp>20.9</ns3:atemp>
            <ns3:hr>130</ns3:hr>
            <ns3:cad>85</ns3:cad>
            <ns3:power>191</ns3:power>
          </ns3:TrackPointExtension>
        </extensions>
      </trkpt>
      <trkpt lat="46.1954206107" lon="7.2533979113">
        <ele>322.20</ele>
        <time>2026-05-17T08:08:37.000Z</time>
        <extensions>
          <ns3:TrackPointExtension>
            <ns3:atemp>20.9</ns3:atemp>
            <ns3:hr>130</ns3:hr>
            <ns3:cad>85</ns3:cad>
            <ns3:power>192</ns3:power>
          </ns3:TrackPointExtension>
        </extensions>
      </trkpt>
      <trkpt lat="46.1954712584" lon="7.2534765818">
        <ele>322.28</ele>
        <time>2026-05-17T08:08:38.000Z</time>
        <extensions>
          <ns3:TrackPointExtension>
            <ns3:atemp>20.9</ns3:atemp>
            <ns3:hr>130</ns3:hr>
            <ns3:cad>85</ns3:cad>
            <ns3:power>192</ns3:power>
          </ns3:TrackPointExtension>
        </extensions>
      </trkpt>
      <trkpt lat="46.1955208503" lon="7.2535557503">
        <ele>322.36</ele>
        <time>2026-05-17T08:08:39.000Z</time>
        <extensions>
          <ns3:TrackPointExtension>
            <ns3:atemp>20.9</ns3:atemp>
            <ns3:hr>131</ns3:hr>
            <ns3:cad>84</ns3:cad>
            <ns3:power>193</ns3:power>
          </ns3:TrackPointExtension>
        </extensions>
      </trkpt>
      <trkpt lat="46.1955637645" lon="7.2536295356">
        <ele>322.44</ele>
        <time>2026-05-17T08:08:40.000Z</time>
        <extensions>
          <ns3:TrackPointExtension>
            <ns3:atemp>20.9</ns3:atemp>
            <ns3:hr>131</ns3:hr>
            <ns3:cad>84</ns3:cad>
            <ns3:power>193</ns3:power>
          </ns3:TrackPointExtension>
        </extensions>
      </trkpt>
      <trkpt lat="46.1956097085" lon="7.2537020245">
        <ele>322.52</ele>
        <time>2026-05-17T08:08:41.000Z</time>
        <extensions>
          <ns3:TrackPointExtension>
            <ns3:atemp>20.9</ns3:atemp>
            <ns3:hr>131</ns3:hr>
            <ns3:cad>84</ns3:cad>
            <ns3:power>194</ns3:power>
          </ns3:TrackPointExtension>
        </extensions>
      </trkpt>
      <trkpt lat="46.1956576485" lon="7.2537750484">
        <ele>322.60</ele>
        <time>2026-05-17T08:08:42.000Z</time>
        <extensions>
          <ns3:TrackPointExtension>
            <ns3:atemp>20.9</ns3:atemp>
            <ns3:hr>131</ns3:hr>
            <ns3:cad>84</ns3:cad>
            <ns3:power>195</ns3:power>
          </ns3:TrackPointExtension>
        </extensions>
      </trkpt>
      <trkpt lat="46.1957057566" lon="7.2538552657">
        <ele>322.68</ele>
        <time>2026-05-17T08:08:43.000Z</time>
        <extensions>
          <ns3:TrackPointExtension>
            <ns3:atemp>20.9</ns3:atemp>
            <ns3:hr>131</ns3:hr>
            <ns3:cad>84</ns3:cad>
            <ns3:power>195</ns3:power>
          </ns3:TrackPointExtension>
        </extensions>
      </trkpt>
      <trkpt lat="46.1957566190" lon="7.2539288937">
        <ele>322.76</ele>
        <time>2026-05-17T08:08:44.000Z</time>
        <extensions>
          <ns3:TrackPointExtension>
            <ns3:atemp>20.9</ns3:atemp>
            <ns3:hr>131</ns3:hr>
            <ns3:cad>84</ns3:cad>
            <ns3:power>196</ns3:power>
          </ns3:TrackPointExtension>
        </extensions>
      </trkpt>
      <trkpt lat="46.1958022903" lon="7.2540023838">
        <ele>322.84</ele>
        <time>2026-05-17T08:08:45.000Z</time>
        <extensions>
          <ns3:TrackPointExtension>
            <ns3:atemp>20.9</ns3:atemp>
            <ns3:hr>131</ns3:hr>
            <ns3:cad>83</ns3:cad>
            <ns3:power>196</ns3:power>
          </ns3:TrackPointExtension>
        </extensions>
      </trkpt>
      <trkpt lat="46.1958500664" lon="7.2540877239">
        <ele>322.92</ele>
        <time>2026-05-17T08:08:46.000Z</time>
        <extensions>
          <ns3:TrackPointExtension>
            <ns3:atemp>20.9</ns3:atemp>
            <ns3:hr>131</ns3:hr>
            <ns3:cad>83</ns3:cad>
            <ns3:power>197</ns3:power>
          </ns3:TrackPointExtension>
        </extensions>
      </trkpt>
      <trkpt lat="46.1958956579" lon="7.2541724874">
        <ele>323.00</ele>
        <time>2026-05-17T08:08:47.000Z</time>
        <extensions>
          <ns3:TrackPointExtension>
            <ns3:atemp>20.9</ns3:atemp>
            <ns3:hr>131</ns3:hr>
            <ns3:cad>83</ns3:cad>
            <ns3:power>197</ns3:power>
          </ns3:TrackPointExtension>
        </extensions>
      </trkpt>
      <trkpt lat="46.1959434125" lon="7.2542501211">
        <ele>323.08</ele>
        <time>2026-05-17T08:08:48.000Z</time>
        <extensions>
          <ns3:TrackPointExtension>
            <ns3:atemp>20.9</ns3:atemp>
            <ns3:hr>131</ns3:hr>
            <ns3:cad>83</ns3:cad>
            <ns3:power>198</ns3:power>
          </ns3:TrackPointExtension>
        </extensions>
      </trkpt>
      <trkpt lat="46.1959864880" lon="7.2543363814">
        <ele>323.16</ele>
        <time>2026-05-17T08:08:49.000Z</time>
        <extensions>
          <ns3:TrackPointExtension>
            <ns3:atemp>20.9</ns3:atemp>
            <ns3:hr>131</ns3:hr>
            <ns3:cad>83</ns3:cad>
            <ns3:power>198</ns3:power>
          </ns3:TrackPointExtension>
        </extensions>
      </trkpt>
      <trkpt lat="46.1960268446" lon="7.2544117514">
        <ele>323.24</ele>
        <time>2026-05-17T08:08:50.000Z</time>
        <extensions>
          <ns3:TrackPointExtension>
            <ns3:atemp>20.9</ns3:atemp>
            <ns3:hr>131</ns3:hr>
            <ns3:cad>82</ns3:cad>
            <ns3:power>199</ns3:power>
          </ns3:TrackPointExtension>
        </extensions>
      </trkpt>
      <trkpt lat="46.1960723068" lon="7.2544933907">
        <ele>323.32</ele>
        <time>2026-05-17T08:08:51.000Z</time>
        <extensions>
          <ns3:TrackPointExtension>
            <ns3:atemp>20.9</ns3:atemp>
            <ns3:hr>131</ns3:hr>
            <ns3:cad>82</ns3:cad>
            <ns3:power>199</ns3:power>
          </ns3:TrackPointExtension>
        </extensions>
      </trkpt>
      <trkpt lat="46.1961200540" lon="7.2545695147">
        <ele>323.40</ele>
        <time>2026-05-17T08:08:52.000Z</time>
        <extensions>
          <ns3:TrackPointExtension>
            <ns3:atemp>20.9</ns3:atemp>
            <ns3:hr>131</ns3:hr>
            <ns3:cad>82</ns3:cad>
            <ns3:power>200</ns3:power>
          </ns3:TrackPointExtension>
        </extensions>
      </trkpt>
      <trkpt lat="46.1961617825" lon="7.2546528660">
        <ele>323.48</ele>
        <time>2026-05-17T08:08:53.000Z</time>
        <extensions>
          <ns3:TrackPointExtension>
            <ns3:atemp>20.9</ns3:atemp>
            <ns3:hr>131</ns3:hr>
            <ns3:cad>82</ns3:cad>
            <ns3:power>200</ns3:power>
          </ns3:TrackPointExtension>
        </extensions>
      </trkpt>
      <trkpt lat="46.1962038114" lon="7.2547348795">
        <ele>323.56</ele>
        <time>2026-05-17T08:08:54.000Z</time>
        <extensions>
          <ns3:TrackPointExtension>
            <ns3:atemp>20.9</ns3:atemp>
            <ns3:hr>131</ns3:hr>
            <ns3:cad>82</ns3:cad>
            <ns3:power>201</ns3:power>
          </ns3:TrackPointExtension>
        </extensions>
      </trkpt>
      <trkpt lat="46.1962497107" lon="7.2548132112">
        <ele>323.64</ele>
        <time>2026-05-17T08:08:55.000Z</time>
        <extensions>
          <ns3:TrackPointExtension>
            <ns3:atemp>20.9</ns3:atemp>
            <ns3:hr>131</ns3:hr>
            <ns3:cad>81</ns3:cad>
            <ns3:power>201</ns3:power>
          </ns3:TrackPointExtension>
        </extensions>
      </trkpt>
      <trkpt lat="46.1962966179" lon="7.2548993386">
        <ele>323.73</ele>
        <time>2026-05-17T08:08:56.000Z</time>
        <extensions>
          <ns3:TrackPointExtension>
            <ns3:atemp>20.9</ns3:atemp>
            <ns3:hr>131</ns3:hr>
            <ns3:cad>81</ns3:cad>
            <ns3:power>202</ns3:power>
          </ns3:TrackPointExtension>
        </extensions>
      </trkpt>
      <trkpt lat="46.1963365474" lon="7.2549891718">
        <ele>323.81</ele>
        <time>2026-05-17T08:08:57.000Z</time>
        <extensions>
          <ns3:TrackPointExtension>
            <ns3:atemp>20.9</ns3:atemp>
            <ns3:hr>131</ns3:hr>
            <ns3:cad>81</ns3:cad>
            <ns3:power>202</ns3:power>
          </ns3:TrackPointExtension>
        </extensions>
      </trkpt>
      <trkpt lat="46.1963844828" lon="7.2550749551">
        <ele>323.89</ele>
        <time>2026-05-17T08:08:58.000Z</time>
        <extensions>
          <ns3:TrackPointExtension>
            <ns3:atemp>20.9</ns3:atemp>
            <ns3:hr>131</ns3:hr>
            <ns3:cad>81</ns3:cad>
            <ns3:power>203</ns3:power>
          </ns3:TrackPointExtension>
        </extensions>
      </trkpt>
      <trkpt lat="46.1964313507" lon="7.2551606297">
        <ele>323.97</ele>
        <time>2026-05-17T08:08:59.000Z</time>
        <extensions>
          <ns3:TrackPointExtension>
            <ns3:atemp>20.9</ns3:atemp>
            <ns3:hr>131</ns3:hr>
            <ns3:cad>80</ns3:cad>
            <ns3:power>203</ns3:power>
          </ns3:TrackPointExtension>
        </extensions>
      </trkpt>
      <trkpt lat="46.1964769493" lon="7.2552469683">
        <ele>324.05</ele>
        <time>2026-05-17T08:09:00.000Z</time>
        <extensions>
          <ns3:TrackPointExtension>
            <ns3:atemp>20.9</ns3:atemp>
            <ns3:hr>131</ns3:hr>
            <ns3:cad>80</ns3:cad>
            <ns3:power>204</ns3:power>
          </ns3:TrackPointExtension>
        </extensions>
      </trkpt>
      <trkpt lat="46.1965214304" lon="7.2553406498">
        <ele>324.13</ele>
        <time>2026-05-17T08:09:01.000Z</time>
        <extensions>
          <ns3:TrackPointExtension>
            <ns3:atemp>20.9</ns3:atemp>
            <ns3:hr>131</ns3:hr>
            <ns3:cad>80</ns3:cad>
            <ns3:power>204</ns3:power>
          </ns3:TrackPointExtension>
        </extensions>
      </trkpt>
      <trkpt lat="46.1965593077" lon="7.2554304770">
        <ele>324.21</ele>
        <time>2026-05-17T08:09:02.000Z</time>
        <extensions>
          <ns3:TrackPointExtension>
            <ns3:atemp>20.9</ns3:atemp>
            <ns3:hr>131</ns3:hr>
            <ns3:cad>80</ns3:cad>
            <ns3:power>205</ns3:power>
          </ns3:TrackPointExtension>
        </extensions>
      </trkpt>
      <trkpt lat="46.1965959653" lon="7.2555232561">
        <ele>324.30</ele>
        <time>2026-05-17T08:09:03.000Z</time>
        <extensions>
          <ns3:TrackPointExtension>
            <ns3:atemp>20.9</ns3:atemp>
            <ns3:hr>131</ns3:hr>
            <ns3:cad>80</ns3:cad>
            <ns3:power>205</ns3:power>
          </ns3:TrackPointExtension>
        </extensions>
      </trkpt>
      <trkpt lat="46.1966384034" lon="7.2556159372">
        <ele>324.38</ele>
        <time>2026-05-17T08:09:04.000Z</time>
        <extensions>
          <ns3:TrackPointExtension>
            <ns3:atemp>20.9</ns3:atemp>
            <ns3:hr>132</ns3:hr>
            <ns3:cad>79</ns3:cad>
            <ns3:power>206</ns3:power>
          </ns3:TrackPointExtension>
        </extensions>
      </trkpt>
      <trkpt lat="46.1966754137" lon="7.2557118541">
        <ele>324.46</ele>
        <time>2026-05-17T08:09:05.000Z</time>
        <extensions>
          <ns3:TrackPointExtension>
            <ns3:atemp>20.9</ns3:atemp>
            <ns3:hr>132</ns3:hr>
            <ns3:cad>79</ns3:cad>
            <ns3:power>206</ns3:power>
          </ns3:TrackPointExtension>
        </extensions>
      </trkpt>
      <trkpt lat="46.1967136877" lon="7.2558071546">
        <ele>324.54</ele>
        <time>2026-05-17T08:09:06.000Z</time>
        <extensions>
          <ns3:TrackPointExtension>
            <ns3:atemp>20.9</ns3:atemp>
            <ns3:hr>132</ns3:hr>
            <ns3:cad>79</ns3:cad>
            <ns3:power>207</ns3:power>
          </ns3:TrackPointExtension>
        </extensions>
      </trkpt>
      <trkpt lat="46.1967490424" lon="7.2558934634">
        <ele>324.63</ele>
        <time>2026-05-17T08:09:07.000Z</time>
        <extensions>
          <ns3:TrackPointExtension>
            <ns3:atemp>20.9</ns3:atemp>
            <ns3:hr>132</ns3:hr>
            <ns3:cad>79</ns3:cad>
            <ns3:power>207</ns3:power>
          </ns3:TrackPointExtension>
        </extensions>
      </trkpt>
      <trkpt lat="46.1967921499" lon="7.2559793524">
        <ele>324.71</ele>
        <time>2026-05-17T08:09:08.000Z</time>
        <extensions>
          <ns3:TrackPointExtension>
            <ns3:atemp>20.9</ns3:atemp>
            <ns3:hr>132</ns3:hr>
            <ns3:cad>78</ns3:cad>
            <ns3:power>208</ns3:power>
          </ns3:TrackPointExtension>
        </extensions>
      </trkpt>
      <trkpt lat="46.1968362006" lon="7.2560643955">
        <ele>324.79</ele>
        <time>2026-05-17T08:09:09.000Z</time>
        <extensions>
          <ns3:TrackPointExtension>
            <ns3:atemp>20.9</ns3:atemp>
            <ns3:hr>132</ns3:hr>
            <ns3:cad>78</ns3:cad>
            <ns3:power>208</ns3:power>
          </ns3:TrackPointExtension>
        </extensions>
      </trkpt>
      <trkpt lat="46.1968737138" lon="7.2561609450">
        <ele>324.87</ele>
        <time>2026-05-17T08:09:10.000Z</time>
        <extensions>
          <ns3:TrackPointExtension>
            <ns3:atemp>20.9</ns3:atemp>
            <ns3:hr>132</ns3:hr>
            <ns3:cad>78</ns3:cad>
            <ns3:power>209</ns3:power>
          </ns3:TrackPointExtension>
        </extensions>
      </trkpt>
      <trkpt lat="46.1969144559" lon="7.2562453889">
        <ele>324.96</ele>
        <time>2026-05-17T08:09:11.000Z</time>
        <extensions>
          <ns3:TrackPointExtension>
            <ns3:atemp>20.9</ns3:atemp>
            <ns3:hr>132</ns3:hr>
            <ns3:cad>78</ns3:cad>
            <ns3:power>209</ns3:power>
          </ns3:TrackPointExtension>
        </extensions>
      </trkpt>
      <trkpt lat="46.1969586296" lon="7.2563331706">
        <ele>325.04</ele>
        <time>2026-05-17T08:09:12.000Z</time>
        <extensions>
          <ns3:TrackPointExtension>
            <ns3:atemp>20.9</ns3:atemp>
            <ns3:hr>132</ns3:hr>
            <ns3:cad>78</ns3:cad>
            <ns3:power>210</ns3:power>
          </ns3:TrackPointExtension>
        </extensions>
      </trkpt>
      <trkpt lat="46.1970007507" lon="7.2564211255">
        <ele>325.12</ele>
        <time>2026-05-17T08:09:13.000Z</time>
        <extensions>
          <ns3:TrackPointExtension>
            <ns3:atemp>20.9</ns3:atemp>
            <ns3:hr>132</ns3:hr>
            <ns3:cad>77</ns3:cad>
            <ns3:power>210</ns3:power>
          </ns3:TrackPointExtension>
        </extensions>
      </trkpt>
      <trkpt lat="46.1970394219" lon="7.2565109141">
        <ele>325.20</ele>
        <time>2026-05-17T08:09:14.000Z</time>
        <extensions>
          <ns3:TrackPointExtension>
            <ns3:atemp>20.9</ns3:atemp>
            <ns3:hr>132</ns3:hr>
            <ns3:cad>77</ns3:cad>
            <ns3:power>210</ns3:power>
          </ns3:TrackPointExtension>
        </extensions>
      </trkpt>
      <trkpt lat="46.1970753090" lon="7.2566050408">
        <ele>325.29</ele>
        <time>2026-05-17T08:09:15.000Z</time>
        <extensions>
          <ns3:TrackPointExtension>
            <ns3:atemp>20.9</ns3:atemp>
            <ns3:hr>132</ns3:hr>
            <ns3:cad>77</ns3:cad>
            <ns3:power>211</ns3:power>
          </ns3:TrackPointExtension>
        </extensions>
      </trkpt>
      <trkpt lat="46.1971143469" lon="7.2567006435">
        <ele>325.37</ele>
        <time>2026-05-17T08:09:16.000Z</time>
        <extensions>
          <ns3:TrackPointExtension>
            <ns3:atemp>20.9</ns3:atemp>
            <ns3:hr>132</ns3:hr>
            <ns3:cad>77</ns3:cad>
            <ns3:power>211</ns3:power>
          </ns3:TrackPointExtension>
        </extensions>
      </trkpt>
      <trkpt lat="46.1971562240" lon="7.2568000769">
        <ele>325.45</ele>
        <time>2026-05-17T08:09:17.000Z</time>
        <extensions>
          <ns3:TrackPointExtension>
            <ns3:atemp>20.9</ns3:atemp>
            <ns3:hr>132</ns3:hr>
            <ns3:cad>76</ns3:cad>
            <ns3:power>211</ns3:power>
          </ns3:TrackPointExtension>
        </extensions>
      </trkpt>
      <trkpt lat="46.1971962657" lon="7.2568981728">
        <ele>325.54</ele>
        <time>2026-05-17T08:09:18.000Z</time>
        <extensions>
          <ns3:TrackPointExtension>
            <ns3:atemp>20.9</ns3:atemp>
            <ns3:hr>132</ns3:hr>
            <ns3:cad>76</ns3:cad>
            <ns3:power>212</ns3:power>
          </ns3:TrackPointExtension>
        </extensions>
      </trkpt>
      <trkpt lat="46.1972290740" lon="7.2569945497">
        <ele>325.62</ele>
        <time>2026-05-17T08:09:19.000Z</time>
        <extensions>
          <ns3:TrackPointExtension>
            <ns3:atemp>20.9</ns3:atemp>
            <ns3:hr>132</ns3:hr>
            <ns3:cad>76</ns3:cad>
            <ns3:power>212</ns3:power>
          </ns3:TrackPointExtension>
        </extensions>
      </trkpt>
      <trkpt lat="46.1972701505" lon="7.2570819237">
        <ele>325.70</ele>
        <time>2026-05-17T08:09:20.000Z</time>
        <extensions>
          <ns3:TrackPointExtension>
            <ns3:atemp>20.9</ns3:atemp>
            <ns3:hr>132</ns3:hr>
            <ns3:cad>76</ns3:cad>
            <ns3:power>212</ns3:power>
          </ns3:TrackPointExtension>
        </extensions>
      </trkpt>
      <trkpt lat="46.1973037814" lon="7.2571765613">
        <ele>325.79</ele>
        <time>2026-05-17T08:09:21.000Z</time>
        <extensions>
          <ns3:TrackPointExtension>
            <ns3:atemp>21.0</ns3:atemp>
            <ns3:hr>132</ns3:hr>
            <ns3:cad>76</ns3:cad>
            <ns3:power>213</ns3:power>
          </ns3:TrackPointExtension>
        </extensions>
      </trkpt>
      <trkpt lat="46.1973424946" lon="7.2572676873">
        <ele>325.87</ele>
        <time>2026-05-17T08:09:22.000Z</time>
        <extensions>
          <ns3:TrackPointExtension>
            <ns3:atemp>21.0</ns3:atemp>
            <ns3:hr>132</ns3:hr>
            <ns3:cad>75</ns3:cad>
            <ns3:power>213</ns3:power>
          </ns3:TrackPointExtension>
        </extensions>
      </trkpt>
      <trkpt lat="46.1973812604" lon="7.2573630519">
        <ele>325.95</ele>
        <time>2026-05-17T08:09:23.000Z</time>
        <extensions>
          <ns3:TrackPointExtension>
            <ns3:atemp>21.0</ns3:atemp>
            <ns3:hr>132</ns3:hr>
            <ns3:cad>75</ns3:cad>
            <ns3:power>213</ns3:power>
          </ns3:TrackPointExtension>
        </extensions>
      </trkpt>
      <trkpt lat="46.1974153740" lon="7.2574564828">
        <ele>326.04</ele>
        <time>2026-05-17T08:09:24.000Z</time>
        <extensions>
          <ns3:TrackPointExtension>
            <ns3:atemp>21.0</ns3:atemp>
            <ns3:hr>132</ns3:hr>
            <ns3:cad>75</ns3:cad>
            <ns3:power>214</ns3:power>
          </ns3:TrackPointExtension>
        </extensions>
      </trkpt>
      <trkpt lat="46.1974485087" lon="7.2575543585">
        <ele>326.12</ele>
        <time>2026-05-17T08:09:25.000Z</time>
        <extensions>
          <ns3:TrackPointExtension>
            <ns3:atemp>21.0</ns3:atemp>
            <ns3:hr>132</ns3:hr>
            <ns3:cad>75</ns3:cad>
            <ns3:power>214</ns3:power>
          </ns3:TrackPointExtension>
        </extensions>
      </trkpt>
      <trkpt lat="46.1974878384" lon="7.2576543949">
        <ele>326.20</ele>
        <time>2026-05-17T08:09:26.000Z</time>
        <extensions>
          <ns3:TrackPointExtension>
            <ns3:atemp>21.0</ns3:atemp>
            <ns3:hr>132</ns3:hr>
            <ns3:cad>74</ns3:cad>
            <ns3:power>214</ns3:power>
          </ns3:TrackPointExtension>
        </extensions>
      </trkpt>
      <trkpt lat="46.1975179210" lon="7.2577467617">
        <ele>326.29</ele>
        <time>2026-05-17T08:09:27.000Z</time>
        <extensions>
          <ns3:TrackPointExtension>
            <ns3:atemp>21.0</ns3:atemp>
            <ns3:hr>132</ns3:hr>
            <ns3:cad>74</ns3:cad>
            <ns3:power>214</ns3:power>
          </ns3:TrackPointExtension>
        </extensions>
      </trkpt>
      <trkpt lat="46.1975562663" lon="7.2578449142">
        <ele>326.37</ele>
        <time>2026-05-17T08:09:28.000Z</time>
        <extensions>
          <ns3:TrackPointExtension>
            <ns3:atemp>21.0</ns3:atemp>
            <ns3:hr>132</ns3:hr>
            <ns3:cad>74</ns3:cad>
            <ns3:power>215</ns3:power>
          </ns3:TrackPointExtension>
        </extensions>
      </trkpt>
      <trkpt lat="46.1975885256" lon="7.2579387224">
        <ele>326.45</ele>
        <time>2026-05-17T08:09:29.000Z</time>
        <extensions>
          <ns3:TrackPointExtension>
            <ns3:atemp>21.0</ns3:atemp>
            <ns3:hr>131</ns3:hr>
            <ns3:cad>74</ns3:cad>
            <ns3:power>215</ns3:power>
          </ns3:TrackPointExtension>
        </extensions>
      </trkpt>
      <trkpt lat="46.1976224333" lon="7.2580416927">
        <ele>326.54</ele>
        <time>2026-05-17T08:09:30.000Z</time>
        <extensions>
          <ns3:TrackPointExtension>
            <ns3:atemp>21.0</ns3:atemp>
            <ns3:hr>131</ns3:hr>
            <ns3:cad>74</ns3:cad>
            <ns3:power>215</ns3:power>
          </ns3:TrackPointExtension>
        </extensions>
      </trkpt>
      <trkpt lat="46.1976553063" lon="7.2581318986">
        <ele>326.62</ele>
        <time>2026-05-17T08:09:31.000Z</time>
        <extensions>
          <ns3:TrackPointExtension>
            <ns3:atemp>21.0</ns3:atemp>
            <ns3:hr>131</ns3:hr>
            <ns3:cad>73</ns3:cad>
            <ns3:power>215</ns3:power>
          </ns3:TrackPointExtension>
        </extensions>
      </trkpt>
      <trkpt lat="46.1976941117" lon="7.2582319221">
        <ele>326.71</ele>
        <time>2026-05-17T08:09:32.000Z</time>
        <extensions>
          <ns3:TrackPointExtension>
            <ns3:atemp>21.0</ns3:atemp>
            <ns3:hr>131</ns3:hr>
            <ns3:cad>73</ns3:cad>
            <ns3:power>215</ns3:power>
          </ns3:TrackPointExtension>
        </extensions>
      </trkpt>
      <trkpt lat="46.1977284341" lon="7.2583252001">
        <ele>326.79</ele>
        <time>2026-05-17T08:09:33.000Z</time>
        <extensions>
          <ns3:TrackPointExtension>
            <ns3:atemp>21.0</ns3:atemp>
            <ns3:hr>131</ns3:hr>
            <ns3:cad>73</ns3:cad>
            <ns3:power>216</ns3:power>
          </ns3:TrackPointExtension>
        </extensions>
      </trkpt>
      <trkpt lat="46.1977630175" lon="7.2584180917">
        <ele>326.87</ele>
        <time>2026-05-17T08:09:34.000Z</time>
        <extensions>
          <ns3:TrackPointExtension>
            <ns3:atemp>21.0</ns3:atemp>
            <ns3:hr>131</ns3:hr>
            <ns3:cad>73</ns3:cad>
            <ns3:power>216</ns3:power>
          </ns3:TrackPointExtension>
        </extensions>
      </trkpt>
      <trkpt lat="46.1978023447" lon="7.2585160474">
        <ele>326.96</ele>
        <time>2026-05-17T08:09:35.000Z</time>
        <extensions>
          <ns3:TrackPointExtension>
            <ns3:atemp>21.0</ns3:atemp>
            <ns3:hr>131</ns3:hr>
            <ns3:cad>73</ns3:cad>
            <ns3:power>216</ns3:power>
          </ns3:TrackPointExtension>
        </extensions>
      </trkpt>
      <trkpt lat="46.1978372175" lon="7.2586158837">
        <ele>327.04</ele>
        <time>2026-05-17T08:09:36.000Z</time>
        <extensions>
          <ns3:TrackPointExtension>
            <ns3:atemp>21.0</ns3:atemp>
            <ns3:hr>131</ns3:hr>
            <ns3:cad>72</ns3:cad>
            <ns3:power>216</ns3:power>
          </ns3:TrackPointExtension>
        </extensions>
      </trkpt>
      <trkpt lat="46.1978745892" lon="7.2587160633">
        <ele>327.12</ele>
        <time>2026-05-17T08:09:37.000Z</time>
        <extensions>
          <ns3:TrackPointExtension>
            <ns3:atemp>21.0</ns3:atemp>
            <ns3:hr>131</ns3:hr>
            <ns3:cad>72</ns3:cad>
            <ns3:power>216</ns3:power>
          </ns3:TrackPointExtension>
        </extensions>
      </trkpt>
      <trkpt lat="46.1979118016" lon="7.2588063302">
        <ele>327.21</ele>
        <time>2026-05-17T08:09:38.000Z</time>
        <extensions>
          <ns3:TrackPointExtension>
            <ns3:atemp>21.0</ns3:atemp>
            <ns3:hr>131</ns3:hr>
            <ns3:cad>72</ns3:cad>
            <ns3:power>216</ns3:power>
          </ns3:TrackPointExtension>
        </extensions>
      </trkpt>
      <trkpt lat="46.1979467214" lon="7.2589099280">
        <ele>327.29</ele>
        <time>2026-05-17T08:09:39.000Z</time>
        <extensions>
          <ns3:TrackPointExtension>
            <ns3:atemp>21.0</ns3:atemp>
            <ns3:hr>131</ns3:hr>
            <ns3:cad>72</ns3:cad>
            <ns3:power>216</ns3:power>
          </ns3:TrackPointExtension>
        </extensions>
      </trkpt>
      <trkpt lat="46.1979764796" lon="7.2590082455">
        <ele>327.38</ele>
        <time>2026-05-17T08:09:40.000Z</time>
        <extensions>
          <ns3:TrackPointExtension>
            <ns3:atemp>21.0</ns3:atemp>
            <ns3:hr>131</ns3:hr>
            <ns3:cad>72</ns3:cad>
            <ns3:power>216</ns3:power>
          </ns3:TrackPointExtension>
        </extensions>
      </trkpt>
      <trkpt lat="46.1980081488" lon="7.2591133693">
        <ele>327.46</ele>
        <time>2026-05-17T08:09:41.000Z</time>
        <extensions>
          <ns3:TrackPointExtension>
            <ns3:atemp>21.0</ns3:atemp>
            <ns3:hr>131</ns3:hr>
            <ns3:cad>72</ns3:cad>
            <ns3:power>216</ns3:power>
          </ns3:TrackPointExtension>
        </extensions>
      </trkpt>
      <trkpt lat="46.1980402192" lon="7.2592073223">
        <ele>327.54</ele>
        <time>2026-05-17T08:09:42.000Z</time>
        <extensions>
          <ns3:TrackPointExtension>
            <ns3:atemp>21.0</ns3:atemp>
            <ns3:hr>131</ns3:hr>
            <ns3:cad>71</ns3:cad>
            <ns3:power>216</ns3:power>
          </ns3:TrackPointExtension>
        </extensions>
      </trkpt>
      <trkpt lat="46.1980686690" lon="7.2593120438">
        <ele>327.63</ele>
        <time>2026-05-17T08:09:43.000Z</time>
        <extensions>
          <ns3:TrackPointExtension>
            <ns3:atemp>21.0</ns3:atemp>
            <ns3:hr>131</ns3:hr>
            <ns3:cad>71</ns3:cad>
            <ns3:power>216</ns3:power>
          </ns3:TrackPointExtension>
        </extensions>
      </trkpt>
      <trkpt lat="46.1981053087" lon="7.2594133872">
        <ele>327.71</ele>
        <time>2026-05-17T08:09:44.000Z</time>
        <extensions>
          <ns3:TrackPointExtension>
            <ns3:atemp>21.0</ns3:atemp>
            <ns3:hr>131</ns3:hr>
            <ns3:cad>71</ns3:cad>
            <ns3:power>216</ns3:power>
          </ns3:TrackPointExtension>
        </extensions>
      </trkpt>
      <trkpt lat="46.1981386493" lon="7.2595040038">
        <ele>327.80</ele>
        <time>2026-05-17T08:09:45.000Z</time>
        <extensions>
          <ns3:TrackPointExtension>
            <ns3:atemp>21.0</ns3:atemp>
            <ns3:hr>131</ns3:hr>
            <ns3:cad>71</ns3:cad>
            <ns3:power>216</ns3:power>
          </ns3:TrackPointExtension>
        </extensions>
      </trkpt>
      <trkpt lat="46.1981746007" lon="7.2596033774">
        <ele>327.88</ele>
        <time>2026-05-17T08:09:46.000Z</time>
        <extensions>
          <ns3:TrackPointExtension>
            <ns3:atemp>21.0</ns3:atemp>
            <ns3:hr>131</ns3:hr>
            <ns3:cad>71</ns3:cad>
            <ns3:power>216</ns3:power>
          </ns3:TrackPointExtension>
        </extensions>
      </trkpt>
      <trkpt lat="46.1982052781" lon="7.2597011921">
        <ele>327.96</ele>
        <time>2026-05-17T08:09:47.000Z</time>
        <extensions>
          <ns3:TrackPointExtension>
            <ns3:atemp>21.0</ns3:atemp>
            <ns3:hr>131</ns3:hr>
            <ns3:cad>71</ns3:cad>
            <ns3:power>216</ns3:power>
          </ns3:TrackPointExtension>
        </extensions>
      </trkpt>
      <trkpt lat="46.1982345464" lon="7.2598033802">
        <ele>328.05</ele>
        <time>2026-05-17T08:09:48.000Z</time>
        <extensions>
          <ns3:TrackPointExtension>
            <ns3:atemp>21.0</ns3:atemp>
            <ns3:hr>131</ns3:hr>
            <ns3:cad>70</ns3:cad>
            <ns3:power>216</ns3:power>
          </ns3:TrackPointExtension>
        </extensions>
      </trkpt>
      <trkpt lat="46.1982694437" lon="7.2599032985">
        <ele>328.13</ele>
        <time>2026-05-17T08:09:49.000Z</time>
        <extensions>
          <ns3:TrackPointExtension>
            <ns3:atemp>21.0</ns3:atemp>
            <ns3:hr>131</ns3:hr>
            <ns3:cad>70</ns3:cad>
            <ns3:power>216</ns3:power>
          </ns3:TrackPointExtension>
        </extensions>
      </trkpt>
      <trkpt lat="46.1982985175" lon="7.2599975990">
        <ele>328.22</ele>
        <time>2026-05-17T08:09:50.000Z</time>
        <extensions>
          <ns3:TrackPointExtension>
            <ns3:atemp>21.0</ns3:atemp>
            <ns3:hr>131</ns3:hr>
            <ns3:cad>70</ns3:cad>
            <ns3:power>216</ns3:power>
          </ns3:TrackPointExtension>
        </extensions>
      </trkpt>
      <trkpt lat="46.1983364553" lon="7.2600918635">
        <ele>328.30</ele>
        <time>2026-05-17T08:09:51.000Z</time>
        <extensions>
          <ns3:TrackPointExtension>
            <ns3:atemp>21.0</ns3:atemp>
            <ns3:hr>131</ns3:hr>
            <ns3:cad>70</ns3:cad>
            <ns3:power>216</ns3:power>
          </ns3:TrackPointExtension>
        </extensions>
      </trkpt>
      <trkpt lat="46.1983660657" lon="7.2601834701">
        <ele>328.38</ele>
        <time>2026-05-17T08:09:52.000Z</time>
        <extensions>
          <ns3:TrackPointExtension>
            <ns3:atemp>21.0</ns3:atemp>
            <ns3:hr>131</ns3:hr>
            <ns3:cad>70</ns3:cad>
            <ns3:power>216</ns3:power>
          </ns3:TrackPointExtension>
        </extensions>
      </trkpt>
      <trkpt lat="46.1984039131" lon="7.2602787747">
        <ele>328.47</ele>
        <time>2026-05-17T08:09:53.000Z</time>
        <extensions>
          <ns3:TrackPointExtension>
            <ns3:atemp>21.0</ns3:atemp>
            <ns3:hr>131</ns3:hr>
            <ns3:cad>70</ns3:cad>
            <ns3:power>216</ns3:power>
          </ns3:TrackPointExtension>
        </extensions>
      </trkpt>
      <trkpt lat="46.1984355784" lon="7.2603808296">
        <ele>328.55</ele>
        <time>2026-05-17T08:09:54.000Z</time>
        <extensions>
          <ns3:TrackPointExtension>
            <ns3:atemp>21.0</ns3:atemp>
            <ns3:hr>130</ns3:hr>
            <ns3:cad>70</ns3:cad>
            <ns3:power>215</ns3:power>
          </ns3:TrackPointExtension>
        </extensions>
      </trkpt>
      <trkpt lat="46.1984634308" lon="7.2604835371">
        <ele>328.64</ele>
        <time>2026-05-17T08:09:55.000Z</time>
        <extensions>
          <ns3:TrackPointExtension>
            <ns3:atemp>21.0</ns3:atemp>
            <ns3:hr>130</ns3:hr>
            <ns3:cad>69</ns3:cad>
            <ns3:power>215</ns3:power>
          </ns3:TrackPointExtension>
        </extensions>
      </trkpt>
      <trkpt lat="46.1985013595" lon="7.2605888036">
        <ele>328.72</ele>
        <time>2026-05-17T08:09:56.000Z</time>
        <extensions>
          <ns3:TrackPointExtension>
            <ns3:atemp>21.0</ns3:atemp>
            <ns3:hr>130</ns3:hr>
            <ns3:cad>69</ns3:cad>
            <ns3:power>215</ns3:power>
          </ns3:TrackPointExtension>
        </extensions>
      </trkpt>
      <trkpt lat="46.1985380372" lon="7.2606926180">
        <ele>328.80</ele>
        <time>2026-05-17T08:09:57.000Z</time>
        <extensions>
          <ns3:TrackPointExtension>
            <ns3:atemp>21.0</ns3:atemp>
            <ns3:hr>130</ns3:hr>
            <ns3:cad>69</ns3:cad>
            <ns3:power>215</ns3:power>
          </ns3:TrackPointExtension>
        </extensions>
      </trkpt>
      <trkpt lat="46.1985743106" lon="7.2607901357">
        <ele>328.89</ele>
        <time>2026-05-17T08:09:58.000Z</time>
        <extensions>
          <ns3:TrackPointExtension>
            <ns3:atemp>21.0</ns3:atemp>
            <ns3:hr>130</ns3:hr>
            <ns3:cad>69</ns3:cad>
            <ns3:power>215</ns3:power>
          </ns3:TrackPointExtension>
        </extensions>
      </trkpt>
      <trkpt lat="46.1986082677" lon="7.2608828001">
        <ele>328.97</ele>
        <time>2026-05-17T08:09:59.000Z</time>
        <extensions>
          <ns3:TrackPointExtension>
            <ns3:atemp>21.0</ns3:atemp>
            <ns3:hr>130</ns3:hr>
            <ns3:cad>69</ns3:cad>
            <ns3:power>214</ns3:power>
          </ns3:TrackPointExtension>
        </extensions>
      </trkpt>
    </trkseg>
  </trk>
</gpx>
