<?xml version="1.0" encoding="UTF-8"?>
<gpx creator="StravaGPX" version="1.1"
  xsi:schemaLocation="http://www.topografix.com/GPX/1/1 http://www.topografix.com/GPX/11.xsd"
  xmlns:gpxtpx="http://www.garmin.com/xmlschemas/TrackPointExtension/v1"
  xmlns="http://www.topografix.com/GPX/1/1"
  xmlns:xsi="http://www.w3.org/2001/XMLSchema-instance" xmlns:gpxx="http://www.garmin.com/xmlschemas/GpxExtensions/v3">
  <metadata>
    <link href="connect.garmin.com">
      <text>Garmin Connect</text>
    </link>
    <time>2026-05-17T07:30:00.000Z</time>
  </metadata>
  <trk>
    <name>Sortie de démonstration</name>
    <type>road_biking</type>
    <trkseg>
      <trkpt lat="46.1000298062" lon="7.0701049500">
        <ele>460.04</ele>
        <time>2026-05-17T07:30:00.000Z</time>
        <extensions>
          <power>210</power>
          <gpxtpx:TrackPointExtension>
            <gpxtpx:atemp>18.0</gpxtpx:atemp>
            <gpxtpx:hr>123</gpxtpx:hr>
            <gpxtpx:cad>78</gpxtpx:cad>
          </gpxtpx:TrackPointExtension>
        </extensions>
      </trkpt>
      <trkpt lat="46.1000547044" lon="7.0701999924">
        <ele>460.09</ele>
        <time>2026-05-17T07:30:01.000Z</time>
        <extensions>
          <power>210</power>
          <gpxtpx:TrackPointExtension>
            <gpxtpx:atemp>18.0</gpxtpx:atemp>
            <gpxtpx:hr>123</gpxtpx:hr>
            <gpxtpx:cad>78</gpxtpx:cad>
          </gpxtpx:TrackPointExtension>
        </extensions>
      </trkpt>
      <trkpt lat="46.1000863648" lon="7.0703018891">
        <ele>460.13</ele>
        <time>2026-05-17T07:30:02.000Z</time>
        <extensions>
          <power>210</power>
          <gpxtpx:TrackPointExtension>
            <gpxtpx:atemp>18.0</gpxtpx:atemp>
            <gpxtpx:hr>123</gpxtpx:hr>
            <gpxtpx:cad>78</gpxtpx:cad>
          </gpxtpx:TrackPointExtension>
        </extensions>
      </trkpt>
      <trkpt lat="46.1001142902" lon="7.0704023393">
        <ele>460.17</ele>
        <time>2026-05-17T07:30:03.000Z</time>
        <extensions>
          <power>210</power>
          <gpxtpx:TrackPointExtension>
            <gpxtpx:atemp>18.0</gpxtpx:atemp>
            <gpxtpx:hr>123</gpxtpx:hr>
            <gpxtpx:cad>79</gpxtpx:cad>
          </gpxtpx:TrackPointExtension>
        </extensions>
      </trkpt>
      <trkpt lat="46.1001403591" lon="7.0705052997">
        <ele>460.21</ele>
        <time>2026-05-17T07:30:04.000Z</time>
        <extensions>
          <power>210</power>
          <gpxtpx:TrackPointExtension>
            <gpxtpx:atemp>18.0</gpxtpx:atemp>
            <gpxtpx:hr>123</gpxtpx:hr>
            <gpxtpx:cad>79</gpxtpx:cad>
          </gpxtpx:TrackPointExtension>
        </extensions>
      </trkpt>
      <trkpt lat="46.1001707273" lon="7.0706118380">
        <ele>460.26</ele>
        <time>2026-05-17T07:30:05.000Z</time>
        <extensions>
          <power>210</power>
          <gpxtpx:TrackPointExtension>
            <gpxtpx:atemp>18.0</gpxtpx:atemp>
            <gpxtpx:hr>123</gpxtpx:hr>
            <gpxtpx:cad>79</gpxtpx:cad>
          </gpxtpx:TrackPointExtension>
        </extensions>
      </trkpt>
      <trkpt lat="46.1001971637" lon="7.0707129246">
        <ele>460.30</ele>
        <time>2026-05-17T07:30:06.000Z</time>
        <extensions>
          <power>210</power>
          <gpxtpx:TrackPointExtension>
            <gpxtpx:atemp>18.0</gpxtpx:atemp>
            <gpxtpx:hr>123</gpxtpx:hr>
            <gpxtpx:cad>79</gpxtpx:cad>
          </gpxtpx:TrackPointExtension>
        </extensions>
      </trkpt>
      <trkpt lat="46.1002325458" lon="7.0708144528">
        <ele>460.34</ele>
        <time>2026-05-17T07:30:07.000Z</time>
        <extensions>
          <power>210</power>
          <gpxtpx:TrackPointExtension>
            <gpxtpx:atemp>18.0</gpxtpx:atemp>
            <gpxtpx:hr>124</gpxtpx:hr>
            <gpxtpx:cad>80</gpxtpx:cad>
          </gpxtpx:TrackPointExtension>
        </extensions>
      </trkpt>
      <trkpt lat="46.1002664270" lon="7.0709093156">
        <ele>460.38</ele>
        <time>2026-05-17T07:30:08.000Z</time>
        <extensions>
          <power>210</power>
          <gpxtpx:TrackPointExtension>
            <gpxtpx:atemp>18.0</gpxtpx:atemp>
            <gpxtpx:hr>124</gpxtpx:hr>
            <gpxtpx:cad>80</gpxtpx:cad>
          </gpxtpx:TrackPointExtension>
        </extensions>
      </trkpt>
      <trkpt lat="46.1002995570" lon="7.0710168522">
        <ele>460.43</ele>
        <time>2026-05-17T07:30:09.000Z</time>
        <extensions>
          <power>210</power>
          <gpxtpx:TrackPointExtension>
            <gpxtpx:atemp>18.0</gpxtpx:atemp>
            <gpxtpx:hr>124</gpxtpx:hr>
            <gpxtpx:cad>80</gpxtpx:cad>
          </gpxtpx:TrackPointExtension>
        </extensions>
      </trkpt>
      <trkpt lat="46.1003309667" lon="7.0711172045">
        <ele>460.47</ele>
        <time>2026-05-17T07:30:10.000Z</time>
        <extensions>
          <power>210</power>
          <gpxtpx:TrackPointExtension>
            <gpxtpx:atemp>18.0</gpxtpx:atemp>
            <gpxtpx:hr>124</gpxtpx:hr>
            <gpxtpx:cad>80</gpxtpx:cad>
          </gpxtpx:TrackPointExtension>
        </extensions>
      </trkpt>
      <trkpt lat="46.1003611752" lon="7.0712121534">
        <ele>460.51</ele>
        <time>2026-05-17T07:30:11.000Z</time>
        <extensions>
          <power>210</power>
          <gpxtpx:TrackPointExtension>
            <gpxtpx:atemp>18.0</gpxtpx:atemp>
            <gpxtpx:hr>124</gpxtpx:hr>
            <gpxtpx:cad>80</gpxtpx:cad>
          </gpxtpx:TrackPointExtension>
        </extensions>
      </trkpt>
      <trkpt lat="46.1003872526" lon="7.0713199770">
        <ele>460.56</ele>
        <time>2026-05-17T07:30:12.000Z</time>
        <extensions>
          <power>210</power>
          <gpxtpx:TrackPointExtension>
            <gpxtpx:atemp>18.0</gpxtpx:atemp>
            <gpxtpx:hr>124</gpxtpx:hr>
            <gpxtpx:cad>81</gpxtpx:cad>
          </gpxtpx:TrackPointExtension>
        </extensions>
      </trkpt>
      <trkpt lat="46.1004220443" lon="7.0714245775">
        <ele>460.60</ele>
        <time>2026-05-17T07:30:13.000Z</time>
        <extensions>
          <power>210</power>
          <gpxtpx:TrackPointExtension>
            <gpxtpx:atemp>18.0</gpxtpx:atemp>
            <gpxtpx:hr>124</gpxtpx:hr>
            <gpxtpx:cad>81</gpxtpx:cad>
          </gpxtpx:TrackPointExtension>
        </extensions>
      </trkpt>
      <trkpt lat="46.1004576695" lon="7.0715325576">
        <ele>460.64</ele>
        <time>2026-05-17T07:30:14.000Z</time>
        <extensions>
          <power>210</power>
          <gpxtpx:TrackPointExtension>
            <gpxtpx:atemp>18.0</gpxtpx:atemp>
            <gpxtpx:hr>124</gpxtpx:hr>
            <gpxtpx:cad>81</gpxtpx:cad>
          </gpxtpx:TrackPointExtension>
        </extensions>
      </trkpt>
      <trkpt lat="46.1004865413" lon="7.0716382353">
        <ele>460.69</ele>
        <time>2026-05-17T07:30:15.000Z</time>
        <extensions>
          <power>210</power>
          <gpxtpx:TrackPointExtension>
            <gpxtpx:atemp>18.0</gpxtpx:atemp>
            <gpxtpx:hr>124</gpxtpx:hr>
            <gpxtpx:cad>81</gpxtpx:cad>
          </gpxtpx:TrackPointExtension>
        </extensions>
      </trkpt>
      <trkpt lat="46.1005154544" lon="7.0717332630">
        <ele>460.73</ele>
        <time>2026-05-17T07:30:16.000Z</time>
        <extensions>
          <power>210</power>
          <gpxtpx:TrackPointExtension>
            <gpxtpx:atemp>18.0</gpxtpx:atemp>
            <gpxtpx:hr>124</gpxtpx:hr>
            <gpxtpx:cad>82</gpxtpx:cad>
          </gpxtpx:TrackPointExtension>
        </extensions>
      </trkpt>
      <trkpt lat="46.1005454822" lon="7.0718328162">
        <ele>460.77</ele>
        <time>2026-05-17T07:30:17.000Z</time>
        <extensions>
          <power>210</power>
          <gpxtpx:TrackPointExtension>
            <gpxtpx:atemp>18.0</gpxtpx:atemp>
            <gpxtpx:hr>124</gpxtpx:hr>
            <gpxtpx:cad>82</gpxtpx:cad>
          </gpxtpx:TrackPointExtension>
        </extensions>
      </trkpt>
      <trkpt lat="46.1005774821" lon="7.0719414785">
        <ele>460.82</ele>
        <time>2026-05-17T07:30:18.000Z</time>
        <extensions>
          <power>210</power>
          <gpxtpx:TrackPointExtension>
            <gpxtpx:atemp>18.0</gpxtpx:atemp>
            <gpxtpx:hr>125</gpxtpx:hr>
            <gpxtpx:cad>82</gpxtpx:cad>
          </gpxtpx:TrackPointExtension>
        </extensions>
      </trkpt>
      <trkpt lat="46.1006093267" lon="7.0720486786">
        <ele>460.86</ele>
        <time>2026-05-17T07:30:19.000Z</time>
        <extensions>
          <power>210</power>
          <gpxtpx:TrackPointExtension>
            <gpxtpx:atemp>18.0</gpxtpx:atemp>
            <gpxtpx:hr>125</gpxtpx:hr>
            <gpxtpx:cad>82</gpxtpx:cad>
          </gpxtpx:TrackPointExtension>
        </extensions>
      </trkpt>
      <trkpt lat="46.1006400837" lon="7.0721487396">
        <ele>460.90</ele>
        <time>2026-05-17T07:30:20.000Z</time>
        <extensions>
          <power>210</power>
          <gpxtpx:TrackPointExtension>
            <gpxtpx:atemp>18.0</gpxtpx:atemp>
            <gpxtpx:hr>125</gpxtpx:hr>
            <gpxtpx:cad>82</gpxtpx:cad>
          </gpxtpx:TrackPointExtension>
        </extensions>
      </trkpt>
      <trkpt lat="46.1006716941" lon="7.0722442923">
        <ele>460.95</ele>
        <time>2026-05-17T07:30:21.000Z</time>
        <extensions>
          <power>210</power>
          <gpxtpx:TrackPointExtension>
            <gpxtpx:atemp>18.0</gpxtpx:atemp>
            <gpxtpx:hr>125</gpxtpx:hr>
            <gpxtpx:cad>83</gpxtpx:cad>
          </gpxtpx:TrackPointExtension>
        </extensions>
      </trkpt>
      <trkpt lat="46.1007032448" lon="7.0723452301">
        <ele>460.99</ele>
        <time>2026-05-17T07:30:22.000Z</time>
        <extensions>
          <power>210</power>
          <gpxtpx:TrackPointExtension>
            <gpxtpx:atemp>18.0</gpxtpx:atemp>
            <gpxtpx:hr>125</gpxtpx:hr>
            <gpxtpx:cad>83</gpxtpx:cad>
          </gpxtpx:TrackPointExtension>
        </extensions>
      </trkpt>
      <trkpt lat="46.1007372711" lon="7.0724541288">
        <ele>461.04</ele>
        <time>2026-05-17T07:30:23.000Z</time>
        <extensions>
          <power>210</power>
          <gpxtpx:TrackPointExtension>
            <gpxtpx:atemp>18.0</gpxtpx:atemp>
            <gpxtpx:hr>125</gpxtpx:hr>
            <gpxtpx:cad>83</gpxtpx:cad>
          </gpxtpx:TrackPointExtension>
        </extensions>
      </trkpt>
      <trkpt lat="46.1007743336" lon="7.0725569869">
        <ele>461.08</ele>
        <time>2026-05-17T07:30:24.000Z</time>
        <extensions>
          <power>210</power>
          <gpxtpx:TrackPointExtension>
            <gpxtpx:atemp>18.0</gpxtpx:atemp>
            <gpxtpx:hr>125</gpxtpx:hr>
            <gpxtpx:cad>83</gpxtpx:cad>
          </gpxtpx:TrackPointExtension>
        </extensions>
      </trkpt>
      <trkpt lat="46.1008138108" lon="7.0726560562">
        <ele>461.12</ele>
        <time>2026-05-17T07:30:25.000Z</time>
        <extensions>
          <power>210</power>
          <gpxtpx:TrackPointExtension>
            <gpxtpx:atemp>18.0</gpxtpx:atemp>
            <gpxtpx:hr>125</gpxtpx:hr>
            <gpxtpx:cad>83</gpxtpx:cad>
          </gpxtpx:TrackPointExtension>
        </extensions>
      </trkpt>
      <trkpt lat="46.1008507201" lon="7.0727539807">
        <ele>461.17</ele>
        <time>2026-05-17T07:30:26.000Z</time>
        <extensions>
          <power>210</power>
          <gpxtpx:TrackPointExtension>
            <gpxtpx:atemp>18.0</gpxtpx:atemp>
            <gpxtpx:hr>125</gpxtpx:hr>
            <gpxtpx:cad>84</gpxtpx:cad>
          </gpxtpx:TrackPointExtension>
        </extensions>
      </trkpt>
      <trkpt lat="46.1008897012" lon="7.0728484759">
        <ele>461.21</ele>
        <time>2026-05-17T07:30:27.000Z</time>
        <extensions>
          <power>210</power>
          <gpxtpx:TrackPointExtension>
            <gpxtpx:atemp>18.0</gpxtpx:atemp>
            <gpxtpx:hr>125</gpxtpx:hr>
            <gpxtpx:cad>84</gpxtpx:cad>
          </gpxtpx:TrackPointExtension>
        </extensions>
      </trkpt>
      <trkpt lat="46.1009219767" lon="7.0729432207">
        <ele>461.25</ele>
        <time>2026-05-17T07:30:28.000Z</time>
        <extensions>
          <power>210</power>
          <gpxtpx:TrackPointExtension>
            <gpxtpx:atemp>18.0</gpxtpx:atemp>
            <gpxtpx:hr>126</gpxtpx:hr>
            <gpxtpx:cad>84</gpxtpx:cad>
          </gpxtpx:TrackPointExtension>
        </extensions>
      </trkpt>
      <trkpt lat="46.1009527587" lon="7.0730421951">
        <ele>461.30</ele>
        <time>2026-05-17T07:30:29.000Z</time>
        <extensions>
          <power>210</power>
          <gpxtpx:TrackPointExtension>
            <gpxtpx:atemp>18.0</gpxtpx:atemp>
            <gpxtpx:hr>126</gpxtpx:hr>
            <gpxtpx:cad>84</gpxtpx:cad>
          </gpxtpx:TrackPointExtension>
        </extensions>
      </trkpt>
      <trkpt lat="46.1009835191" lon="7.0731463448">
        <ele>461.34</ele>
        <time>2026-05-17T07:30:30.000Z</time>
        <extensions>
          <power>210</power>
          <gpxtpx:TrackPointExtension>
            <gpxtpx:atemp>18.0</gpxtpx:atemp>
            <gpxtpx:hr>126</gpxtpx:hr>
            <gpxtpx:cad>84</gpxtpx:cad>
          </gpxtpx:TrackPointExtension>
        </extensions>
      </trkpt>
      <trkpt lat="46.1010155936" lon="7.0732412599">
        <ele>461.39</ele>
        <time>2026-05-17T07:30:31.000Z</time>
        <extensions>
          <power>210</power>
          <gpxtpx:TrackPointExtension>
            <gpxtpx:atemp>18.0</gpxtpx:atemp>
            <gpxtpx:hr>126</gpxtpx:hr>
            <gpxtpx:cad>84</gpxtpx:cad>
          </gpxtpx:TrackPointExtension>
        </extensions>
      </trkpt>
      <trkpt lat="46.1010563717" lon="7.0733507174">
        <ele>461.43</ele>
        <time>2026-05-17T07:30:32.000Z</time>
        <extensions>
          <power>210</power>
          <gpxtpx:TrackPointExtension>
            <gpxtpx:atemp>18.0</gpxtpx:atemp>
            <gpxtpx:hr>126</gpxtpx:hr>
            <gpxtpx:cad>85</gpxtpx:cad>
          </gpxtpx:TrackPointExtension>
        </extensions>
      </trkpt>
      <trkpt lat="46.1010938733" lon="7.0734492973">
        <ele>461.48</ele>
        <time>2026-05-17T07:30:33.000Z</time>
        <extensions>
          <power>210</power>
          <gpxtpx:TrackPointExtension>
            <gpxtpx:atemp>18.0</gpxtpx:atemp>
            <gpxtpx:hr>126</gpxtpx:hr>
            <gpxtpx:cad>85</gpxtpx:cad>
          </gpxtpx:TrackPointExtension>
        </extensions>
      </trkpt>
      <trkpt lat="46.1011287372" lon="7.0735434003">
        <ele>461.52</ele>
        <time>2026-05-17T07:30:34.000Z</time>
        <extensions>
          <power>210</power>
          <gpxtpx:TrackPointExtension>
            <gpxtpx:atemp>18.0</gpxtpx:atemp>
            <gpxtpx:hr>126</gpxtpx:hr>
            <gpxtpx:cad>85</gpxtpx:cad>
          </gpxtpx:TrackPointExtension>
        </extensions>
      </trkpt>
      <trkpt lat="46.1011606858" lon="7.0736480556">
        <ele>461.56</ele>
        <time>2026-05-17T07:30:35.000Z</time>
        <extensions>
          <power>210</power>
          <gpxtpx:TrackPointExtension>
            <gpxtpx:atemp>18.0</gpxtpx:atemp>
            <gpxtpx:hr>126</gpxtpx:hr>
            <gpxtpx:cad>85</gpxtpx:cad>
          </gpxtpx:TrackPointExtension>
        </extensions>
      </trkpt>
      <trkpt lat="46.1011947836" lon="7.0737446776">
        <ele>461.61</ele>
        <time>2026-05-17T07:30:36.000Z</time>
        <extensions>
          <power>210</power>
          <gpxtpx:TrackPointExtension>
            <gpxtpx:atemp>18.0</gpxtpx:atemp>
            <gpxtpx:hr>126</gpxtpx:hr>
            <gpxtpx:cad>85</gpxtpx:cad>
          </gpxtpx:TrackPointExtension>
        </extensions>
      </trkpt>
      <trkpt lat="46.1012358819" lon="7.0738440449">
        <ele>461.65</ele>
        <time>2026-05-17T07:30:37.000Z</time>
        <extensions>
          <power>210</power>
          <gpxtpx:TrackPointExtension>
            <gpxtpx:atemp>18.0</gpxtpx:atemp>
            <gpxtpx:hr>126</gpxtpx:hr>
            <gpxtpx:cad>85</gpxtpx:cad>
          </gpxtpx:TrackPointExtension>
        </extensions>
      </trkpt>
      <trkpt lat="46.1012686486" lon="7.0739506716">
        <ele>461.70</ele>
        <time>2026-05-17T07:30:38.000Z</time>
        <extensions>
          <power>210</power>
          <gpxtpx:TrackPointExtension>
            <gpxtpx:atemp>18.0</gpxtpx:atemp>
            <gpxtpx:hr>126</gpxtpx:hr>
            <gpxtpx:cad>86</gpxtpx:cad>
          </gpxtpx:TrackPointExtension>
        </extensions>
      </trkpt>
      <trkpt lat="46.1013056819" lon="7.0740537981">
        <ele>461.74</ele>
        <time>2026-05-17T07:30:39.000Z</time>
        <extensions>
          <power>210</power>
          <gpxtpx:TrackPointExtension>
            <gpxtpx:atemp>18.0</gpxtpx:atemp>
            <gpxtpx:hr>126</gpxtpx:hr>
            <gpxtpx:cad>86</gpxtpx:cad>
          </gpxtpx:TrackPointExtension>
        </extensions>
      </trkpt>
      <trkpt lat="46.1013469085" lon="7.0741532972">
        <ele>461.79</ele>
        <time>2026-05-17T07:30:40.000Z</time>
        <extensions>
          <power>210</power>
          <gpxtpx:TrackPointExtension>
            <gpxtpx:atemp>18.1</gpxtpx:atemp>
            <gpxtpx:hr>127</gpxtpx:hr>
            <gpxtpx:cad>86</gpxtpx:cad>
          </gpxtpx:TrackPointExtension>
        </extensions>
      </trkpt>
      <trkpt lat="46.1013816444" lon="7.0742520943">
        <ele>461.83</ele>
        <time>2026-05-17T07:30:41.000Z</time>
        <extensions>
          <power>210</power>
          <gpxtpx:TrackPointExtension>
            <gpxtpx:atemp>18.1</gpxtpx:atemp>
            <gpxtpx:hr>127</gpxtpx:hr>
            <gpxtpx:cad>86</gpxtpx:cad>
          </gpxtpx:TrackPointExtension>
        </extensions>
      </trkpt>
      <trkpt lat="46.1014229800" lon="7.0743519773">
        <ele>461.87</ele>
        <time>2026-05-17T07:30:42.000Z</time>
        <extensions>
          <power>210</power>
          <gpxtpx:TrackPointExtension>
            <gpxtpx:atemp>18.1</gpxtpx:atemp>
            <gpxtpx:hr>127</gpxtpx:hr>
            <gpxtpx:cad>86</gpxtpx:cad>
          </gpxtpx:TrackPointExtension>
        </extensions>
      </trkpt>
      <trkpt lat="46.1014658589" lon="7.0744506512">
        <ele>461.92</ele>
        <time>2026-05-17T07:30:43.000Z</time>
        <extensions>
          <power>210</power>
          <gpxtpx:TrackPointExtension>
            <gpxtpx:atemp>18.1</gpxtpx:atemp>
            <gpxtpx:hr>127</gpxtpx:hr>
            <gpxtpx:cad>86</gpxtpx:cad>
          </gpxtpx:TrackPointExtension>
        </extensions>
      </trkpt>
      <trkpt lat="46.1015019281" lon="7.0745439555">
        <ele>461.96</ele>
        <time>2026-05-17T07:30:44.000Z</time>
        <extensions>
          <power>210</power>
          <gpxtpx:TrackPointExtension>
            <gpxtpx:atemp>18.1</gpxtpx:atemp>
            <gpxtpx:hr>127</gpxtpx:hr>
            <gpxtpx:cad>86</gpxtpx:cad>
          </gpxtpx:TrackPointExtension>
        </extensions>
      </trkpt>
      <trkpt lat="46.1015371858" lon="7.0746421198">
        <ele>462.01</ele>
        <time>2026-05-17T07:30:45.000Z</time>
        <extensions>
          <power>210</power>
          <gpxtpx:TrackPointExtension>
            <gpxtpx:atemp>18.1</gpxtpx:atemp>
            <gpxtpx:hr>127</gpxtpx:hr>
            <gpxtpx:cad>87</gpxtpx:cad>
          </gpxtpx:TrackPointExtension>
        </extensions>
      </trkpt>
      <trkpt lat="46.1015773216" lon="7.0747359971">
        <ele>462.05</ele>
        <time>2026-05-17T07:30:46.000Z</time>
        <extensions>
          <power>210</power>
          <gpxtpx:TrackPointExtension>
            <gpxtpx:atemp>18.1</gpxtpx:atemp>
            <gpxtpx:hr>127</gpxtpx:hr>
            <gpxtpx:cad>87</gpxtpx:cad>
          </gpxtpx:TrackPointExtension>
        </extensions>
      </trkpt>
      <trkpt lat="46.1016153529" lon="7.0748415709">
        <ele>462.10</ele>
        <time>2026-05-17T07:30:47.000Z</time>
        <extensions>
          <power>210</power>
          <gpxtpx:TrackPointExtension>
            <gpxtpx:atemp>18.1</gpxtpx:atemp>
            <gpxtpx:hr>127</gpxtpx:hr>
            <gpxtpx:cad>87</gpxtpx:cad>
          </gpxtpx:TrackPointExtension>
        </extensions>
      </trkpt>
      <trkpt lat="46.1016507543" lon="7.0749363514">
        <ele>462.14</ele>
        <time>2026-05-17T07:30:48.000Z</time>
        <extensions>
          <power>210</power>
          <gpxtpx:TrackPointExtension>
            <gpxtpx:atemp>18.1</gpxtpx:atemp>
            <gpxtpx:hr>127</gpxtpx:hr>
            <gpxtpx:cad>87</gpxtpx:cad>
          </gpxtpx:TrackPointExtension>
        </extensions>
      </trkpt>
      <trkpt lat="46.1016867815" lon="7.0750375883">
        <ele>462.19</ele>
        <time>2026-05-17T07:30:49.000Z</time>
        <extensions>
          <power>210</power>
          <gpxtpx:TrackPointExtension>
            <gpxtpx:atemp>18.1</gpxtpx:atemp>
            <gpxtpx:hr>127</gpxtpx:hr>
            <gpxtpx:cad>87</gpxtpx:cad>
          </gpxtpx:TrackPointExtension>
        </extensions>
      </trkpt>
      <trkpt lat="46.1017223434" lon="7.0751348379">
        <ele>462.23</ele>
        <time>2026-05-17T07:30:50.000Z</time>
        <extensions>
          <power>210</power>
          <gpxtpx:TrackPointExtension>
            <gpxtpx:atemp>18.1</gpxtpx:atemp>
            <gpxtpx:hr>127</gpxtpx:hr>
            <gpxtpx:cad>87</gpxtpx:cad>
          </gpxtpx:TrackPointExtension>
        </extensions>
      </trkpt>
      <trkpt lat="46.1017653849" lon="7.0752340049">
        <ele>462.27</ele>
        <time>2026-05-17T07:30:51.000Z</time>
        <extensions>
          <power>210</power>
          <gpxtpx:TrackPointExtension>
            <gpxtpx:atemp>18.1</gpxtpx:atemp>
            <gpxtpx:hr>127</gpxtpx:hr>
            <gpxtpx:cad>87</gpxtpx:cad>
          </gpxtpx:TrackPointExtension>
        </extensions>
      </trkpt>
      <trkpt lat="46.1018027147" lon="7.0753414054">
        <ele>462.32</ele>
        <time>2026-05-17T07:30:52.000Z</time>
        <extensions>
          <power>210</power>
          <gpxtpx:TrackPointExtension>
            <gpxtpx:atemp>18.1</gpxtpx:atemp>
            <gpxtpx:hr>127</gpxtpx:hr>
            <gpxtpx:cad>87</gpxtpx:cad>
          </gpxtpx:TrackPointExtension>
        </extensions>
      </trkpt>
      <trkpt lat="46.1018445086" lon="7.0754481989">
        <ele>462.36</ele>
        <time>2026-05-17T07:30:53.000Z</time>
        <extensions>
          <power>210</power>
          <gpxtpx:TrackPointExtension>
            <gpxtpx:atemp>18.1</gpxtpx:atemp>
            <gpxtpx:hr>127</gpxtpx:hr>
            <gpxtpx:cad>87</gpxtpx:cad>
          </gpxtpx:TrackPointExtension>
        </extensions>
      </trkpt>
      <trkpt lat="46.1018851903" lon="7.0755479007">
        <ele>462.41</ele>
        <time>2026-05-17T07:30:54.000Z</time>
        <extensions>
          <power>210</power>
          <gpxtpx:TrackPointExtension>
            <gpxtpx:atemp>18.1</gpxtpx:atemp>
            <gpxtpx:hr>128</gpxtpx:hr>
            <gpxtpx:cad>87</gpxtpx:cad>
          </gpxtpx:TrackPointExtension>
        </extensions>
      </trkpt>
      <trkpt lat="46.1019277747" lon="7.0756505963">
        <ele>462.45</ele>
        <time>2026-05-17T07:30:55.000Z</time>
        <extensions>
          <power>210</power>
          <gpxtpx:TrackPointExtension>
            <gpxtpx:atemp>18.1</gpxtpx:atemp>
            <gpxtpx:hr>128</gpxtpx:hr>
            <gpxtpx:cad>87</gpxtpx:cad>
          </gpxtpx:TrackPointExtension>
        </extensions>
      </trkpt>
      <trkpt lat="46.1019690518" lon="7.0757537874">
        <ele>462.50</ele>
        <time>2026-05-17T07:30:56.000Z</time>
        <extensions>
          <power>210</power>
          <gpxtpx:TrackPointExtension>
            <gpxtpx:atemp>18.1</gpxtpx:atemp>
            <gpxtpx:hr>128</gpxtpx:hr>
            <gpxtpx:cad>88</gpxtpx:cad>
          </gpxtpx:TrackPointExtension>
        </extensions>
      </trkpt>
      <trkpt lat="46.1020046959" lon="7.0758609027">
        <ele>462.54</ele>
        <time>2026-05-17T07:30:57.000Z</time>
        <extensions>
          <power>210</power>
          <gpxtpx:TrackPointExtension>
            <gpxtpx:atemp>18.1</gpxtpx:atemp>
            <gpxtpx:hr>128</gpxtpx:hr>
            <gpxtpx:cad>88</gpxtpx:cad>
          </gpxtpx:TrackPointExtension>
        </extensions>
      </trkpt>
      <trkpt lat="46.1020418989" lon="7.0759587949">
        <ele>462.59</ele>
        <time>2026-05-17T07:30:58.000Z</time>
        <extensions>
          <power>210</power>
          <gpxtpx:TrackPointExtension>
            <gpxtpx:atemp>18.1</gpxtpx:atemp>
            <gpxtpx:hr>128</gpxtpx:hr>
            <gpxtpx:cad>88</gpxtpx:cad>
          </gpxtpx:TrackPointExtension>
        </extensions>
      </trkpt>
      <trkpt lat="46.1020832844" lon="7.0760558466">
        <ele>462.63</ele>
        <time>2026-05-17T07:30:59.000Z</time>
        <extensions>
          <power>210</power>
          <gpxtpx:TrackPointExtension>
            <gpxtpx:atemp>18.1</gpxtpx:atemp>
            <gpxtpx:hr>128</gpxtpx:hr>
            <gpxtpx:cad>88</gpxtpx:cad>
          </gpxtpx:TrackPointExtension>
        </extensions>
      </trkpt>
      <trkpt lat="46.1021215646" lon="7.0761577294">
        <ele>462.68</ele>
        <time>2026-05-17T07:31:00.000Z</time>
        <extensions>
          <power>210</power>
          <gpxtpx:TrackPointExtension>
            <gpxtpx:atemp>18.1</gpxtpx:atemp>
            <gpxtpx:hr>128</gpxtpx:hr>
            <gpxtpx:cad>88</gpxtpx:cad>
          </gpxtpx:TrackPointExtension>
        </extensions>
      </trkpt>
      <trkpt lat="46.1021631896" lon="7.0762496665">
        <ele>462.72</ele>
        <time>2026-05-17T07:31:01.000Z</time>
        <extensions>
          <power>210</power>
          <gpxtpx:TrackPointExtension>
            <gpxtpx:atemp>18.1</gpxtpx:atemp>
            <gpxtpx:hr>128</gpxtpx:hr>
            <gpxtpx:cad>88</gpxtpx:cad>
          </gpxtpx:TrackPointExtension>
        </extensions>
      </trkpt>
      <trkpt lat="46.1022000207" lon="7.0763434181">
        <ele>462.77</ele>
        <time>2026-05-17T07:31:02.000Z</time>
        <extensions>
          <power>210</power>
          <gpxtpx:TrackPointExtension>
            <gpxtpx:atemp>18.1</gpxtpx:atemp>
            <gpxtpx:hr>128</gpxtpx:hr>
            <gpxtpx:cad>88</gpxtpx:cad>
          </gpxtpx:TrackPointExtension>
        </extensions>
      </trkpt>
      <trkpt lat="46.1022375636" lon="7.0764355227">
        <ele>462.81</ele>
        <time>2026-05-17T07:31:03.000Z</time>
        <extensions>
          <power>210</power>
          <gpxtpx:TrackPointExtension>
            <gpxtpx:atemp>18.1</gpxtpx:atemp>
            <gpxtpx:hr>128</gpxtpx:hr>
            <gpxtpx:cad>88</gpxtpx:cad>
          </gpxtpx:TrackPointExtension>
        </extensions>
      </trkpt>
      <trkpt lat="46.1022819669" lon="7.0765395760">
        <ele>462.85</ele>
        <time>2026-05-17T07:31:04.000Z</time>
        <extensions>
          <power>210</power>
          <gpxtpx:TrackPointExtension>
            <gpxtpx:atemp>18.1</gpxtpx:atemp>
            <gpxtpx:hr>128</gpxtpx:hr>
            <gpxtpx:cad>88</gpxtpx:cad>
          </gpxtpx:TrackPointExtension>
        </extensions>
      </trkpt>
      <trkpt lat="46.1023285575" lon="7.0766330206">
        <ele>462.90</ele>
        <time>2026-05-17T07:31:05.000Z</time>
        <extensions>
          <power>210</power>
          <gpxtpx:TrackPointExtension>
            <gpxtpx:atemp>18.1</gpxtpx:atemp>
            <gpxtpx:hr>128</gpxtpx:hr>
            <gpxtpx:cad>88</gpxtpx:cad>
          </gpxtpx:TrackPointExtension>
        </extensions>
      </trkpt>
      <trkpt lat="46.1023716557" lon="7.0767318742">
        <ele>462.94</ele>
        <time>2026-05-17T07:31:06.000Z</time>
        <extensions>
          <power>210</power>
          <gpxtpx:TrackPointExtension>
            <gpxtpx:atemp>18.1</gpxtpx:atemp>
            <gpxtpx:hr>128</gpxtpx:hr>
            <gpxtpx:cad>88</gpxtpx:cad>
          </gpxtpx:TrackPointExtension>
        </extensions>
      </trkpt>
      <trkpt lat="46.1024086194" lon="7.0768297894">
        <ele>462.99</ele>
        <time>2026-05-17T07:31:07.000Z</time>
        <extensions>
          <power>210</power>
          <gpxtpx:TrackPointExtension>
            <gpxtpx:atemp>18.1</gpxtpx:atemp>
            <gpxtpx:hr>128</gpxtpx:hr>
            <gpxtpx:cad>88</gpxtpx:cad>
          </gpxtpx:TrackPointExtension>
        </extensions>
      </trkpt>
      <trkpt lat="46.1024564298" lon="7.0769270176">
        <ele>463.03</ele>
        <time>2026-05-17T07:31:08.000Z</time>
        <extensions>
          <power>210</power>
          <gpxtpx:TrackPointExtension>
            <gpxtpx:atemp>18.1</gpxtpx:atemp>
            <gpxtpx:hr>128</gpxtpx:hr>
            <gpxtpx:cad>88</gpxtpx:cad>
          </gpxtpx:TrackPointExtension>
        </extensions>
      </trkpt>
      <trkpt lat="46.1024999610" lon="7.0770255324">
        <ele>463.08</ele>
        <time>2026-05-17T07:31:09.000Z</time>
        <extensions>
          <power>210</power>
          <gpxtpx:TrackPointExtension>
            <gpxtpx:atemp>18.1</gpxtpx:atemp>
            <gpxtpx:hr>128</gpxtpx:hr>
            <gpxtpx:cad>88</gpxtpx:cad>
          </gpxtpx:TrackPointExtension>
        </extensions>
      </trkpt>
      <trkpt lat="46.1025416030" lon="7.0771178495">
        <ele>463.12</ele>
        <time>2026-05-17T07:31:10.000Z</time>
        <extensions>
          <power>210</power>
          <gpxtpx:TrackPointExtension>
            <gpxtpx:atemp>18.1</gpxtpx:atemp>
            <gpxtpx:hr>128</gpxtpx:hr>
            <gpxtpx:cad>88</gpxtpx:cad>
          </gpxtpx:TrackPointExtension>
        </extensions>
      </trkpt>
      <trkpt lat="46.1025811647" lon="7.0772208831">
        <ele>463.17</ele>
        <time>2026-05-17T07:31:11.000Z</time>
        <extensions>
          <power>210</power>
          <gpxtpx:TrackPointExtension>
            <gpxtpx:atemp>18.1</gpxtpx:atemp>
            <gpxtpx:hr>128</gpxtpx:hr>
            <gpxtpx:cad>88</gpxtpx:cad>
          </gpxtpx:TrackPointExtension>
        </extensions>
      </trkpt>
      <trkpt lat="46.1026221177" lon="7.0773201542">
        <ele>463.21</ele>
        <time>2026-05-17T07:31:12.000Z</time>
        <extensions>
          <power>210</power>
          <gpxtpx:TrackPointExtension>
            <gpxtpx:atemp>18.1</gpxtpx:atemp>
            <gpxtpx:hr>128</gpxtpx:hr>
            <gpxtpx:cad>88</gpxtpx:cad>
          </gpxtpx:TrackPointExtension>
        </extensions>
      </trkpt>
      <trkpt lat="46.1026694391" lon="7.0774236998">
        <ele>463.26</ele>
        <time>2026-05-17T07:31:13.000Z</time>
        <extensions>
          <power>210</power>
          <gpxtpx:TrackPointExtension>
            <gpxtpx:atemp>18.1</gpxtpx:atemp>
            <gpxtpx:hr>128</gpxtpx:hr>
            <gpxtpx:cad>88</gpxtpx:cad>
          </gpxtpx:TrackPointExtension>
        </extensions>
      </trkpt>
      <trkpt lat="46.1027148461" lon="7.0775177668">
        <ele>463.30</ele>
        <time>2026-05-17T07:31:14.000Z</time>
        <extensions>
          <power>210</power>
          <gpxtpx:TrackPointExtension>
            <gpxtpx:atemp>18.1</gpxtpx:atemp>
            <gpxtpx:hr>128</gpxtpx:hr>
            <gpxtpx:cad>88</gpxtpx:cad>
          </gpxtpx:TrackPointExtension>
        </extensions>
      </trkpt>
      <trkpt lat="46.1027591011" lon="7.0776095342">
        <ele>463.34</ele>
        <time>2026-05-17T07:31:15.000Z</time>
        <extensions>
          <power>210</power>
          <gpxtpx:TrackPointExtension>
            <gpxtpx:atemp>18.1</gpxtpx:atemp>
            <gpxtpx:hr>129</gpxtpx:hr>
            <gpxtpx:cad>88</gpxtpx:cad>
          </gpxtpx:TrackPointExtension>
        </extensions>
      </trkpt>
      <trkpt lat="46.1028036229" lon="7.0777012093">
        <ele>463.39</ele>
        <time>2026-05-17T07:31:16.000Z</time>
        <extensions>
          <power>210</power>
          <gpxtpx:TrackPointExtension>
            <gpxtpx:atemp>18.1</gpxtpx:atemp>
            <gpxtpx:hr>129</gpxtpx:hr>
            <gpxtpx:cad>88</gpxtpx:cad>
          </gpxtpx:TrackPointExtension>
        </extensions>
      </trkpt>
      <trkpt lat="46.1028508276" lon="7.0777938127">
        <ele>463.43</ele>
        <time>2026-05-17T07:31:17.000Z</time>
        <extensions>
          <power>210</power>
          <gpxtpx:TrackPointExtension>
            <gpxtpx:atemp>18.1</gpxtpx:atemp>
            <gpxtpx:hr>129</gpxtpx:hr>
            <gpxtpx:cad>88</gpxtpx:cad>
          </gpxtpx:TrackPointExtension>
        </extensions>
      </trkpt>
      <trkpt lat="46.1028921932" lon="7.0778881653">
        <ele>463.48</ele>
        <time>2026-05-17T07:31:18.000Z</time>
        <extensions>
          <power>210</power>
          <gpxtpx:TrackPointExtension>
            <gpxtpx:atemp>18.1</gpxtpx:atemp>
            <gpxtpx:hr>129</gpxtpx:hr>
            <gpxtpx:cad>88</gpxtpx:cad>
          </gpxtpx:TrackPointExtension>
        </extensions>
      </trkpt>
      <trkpt lat="46.1029406752" lon="7.0779781769">
        <ele>463.52</ele>
        <time>2026-05-17T07:31:19.000Z</time>
        <extensions>
          <power>210</power>
          <gpxtpx:TrackPointExtension>
            <gpxtpx:atemp>18.1</gpxtpx:atemp>
            <gpxtpx:hr>129</gpxtpx:hr>
            <gpxtpx:cad>88</gpxtpx:cad>
          </gpxtpx:TrackPointExtension>
        </extensions>
      </trkpt>
      <trkpt lat="46.1029878172" lon="7.0780708949">
        <ele>463.57</ele>
        <time>2026-05-17T07:31:20.000Z</time>
        <extensions>
          <power>210</power>
          <gpxtpx:TrackPointExtension>
            <gpxtpx:atemp>18.1</gpxtpx:atemp>
            <gpxtpx:hr>129</gpxtpx:hr>
            <gpxtpx:cad>88</gpxtpx:cad>
          </gpxtpx:TrackPointExtension>
        </extensions>
      </trkpt>
      <trkpt lat="46.1030349640" lon="7.0781683121">
        <ele>463.61</ele>
        <time>2026-05-17T07:31:21.000Z</time>
        <extensions>
          <power>210</power>
          <gpxtpx:TrackPointExtension>
            <gpxtpx:atemp>18.1</gpxtpx:atemp>
            <gpxtpx:hr>129</gpxtpx:hr>
            <gpxtpx:cad>88</gpxtpx:cad>
          </gpxtpx:TrackPointExtension>
        </extensions>
      </trkpt>
      <trkpt lat="46.1030784855" lon="7.0782631318">
        <ele>463.65</ele>
        <time>2026-05-17T07:31:22.000Z</time>
        <extensions>
          <power>210</power>
          <gpxtpx:TrackPointExtension>
            <gpxtpx:atemp>18.1</gpxtpx:atemp>
            <gpxtpx:hr>129</gpxtpx:hr>
            <gpxtpx:cad>88</gpxtpx:cad>
          </gpxtpx:TrackPointExtension>
        </extensions>
      </trkpt>
      <trkpt lat="46.1031264312" lon="7.0783627109">
        <ele>463.70</ele>
        <time>2026-05-17T07:31:23.000Z</time>
        <extensions>
          <power>210</power>
          <gpxtpx:TrackPointExtension>
            <gpxtpx:atemp>18.1</gpxtpx:atemp>
            <gpxtpx:hr>129</gpxtpx:hr>
            <gpxtpx:cad>88</gpxtpx:cad>
          </gpxtpx:TrackPointExtension>
        </extensions>
      </trkpt>
      <trkpt lat="46.1031732091" lon="7.0784493756">
        <ele>463.74</ele>
        <time>2026-05-17T07:31:24.000Z</time>
        <extensions>
          <power>210</power>
          <gpxtpx:TrackPointExtension>
            <gpxtpx:atemp>18.1</gpxtpx:atemp>
            <gpxtpx:hr>129</gpxtpx:hr>
            <gpxtpx:cad>87</gpxtpx:cad>
          </gpxtpx:TrackPointExtension>
        </extensions>
      </trkpt>
      <trkpt lat="46.1032202637" lon="7.0785350824">
        <ele>463.79</ele>
        <time>2026-05-17T07:31:25.000Z</time>
        <extensions>
          <power>210</power>
          <gpxtpx:TrackPointExtension>
            <gpxtpx:atemp>18.1</gpxtpx:atemp>
            <gpxtpx:hr>129</gpxtpx:hr>
            <gpxtpx:cad>87</gpxtpx:cad>
          </gpxtpx:TrackPointExtension>
        </extensions>
      </trkpt>
      <trkpt lat="46.1032677620" lon="7.0786220049">
        <ele>463.83</ele>
        <time>2026-05-17T07:31:26.000Z</time>
        <extensions>
          <power>210</power>
          <gpxtpx:TrackPointExtension>
            <gpxtpx:atemp>18.1</gpxtpx:atemp>
            <gpxtpx:hr>129</gpxtpx:hr>
            <gpxtpx:cad>87</gpxtpx:cad>
          </gpxtpx:TrackPointExtension>
        </extensions>
      </trkpt>
      <trkpt lat="46.1033111577" lon="7.0787083312">
        <ele>463.87</ele>
        <time>2026-05-17T07:31:27.000Z</time>
        <extensions>
          <power>210</power>
          <gpxtpx:TrackPointExtension>
            <gpxtpx:atemp>18.1</gpxtpx:atemp>
            <gpxtpx:hr>129</gpxtpx:hr>
            <gpxtpx:cad>87</gpxtpx:cad>
          </gpxtpx:TrackPointExtension>
        </extensions>
      </trkpt>
      <trkpt lat="46.1033540438" lon="7.0788001713">
        <ele>463.92</ele>
        <time>2026-05-17T07:31:28.000Z</time>
        <extensions>
          <power>210</power>
          <gpxtpx:TrackPointExtension>
            <gpxtpx:atemp>18.1</gpxtpx:atemp>
            <gpxtpx:hr>129</gpxtpx:hr>
            <gpxtpx:cad>87</gpxtpx:cad>
          </gpxtpx:TrackPointExtension>
        </extensions>
      </trkpt>
      <trkpt lat="46.1033959065" lon="7.0788989145">
        <ele>463.96</ele>
        <time>2026-05-17T07:31:29.000Z</time>
        <extensions>
          <power>210</power>
          <gpxtpx:TrackPointExtension>
            <gpxtpx:atemp>18.1</gpxtpx:atemp>
            <gpxtpx:hr>129</gpxtpx:hr>
            <gpxtpx:cad>87</gpxtpx:cad>
          </gpxtpx:TrackPointExtension>
        </extensions>
      </trkpt>
      <trkpt lat="46.1034429758" lon="7.0789849186">
        <ele>464.01</ele>
        <time>2026-05-17T07:31:30.000Z</time>
        <extensions>
          <power>210</power>
          <gpxtpx:TrackPointExtension>
            <gpxtpx:atemp>18.1</gpxtpx:atemp>
            <gpxtpx:hr>129</gpxtpx:hr>
            <gpxtpx:cad>87</gpxtpx:cad>
          </gpxtpx:TrackPointExtension>
        </extensions>
      </trkpt>
      <trkpt lat="46.1034939149" lon="7.0790811984">
        <ele>464.05</ele>
        <time>2026-05-17T07:31:31.000Z</time>
        <extensions>
          <power>210</power>
          <gpxtpx:TrackPointExtension>
            <gpxtpx:atemp>18.1</gpxtpx:atemp>
            <gpxtpx:hr>129</gpxtpx:hr>
            <gpxtpx:cad>87</gpxtpx:cad>
          </gpxtpx:TrackPointExtension>
        </extensions>
      </trkpt>
      <trkpt lat="46.1035371586" lon="7.0791690221">
        <ele>464.09</ele>
        <time>2026-05-17T07:31:32.000Z</time>
        <extensions>
          <power>210</power>
          <gpxtpx:TrackPointExtension>
            <gpxtpx:atemp>18.1</gpxtpx:atemp>
            <gpxtpx:hr>129</gpxtpx:hr>
            <gpxtpx:cad>87</gpxtpx:cad>
          </gpxtpx:TrackPointExtension>
        </extensions>
      </trkpt>
      <trkpt lat="46.1035823898" lon="7.0792549098">
        <ele>464.14</ele>
        <time>2026-05-17T07:31:33.000Z</time>
        <extensions>
          <power>210</power>
          <gpxtpx:TrackPointExtension>
            <gpxtpx:atemp>18.1</gpxtpx:atemp>
            <gpxtpx:hr>129</gpxtpx:hr>
            <gpxtpx:cad>87</gpxtpx:cad>
          </gpxtpx:TrackPointExtension>
        </extensions>
      </trkpt>
      <trkpt lat="46.1036273941" lon="7.0793371559">
        <ele>464.18</ele>
        <time>2026-05-17T07:31:34.000Z</time>
        <extensions>
          <power>210</power>
          <gpxtpx:TrackPointExtension>
            <gpxtpx:atemp>18.1</gpxtpx:atemp>
            <gpxtpx:hr>129</gpxtpx:hr>
            <gpxtpx:cad>86</gpxtpx:cad>
          </gpxtpx:TrackPointExtension>
        </extensions>
      </trkpt>
      <trkpt lat="46.1036775402" lon="7.0794307317">
        <ele>464.23</ele>
        <time>2026-05-17T07:31:35.000Z</time>
        <extensions>
          <power>210</power>
          <gpxtpx:TrackPointExtension>
            <gpxtpx:atemp>18.1</gpxtpx:atemp>
            <gpxtpx:hr>129</gpxtpx:hr>
            <gpxtpx:cad>86</gpxtpx:cad>
          </gpxtpx:TrackPointExtension>
        </extensions>
      </trkpt>
      <trkpt lat="46.1037210334" lon="7.0795248191">
        <ele>464.27</ele>
        <time>2026-05-17T07:31:36.000Z</time>
        <extensions>
          <power>210</power>
          <gpxtpx:TrackPointExtension>
            <gpxtpx:atemp>18.1</gpxtpx:atemp>
            <gpxtpx:hr>129</gpxtpx:hr>
            <gpxtpx:cad>86</gpxtpx:cad>
          </gpxtpx:TrackPointExtension>
        </extensions>
      </trkpt>
      <trkpt lat="46.1037662494" lon="7.0796174849">
        <ele>464.31</ele>
        <time>2026-05-17T07:31:37.000Z</time>
        <extensions>
          <power>210</power>
          <gpxtpx:TrackPointExtension>
            <gpxtpx:atemp>18.1</gpxtpx:atemp>
            <gpxtpx:hr>129</gpxtpx:hr>
            <gpxtpx:cad>86</gpxtpx:cad>
          </gpxtpx:TrackPointExtension>
        </extensions>
      </trkpt>
      <trkpt lat="46.1038135553" lon="7.0797008640">
        <ele>464.36</ele>
        <time>2026-05-17T07:31:38.000Z</time>
        <extensions>
          <power>210</power>
          <gpxtpx:TrackPointExtension>
            <gpxtpx:atemp>18.1</gpxtpx:atemp>
            <gpxtpx:hr>129</gpxtpx:hr>
            <gpxtpx:cad>86</gpxtpx:cad>
          </gpxtpx:TrackPointExtension>
        </extensions>
      </trkpt>
      <trkpt lat="46.1038605002" lon="7.0797829146">
        <ele>464.40</ele>
        <time>2026-05-17T07:31:39.000Z</time>
        <extensions>
          <power>210</power>
          <gpxtpx:TrackPointExtension>
            <gpxtpx:atemp>18.1</gpxtpx:atemp>
            <gpxtpx:hr>129</gpxtpx:hr>
            <gpxtpx:cad>86</gpxtpx:cad>
          </gpxtpx:TrackPointExtension>
        </extensions>
      </trkpt>
      <trkpt lat="46.1039066134" lon="7.0798728827">
        <ele>464.44</ele>
        <time>2026-05-17T07:31:40.000Z</time>
        <extensions>
          <power>210</power>
          <gpxtpx:TrackPointExtension>
            <gpxtpx:atemp>18.1</gpxtpx:atemp>
            <gpxtpx:hr>129</gpxtpx:hr>
            <gpxtpx:cad>86</gpxtpx:cad>
          </gpxtpx:TrackPointExtension>
        </extensions>
      </trkpt>
      <trkpt lat="46.1039603064" lon="7.0799557911">
        <ele>464.49</ele>
        <time>2026-05-17T07:31:41.000Z</time>
        <extensions>
          <power>210</power>
          <gpxtpx:TrackPointExtension>
            <gpxtpx:atemp>18.1</gpxtpx:atemp>
            <gpxtpx:hr>129</gpxtpx:hr>
            <gpxtpx:cad>85</gpxtpx:cad>
          </gpxtpx:TrackPointExtension>
        </extensions>
      </trkpt>
      <trkpt lat="46.1040156495" lon="7.0800473846">
        <ele>464.53</ele>
        <time>2026-05-17T07:31:42.000Z</time>
        <extensions>
          <power>210</power>
          <gpxtpx:TrackPointExtension>
            <gpxtpx:atemp>18.1</gpxtpx:atemp>
            <gpxtpx:hr>129</gpxtpx:hr>
            <gpxtpx:cad>85</gpxtpx:cad>
          </gpxtpx:TrackPointExtension>
        </extensions>
      </trkpt>
      <trkpt lat="46.1040702915" lon="7.0801332313">
        <ele>464.57</ele>
        <time>2026-05-17T07:31:43.000Z</time>
        <extensions>
          <power>210</power>
          <gpxtpx:TrackPointExtension>
            <gpxtpx:atemp>18.1</gpxtpx:atemp>
            <gpxtpx:hr>129</gpxtpx:hr>
            <gpxtpx:cad>85</gpxtpx:cad>
          </gpxtpx:TrackPointExtension>
        </extensions>
      </trkpt>
      <trkpt lat="46.1041238933" lon="7.0802105459">
        <ele>464.62</ele>
        <time>2026-05-17T07:31:44.000Z</time>
        <extensions>
          <power>210</power>
          <gpxtpx:TrackPointExtension>
            <gpxtpx:atemp>18.1</gpxtpx:atemp>
            <gpxtpx:hr>129</gpxtpx:hr>
            <gpxtpx:cad>85</gpxtpx:cad>
          </gpxtpx:TrackPointExtension>
        </extensions>
      </trkpt>
      <trkpt lat="46.1041721093" lon="7.0802920840">
        <ele>464.66</ele>
        <time>2026-05-17T07:31:45.000Z</time>
        <extensions>
          <power>210</power>
          <gpxtpx:TrackPointExtension>
            <gpxtpx:atemp>18.1</gpxtpx:atemp>
            <gpxtpx:hr>129</gpxtpx:hr>
            <gpxtpx:cad>85</gpxtpx:cad>
          </gpxtpx:TrackPointExtension>
        </extensions>
      </trkpt>
      <trkpt lat="46.1042271267" lon="7.0803818587">
        <ele>464.70</ele>
        <time>2026-05-17T07:31:46.000Z</time>
        <extensions>
          <power>210</power>
          <gpxtpx:TrackPointExtension>
            <gpxtpx:atemp>18.1</gpxtpx:atemp>
            <gpxtpx:hr>129</gpxtpx:hr>
            <gpxtpx:cad>85</gpxtpx:cad>
          </gpxtpx:TrackPointExtension>
        </extensions>
      </trkpt>
      <trkpt lat="46.1042791609" lon="7.0804641647">
        <ele>464.75</ele>
        <time>2026-05-17T07:31:47.000Z</time>
        <extensions>
          <power>210</power>
          <gpxtpx:TrackPointExtension>
            <gpxtpx:atemp>18.1</gpxtpx:atemp>
            <gpxtpx:hr>129</gpxtpx:hr>
            <gpxtpx:cad>85</gpxtpx:cad>
          </gpxtpx:TrackPointExtension>
        </extensions>
      </trkpt>
      <trkpt lat="46.1043291586" lon="7.0805526996">
        <ele>464.79</ele>
        <time>2026-05-17T07:31:48.000Z</time>
        <extensions>
          <power>210</power>
          <gpxtpx:TrackPointExtension>
            <gpxtpx:atemp>18.1</gpxtpx:atemp>
            <gpxtpx:hr>129</gpxtpx:hr>
            <gpxtpx:cad>84</gpxtpx:cad>
          </gpxtpx:TrackPointExtension>
        </extensions>
      </trkpt>
      <trkpt lat="46.1043832928" lon="7.0806299295">
        <ele>464.83</ele>
        <time>2026-05-17T07:31:49.000Z</time>
        <extensions>
          <power>210</power>
          <gpxtpx:TrackPointExtension>
            <gpxtpx:atemp>18.1</gpxtpx:atemp>
            <gpxtpx:hr>129</gpxtpx:hr>
            <gpxtpx:cad>84</gpxtpx:cad>
          </gpxtpx:TrackPointExtension>
        </extensions>
      </trkpt>
      <trkpt lat="46.1044371433" lon="7.0807048813">
        <ele>464.87</ele>
        <time>2026-05-17T07:31:50.000Z</time>
        <extensions>
          <power>210</power>
          <gpxtpx:TrackPointExtension>
            <gpxtpx:atemp>18.1</gpxtpx:atemp>
            <gpxtpx:hr>129</gpxtpx:hr>
            <gpxtpx:cad>84</gpxtpx:cad>
          </gpxtpx:TrackPointExtension>
        </extensions>
      </trkpt>
      <trkpt lat="46.1044845445" lon="7.0807841279">
        <ele>464.92</ele>
        <time>2026-05-17T07:31:51.000Z</time>
        <extensions>
          <power>210</power>
          <gpxtpx:TrackPointExtension>
            <gpxtpx:atemp>18.1</gpxtpx:atemp>
            <gpxtpx:hr>129</gpxtpx:hr>
            <gpxtpx:cad>84</gpxtpx:cad>
          </gpxtpx:TrackPointExtension>
        </extensions>
      </trkpt>
      <trkpt lat="46.1045420144" lon="7.0808664752">
        <ele>464.96</ele>
        <time>2026-05-17T07:31:52.000Z</time>
        <extensions>
          <power>210</power>
          <gpxtpx:TrackPointExtension>
            <gpxtpx:atemp>18.1</gpxtpx:atemp>
            <gpxtpx:hr>129</gpxtpx:hr>
            <gpxtpx:cad>84</gpxtpx:cad>
          </gpxtpx:TrackPointExtension>
        </extensions>
      </trkpt>
      <trkpt lat="46.1045950144" lon="7.0809502838">
        <ele>465.00</ele>
        <time>2026-05-17T07:31:53.000Z</time>
        <extensions>
          <power>210</power>
          <gpxtpx:TrackPointExtension>
            <gpxtpx:atemp>18.1</gpxtpx:atemp>
            <gpxtpx:hr>129</gpxtpx:hr>
            <gpxtpx:cad>83</gpxtpx:cad>
          </gpxtpx:TrackPointExtension>
        </extensions>
      </trkpt>
      <trkpt lat="46.1046477474" lon="7.0810291693">
        <ele>465.04</ele>
        <time>2026-05-17T07:31:54.000Z</time>
        <extensions>
          <power>210</power>
          <gpxtpx:TrackPointExtension>
            <gpxtpx:atemp>18.1</gpxtpx:atemp>
            <gpxtpx:hr>128</gpxtpx:hr>
            <gpxtpx:cad>83</gpxtpx:cad>
          </gpxtpx:TrackPointExtension>
        </extensions>
      </trkpt>
      <trkpt lat="46.1046959592" lon="7.0811065741">
        <ele>465.09</ele>
        <time>2026-05-17T07:31:55.000Z</time>
        <extensions>
          <power>210</power>
          <gpxtpx:TrackPointExtension>
            <gpxtpx:atemp>18.1</gpxtpx:atemp>
            <gpxtpx:hr>128</gpxtpx:hr>
            <gpxtpx:cad>83</gpxtpx:cad>
          </gpxtpx:TrackPointExtension>
        </extensions>
      </trkpt>
      <trkpt lat="46.1047527497" lon="7.0811845805">
        <ele>465.13</ele>
        <time>2026-05-17T07:31:56.000Z</time>
        <extensions>
          <power>210</power>
          <gpxtpx:TrackPointExtension>
            <gpxtpx:atemp>18.1</gpxtpx:atemp>
            <gpxtpx:hr>128</gpxtpx:hr>
            <gpxtpx:cad>83</gpxtpx:cad>
          </gpxtpx:TrackPointExtension>
        </extensions>
      </trkpt>
      <trkpt lat="46.1048070361" lon="7.0812570514">
        <ele>465.17</ele>
        <time>2026-05-17T07:31:57.000Z</time>
        <extensions>
          <power>210</power>
          <gpxtpx:TrackPointExtension>
            <gpxtpx:atemp>18.1</gpxtpx:atemp>
            <gpxtpx:hr>128</gpxtpx:hr>
            <gpxtpx:cad>83</gpxtpx:cad>
          </gpxtpx:TrackPointExtension>
        </extensions>
      </trkpt>
      <trkpt lat="46.1048613016" lon="7.0813276121">
        <ele>465.21</ele>
        <time>2026-05-17T07:31:58.000Z</time>
        <extensions>
          <power>210</power>
          <gpxtpx:TrackPointExtension>
            <gpxtpx:atemp>18.1</gpxtpx:atemp>
            <gpxtpx:hr>128</gpxtpx:hr>
            <gpxtpx:cad>82</gpxtpx:cad>
          </gpxtpx:TrackPointExtension>
        </extensions>
      </trkpt>
      <trkpt lat="46.1049140326" lon="7.0814084688">
        <ele>465.26</ele>
        <time>2026-05-17T07:31:59.000Z</time>
        <extensions>
          <power>210</power>
          <gpxtpx:TrackPointExtension>
            <gpxtpx:atemp>18.1</gpxtpx:atemp>
            <gpxtpx:hr>128</gpxtpx:hr>
            <gpxtpx:cad>82</gpxtpx:cad>
          </gpxtpx:TrackPointExtension>
        </extensions>
      </trkpt>
      <trkpt lat="46.1049627039" lon="7.0814908701">
        <ele>465.30</ele>
        <time>2026-05-17T07:32:00.000Z</time>
        <extensions>
          <power>210</power>
          <gpxtpx:TrackPointExtension>
            <gpxtpx:atemp>18.1</gpxtpx:atemp>
            <gpxtpx:hr>128</gpxtpx:hr>
            <gpxtpx:cad>82</gpxtpx:cad>
          </gpxtpx:TrackPointExtension>
        </extensions>
      </trkpt>
      <trkpt lat="46.1050148235" lon="7.0815612129">
        <ele>465.34</ele>
        <time>2026-05-17T07:32:01.000Z</time>
        <extensions>
          <power>210</power>
          <gpxtpx:TrackPointExtension>
            <gpxtpx:atemp>18.2</gpxtpx:atemp>
            <gpxtpx:hr>128</gpxtpx:hr>
            <gpxtpx:cad>82</gpxtpx:cad>
          </gpxtpx:TrackPointExtension>
        </extensions>
      </trkpt>
      <trkpt lat="46.1050635110" lon="7.0816414637">
        <ele>465.38</ele>
        <time>2026-05-17T07:32:02.000Z</time>
        <extensions>
          <power>210</power>
          <gpxtpx:TrackPointExtension>
            <gpxtpx:atemp>18.2</gpxtpx:atemp>
            <gpxtpx:hr>128</gpxtpx:hr>
            <gpxtpx:cad>82</gpxtpx:cad>
          </gpxtpx:TrackPointExtension>
        </extensions>
      </trkpt>
      <trkpt lat="46.1051173291" lon="7.0817123576">
        <ele>465.43</ele>
        <time>2026-05-17T07:32:03.000Z</time>
        <extensions>
          <power>210</power>
          <gpxtpx:TrackPointExtension>
            <gpxtpx:atemp>18.2</gpxtpx:atemp>
            <gpxtpx:hr>128</gpxtpx:hr>
            <gpxtpx:cad>81</gpxtpx:cad>
          </gpxtpx:TrackPointExtension>
        </extensions>
      </trkpt>
      <trkpt lat="46.1051685064" lon="7.0817808302">
        <ele>465.47</ele>
        <time>2026-05-17T07:32:04.000Z</time>
        <extensions>
          <power>210</power>
          <gpxtpx:TrackPointExtension>
            <gpxtpx:atemp>18.2</gpxtpx:atemp>
            <gpxtpx:hr>128</gpxtpx:hr>
            <gpxtpx:cad>81</gpxtpx:cad>
          </gpxtpx:TrackPointExtension>
        </extensions>
      </trkpt>
      <trkpt lat="46.1052230406" lon="7.0818570668">
        <ele>465.51</ele>
        <time>2026-05-17T07:32:05.000Z</time>
        <extensions>
          <power>210</power>
          <gpxtpx:TrackPointExtension>
            <gpxtpx:atemp>18.2</gpxtpx:atemp>
            <gpxtpx:hr>128</gpxtpx:hr>
            <gpxtpx:cad>81</gpxtpx:cad>
          </gpxtpx:TrackPointExtension>
        </extensions>
      </trkpt>
      <trkpt lat="46.1052818685" lon="7.0819259964">
        <ele>465.55</ele>
        <time>2026-05-17T07:32:06.000Z</time>
        <extensions>
          <power>210</power>
          <gpxtpx:TrackPointExtension>
            <gpxtpx:atemp>18.2</gpxtpx:atemp>
            <gpxtpx:hr>128</gpxtpx:hr>
            <gpxtpx:cad>81</gpxtpx:cad>
          </gpxtpx:TrackPointExtension>
        </extensions>
      </trkpt>
      <trkpt lat="46.1053357318" lon="7.0820010002">
        <ele>465.59</ele>
        <time>2026-05-17T07:32:07.000Z</time>
        <extensions>
          <power>210</power>
          <gpxtpx:TrackPointExtension>
            <gpxtpx:atemp>18.2</gpxtpx:atemp>
            <gpxtpx:hr>128</gpxtpx:hr>
            <gpxtpx:cad>81</gpxtpx:cad>
          </gpxtpx:TrackPointExtension>
        </extensions>
      </trkpt>
      <trkpt lat="46.1053908277" lon="7.0820812202">
        <ele>465.64</ele>
        <time>2026-05-17T07:32:08.000Z</time>
        <extensions>
          <power>210</power>
          <gpxtpx:TrackPointExtension>
            <gpxtpx:atemp>18.2</gpxtpx:atemp>
            <gpxtpx:hr>128</gpxtpx:hr>
            <gpxtpx:cad>80</gpxtpx:cad>
          </gpxtpx:TrackPointExtension>
        </extensions>
      </trkpt>
      <trkpt lat="46.1054459425" lon="7.0821554832">
        <ele>465.68</ele>
        <time>2026-05-17T07:32:09.000Z</time>
        <extensions>
          <power>210</power>
          <gpxtpx:TrackPointExtension>
            <gpxtpx:atemp>18.2</gpxtpx:atemp>
            <gpxtpx:hr>128</gpxtpx:hr>
            <gpxtpx:cad>80</gpxtpx:cad>
          </gpxtpx:TrackPointExtension>
        </extensions>
      </trkpt>
      <trkpt lat="46.1054988050" lon="7.0822370868">
        <ele>465.72</ele>
        <time>2026-05-17T07:32:10.000Z</time>
        <extensions>
          <power>210</power>
          <gpxtpx:TrackPointExtension>
            <gpxtpx:atemp>18.2</gpxtpx:atemp>
            <gpxtpx:hr>128</gpxtpx:hr>
            <gpxtpx:cad>80</gpxtpx:cad>
          </gpxtpx:TrackPointExtension>
        </extensions>
      </trkpt>
      <trkpt lat="46.1055511746" lon="7.0823173926">
        <ele>465.76</ele>
        <time>2026-05-17T07:32:11.000Z</time>
        <extensions>
          <power>210</power>
          <gpxtpx:TrackPointExtension>
            <gpxtpx:atemp>18.2</gpxtpx:atemp>
            <gpxtpx:hr>128</gpxtpx:hr>
            <gpxtpx:cad>80</gpxtpx:cad>
          </gpxtpx:TrackPointExtension>
        </extensions>
      </trkpt>
      <trkpt lat="46.1056065663" lon="7.0823939460">
        <ele>465.80</ele>
        <time>2026-05-17T07:32:12.000Z</time>
        <extensions>
          <power>210</power>
          <gpxtpx:TrackPointExtension>
            <gpxtpx:atemp>18.2</gpxtpx:atemp>
            <gpxtpx:hr>128</gpxtpx:hr>
            <gpxtpx:cad>79</gpxtpx:cad>
          </gpxtpx:TrackPointExtension>
        </extensions>
      </trkpt>
      <trkpt lat="46.1056623683" lon="7.0824751838">
        <ele>465.84</ele>
        <time>2026-05-17T07:32:13.000Z</time>
        <extensions>
          <power>210</power>
          <gpxtpx:TrackPointExtension>
            <gpxtpx:atemp>18.2</gpxtpx:atemp>
            <gpxtpx:hr>128</gpxtpx:hr>
            <gpxtpx:cad>79</gpxtpx:cad>
          </gpxtpx:TrackPointExtension>
        </extensions>
      </trkpt>
      <trkpt lat="46.1057211604" lon="7.0825490274">
        <ele>465.89</ele>
        <time>2026-05-17T07:32:14.000Z</time>
        <extensions>
          <power>210</power>
          <gpxtpx:TrackPointExtension>
            <gpxtpx:atemp>18.2</gpxtpx:atemp>
            <gpxtpx:hr>128</gpxtpx:hr>
            <gpxtpx:cad>79</gpxtpx:cad>
          </gpxtpx:TrackPointExtension>
        </extensions>
      </trkpt>
      <trkpt lat="46.1057724682" lon="7.0826175282">
        <ele>465.93</ele>
        <time>2026-05-17T07:32:15.000Z</time>
        <extensions>
          <power>210</power>
          <gpxtpx:TrackPointExtension>
            <gpxtpx:atemp>18.2</gpxtpx:atemp>
            <gpxtpx:hr>127</gpxtpx:hr>
            <gpxtpx:cad>79</gpxtpx:cad>
          </gpxtpx:TrackPointExtension>
        </extensions>
      </trkpt>
      <trkpt lat="46.1058320858" lon="7.0826880675">
        <ele>465.97</ele>
        <time>2026-05-17T07:32:16.000Z</time>
        <extensions>
          <power>210</power>
          <gpxtpx:TrackPointExtension>
            <gpxtpx:atemp>18.2</gpxtpx:atemp>
            <gpxtpx:hr>127</gpxtpx:hr>
            <gpxtpx:cad>79</gpxtpx:cad>
          </gpxtpx:TrackPointExtension>
        </extensions>
      </trkpt>
      <trkpt lat="46.1058868753" lon="7.0827673822">
        <ele>466.01</ele>
        <time>2026-05-17T07:32:17.000Z</time>
        <extensions>
          <power>210</power>
          <gpxtpx:TrackPointExtension>
            <gpxtpx:atemp>18.2</gpxtpx:atemp>
            <gpxtpx:hr>127</gpxtpx:hr>
            <gpxtpx:cad>78</gpxtpx:cad>
          </gpxtpx:TrackPointExtension>
        </extensions>
      </trkpt>
      <trkpt lat="46.1059452956" lon="7.0828475509">
        <ele>466.05</ele>
        <time>2026-05-17T07:32:18.000Z</time>
        <extensions>
          <power>210</power>
          <gpxtpx:TrackPointExtension>
            <gpxtpx:atemp>18.2</gpxtpx:atemp>
            <gpxtpx:hr>127</gpxtpx:hr>
            <gpxtpx:cad>78</gpxtpx:cad>
          </gpxtpx:TrackPointExtension>
        </extensions>
      </trkpt>
      <trkpt lat="46.1059947121" lon="7.0829216579">
        <ele>466.09</ele>
        <time>2026-05-17T07:32:19.000Z</time>
        <extensions>
          <power>210</power>
          <gpxtpx:TrackPointExtension>
            <gpxtpx:atemp>18.2</gpxtpx:atemp>
            <gpxtpx:hr>127</gpxtpx:hr>
            <gpxtpx:cad>78</gpxtpx:cad>
          </gpxtpx:TrackPointExtension>
        </extensions>
      </trkpt>
      <trkpt lat="46.1060448986" lon="7.0829984826">
        <ele>466.13</ele>
        <time>2026-05-17T07:32:20.000Z</time>
        <extensions>
          <power>210</power>
          <gpxtpx:TrackPointExtension>
            <gpxtpx:atemp>18.2</gpxtpx:atemp>
            <gpxtpx:hr>127</gpxtpx:hr>
            <gpxtpx:cad>78</gpxtpx:cad>
          </gpxtpx:TrackPointExtension>
        </extensions>
      </trkpt>
      <trkpt lat="46.1061041941" lon="7.0830774355">
        <ele>466.17</ele>
        <time>2026-05-17T07:32:21.000Z</time>
        <extensions>
          <power>210</power>
          <gpxtpx:TrackPointExtension>
            <gpxtpx:atemp>18.2</gpxtpx:atemp>
            <gpxtpx:hr>127</gpxtpx:hr>
            <gpxtpx:cad>77</gpxtpx:cad>
          </gpxtpx:TrackPointExtension>
        </extensions>
      </trkpt>
      <trkpt lat="46.1061589199" lon="7.0831531536">
        <ele>466.22</ele>
        <time>2026-05-17T07:32:22.000Z</time>
        <extensions>
          <power>210</power>
          <gpxtpx:TrackPointExtension>
            <gpxtpx:atemp>18.2</gpxtpx:atemp>
            <gpxtpx:hr>127</gpxtpx:hr>
            <gpxtpx:cad>77</gpxtpx:cad>
          </gpxtpx:TrackPointExtension>
        </extensions>
      </trkpt>
      <trkpt lat="46.1062124334" lon="7.0832225495">
        <ele>466.26</ele>
        <time>2026-05-17T07:32:23.000Z</time>
        <extensions>
          <power>210</power>
          <gpxtpx:TrackPointExtension>
            <gpxtpx:atemp>18.2</gpxtpx:atemp>
            <gpxtpx:hr>127</gpxtpx:hr>
            <gpxtpx:cad>77</gpxtpx:cad>
          </gpxtpx:TrackPointExtension>
        </extensions>
      </trkpt>
      <trkpt lat="46.1062634416" lon="7.0832977780">
        <ele>466.30</ele>
        <time>2026-05-17T07:32:24.000Z</time>
        <extensions>
          <power>210</power>
          <gpxtpx:TrackPointExtension>
            <gpxtpx:atemp>18.2</gpxtpx:atemp>
            <gpxtpx:hr>127</gpxtpx:hr>
            <gpxtpx:cad>77</gpxtpx:cad>
          </gpxtpx:TrackPointExtension>
        </extensions>
      </trkpt>
      <trkpt lat="46.1063216265" lon="7.0833679503">
        <ele>466.34</ele>
        <time>2026-05-17T07:32:25.000Z</time>
        <extensions>
          <power>210</power>
          <gpxtpx:TrackPointExtension>
            <gpxtpx:atemp>18.2</gpxtpx:atemp>
            <gpxtpx:hr>127</gpxtpx:hr>
            <gpxtpx:cad>76</gpxtpx:cad>
          </gpxtpx:TrackPointExtension>
        </extensions>
      </trkpt>
      <trkpt lat="46.1063726353" lon="7.0834438852">
        <ele>466.38</ele>
        <time>2026-05-17T07:32:26.000Z</time>
        <extensions>
          <power>210</power>
          <gpxtpx:TrackPointExtension>
            <gpxtpx:atemp>18.2</gpxtpx:atemp>
            <gpxtpx:hr>127</gpxtpx:hr>
            <gpxtpx:cad>76</gpxtpx:cad>
          </gpxtpx:TrackPointExtension>
        </extensions>
      </trkpt>
      <trkpt lat="46.1064314258" lon="7.0835167295">
        <ele>466.42</ele>
        <time>2026-05-17T07:32:27.000Z</time>
        <extensions>
          <power>210</power>
          <gpxtpx:TrackPointExtension>
            <gpxtpx:atemp>18.2</gpxtpx:atemp>
            <gpxtpx:hr>127</gpxtpx:hr>
            <gpxtpx:cad>76</gpxtpx:cad>
          </gpxtpx:TrackPointExtension>
        </extensions>
      </trkpt>
      <trkpt lat="46.1064901195" lon="7.0835870465">
        <ele>466.46</ele>
        <time>2026-05-17T07:32:28.000Z</time>
        <extensions>
          <power>210</power>
          <gpxtpx:TrackPointExtension>
            <gpxtpx:atemp>18.2</gpxtpx:atemp>
            <gpxtpx:hr>127</gpxtpx:hr>
            <gpxtpx:cad>76</gpxtpx:cad>
          </gpxtpx:TrackPointExtension>
        </extensions>
      </trkpt>
      <trkpt lat="46.1065433051" lon="7.0836532257">
        <ele>466.50</ele>
        <time>2026-05-17T07:32:29.000Z</time>
        <extensions>
          <power>210</power>
          <gpxtpx:TrackPointExtension>
            <gpxtpx:atemp>18.2</gpxtpx:atemp>
            <gpxtpx:hr>126</gpxtpx:hr>
            <gpxtpx:cad>76</gpxtpx:cad>
          </gpxtpx:TrackPointExtension>
        </extensions>
      </trkpt>
      <trkpt lat="46.1065953738" lon="7.0837180075">
        <ele>466.54</ele>
        <time>2026-05-17T07:32:30.000Z</time>
        <extensions>
          <power>210</power>
          <gpxtpx:TrackPointExtension>
            <gpxtpx:atemp>18.2</gpxtpx:atemp>
            <gpxtpx:hr>126</gpxtpx:hr>
            <gpxtpx:cad>75</gpxtpx:cad>
          </gpxtpx:TrackPointExtension>
        </extensions>
      </trkpt>
      <trkpt lat="46.1066477722" lon="7.0837849783">
        <ele>466.58</ele>
        <time>2026-05-17T07:32:31.000Z</time>
        <extensions>
          <power>210</power>
          <gpxtpx:TrackPointExtension>
            <gpxtpx:atemp>18.2</gpxtpx:atemp>
            <gpxtpx:hr>126</gpxtpx:hr>
            <gpxtpx:cad>75</gpxtpx:cad>
          </gpxtpx:TrackPointExtension>
        </extensions>
      </trkpt>
      <trkpt lat="46.1067045052" lon="7.0838634073">
        <ele>466.62</ele>
        <time>2026-05-17T07:32:32.000Z</time>
        <extensions>
          <power>210</power>
          <gpxtpx:TrackPointExtension>
            <gpxtpx:atemp>18.2</gpxtpx:atemp>
            <gpxtpx:hr>126</gpxtpx:hr>
            <gpxtpx:cad>75</gpxtpx:cad>
          </gpxtpx:TrackPointExtension>
        </extensions>
      </trkpt>
      <trkpt lat="46.1067565146" lon="7.0839407450">
        <ele>466.67</ele>
        <time>2026-05-17T07:32:33.000Z</time>
        <extensions>
          <power>210</power>
          <gpxtpx:TrackPointExtension>
            <gpxtpx:atemp>18.2</gpxtpx:atemp>
            <gpxtpx:hr>126</gpxtpx:hr>
            <gpxtpx:cad>75</gpxtpx:cad>
          </gpxtpx:TrackPointExtension>
        </extensions>
      </trkpt>
      <trkpt lat="46.1068095362" lon="7.0840078826">
        <ele>466.71</ele>
        <time>2026-05-17T07:32:34.000Z</time>
        <extensions>
          <power>210</power>
          <gpxtpx:TrackPointExtension>
            <gpxtpx:atemp>18.2</gpxtpx:atemp>
            <gpxtpx:hr>126</gpxtpx:hr>
            <gpxtpx:cad>74</gpxtpx:cad>
          </gpxtpx:TrackPointExtension>
        </extensions>
      </trkpt>
      <trkpt lat="46.1068618265" lon="7.0840811430">
        <ele>466.75</ele>
        <time>2026-05-17T07:32:35.000Z</time>
        <extensions>
          <power>210</power>
          <gpxtpx:TrackPointExtension>
            <gpxtpx:atemp>18.2</gpxtpx:atemp>
            <gpxtpx:hr>126</gpxtpx:hr>
            <gpxtpx:cad>74</gpxtpx:cad>
          </gpxtpx:TrackPointExtension>
        </extensions>
      </trkpt>
      <trkpt lat="46.1069106595" lon="7.0841529060">
        <ele>466.79</ele>
        <time>2026-05-17T07:32:36.000Z</time>
        <extensions>
          <power>210</power>
          <gpxtpx:TrackPointExtension>
            <gpxtpx:atemp>18.2</gpxtpx:atemp>
            <gpxtpx:hr>126</gpxtpx:hr>
            <gpxtpx:cad>74</gpxtpx:cad>
          </gpxtpx:TrackPointExtension>
        </extensions>
      </trkpt>
      <trkpt lat="46.1069679985" lon="7.0842196149">
        <ele>466.83</ele>
        <time>2026-05-17T07:32:37.000Z</time>
        <extensions>
          <power>210</power>
          <gpxtpx:TrackPointExtension>
            <gpxtpx:atemp>18.2</gpxtpx:atemp>
            <gpxtpx:hr>126</gpxtpx:hr>
            <gpxtpx:cad>74</gpxtpx:cad>
          </gpxtpx:TrackPointExtension>
        </extensions>
      </trkpt>
      <trkpt lat="46.1070259102" lon="7.0842888383">
        <ele>466.87</ele>
        <time>2026-05-17T07:32:38.000Z</time>
        <extensions>
          <power>210</power>
          <gpxtpx:TrackPointExtension>
            <gpxtpx:atemp>18.2</gpxtpx:atemp>
            <gpxtpx:hr>126</gpxtpx:hr>
            <gpxtpx:cad>74</gpxtpx:cad>
          </gpxtpx:TrackPointExtension>
        </extensions>
      </trkpt>
      <trkpt lat="46.1070831312" lon="7.0843645551">
        <ele>466.91</ele>
        <time>2026-05-17T07:32:39.000Z</time>
        <extensions>
          <power>210</power>
          <gpxtpx:TrackPointExtension>
            <gpxtpx:atemp>18.2</gpxtpx:atemp>
            <gpxtpx:hr>126</gpxtpx:hr>
            <gpxtpx:cad>73</gpxtpx:cad>
          </gpxtpx:TrackPointExtension>
        </extensions>
      </trkpt>
      <trkpt lat="46.1071413809" lon="7.0844368902">
        <ele>466.95</ele>
        <time>2026-05-17T07:32:40.000Z</time>
        <extensions>
          <power>210</power>
          <gpxtpx:TrackPointExtension>
            <gpxtpx:atemp>18.2</gpxtpx:atemp>
            <gpxtpx:hr>126</gpxtpx:hr>
            <gpxtpx:cad>73</gpxtpx:cad>
          </gpxtpx:TrackPointExtension>
        </extensions>
      </trkpt>
      <trkpt lat="46.1071980126" lon="7.0845144324">
        <ele>466.99</ele>
        <time>2026-05-17T07:32:41.000Z</time>
        <extensions>
          <power>210</power>
          <gpxtpx:TrackPointExtension>
            <gpxtpx:atemp>18.2</gpxtpx:atemp>
            <gpxtpx:hr>125</gpxtpx:hr>
            <gpxtpx:cad>73</gpxtpx:cad>
          </gpxtpx:TrackPointExtension>
        </extensions>
      </trkpt>
      <trkpt lat="46.1072572701" lon="7.0845887191">
        <ele>467.03</ele>
        <time>2026-05-17T07:32:42.000Z</time>
        <extensions>
          <power>210</power>
          <gpxtpx:TrackPointExtension>
            <gpxtpx:atemp>18.2</gpxtpx:atemp>
            <gpxtpx:hr>125</gpxtpx:hr>
            <gpxtpx:cad>73</gpxtpx:cad>
          </gpxtpx:TrackPointExtension>
        </extensions>
      </trkpt>
      <trkpt lat="46.1073134318" lon="7.0846631244">
        <ele>467.07</ele>
        <time>2026-05-17T07:32:43.000Z</time>
        <extensions>
          <power>210</power>
          <gpxtpx:TrackPointExtension>
            <gpxtpx:atemp>18.2</gpxtpx:atemp>
            <gpxtpx:hr>125</gpxtpx:hr>
            <gpxtpx:cad>73</gpxtpx:cad>
          </gpxtpx:TrackPointExtension>
        </extensions>
      </trkpt>
      <trkpt lat="46.1073653442" lon="7.0847272227">
        <ele>467.11</ele>
        <time>2026-05-17T07:32:44.000Z</time>
        <extensions>
          <power>210</power>
          <gpxtpx:TrackPointExtension>
            <gpxtpx:atemp>18.2</gpxtpx:atemp>
            <gpxtpx:hr>125</gpxtpx:hr>
            <gpxtpx:cad>72</gpxtpx:cad>
          </gpxtpx:TrackPointExtension>
        </extensions>
      </trkpt>
      <trkpt lat="46.1074223338" lon="7.0847991471">
        <ele>467.15</ele>
        <time>2026-05-17T07:32:45.000Z</time>
        <extensions>
          <power>210</power>
          <gpxtpx:TrackPointExtension>
            <gpxtpx:atemp>18.2</gpxtpx:atemp>
            <gpxtpx:hr>125</gpxtpx:hr>
            <gpxtpx:cad>72</gpxtpx:cad>
          </gpxtpx:TrackPointExtension>
        </extensions>
      </trkpt>
      <trkpt lat="46.1074735549" lon="7.0848699008">
        <ele>467.19</ele>
        <time>2026-05-17T07:32:46.000Z</time>
        <extensions>
          <power>210</power>
          <gpxtpx:TrackPointExtension>
            <gpxtpx:atemp>18.2</gpxtpx:atemp>
            <gpxtpx:hr>125</gpxtpx:hr>
            <gpxtpx:cad>72</gpxtpx:cad>
          </gpxtpx:TrackPointExtension>
        </extensions>
      </trkpt>
      <trkpt lat="46.1075273053" lon="7.0849380373">
        <ele>467.23</ele>
        <time>2026-05-17T07:32:47.000Z</time>
        <extensions>
          <power>210</power>
          <gpxtpx:TrackPointExtension>
            <gpxtpx:atemp>18.2</gpxtpx:atemp>
            <gpxtpx:hr>125</gpxtpx:hr>
            <gpxtpx:cad>72</gpxtpx:cad>
          </gpxtpx:TrackPointExtension>
        </extensions>
      </trkpt>
      <trkpt lat="46.1075785328" lon="7.0850023870">
        <ele>467.27</ele>
        <time>2026-05-17T07:32:48.000Z</time>
        <extensions>
          <power>210</power>
          <gpxtpx:TrackPointExtension>
            <gpxtpx:atemp>18.2</gpxtpx:atemp>
            <gpxtpx:hr>125</gpxtpx:hr>
            <gpxtpx:cad>72</gpxtpx:cad>
          </gpxtpx:TrackPointExtension>
        </extensions>
      </trkpt>
      <trkpt lat="46.1076333674" lon="7.0850685109">
        <ele>467.31</ele>
        <time>2026-05-17T07:32:49.000Z</time>
        <extensions>
          <power>210</power>
          <gpxtpx:TrackPointExtension>
            <gpxtpx:atemp>18.2</gpxtpx:atemp>
            <gpxtpx:hr>125</gpxtpx:hr>
            <gpxtpx:cad>72</gpxtpx:cad>
          </gpxtpx:TrackPointExtension>
        </extensions>
      </trkpt>
      <trkpt lat="46.1076827850" lon="7.0851414291">
        <ele>467.35</ele>
        <time>2026-05-17T07:32:50.000Z</time>
        <extensions>
          <power>210</power>
          <gpxtpx:TrackPointExtension>
            <gpxtpx:atemp>18.2</gpxtpx:atemp>
            <gpxtpx:hr>125</gpxtpx:hr>
            <gpxtpx:cad>71</gpxtpx:cad>
          </gpxtpx:TrackPointExtension>
        </extensions>
      </trkpt>
      <trkpt lat="46.1077336692" lon="7.0852158920">
        <ele>467.39</ele>
        <time>2026-05-17T07:32:51.000Z</time>
        <extensions>
          <power>210</power>
          <gpxtpx:TrackPointExtension>
            <gpxtpx:atemp>18.2</gpxtpx:atemp>
            <gpxtpx:hr>125</gpxtpx:hr>
            <gpxtpx:cad>71</gpxtpx:cad>
          </gpxtpx:TrackPointExtension>
        </extensions>
      </trkpt>
      <trkpt lat="46.1077866003" lon="7.0852843153">
        <ele>467.44</ele>
        <time>2026-05-17T07:32:52.000Z</time>
        <extensions>
          <power>210</power>
          <gpxtpx:TrackPointExtension>
            <gpxtpx:atemp>18.2</gpxtpx:atemp>
            <gpxtpx:hr>124</gpxtpx:hr>
            <gpxtpx:cad>71</gpxtpx:cad>
          </gpxtpx:TrackPointExtension>
        </extensions>
      </trkpt>
      <trkpt lat="46.1078421101" lon="7.0853502220">
        <ele>467.48</ele>
        <time>2026-05-17T07:32:53.000Z</time>
        <extensions>
          <power>210</power>
          <gpxtpx:TrackPointExtension>
            <gpxtpx:atemp>18.2</gpxtpx:atemp>
            <gpxtpx:hr>124</gpxtpx:hr>
            <gpxtpx:cad>71</gpxtpx:cad>
          </gpxtpx:TrackPointExtension>
        </extensions>
      </trkpt>
      <trkpt lat="46.1078925357" lon="7.0854214375">
        <ele>467.52</ele>
        <time>2026-05-17T07:32:54.000Z</time>
        <extensions>
          <power>210</power>
          <gpxtpx:TrackPointExtension>
            <gpxtpx:atemp>18.2</gpxtpx:atemp>
            <gpxtpx:hr>124</gpxtpx:hr>
            <gpxtpx:cad>71</gpxtpx:cad>
          </gpxtpx:TrackPointExtension>
        </extensions>
      </trkpt>
      <trkpt lat="46.1079496051" lon="7.0854859634">
        <ele>467.56</ele>
        <time>2026-05-17T07:32:55.000Z</time>
        <extensions>
          <power>210</power>
          <gpxtpx:TrackPointExtension>
            <gpxtpx:atemp>18.2</gpxtpx:atemp>
            <gpxtpx:hr>124</gpxtpx:hr>
            <gpxtpx:cad>71</gpxtpx:cad>
          </gpxtpx:TrackPointExtension>
        </extensions>
      </trkpt>
      <trkpt lat="46.1080007737" lon="7.0855615219">
        <ele>467.60</ele>
        <time>2026-05-17T07:32:56.000Z</time>
        <extensions>
          <power>210</power>
          <gpxtpx:TrackPointExtension>
            <gpxtpx:atemp>18.2</gpxtpx:atemp>
            <gpxtpx:hr>124</gpxtpx:hr>
            <gpxtpx:cad>70</gpxtpx:cad>
          </gpxtpx:TrackPointExtension>
        </extensions>
      </trkpt>
      <trkpt lat="46.1080564620" lon="7.0856251990">
        <ele>467.64</ele>
        <time>2026-05-17T07:32:57.000Z</time>
        <extensions>
          <power>210</power>
          <gpxtpx:TrackPointExtension>
            <gpxtpx:atemp>18.2</gpxtpx:atemp>
            <gpxtpx:hr>124</gpxtpx:hr>
            <gpxtpx:cad>70</gpxtpx:cad>
          </gpxtpx:TrackPointExtension>
        </extensions>
      </trkpt>
      <trkpt lat="46.1081096341" lon="7.0856926181">
        <ele>467.68</ele>
        <time>2026-05-17T07:32:58.000Z</time>
        <extensions>
          <power>210</power>
          <gpxtpx:TrackPointExtension>
            <gpxtpx:atemp>18.2</gpxtpx:atemp>
            <gpxtpx:hr>124</gpxtpx:hr>
            <gpxtpx:cad>70</gpxtpx:cad>
          </gpxtpx:TrackPointExtension>
        </extensions>
      </trkpt>
      <trkpt lat="46.1081657598" lon="7.0857656287">
        <ele>467.72</ele>
        <time>2026-05-17T07:32:59.000Z</time>
        <extensions>
          <power>210</power>
          <gpxtpx:TrackPointExtension>
            <gpxtpx:atemp>18.2</gpxtpx:atemp>
            <gpxtpx:hr>124</gpxtpx:hr>
            <gpxtpx:cad>70</gpxtpx:cad>
          </gpxtpx:TrackPointExtension>
        </extensions>
      </trkpt>
      <trkpt lat="46.1082166619" lon="7.0858297811">
        <ele>467.76</ele>
        <time>2026-05-17T07:33:00.000Z</time>
        <extensions>
          <power>210</power>
          <gpxtpx:TrackPointExtension>
            <gpxtpx:atemp>18.2</gpxtpx:atemp>
            <gpxtpx:hr>124</gpxtpx:hr>
            <gpxtpx:cad>70</gpxtpx:cad>
          </gpxtpx:TrackPointExtension>
        </extensions>
      </trkpt>
      <trkpt lat="46.1082691933" lon="7.0858979310">
        <ele>467.80</ele>
        <time>2026-05-17T07:33:01.000Z</time>
        <extensions>
          <power>210</power>
          <gpxtpx:TrackPointExtension>
            <gpxtpx:atemp>18.2</gpxtpx:atemp>
            <gpxtpx:hr>124</gpxtpx:hr>
            <gpxtpx:cad>70</gpxtpx:cad>
          </gpxtpx:TrackPointExtension>
        </extensions>
      </trkpt>
      <trkpt lat="46.1083289419" lon="7.0859709340">
        <ele>467.84</ele>
        <time>2026-05-17T07:33:02.000Z</time>
        <extensions>
          <power>210</power>
          <gpxtpx:TrackPointExtension>
            <gpxtpx:atemp>18.2</gpxtpx:atemp>
            <gpxtpx:hr>123</gpxtpx:hr>
            <gpxtpx:cad>70</gpxtpx:cad>
          </gpxtpx:TrackPointExtension>
        </extensions>
      </trkpt>
      <trkpt lat="46.1083789929" lon="7.0860320067">
        <ele>467.88</ele>
        <time>2026-05-17T07:33:03.000Z</time>
        <extensions>
          <power>210</power>
          <gpxtpx:TrackPointExtension>
            <gpxtpx:atemp>18.2</gpxtpx:atemp>
            <gpxtpx:hr>123</gpxtpx:hr>
            <gpxtpx:cad>69</gpxtpx:cad>
          </gpxtpx:TrackPointExtension>
        </extensions>
      </trkpt>
      <trkpt lat="46.1084367537" lon="7.0860968911">
        <ele>467.92</ele>
        <time>2026-05-17T07:33:04.000Z</time>
        <extensions>
          <power>210</power>
          <gpxtpx:TrackPointExtension>
            <gpxtpx:atemp>18.2</gpxtpx:atemp>
            <gpxtpx:hr>123</gpxtpx:hr>
            <gpxtpx:cad>69</gpxtpx:cad>
          </gpxtpx:TrackPointExtension>
        </extensions>
      </trkpt>
      <trkpt lat="46.1084873234" lon="7.0861586479">
        <ele>467.96</ele>
        <time>2026-05-17T07:33:05.000Z</time>
        <extensions>
          <power>210</power>
          <gpxtpx:TrackPointExtension>
            <gpxtpx:atemp>18.2</gpxtpx:atemp>
            <gpxtpx:hr>123</gpxtpx:hr>
            <gpxtpx:cad>69</gpxtpx:cad>
          </gpxtpx:TrackPointExtension>
        </extensions>
      </trkpt>
      <trkpt lat="46.1085424054" lon="7.0862314427">
        <ele>468.00</ele>
        <time>2026-05-17T07:33:06.000Z</time>
        <extensions>
          <power>210</power>
          <gpxtpx:TrackPointExtension>
            <gpxtpx:atemp>18.2</gpxtpx:atemp>
            <gpxtpx:hr>123</gpxtpx:hr>
            <gpxtpx:cad>69</gpxtpx:cad>
          </gpxtpx:TrackPointExtension>
        </extensions>
      </trkpt>
      <trkpt lat="46.1085992775" lon="7.0863061382">
        <ele>468.04</ele>
        <time>2026-05-17T07:33:07.000Z</time>
        <extensions>
          <power>210</power>
          <gpxtpx:TrackPointExtension>
            <gpxtpx:atemp>18.2</gpxtpx:atemp>
            <gpxtpx:hr>123</gpxtpx:hr>
            <gpxtpx:cad>69</gpxtpx:cad>
          </gpxtpx:TrackPointExtension>
        </extensions>
      </trkpt>
      <trkpt lat="46.1086536287" lon="7.0863787010">
        <ele>468.08</ele>
        <time>2026-05-17T07:33:08.000Z</time>
        <extensions>
          <power>210</power>
          <gpxtpx:TrackPointExtension>
            <gpxtpx:atemp>18.2</gpxtpx:atemp>
            <gpxtpx:hr>123</gpxtpx:hr>
            <gpxtpx:cad>69</gpxtpx:cad>
          </gpxtpx:TrackPointExtension>
        </extensions>
      </trkpt>
      <trkpt lat="46.1087047766" lon="7.0864471215">
        <ele>468.12</ele>
        <time>2026-05-17T07:33:09.000Z</time>
        <extensions>
          <power>210</power>
          <gpxtpx:TrackPointExtension>
            <gpxtpx:atemp>18.2</gpxtpx:atemp>
            <gpxtpx:hr>123</gpxtpx:hr>
            <gpxtpx:cad>69</gpxtpx:cad>
          </gpxtpx:TrackPointExtension>
        </extensions>
      </trkpt>
      <trkpt lat="46.1087635322" lon="7.0865119782">
        <ele>468.16</ele>
        <time>2026-05-17T07:33:10.000Z</time>
        <extensions>
          <power>210</power>
          <gpxtpx:TrackPointExtension>
            <gpxtpx:atemp>18.2</gpxtpx:atemp>
            <gpxtpx:hr>123</gpxtpx:hr>
            <gpxtpx:cad>69</gpxtpx:cad>
          </gpxtpx:TrackPointExtension>
        </extensions>
      </trkpt>
      <trkpt lat="46.1088230141" lon="7.0865806095">
        <ele>468.20</ele>
        <time>2026-05-17T07:33:11.000Z</time>
        <extensions>
          <power>210</power>
          <gpxtpx:TrackPointExtension>
            <gpxtpx:atemp>18.2</gpxtpx:atemp>
            <gpxtpx:hr>123</gpxtpx:hr>
            <gpxtpx:cad>69</gpxtpx:cad>
          </gpxtpx:TrackPointExtension>
        </extensions>
      </trkpt>
      <trkpt lat="46.1088764832" lon="7.0866466205">
        <ele>468.24</ele>
        <time>2026-05-17T07:33:12.000Z</time>
        <extensions>
          <power>210</power>
          <gpxtpx:TrackPointExtension>
            <gpxtpx:atemp>18.2</gpxtpx:atemp>
            <gpxtpx:hr>122</gpxtpx:hr>
            <gpxtpx:cad>69</gpxtpx:cad>
          </gpxtpx:TrackPointExtension>
        </extensions>
      </trkpt>
      <trkpt lat="46.1089370177" lon="7.0867150712">
        <ele>468.28</ele>
        <time>2026-05-17T07:33:13.000Z</time>
        <extensions>
          <power>210</power>
          <gpxtpx:TrackPointExtension>
            <gpxtpx:atemp>18.2</gpxtpx:atemp>
            <gpxtpx:hr>122</gpxtpx:hr>
            <gpxtpx:cad>69</gpxtpx:cad>
          </gpxtpx:TrackPointExtension>
        </extensions>
      </trkpt>
      <trkpt lat="46.1089946710" lon="7.0867773048">
        <ele>468.33</ele>
        <time>2026-05-17T07:33:14.000Z</time>
        <extensions>
          <power>210</power>
          <gpxtpx:TrackPointExtension>
            <gpxtpx:atemp>18.2</gpxtpx:atemp>
            <gpxtpx:hr>122</gpxtpx:hr>
            <gpxtpx:cad>68</gpxtpx:cad>
          </gpxtpx:TrackPointExtension>
        </extensions>
      </trkpt>
      <trkpt lat="46.1090462925" lon="7.0868474368">
        <ele>468.37</ele>
        <time>2026-05-17T07:33:15.000Z</time>
        <extensions>
          <power>210</power>
          <gpxtpx:TrackPointExtension>
            <gpxtpx:atemp>18.2</gpxtpx:atemp>
            <gpxtpx:hr>122</gpxtpx:hr>
            <gpxtpx:cad>68</gpxtpx:cad>
          </gpxtpx:TrackPointExtension>
        </extensions>
      </trkpt>
      <trkpt lat="46.1090978592" lon="7.0869187426">
        <ele>468.41</ele>
        <time>2026-05-17T07:33:16.000Z</time>
        <extensions>
          <power>210</power>
          <gpxtpx:TrackPointExtension>
            <gpxtpx:atemp>18.2</gpxtpx:atemp>
            <gpxtpx:hr>122</gpxtpx:hr>
            <gpxtpx:cad>68</gpxtpx:cad>
          </gpxtpx:TrackPointExtension>
        </extensions>
      </trkpt>
      <trkpt lat="46.1091487278" lon="7.0869863196">
        <ele>468.45</ele>
        <time>2026-05-17T07:33:17.000Z</time>
        <extensions>
          <power>210</power>
          <gpxtpx:TrackPointExtension>
            <gpxtpx:atemp>18.2</gpxtpx:atemp>
            <gpxtpx:hr>122</gpxtpx:hr>
            <gpxtpx:cad>68</gpxtpx:cad>
          </gpxtpx:TrackPointExtension>
        </extensions>
      </trkpt>
      <trkpt lat="46.1091987427" lon="7.0870516004">
        <ele>468.49</ele>
        <time>2026-05-17T07:33:18.000Z</time>
        <extensions>
          <power>210</power>
          <gpxtpx:TrackPointExtension>
            <gpxtpx:atemp>18.2</gpxtpx:atemp>
            <gpxtpx:hr>122</gpxtpx:hr>
            <gpxtpx:cad>68</gpxtpx:cad>
          </gpxtpx:TrackPointExtension>
        </extensions>
      </trkpt>
      <trkpt lat="46.1092585646" lon="7.0871179324">
        <ele>468.53</ele>
        <time>2026-05-17T07:33:19.000Z</time>
        <extensions>
          <power>210</power>
          <gpxtpx:TrackPointExtension>
            <gpxtpx:atemp>18.2</gpxtpx:atemp>
            <gpxtpx:hr>122</gpxtpx:hr>
            <gpxtpx:cad>68</gpxtpx:cad>
          </gpxtpx:TrackPointExtension>
        </extensions>
      </trkpt>
      <trkpt lat="46.1093126869" lon="7.0871912149">
        <ele>468.57</ele>
        <time>2026-05-17T07:33:20.000Z</time>
        <extensions>
          <power>210</power>
          <gpxtpx:TrackPointExtension>
            <gpxtpx:atemp>18.3</gpxtpx:atemp>
            <gpxtpx:hr>122</gpxtpx:hr>
            <gpxtpx:cad>68</gpxtpx:cad>
          </gpxtpx:TrackPointExtension>
        </extensions>
      </trkpt>
      <trkpt lat="46.1093700529" lon="7.0872657073">
        <ele>468.61</ele>
        <time>2026-05-17T07:33:21.000Z</time>
        <extensions>
          <power>210</power>
          <gpxtpx:TrackPointExtension>
            <gpxtpx:atemp>18.3</gpxtpx:atemp>
            <gpxtpx:hr>122</gpxtpx:hr>
            <gpxtpx:cad>68</gpxtpx:cad>
          </gpxtpx:TrackPointExtension>
        </extensions>
      </trkpt>
      <trkpt lat="46.1094300404" lon="7.0873389938">
        <ele>468.65</ele>
        <time>2026-05-17T07:33:22.000Z</time>
        <extensions>
          <power>210</power>
          <gpxtpx:TrackPointExtension>
            <gpxtpx:atemp>18.3</gpxtpx:atemp>
            <gpxtpx:hr>121</gpxtpx:hr>
            <gpxtpx:cad>68</gpxtpx:cad>
          </gpxtpx:TrackPointExtension>
        </extensions>
      </trkpt>
      <trkpt lat="46.1094889179" lon="7.0874142436">
        <ele>468.69</ele>
        <time>2026-05-17T07:33:23.000Z</time>
        <extensions>
          <power>210</power>
          <gpxtpx:TrackPointExtension>
            <gpxtpx:atemp>18.3</gpxtpx:atemp>
            <gpxtpx:hr>121</gpxtpx:hr>
            <gpxtpx:cad>68</gpxtpx:cad>
          </gpxtpx:TrackPointExtension>
        </extensions>
      </trkpt>
      <trkpt lat="46.1095444658" lon="7.0874788900">
        <ele>468.73</ele>
        <time>2026-05-17T07:33:24.000Z</time>
        <extensions>
          <power>210</power>
          <gpxtpx:TrackPointExtension>
            <gpxtpx:atemp>18.3</gpxtpx:atemp>
            <gpxtpx:hr>121</gpxtpx:hr>
            <gpxtpx:cad>68</gpxtpx:cad>
          </gpxtpx:TrackPointExtension>
        </extensions>
      </trkpt>
      <trkpt lat="46.1095966424" lon="7.0875486235">
        <ele>468.77</ele>
        <time>2026-05-17T07:33:25.000Z</time>
        <extensions>
          <power>210</power>
          <gpxtpx:TrackPointExtension>
            <gpxtpx:atemp>18.3</gpxtpx:atemp>
            <gpxtpx:hr>121</gpxtpx:hr>
            <gpxtpx:cad>68</gpxtpx:cad>
          </gpxtpx:TrackPointExtension>
        </extensions>
      </trkpt>
      <trkpt lat="46.1096497828" lon="7.0876236438">
        <ele>468.82</ele>
        <time>2026-05-17T07:33:26.000Z</time>
        <extensions>
          <power>210</power>
          <gpxtpx:TrackPointExtension>
            <gpxtpx:atemp>18.3</gpxtpx:atemp>
            <gpxtpx:hr>121</gpxtpx:hr>
            <gpxtpx:cad>68</gpxtpx:cad>
          </gpxtpx:TrackPointExtension>
        </extensions>
      </trkpt>
      <trkpt lat="46.1097093422" lon="7.0876918699">
        <ele>468.86</ele>
        <time>2026-05-17T07:33:27.000Z</time>
        <extensions>
          <power>210</power>
          <gpxtpx:TrackPointExtension>
            <gpxtpx:atemp>18.3</gpxtpx:atemp>
            <gpxtpx:hr>121</gpxtpx:hr>
            <gpxtpx:cad>68</gpxtpx:cad>
          </gpxtpx:TrackPointExtension>
        </extensions>
      </trkpt>
      <trkpt lat="46.1097669392" lon="7.0877568362">
        <ele>468.90</ele>
        <time>2026-05-17T07:33:28.000Z</time>
        <extensions>
          <power>210</power>
          <gpxtpx:TrackPointExtension>
            <gpxtpx:atemp>18.3</gpxtpx:atemp>
            <gpxtpx:hr>121</gpxtpx:hr>
            <gpxtpx:cad>68</gpxtpx:cad>
          </gpxtpx:TrackPointExtension>
        </extensions>
      </trkpt>
      <trkpt lat="46.1098180842" lon="7.0878343065">
        <ele>468.94</ele>
        <time>2026-05-17T07:33:29.000Z</time>
        <extensions>
          <power>210</power>
          <gpxtpx:TrackPointExtension>
            <gpxtpx:atemp>18.3</gpxtpx:atemp>
            <gpxtpx:hr>121</gpxtpx:hr>
            <gpxtpx:cad>68</gpxtpx:cad>
          </gpxtpx:TrackPointExtension>
        </extensions>
      </trkpt>
      <trkpt lat="46.1098721132" lon="7.0879070439">
        <ele>468.98</ele>
        <time>2026-05-17T07:33:30.000Z</time>
        <extensions>
          <power>210</power>
          <gpxtpx:TrackPointExtension>
            <gpxtpx:atemp>18.3</gpxtpx:atemp>
            <gpxtpx:hr>121</gpxtpx:hr>
            <gpxtpx:cad>68</gpxtpx:cad>
          </gpxtpx:TrackPointExtension>
        </extensions>
      </trkpt>
      <trkpt lat="46.1099319285" lon="7.0879796155">
        <ele>469.02</ele>
        <time>2026-05-17T07:33:31.000Z</time>
        <extensions>
          <power>210</power>
          <gpxtpx:TrackPointExtension>
            <gpxtpx:atemp>18.3</gpxtpx:atemp>
            <gpxtpx:hr>121</gpxtpx:hr>
            <gpxtpx:cad>68</gpxtpx:cad>
          </gpxtpx:TrackPointExtension>
        </extensions>
      </trkpt>
      <trkpt lat="46.1099896568" lon="7.0880574620">
        <ele>469.06</ele>
        <time>2026-05-17T07:33:32.000Z</time>
        <extensions>
          <power>210</power>
          <gpxtpx:TrackPointExtension>
            <gpxtpx:atemp>18.3</gpxtpx:atemp>
            <gpxtpx:hr>121</gpxtpx:hr>
            <gpxtpx:cad>68</gpxtpx:cad>
          </gpxtpx:TrackPointExtension>
        </extensions>
      </trkpt>
      <trkpt lat="46.1100434020" lon="7.0881335758">
        <ele>469.11</ele>
        <time>2026-05-17T07:33:33.000Z</time>
        <extensions>
          <power>210</power>
          <gpxtpx:TrackPointExtension>
            <gpxtpx:atemp>18.3</gpxtpx:atemp>
            <gpxtpx:hr>120</gpxtpx:hr>
            <gpxtpx:cad>68</gpxtpx:cad>
          </gpxtpx:TrackPointExtension>
        </extensions>
      </trkpt>
      <trkpt lat="46.1101026485" lon="7.0882033127">
        <ele>469.15</ele>
        <time>2026-05-17T07:33:34.000Z</time>
        <extensions>
          <power>210</power>
          <gpxtpx:TrackPointExtension>
            <gpxtpx:atemp>18.3</gpxtpx:atemp>
            <gpxtpx:hr>120</gpxtpx:hr>
            <gpxtpx:cad>68</gpxtpx:cad>
          </gpxtpx:TrackPointExtension>
        </extensions>
      </trkpt>
      <trkpt lat="46.1101514513" lon="7.0882813303">
        <ele>469.19</ele>
        <time>2026-05-17T07:33:35.000Z</time>
        <extensions>
          <power>210</power>
          <gpxtpx:TrackPointExtension>
            <gpxtpx:atemp>18.3</gpxtpx:atemp>
            <gpxtpx:hr>120</gpxtpx:hr>
            <gpxtpx:cad>68</gpxtpx:cad>
          </gpxtpx:TrackPointExtension>
        </extensions>
      </trkpt>
      <trkpt lat="46.1102027136" lon="7.0883553112">
        <ele>469.23</ele>
        <time>2026-05-17T07:33:36.000Z</time>
        <extensions>
          <power>210</power>
          <gpxtpx:TrackPointExtension>
            <gpxtpx:atemp>18.3</gpxtpx:atemp>
            <gpxtpx:hr>120</gpxtpx:hr>
            <gpxtpx:cad>68</gpxtpx:cad>
          </gpxtpx:TrackPointExtension>
        </extensions>
      </trkpt>
      <trkpt lat="46.1102581619" lon="7.0884373026">
        <ele>469.27</ele>
        <time>2026-05-17T07:33:37.000Z</time>
        <extensions>
          <power>210</power>
          <gpxtpx:TrackPointExtension>
            <gpxtpx:atemp>18.3</gpxtpx:atemp>
            <gpxtpx:hr>120</gpxtpx:hr>
            <gpxtpx:cad>68</gpxtpx:cad>
          </gpxtpx:TrackPointExtension>
        </extensions>
      </trkpt>
      <trkpt lat="46.1103073541" lon="7.0885072864">
        <ele>469.31</ele>
        <time>2026-05-17T07:33:38.000Z</time>
        <extensions>
          <power>210</power>
          <gpxtpx:TrackPointExtension>
            <gpxtpx:atemp>18.3</gpxtpx:atemp>
            <gpxtpx:hr>120</gpxtpx:hr>
            <gpxtpx:cad>68</gpxtpx:cad>
          </gpxtpx:TrackPointExtension>
        </extensions>
      </trkpt>
      <trkpt lat="46.1103609632" lon="7.0885761426">
        <ele>469.35</ele>
        <time>2026-05-17T07:33:39.000Z</time>
        <extensions>
          <power>210</power>
          <gpxtpx:TrackPointExtension>
            <gpxtpx:atemp>18.3</gpxtpx:atemp>
            <gpxtpx:hr>120</gpxtpx:hr>
            <gpxtpx:cad>68</gpxtpx:cad>
          </gpxtpx:TrackPointExtension>
        </extensions>
      </trkpt>
      <trkpt lat="46.1104191506" lon="7.0886489483">
        <ele>469.40</ele>
        <time>2026-05-17T07:33:40.000Z</time>
        <extensions>
          <power>210</power>
          <gpxtpx:TrackPointExtension>
            <gpxtpx:atemp>18.3</gpxtpx:atemp>
            <gpxtpx:hr>120</gpxtpx:hr>
            <gpxtpx:cad>68</gpxtpx:cad>
          </gpxtpx:TrackPointExtension>
        </extensions>
      </trkpt>
      <trkpt lat="46.1104774305" lon="7.0887319239">
        <ele>469.44</ele>
        <time>2026-05-17T07:33:41.000Z</time>
        <extensions>
          <power>210</power>
          <gpxtpx:TrackPointExtension>
            <gpxtpx:atemp>18.3</gpxtpx:atemp>
            <gpxtpx:hr>120</gpxtpx:hr>
            <gpxtpx:cad>68</gpxtpx:cad>
          </gpxtpx:TrackPointExtension>
        </extensions>
      </trkpt>
      <trkpt lat="46.1105307622" lon="7.0888136206">
        <ele>469.48</ele>
        <time>2026-05-17T07:33:42.000Z</time>
        <extensions>
          <power>210</power>
          <gpxtpx:TrackPointExtension>
            <gpxtpx:atemp>18.3</gpxtpx:atemp>
            <gpxtpx:hr>120</gpxtpx:hr>
            <gpxtpx:cad>69</gpxtpx:cad>
          </gpxtpx:TrackPointExtension>
        </extensions>
      </trkpt>
      <trkpt lat="46.1105857761" lon="7.0888857950">
        <ele>469.52</ele>
        <time>2026-05-17T07:33:43.000Z</time>
        <extensions>
          <power>210</power>
          <gpxtpx:TrackPointExtension>
            <gpxtpx:atemp>18.3</gpxtpx:atemp>
            <gpxtpx:hr>120</gpxtpx:hr>
            <gpxtpx:cad>69</gpxtpx:cad>
          </gpxtpx:TrackPointExtension>
        </extensions>
      </trkpt>
      <trkpt lat="46.1106332124" lon="7.0889568336">
        <ele>469.56</ele>
        <time>2026-05-17T07:33:44.000Z</time>
        <extensions>
          <power>210</power>
          <gpxtpx:TrackPointExtension>
            <gpxtpx:atemp>18.3</gpxtpx:atemp>
            <gpxtpx:hr>119</gpxtpx:hr>
            <gpxtpx:cad>69</gpxtpx:cad>
          </gpxtpx:TrackPointExtension>
        </extensions>
      </trkpt>
      <trkpt lat="46.1106885091" lon="7.0890390473">
        <ele>469.61</ele>
        <time>2026-05-17T07:33:45.000Z</time>
        <extensions>
          <power>210</power>
          <gpxtpx:TrackPointExtension>
            <gpxtpx:atemp>18.3</gpxtpx:atemp>
            <gpxtpx:hr>119</gpxtpx:hr>
            <gpxtpx:cad>69</gpxtpx:cad>
          </gpxtpx:TrackPointExtension>
        </extensions>
      </trkpt>
      <trkpt lat="46.1107369799" lon="7.0891110600">
        <ele>469.65</ele>
        <time>2026-05-17T07:33:46.000Z</time>
        <extensions>
          <power>210</power>
          <gpxtpx:TrackPointExtension>
            <gpxtpx:atemp>18.3</gpxtpx:atemp>
            <gpxtpx:hr>119</gpxtpx:hr>
            <gpxtpx:cad>69</gpxtpx:cad>
          </gpxtpx:TrackPointExtension>
        </extensions>
      </trkpt>
      <trkpt lat="46.1107922323" lon="7.0891922025">
        <ele>469.69</ele>
        <time>2026-05-17T07:33:47.000Z</time>
        <extensions>
          <power>210</power>
          <gpxtpx:TrackPointExtension>
            <gpxtpx:atemp>18.3</gpxtpx:atemp>
            <gpxtpx:hr>119</gpxtpx:hr>
            <gpxtpx:cad>69</gpxtpx:cad>
          </gpxtpx:TrackPointExtension>
        </extensions>
      </trkpt>
      <trkpt lat="46.1108390224" lon="7.0892720168">
        <ele>469.73</ele>
        <time>2026-05-17T07:33:48.000Z</time>
        <extensions>
          <power>210</power>
          <gpxtpx:TrackPointExtension>
            <gpxtpx:atemp>18.3</gpxtpx:atemp>
            <gpxtpx:hr>119</gpxtpx:hr>
            <gpxtpx:cad>69</gpxtpx:cad>
          </gpxtpx:TrackPointExtension>
        </extensions>
      </trkpt>
      <trkpt lat="46.1108856514" lon="7.0893534159">
        <ele>469.78</ele>
        <time>2026-05-17T07:33:49.000Z</time>
        <extensions>
          <power>210</power>
          <gpxtpx:TrackPointExtension>
            <gpxtpx:atemp>18.3</gpxtpx:atemp>
            <gpxtpx:hr>119</gpxtpx:hr>
            <gpxtpx:cad>69</gpxtpx:cad>
          </gpxtpx:TrackPointExtension>
        </extensions>
      </trkpt>
      <trkpt lat="46.1109389282" lon="7.0894415806">
        <ele>469.82</ele>
        <time>2026-05-17T07:33:50.000Z</time>
        <extensions>
          <power>210</power>
          <gpxtpx:TrackPointExtension>
            <gpxtpx:atemp>18.3</gpxtpx:atemp>
            <gpxtpx:hr>119</gpxtpx:hr>
            <gpxtpx:cad>69</gpxtpx:cad>
          </gpxtpx:TrackPointExtension>
        </extensions>
      </trkpt>
      <trkpt lat="46.1109877017" lon="7.0895173326">
        <ele>469.86</ele>
        <time>2026-05-17T07:33:51.000Z</time>
        <extensions>
          <power>210</power>
          <gpxtpx:TrackPointExtension>
            <gpxtpx:atemp>18.3</gpxtpx:atemp>
            <gpxtpx:hr>119</gpxtpx:hr>
            <gpxtpx:cad>69</gpxtpx:cad>
          </gpxtpx:TrackPointExtension>
        </extensions>
      </trkpt>
      <trkpt lat="46.1110383901" lon="7.0895937567">
        <ele>469.90</ele>
        <time>2026-05-17T07:33:52.000Z</time>
        <extensions>
          <power>210</power>
          <gpxtpx:TrackPointExtension>
            <gpxtpx:atemp>18.3</gpxtpx:atemp>
            <gpxtpx:hr>119</gpxtpx:hr>
            <gpxtpx:cad>70</gpxtpx:cad>
          </gpxtpx:TrackPointExtension>
        </extensions>
      </trkpt>
      <trkpt lat="46.1110898521" lon="7.0896734388">
        <ele>469.95</ele>
        <time>2026-05-17T07:33:53.000Z</time>
        <extensions>
          <power>210</power>
          <gpxtpx:TrackPointExtension>
            <gpxtpx:atemp>18.3</gpxtpx:atemp>
            <gpxtpx:hr>119</gpxtpx:hr>
            <gpxtpx:cad>70</gpxtpx:cad>
          </gpxtpx:TrackPointExtension>
        </extensions>
      </trkpt>
      <trkpt lat="46.1111385794" lon="7.0897620714">
        <ele>469.99</ele>
        <time>2026-05-17T07:33:54.000Z</time>
        <extensions>
          <power>210</power>
          <gpxtpx:TrackPointExtension>
            <gpxtpx:atemp>18.3</gpxtpx:atemp>
            <gpxtpx:hr>119</gpxtpx:hr>
            <gpxtpx:cad>70</gpxtpx:cad>
          </gpxtpx:TrackPointExtension>
        </extensions>
      </trkpt>
      <trkpt lat="46.1111908286" lon="7.0898446636">
        <ele>470.03</ele>
        <time>2026-05-17T07:33:55.000Z</time>
        <extensions>
          <power>210</power>
          <gpxtpx:TrackPointExtension>
            <gpxtpx:atemp>18.3</gpxtpx:atemp>
            <gpxtpx:hr>119</gpxtpx:hr>
            <gpxtpx:cad>70</gpxtpx:cad>
          </gpxtpx:TrackPointExtension>
        </extensions>
      </trkpt>
      <trkpt lat="46.1112457446" lon="7.0899221851">
        <ele>470.07</ele>
        <time>2026-05-17T07:33:56.000Z</time>
        <extensions>
          <power>210</power>
          <gpxtpx:TrackPointExtension>
            <gpxtpx:atemp>18.3</gpxtpx:atemp>
            <gpxtpx:hr>119</gpxtpx:hr>
            <gpxtpx:cad>70</gpxtpx:cad>
          </gpxtpx:TrackPointExtension>
        </extensions>
      </trkpt>
      <trkpt lat="46.1112920731" lon="7.0900062803">
        <ele>470.12</ele>
        <time>2026-05-17T07:33:57.000Z</time>
        <extensions>
          <power>210</power>
          <gpxtpx:TrackPointExtension>
            <gpxtpx:atemp>18.3</gpxtpx:atemp>
            <gpxtpx:hr>118</gpxtpx:hr>
            <gpxtpx:cad>70</gpxtpx:cad>
          </gpxtpx:TrackPointExtension>
        </extensions>
      </trkpt>
      <trkpt lat="46.1113404275" lon="7.0900902043">
        <ele>470.16</ele>
        <time>2026-05-17T07:33:58.000Z</time>
        <extensions>
          <power>210</power>
          <gpxtpx:TrackPointExtension>
            <gpxtpx:atemp>18.3</gpxtpx:atemp>
            <gpxtpx:hr>118</gpxtpx:hr>
            <gpxtpx:cad>70</gpxtpx:cad>
          </gpxtpx:TrackPointExtension>
        </extensions>
      </trkpt>
      <trkpt lat="46.1113851465" lon="7.0901777145">
        <ele>470.20</ele>
        <time>2026-05-17T07:33:59.000Z</time>
        <extensions>
          <power>210</power>
          <gpxtpx:TrackPointExtension>
            <gpxtpx:atemp>18.3</gpxtpx:atemp>
            <gpxtpx:hr>118</gpxtpx:hr>
            <gpxtpx:cad>70</gpxtpx:cad>
          </gpxtpx:TrackPointExtension>
        </extensions>
      </trkpt>
      <trkpt lat="46.1114365132" lon="7.0902630196">
        <ele>470.24</ele>
        <time>2026-05-17T07:34:00.000Z</time>
        <extensions>
          <power>210</power>
          <gpxtpx:TrackPointExtension>
            <gpxtpx:atemp>18.3</gpxtpx:atemp>
            <gpxtpx:hr>118</gpxtpx:hr>
            <gpxtpx:cad>71</gpxtpx:cad>
          </gpxtpx:TrackPointExtension>
        </extensions>
      </trkpt>
      <trkpt lat="46.1114823314" lon="7.0903553271">
        <ele>470.29</ele>
        <time>2026-05-17T07:34:01.000Z</time>
        <extensions>
          <power>210</power>
          <gpxtpx:TrackPointExtension>
            <gpxtpx:atemp>18.3</gpxtpx:atemp>
            <gpxtpx:hr>118</gpxtpx:hr>
            <gpxtpx:cad>71</gpxtpx:cad>
          </gpxtpx:TrackPointExtension>
        </extensions>
      </trkpt>
      <trkpt lat="46.1115285879" lon="7.0904490134">
        <ele>470.33</ele>
        <time>2026-05-17T07:34:02.000Z</time>
        <extensions>
          <power>210</power>
          <gpxtpx:TrackPointExtension>
            <gpxtpx:atemp>18.3</gpxtpx:atemp>
            <gpxtpx:hr>118</gpxtpx:hr>
            <gpxtpx:cad>71</gpxtpx:cad>
          </gpxtpx:TrackPointExtension>
        </extensions>
      </trkpt>
      <trkpt lat="46.1115826142" lon="7.0905425859">
        <ele>470.37</ele>
        <time>2026-05-17T07:34:03.000Z</time>
        <extensions>
          <power>210</power>
          <gpxtpx:TrackPointExtension>
            <gpxtpx:atemp>18.3</gpxtpx:atemp>
            <gpxtpx:hr>118</gpxtpx:hr>
            <gpxtpx:cad>71</gpxtpx:cad>
          </gpxtpx:TrackPointExtension>
        </extensions>
      </trkpt>
      <trkpt lat="46.1116341635" lon="7.0906299406">
        <ele>470.42</ele>
        <time>2026-05-17T07:34:04.000Z</time>
        <extensions>
          <power>210</power>
          <gpxtpx:TrackPointExtension>
            <gpxtpx:atemp>18.3</gpxtpx:atemp>
            <gpxtpx:hr>118</gpxtpx:hr>
            <gpxtpx:cad>71</gpxtpx:cad>
          </gpxtpx:TrackPointExtension>
        </extensions>
      </trkpt>
      <trkpt lat="46.1116806052" lon="7.0907156474">
        <ele>470.46</ele>
        <time>2026-05-17T07:34:05.000Z</time>
        <extensions>
          <power>210</power>
          <gpxtpx:TrackPointExtension>
            <gpxtpx:atemp>18.3</gpxtpx:atemp>
            <gpxtpx:hr>118</gpxtpx:hr>
            <gpxtpx:cad>71</gpxtpx:cad>
          </gpxtpx:TrackPointExtension>
        </extensions>
      </trkpt>
      <trkpt lat="46.1117324338" lon="7.0908071032">
        <ele>470.50</ele>
        <time>2026-05-17T07:34:06.000Z</time>
        <extensions>
          <power>210</power>
          <gpxtpx:TrackPointExtension>
            <gpxtpx:atemp>18.3</gpxtpx:atemp>
            <gpxtpx:hr>118</gpxtpx:hr>
            <gpxtpx:cad>72</gpxtpx:cad>
          </gpxtpx:TrackPointExtension>
        </extensions>
      </trkpt>
      <trkpt lat="46.1117769367" lon="7.0908879491">
        <ele>470.55</ele>
        <time>2026-05-17T07:34:07.000Z</time>
        <extensions>
          <power>210</power>
          <gpxtpx:TrackPointExtension>
            <gpxtpx:atemp>18.3</gpxtpx:atemp>
            <gpxtpx:hr>118</gpxtpx:hr>
            <gpxtpx:cad>72</gpxtpx:cad>
          </gpxtpx:TrackPointExtension>
        </extensions>
      </trkpt>
      <trkpt lat="46.1118259138" lon="7.0909705742">
        <ele>470.59</ele>
        <time>2026-05-17T07:34:08.000Z</time>
        <extensions>
          <power>210</power>
          <gpxtpx:TrackPointExtension>
            <gpxtpx:atemp>18.3</gpxtpx:atemp>
            <gpxtpx:hr>118</gpxtpx:hr>
            <gpxtpx:cad>72</gpxtpx:cad>
          </gpxtpx:TrackPointExtension>
        </extensions>
      </trkpt>
      <trkpt lat="46.1118717927" lon="7.0910639032">
        <ele>470.63</ele>
        <time>2026-05-17T07:34:09.000Z</time>
        <extensions>
          <power>210</power>
          <gpxtpx:TrackPointExtension>
            <gpxtpx:atemp>18.3</gpxtpx:atemp>
            <gpxtpx:hr>118</gpxtpx:hr>
            <gpxtpx:cad>72</gpxtpx:cad>
          </gpxtpx:TrackPointExtension>
        </extensions>
      </trkpt>
      <trkpt lat="46.1119202045" lon="7.0911489532">
        <ele>470.68</ele>
        <time>2026-05-17T07:34:10.000Z</time>
        <extensions>
          <power>210</power>
          <gpxtpx:TrackPointExtension>
            <gpxtpx:atemp>18.3</gpxtpx:atemp>
            <gpxtpx:hr>118</gpxtpx:hr>
            <gpxtpx:cad>72</gpxtpx:cad>
          </gpxtpx:TrackPointExtension>
        </extensions>
      </trkpt>
      <trkpt lat="46.1119649828" lon="7.0912415464">
        <ele>470.72</ele>
        <time>2026-05-17T07:34:11.000Z</time>
        <extensions>
          <power>210</power>
          <gpxtpx:TrackPointExtension>
            <gpxtpx:atemp>18.3</gpxtpx:atemp>
            <gpxtpx:hr>118</gpxtpx:hr>
            <gpxtpx:cad>73</gpxtpx:cad>
          </gpxtpx:TrackPointExtension>
        </extensions>
      </trkpt>
      <trkpt lat="46.1120131450" lon="7.0913262460">
        <ele>470.76</ele>
        <time>2026-05-17T07:34:12.000Z</time>
        <extensions>
          <power>210</power>
          <gpxtpx:TrackPointExtension>
            <gpxtpx:atemp>18.3</gpxtpx:atemp>
            <gpxtpx:hr>118</gpxtpx:hr>
            <gpxtpx:cad>73</gpxtpx:cad>
          </gpxtpx:TrackPointExtension>
        </extensions>
      </trkpt>
      <trkpt lat="46.1120640131" lon="7.0914167389">
        <ele>470.81</ele>
        <time>2026-05-17T07:34:13.000Z</time>
        <extensions>
          <power>210</power>
          <gpxtpx:TrackPointExtension>
            <gpxtpx:atemp>18.3</gpxtpx:atemp>
            <gpxtpx:hr>118</gpxtpx:hr>
            <gpxtpx:cad>73</gpxtpx:cad>
          </gpxtpx:TrackPointExtension>
        </extensions>
      </trkpt>
      <trkpt lat="46.1121149476" lon="7.0915137871">
        <ele>470.85</ele>
        <time>2026-05-17T07:34:14.000Z</time>
        <extensions>
          <power>210</power>
          <gpxtpx:TrackPointExtension>
            <gpxtpx:atemp>18.3</gpxtpx:atemp>
            <gpxtpx:hr>117</gpxtpx:hr>
            <gpxtpx:cad>73</gpxtpx:cad>
          </gpxtpx:TrackPointExtension>
        </extensions>
      </trkpt>
      <trkpt lat="46.1121662076" lon="7.0916095056">
        <ele>470.89</ele>
        <time>2026-05-17T07:34:15.000Z</time>
        <extensions>
          <power>210</power>
          <gpxtpx:TrackPointExtension>
            <gpxtpx:atemp>18.3</gpxtpx:atemp>
            <gpxtpx:hr>117</gpxtpx:hr>
            <gpxtpx:cad>73</gpxtpx:cad>
          </gpxtpx:TrackPointExtension>
        </extensions>
      </trkpt>
      <trkpt lat="46.1122164657" lon="7.0917063583">
        <ele>470.94</ele>
        <time>2026-05-17T07:34:16.000Z</time>
        <extensions>
          <power>210</power>
          <gpxtpx:TrackPointExtension>
            <gpxtpx:atemp>18.3</gpxtpx:atemp>
            <gpxtpx:hr>117</gpxtpx:hr>
            <gpxtpx:cad>74</gpxtpx:cad>
          </gpxtpx:TrackPointExtension>
        </extensions>
      </trkpt>
      <trkpt lat="46.1122662062" lon="7.0917978524">
        <ele>470.98</ele>
        <time>2026-05-17T07:34:17.000Z</time>
        <extensions>
          <power>210</power>
          <gpxtpx:TrackPointExtension>
            <gpxtpx:atemp>18.3</gpxtpx:atemp>
            <gpxtpx:hr>117</gpxtpx:hr>
            <gpxtpx:cad>74</gpxtpx:cad>
          </gpxtpx:TrackPointExtension>
        </extensions>
      </trkpt>
      <trkpt lat="46.1123125567" lon="7.0918887497">
        <ele>471.03</ele>
        <time>2026-05-17T07:34:18.000Z</time>
        <extensions>
          <power>210</power>
          <gpxtpx:TrackPointExtension>
            <gpxtpx:atemp>18.3</gpxtpx:atemp>
            <gpxtpx:hr>117</gpxtpx:hr>
            <gpxtpx:cad>74</gpxtpx:cad>
          </gpxtpx:TrackPointExtension>
        </extensions>
      </trkpt>
      <trkpt lat="46.1123566014" lon="7.0919849576">
        <ele>471.07</ele>
        <time>2026-05-17T07:34:19.000Z</time>
        <extensions>
          <power>210</power>
          <gpxtpx:TrackPointExtension>
            <gpxtpx:atemp>18.3</gpxtpx:atemp>
            <gpxtpx:hr>117</gpxtpx:hr>
            <gpxtpx:cad>74</gpxtpx:cad>
          </gpxtpx:TrackPointExtension>
        </extensions>
      </trkpt>
      <trkpt lat="46.1123981649" lon="7.0920795359">
        <ele>471.11</ele>
        <time>2026-05-17T07:34:20.000Z</time>
        <extensions>
          <power>210</power>
          <gpxtpx:TrackPointExtension>
            <gpxtpx:atemp>18.3</gpxtpx:atemp>
            <gpxtpx:hr>117</gpxtpx:hr>
            <gpxtpx:cad>74</gpxtpx:cad>
          </gpxtpx:TrackPointExtension>
        </extensions>
      </trkpt>
      <trkpt lat="46.1124430325" lon="7.0921696701">
        <ele>471.16</ele>
        <time>2026-05-17T07:34:21.000Z</time>
        <extensions>
          <power>210</power>
          <gpxtpx:TrackPointExtension>
            <gpxtpx:atemp>18.3</gpxtpx:atemp>
            <gpxtpx:hr>117</gpxtpx:hr>
            <gpxtpx:cad>75</gpxtpx:cad>
          </gpxtpx:TrackPointExtension>
        </extensions>
      </trkpt>
      <trkpt lat="46.1124935575" lon="7.0922586832">
        <ele>471.20</ele>
        <time>2026-05-17T07:34:22.000Z</time>
        <extensions>
          <power>210</power>
          <gpxtpx:TrackPointExtension>
            <gpxtpx:atemp>18.3</gpxtpx:atemp>
            <gpxtpx:hr>117</gpxtpx:hr>
            <gpxtpx:cad>75</gpxtpx:cad>
          </gpxtpx:TrackPointExtension>
        </extensions>
      </trkpt>
      <trkpt lat="46.1125448456" lon="7.0923551716">
        <ele>471.25</ele>
        <time>2026-05-17T07:34:23.000Z</time>
        <extensions>
          <power>210</power>
          <gpxtpx:TrackPointExtension>
            <gpxtpx:atemp>18.3</gpxtpx:atemp>
            <gpxtpx:hr>117</gpxtpx:hr>
            <gpxtpx:cad>75</gpxtpx:cad>
          </gpxtpx:TrackPointExtension>
        </extensions>
      </trkpt>
      <trkpt lat="46.1125899376" lon="7.0924415173">
        <ele>471.29</ele>
        <time>2026-05-17T07:34:24.000Z</time>
        <extensions>
          <power>210</power>
          <gpxtpx:TrackPointExtension>
            <gpxtpx:atemp>18.3</gpxtpx:atemp>
            <gpxtpx:hr>117</gpxtpx:hr>
            <gpxtpx:cad>75</gpxtpx:cad>
          </gpxtpx:TrackPointExtension>
        </extensions>
      </trkpt>
      <trkpt lat="46.1126390876" lon="7.0925402917">
        <ele>471.33</ele>
        <time>2026-05-17T07:34:25.000Z</time>
        <extensions>
          <power>210</power>
          <gpxtpx:TrackPointExtension>
            <gpxtpx:atemp>18.3</gpxtpx:atemp>
            <gpxtpx:hr>117</gpxtpx:hr>
            <gpxtpx:cad>75</gpxtpx:cad>
          </gpxtpx:TrackPointExtension>
        </extensions>
      </trkpt>
      <trkpt lat="46.1126867350" lon="7.0926370010">
        <ele>471.38</ele>
        <time>2026-05-17T07:34:26.000Z</time>
        <extensions>
          <power>210</power>
          <gpxtpx:TrackPointExtension>
            <gpxtpx:atemp>18.3</gpxtpx:atemp>
            <gpxtpx:hr>117</gpxtpx:hr>
            <gpxtpx:cad>76</gpxtpx:cad>
          </gpxtpx:TrackPointExtension>
        </extensions>
      </trkpt>
      <trkpt lat="46.1127318817" lon="7.0927319231">
        <ele>471.42</ele>
        <time>2026-05-17T07:34:27.000Z</time>
        <extensions>
          <power>210</power>
          <gpxtpx:TrackPointExtension>
            <gpxtpx:atemp>18.3</gpxtpx:atemp>
            <gpxtpx:hr>117</gpxtpx:hr>
            <gpxtpx:cad>76</gpxtpx:cad>
          </gpxtpx:TrackPointExtension>
        </extensions>
      </trkpt>
      <trkpt lat="46.1127770965" lon="7.0928280752">
        <ele>471.47</ele>
        <time>2026-05-17T07:34:28.000Z</time>
        <extensions>
          <power>210</power>
          <gpxtpx:TrackPointExtension>
            <gpxtpx:atemp>18.3</gpxtpx:atemp>
            <gpxtpx:hr>117</gpxtpx:hr>
            <gpxtpx:cad>76</gpxtpx:cad>
          </gpxtpx:TrackPointExtension>
        </extensions>
      </trkpt>
      <trkpt lat="46.1128210643" lon="7.0929286131">
        <ele>471.51</ele>
        <time>2026-05-17T07:34:29.000Z</time>
        <extensions>
          <power>210</power>
          <gpxtpx:TrackPointExtension>
            <gpxtpx:atemp>18.3</gpxtpx:atemp>
            <gpxtpx:hr>117</gpxtpx:hr>
            <gpxtpx:cad>76</gpxtpx:cad>
          </gpxtpx:TrackPointExtension>
        </extensions>
      </trkpt>
      <trkpt lat="46.1128704195" lon="7.0930185247">
        <ele>471.56</ele>
        <time>2026-05-17T07:34:30.000Z</time>
        <extensions>
          <power>210</power>
          <gpxtpx:TrackPointExtension>
            <gpxtpx:atemp>18.3</gpxtpx:atemp>
            <gpxtpx:hr>117</gpxtpx:hr>
            <gpxtpx:cad>77</gpxtpx:cad>
          </gpxtpx:TrackPointExtension>
        </extensions>
      </trkpt>
      <trkpt lat="46.1129151863" lon="7.0931063781">
        <ele>471.60</ele>
        <time>2026-05-17T07:34:31.000Z</time>
        <extensions>
          <power>210</power>
          <gpxtpx:TrackPointExtension>
            <gpxtpx:atemp>18.3</gpxtpx:atemp>
            <gpxtpx:hr>117</gpxtpx:hr>
            <gpxtpx:cad>77</gpxtpx:cad>
          </gpxtpx:TrackPointExtension>
        </extensions>
      </trkpt>
      <trkpt lat="46.1129644827" lon="7.0932018994">
        <ele>471.64</ele>
        <time>2026-05-17T07:34:32.000Z</time>
        <extensions>
          <power>210</power>
          <gpxtpx:TrackPointExtension>
            <gpxtpx:atemp>18.3</gpxtpx:atemp>
            <gpxtpx:hr>117</gpxtpx:hr>
            <gpxtpx:cad>77</gpxtpx:cad>
          </gpxtpx:TrackPointExtension>
        </extensions>
      </trkpt>
      <trkpt lat="46.1130138382" lon="7.0932964728">
        <ele>471.69</ele>
        <time>2026-05-17T07:34:33.000Z</time>
        <extensions>
          <power>210</power>
          <gpxtpx:TrackPointExtension>
            <gpxtpx:atemp>18.3</gpxtpx:atemp>
            <gpxtpx:hr>117</gpxtpx:hr>
            <gpxtpx:cad>77</gpxtpx:cad>
          </gpxtpx:TrackPointExtension>
        </extensions>
      </trkpt>
      <trkpt lat="46.1130577630" lon="7.0933849269">
        <ele>471.73</ele>
        <time>2026-05-17T07:34:34.000Z</time>
        <extensions>
          <power>210</power>
          <gpxtpx:TrackPointExtension>
            <gpxtpx:atemp>18.3</gpxtpx:atemp>
            <gpxtpx:hr>117</gpxtpx:hr>
            <gpxtpx:cad>77</gpxtpx:cad>
          </gpxtpx:TrackPointExtension>
        </extensions>
      </trkpt>
      <trkpt lat="46.1131057166" lon="7.0934837298">
        <ele>471.78</ele>
        <time>2026-05-17T07:34:35.000Z</time>
        <extensions>
          <power>210</power>
          <gpxtpx:TrackPointExtension>
            <gpxtpx:atemp>18.3</gpxtpx:atemp>
            <gpxtpx:hr>117</gpxtpx:hr>
            <gpxtpx:cad>78</gpxtpx:cad>
          </gpxtpx:TrackPointExtension>
        </extensions>
      </trkpt>
      <trkpt lat="46.1131553249" lon="7.0935864530">
        <ele>471.82</ele>
        <time>2026-05-17T07:34:36.000Z</time>
        <extensions>
          <power>210</power>
          <gpxtpx:TrackPointExtension>
            <gpxtpx:atemp>18.3</gpxtpx:atemp>
            <gpxtpx:hr>117</gpxtpx:hr>
            <gpxtpx:cad>78</gpxtpx:cad>
          </gpxtpx:TrackPointExtension>
        </extensions>
      </trkpt>
      <trkpt lat="46.1131983930" lon="7.0936891095">
        <ele>471.87</ele>
        <time>2026-05-17T07:34:37.000Z</time>
        <extensions>
          <power>210</power>
          <gpxtpx:TrackPointExtension>
            <gpxtpx:atemp>18.3</gpxtpx:atemp>
            <gpxtpx:hr>117</gpxtpx:hr>
            <gpxtpx:cad>78</gpxtpx:cad>
          </gpxtpx:TrackPointExtension>
        </extensions>
      </trkpt>
      <trkpt lat="46.1132466305" lon="7.0937843775">
        <ele>471.91</ele>
        <time>2026-05-17T07:34:38.000Z</time>
        <extensions>
          <power>210</power>
          <gpxtpx:TrackPointExtension>
            <gpxtpx:atemp>18.3</gpxtpx:atemp>
            <gpxtpx:hr>117</gpxtpx:hr>
            <gpxtpx:cad>78</gpxtpx:cad>
          </gpxtpx:TrackPointExtension>
        </extensions>
      </trkpt>
      <trkpt lat="46.1132906821" lon="7.0938833448">
        <ele>471.96</ele>
        <time>2026-05-17T07:34:39.000Z</time>
        <extensions>
          <power>210</power>
          <gpxtpx:TrackPointExtension>
            <gpxtpx:atemp>18.3</gpxtpx:atemp>
            <gpxtpx:hr>117</gpxtpx:hr>
            <gpxtpx:cad>79</gpxtpx:cad>
          </gpxtpx:TrackPointExtension>
        </extensions>
      </trkpt>
      <trkpt lat="46.1133353191" lon="7.0939744140">
        <ele>472.00</ele>
        <time>2026-05-17T07:34:40.000Z</time>
        <extensions>
          <power>210</power>
          <gpxtpx:TrackPointExtension>
            <gpxtpx:atemp>18.4</gpxtpx:atemp>
            <gpxtpx:hr>117</gpxtpx:hr>
            <gpxtpx:cad>79</gpxtpx:cad>
          </gpxtpx:TrackPointExtension>
        </extensions>
      </trkpt>
      <trkpt lat="46.1133765703" lon="7.0940701689">
        <ele>472.04</ele>
        <time>2026-05-17T07:34:41.000Z</time>
        <extensions>
          <power>210</power>
          <gpxtpx:TrackPointExtension>
            <gpxtpx:atemp>18.4</gpxtpx:atemp>
            <gpxtpx:hr>117</gpxtpx:hr>
            <gpxtpx:cad>79</gpxtpx:cad>
          </gpxtpx:TrackPointExtension>
        </extensions>
      </trkpt>
      <trkpt lat="46.1134155796" lon="7.0941698897">
        <ele>472.09</ele>
        <time>2026-05-17T07:34:42.000Z</time>
        <extensions>
          <power>210</power>
          <gpxtpx:TrackPointExtension>
            <gpxtpx:atemp>18.4</gpxtpx:atemp>
            <gpxtpx:hr>117</gpxtpx:hr>
            <gpxtpx:cad>79</gpxtpx:cad>
          </gpxtpx:TrackPointExtension>
        </extensions>
      </trkpt>
      <trkpt lat="46.1134592274" lon="7.0942713400">
        <ele>472.13</ele>
        <time>2026-05-17T07:34:43.000Z</time>
        <extensions>
          <power>210</power>
          <gpxtpx:TrackPointExtension>
            <gpxtpx:atemp>18.4</gpxtpx:atemp>
            <gpxtpx:hr>117</gpxtpx:hr>
            <gpxtpx:cad>79</gpxtpx:cad>
          </gpxtpx:TrackPointExtension>
        </extensions>
      </trkpt>
      <trkpt lat="46.1135063549" lon="7.0943705225">
        <ele>472.18</ele>
        <time>2026-05-17T07:34:44.000Z</time>
        <extensions>
          <power>210</power>
          <gpxtpx:TrackPointExtension>
            <gpxtpx:atemp>18.4</gpxtpx:atemp>
            <gpxtpx:hr>117</gpxtpx:hr>
            <gpxtpx:cad>80</gpxtpx:cad>
          </gpxtpx:TrackPointExtension>
        </extensions>
      </trkpt>
      <trkpt lat="46.1135484080" lon="7.0944664391">
        <ele>472.22</ele>
        <time>2026-05-17T07:34:45.000Z</time>
        <extensions>
          <power>210</power>
          <gpxtpx:TrackPointExtension>
            <gpxtpx:atemp>18.4</gpxtpx:atemp>
            <gpxtpx:hr>117</gpxtpx:hr>
            <gpxtpx:cad>80</gpxtpx:cad>
          </gpxtpx:TrackPointExtension>
        </extensions>
      </trkpt>
      <trkpt lat="46.1135894103" lon="7.0945683942">
        <ele>472.27</ele>
        <time>2026-05-17T07:34:46.000Z</time>
        <extensions>
          <power>210</power>
          <gpxtpx:TrackPointExtension>
            <gpxtpx:atemp>18.4</gpxtpx:atemp>
            <gpxtpx:hr>117</gpxtpx:hr>
            <gpxtpx:cad>80</gpxtpx:cad>
          </gpxtpx:TrackPointExtension>
        </extensions>
      </trkpt>
      <trkpt lat="46.1136323059" lon="7.0946703745">
        <ele>472.31</ele>
        <time>2026-05-17T07:34:47.000Z</time>
        <extensions>
          <power>210</power>
          <gpxtpx:TrackPointExtension>
            <gpxtpx:atemp>18.4</gpxtpx:atemp>
            <gpxtpx:hr>117</gpxtpx:hr>
            <gpxtpx:cad>80</gpxtpx:cad>
          </gpxtpx:TrackPointExtension>
        </extensions>
      </trkpt>
      <trkpt lat="46.1136694394" lon="7.0947735537">
        <ele>472.36</ele>
        <time>2026-05-17T07:34:48.000Z</time>
        <extensions>
          <power>210</power>
          <gpxtpx:TrackPointExtension>
            <gpxtpx:atemp>18.4</gpxtpx:atemp>
            <gpxtpx:hr>117</gpxtpx:hr>
            <gpxtpx:cad>81</gpxtpx:cad>
          </gpxtpx:TrackPointExtension>
        </extensions>
      </trkpt>
      <trkpt lat="46.1137160583" lon="7.0948693627">
        <ele>472.40</ele>
        <time>2026-05-17T07:34:49.000Z</time>
        <extensions>
          <power>210</power>
          <gpxtpx:TrackPointExtension>
            <gpxtpx:atemp>18.4</gpxtpx:atemp>
            <gpxtpx:hr>117</gpxtpx:hr>
            <gpxtpx:cad>81</gpxtpx:cad>
          </gpxtpx:TrackPointExtension>
        </extensions>
      </trkpt>
      <trkpt lat="46.1137570167" lon="7.0949726556">
        <ele>472.45</ele>
        <time>2026-05-17T07:34:50.000Z</time>
        <extensions>
          <power>210</power>
          <gpxtpx:TrackPointExtension>
            <gpxtpx:atemp>18.4</gpxtpx:atemp>
            <gpxtpx:hr>117</gpxtpx:hr>
            <gpxtpx:cad>81</gpxtpx:cad>
          </gpxtpx:TrackPointExtension>
        </extensions>
      </trkpt>
      <trkpt lat="46.1138008133" lon="7.0950694537">
        <ele>472.49</ele>
        <time>2026-05-17T07:34:51.000Z</time>
        <extensions>
          <power>210</power>
          <gpxtpx:TrackPointExtension>
            <gpxtpx:atemp>18.4</gpxtpx:atemp>
            <gpxtpx:hr>117</gpxtpx:hr>
            <gpxtpx:cad>81</gpxtpx:cad>
          </gpxtpx:TrackPointExtension>
        </extensions>
      </trkpt>
      <trkpt lat="46.1138377347" lon="7.0951629032">
        <ele>472.54</ele>
        <time>2026-05-17T07:34:52.000Z</time>
        <extensions>
          <power>210</power>
          <gpxtpx:TrackPointExtension>
            <gpxtpx:atemp>18.4</gpxtpx:atemp>
            <gpxtpx:hr>117</gpxtpx:hr>
            <gpxtpx:cad>81</gpxtpx:cad>
          </gpxtpx:TrackPointExtension>
        </extensions>
      </trkpt>
      <trkpt lat="46.1138758154" lon="7.0952675635">
        <ele>472.58</ele>
        <time>2026-05-17T07:34:53.000Z</time>
        <extensions>
          <power>210</power>
          <gpxtpx:TrackPointExtension>
            <gpxtpx:atemp>18.4</gpxtpx:atemp>
            <gpxtpx:hr>117</gpxtpx:hr>
            <gpxtpx:cad>82</gpxtpx:cad>
          </gpxtpx:TrackPointExtension>
        </extensions>
      </trkpt>
      <trkpt lat="46.1139182309" lon="7.0953619967">
        <ele>472.62</ele>
        <time>2026-05-17T07:34:54.000Z</time>
        <extensions>
          <power>210</power>
          <gpxtpx:TrackPointExtension>
            <gpxtpx:atemp>18.4</gpxtpx:atemp>
            <gpxtpx:hr>117</gpxtpx:hr>
            <gpxtpx:cad>82</gpxtpx:cad>
          </gpxtpx:TrackPointExtension>
        </extensions>
      </trkpt>
      <trkpt lat="46.1139564137" lon="7.0954581891">
        <ele>472.67</ele>
        <time>2026-05-17T07:34:55.000Z</time>
        <extensions>
          <power>210</power>
          <gpxtpx:TrackPointExtension>
            <gpxtpx:atemp>18.4</gpxtpx:atemp>
            <gpxtpx:hr>117</gpxtpx:hr>
            <gpxtpx:cad>82</gpxtpx:cad>
          </gpxtpx:TrackPointExtension>
        </extensions>
      </trkpt>
      <trkpt lat="46.1139931906" lon="7.0955638068">
        <ele>472.71</ele>
        <time>2026-05-17T07:34:56.000Z</time>
        <extensions>
          <power>210</power>
          <gpxtpx:TrackPointExtension>
            <gpxtpx:atemp>18.4</gpxtpx:atemp>
            <gpxtpx:hr>117</gpxtpx:hr>
            <gpxtpx:cad>82</gpxtpx:cad>
          </gpxtpx:TrackPointExtension>
        </extensions>
      </trkpt>
      <trkpt lat="46.1140337754" lon="7.0956644182">
        <ele>472.76</ele>
        <time>2026-05-17T07:34:57.000Z</time>
        <extensions>
          <power>210</power>
          <gpxtpx:TrackPointExtension>
            <gpxtpx:atemp>18.4</gpxtpx:atemp>
            <gpxtpx:hr>117</gpxtpx:hr>
            <gpxtpx:cad>83</gpxtpx:cad>
          </gpxtpx:TrackPointExtension>
        </extensions>
      </trkpt>
      <trkpt lat="46.1140776162" lon="7.0957687329">
        <ele>472.80</ele>
        <time>2026-05-17T07:34:58.000Z</time>
        <extensions>
          <power>210</power>
          <gpxtpx:TrackPointExtension>
            <gpxtpx:atemp>18.4</gpxtpx:atemp>
            <gpxtpx:hr>117</gpxtpx:hr>
            <gpxtpx:cad>83</gpxtpx:cad>
          </gpxtpx:TrackPointExtension>
        </extensions>
      </trkpt>
      <trkpt lat="46.1141188067" lon="7.0958777040">
        <ele>472.85</ele>
        <time>2026-05-17T07:34:59.000Z</time>
        <extensions>
          <power>210</power>
          <gpxtpx:TrackPointExtension>
            <gpxtpx:atemp>18.4</gpxtpx:atemp>
            <gpxtpx:hr>117</gpxtpx:hr>
            <gpxtpx:cad>83</gpxtpx:cad>
          </gpxtpx:TrackPointExtension>
        </extensions>
      </trkpt>
      <trkpt lat="46.1141586776" lon="7.0959788188">
        <ele>472.89</ele>
        <time>2026-05-17T07:35:00.000Z</time>
        <extensions>
          <power>210</power>
          <gpxtpx:TrackPointExtension>
            <gpxtpx:atemp>18.4</gpxtpx:atemp>
            <gpxtpx:hr>117</gpxtpx:hr>
            <gpxtpx:cad>83</gpxtpx:cad>
          </gpxtpx:TrackPointExtension>
        </extensions>
      </trkpt>
      <trkpt lat="46.1141973447" lon="7.0960787216">
        <ele>472.94</ele>
        <time>2026-05-17T07:35:01.000Z</time>
        <extensions>
          <power>210</power>
          <gpxtpx:TrackPointExtension>
            <gpxtpx:atemp>18.4</gpxtpx:atemp>
            <gpxtpx:hr>117</gpxtpx:hr>
            <gpxtpx:cad>83</gpxtpx:cad>
          </gpxtpx:TrackPointExtension>
        </extensions>
      </trkpt>
      <trkpt lat="46.1142337393" lon="7.0961746035">
        <ele>472.98</ele>
        <time>2026-05-17T07:35:02.000Z</time>
        <extensions>
          <power>210</power>
          <gpxtpx:TrackPointExtension>
            <gpxtpx:atemp>18.4</gpxtpx:atemp>
            <gpxtpx:hr>117</gpxtpx:hr>
            <gpxtpx:cad>83</gpxtpx:cad>
          </gpxtpx:TrackPointExtension>
        </extensions>
      </trkpt>
      <trkpt lat="46.1142737660" lon="7.0962817760">
        <ele>473.03</ele>
        <time>2026-05-17T07:35:03.000Z</time>
        <extensions>
          <power>210</power>
          <gpxtpx:TrackPointExtension>
            <gpxtpx:atemp>18.4</gpxtpx:atemp>
            <gpxtpx:hr>117</gpxtpx:hr>
            <gpxtpx:cad>84</gpxtpx:cad>
          </gpxtpx:TrackPointExtension>
        </extensions>
      </trkpt>
      <trkpt lat="46.1143102647" lon="7.0963825314">
        <ele>473.07</ele>
        <time>2026-05-17T07:35:04.000Z</time>
        <extensions>
          <power>210</power>
          <gpxtpx:TrackPointExtension>
            <gpxtpx:atemp>18.4</gpxtpx:atemp>
            <gpxtpx:hr>117</gpxtpx:hr>
            <gpxtpx:cad>84</gpxtpx:cad>
          </gpxtpx:TrackPointExtension>
        </extensions>
      </trkpt>
      <trkpt lat="46.1143461419" lon="7.0964903988">
        <ele>473.11</ele>
        <time>2026-05-17T07:35:05.000Z</time>
        <extensions>
          <power>210</power>
          <gpxtpx:TrackPointExtension>
            <gpxtpx:atemp>18.4</gpxtpx:atemp>
            <gpxtpx:hr>117</gpxtpx:hr>
            <gpxtpx:cad>84</gpxtpx:cad>
          </gpxtpx:TrackPointExtension>
        </extensions>
      </trkpt>
      <trkpt lat="46.1143855992" lon="7.0965957810">
        <ele>473.16</ele>
        <time>2026-05-17T07:35:06.000Z</time>
        <extensions>
          <power>210</power>
          <gpxtpx:TrackPointExtension>
            <gpxtpx:atemp>18.4</gpxtpx:atemp>
            <gpxtpx:hr>117</gpxtpx:hr>
            <gpxtpx:cad>84</gpxtpx:cad>
          </gpxtpx:TrackPointExtension>
        </extensions>
      </trkpt>
      <trkpt lat="46.1144233184" lon="7.0966941138">
        <ele>473.20</ele>
        <time>2026-05-17T07:35:07.000Z</time>
        <extensions>
          <power>210</power>
          <gpxtpx:TrackPointExtension>
            <gpxtpx:atemp>18.4</gpxtpx:atemp>
            <gpxtpx:hr>117</gpxtpx:hr>
            <gpxtpx:cad>84</gpxtpx:cad>
          </gpxtpx:TrackPointExtension>
        </extensions>
      </trkpt>
      <trkpt lat="46.1144637809" lon="7.0967989397">
        <ele>473.25</ele>
        <time>2026-05-17T07:35:08.000Z</time>
        <extensions>
          <power>210</power>
          <gpxtpx:TrackPointExtension>
            <gpxtpx:atemp>18.4</gpxtpx:atemp>
            <gpxtpx:hr>117</gpxtpx:hr>
            <gpxtpx:cad>85</gpxtpx:cad>
          </gpxtpx:TrackPointExtension>
        </extensions>
      </trkpt>
      <trkpt lat="46.1144943554" lon="7.0969020506">
        <ele>473.29</ele>
        <time>2026-05-17T07:35:09.000Z</time>
        <extensions>
          <power>210</power>
          <gpxtpx:TrackPointExtension>
            <gpxtpx:atemp>18.4</gpxtpx:atemp>
            <gpxtpx:hr>117</gpxtpx:hr>
            <gpxtpx:cad>85</gpxtpx:cad>
          </gpxtpx:TrackPointExtension>
        </extensions>
      </trkpt>
      <trkpt lat="46.1145332528" lon="7.0970122806">
        <ele>473.34</ele>
        <time>2026-05-17T07:35:10.000Z</time>
        <extensions>
          <power>210</power>
          <gpxtpx:TrackPointExtension>
            <gpxtpx:atemp>18.4</gpxtpx:atemp>
            <gpxtpx:hr>117</gpxtpx:hr>
            <gpxtpx:cad>85</gpxtpx:cad>
          </gpxtpx:TrackPointExtension>
        </extensions>
      </trkpt>
      <trkpt lat="46.1145656409" lon="7.0971103349">
        <ele>473.38</ele>
        <time>2026-05-17T07:35:11.000Z</time>
        <extensions>
          <power>210</power>
          <gpxtpx:TrackPointExtension>
            <gpxtpx:atemp>18.4</gpxtpx:atemp>
            <gpxtpx:hr>117</gpxtpx:hr>
            <gpxtpx:cad>85</gpxtpx:cad>
          </gpxtpx:TrackPointExtension>
        </extensions>
      </trkpt>
      <trkpt lat="46.1146037484" lon="7.0972136233">
        <ele>473.42</ele>
        <time>2026-05-17T07:35:12.000Z</time>
        <extensions>
          <power>210</power>
          <gpxtpx:TrackPointExtension>
            <gpxtpx:atemp>18.4</gpxtpx:atemp>
            <gpxtpx:hr>118</gpxtpx:hr>
            <gpxtpx:cad>85</gpxtpx:cad>
          </gpxtpx:TrackPointExtension>
        </extensions>
      </trkpt>
      <trkpt lat="46.1146407098" lon="7.0973225437">
        <ele>473.47</ele>
        <time>2026-05-17T07:35:13.000Z</time>
        <extensions>
          <power>210</power>
          <gpxtpx:TrackPointExtension>
            <gpxtpx:atemp>18.4</gpxtpx:atemp>
            <gpxtpx:hr>118</gpxtpx:hr>
            <gpxtpx:cad>85</gpxtpx:cad>
          </gpxtpx:TrackPointExtension>
        </extensions>
      </trkpt>
      <trkpt lat="46.1146755111" lon="7.0974299197">
        <ele>473.51</ele>
        <time>2026-05-17T07:35:14.000Z</time>
        <extensions>
          <power>210</power>
          <gpxtpx:TrackPointExtension>
            <gpxtpx:atemp>18.4</gpxtpx:atemp>
            <gpxtpx:hr>118</gpxtpx:hr>
            <gpxtpx:cad>86</gpxtpx:cad>
          </gpxtpx:TrackPointExtension>
        </extensions>
      </trkpt>
      <trkpt lat="46.1147044984" lon="7.0975275032">
        <ele>473.56</ele>
        <time>2026-05-17T07:35:15.000Z</time>
        <extensions>
          <power>210</power>
          <gpxtpx:TrackPointExtension>
            <gpxtpx:atemp>18.4</gpxtpx:atemp>
            <gpxtpx:hr>118</gpxtpx:hr>
            <gpxtpx:cad>86</gpxtpx:cad>
          </gpxtpx:TrackPointExtension>
        </extensions>
      </trkpt>
      <trkpt lat="46.1147344046" lon="7.0976388163">
        <ele>473.60</ele>
        <time>2026-05-17T07:35:16.000Z</time>
        <extensions>
          <power>210</power>
          <gpxtpx:TrackPointExtension>
            <gpxtpx:atemp>18.4</gpxtpx:atemp>
            <gpxtpx:hr>118</gpxtpx:hr>
            <gpxtpx:cad>86</gpxtpx:cad>
          </gpxtpx:TrackPointExtension>
        </extensions>
      </trkpt>
      <trkpt lat="46.1147705019" lon="7.0977396321">
        <ele>473.65</ele>
        <time>2026-05-17T07:35:17.000Z</time>
        <extensions>
          <power>210</power>
          <gpxtpx:TrackPointExtension>
            <gpxtpx:atemp>18.4</gpxtpx:atemp>
            <gpxtpx:hr>118</gpxtpx:hr>
            <gpxtpx:cad>86</gpxtpx:cad>
          </gpxtpx:TrackPointExtension>
        </extensions>
      </trkpt>
      <trkpt lat="46.1148017770" lon="7.0978419649">
        <ele>473.69</ele>
        <time>2026-05-17T07:35:18.000Z</time>
        <extensions>
          <power>210</power>
          <gpxtpx:TrackPointExtension>
            <gpxtpx:atemp>18.4</gpxtpx:atemp>
            <gpxtpx:hr>118</gpxtpx:hr>
            <gpxtpx:cad>86</gpxtpx:cad>
          </gpxtpx:TrackPointExtension>
        </extensions>
      </trkpt>
      <trkpt lat="46.1148335787" lon="7.0979511557">
        <ele>473.73</ele>
        <time>2026-05-17T07:35:19.000Z</time>
        <extensions>
          <power>210</power>
          <gpxtpx:TrackPointExtension>
            <gpxtpx:atemp>18.4</gpxtpx:atemp>
            <gpxtpx:hr>118</gpxtpx:hr>
            <gpxtpx:cad>86</gpxtpx:cad>
          </gpxtpx:TrackPointExtension>
        </extensions>
      </trkpt>
      <trkpt lat="46.1148628683" lon="7.0980479346">
        <ele>473.78</ele>
        <time>2026-05-17T07:35:20.000Z</time>
        <extensions>
          <power>210</power>
          <gpxtpx:TrackPointExtension>
            <gpxtpx:atemp>18.4</gpxtpx:atemp>
            <gpxtpx:hr>118</gpxtpx:hr>
            <gpxtpx:cad>86</gpxtpx:cad>
          </gpxtpx:TrackPointExtension>
        </extensions>
      </trkpt>
      <trkpt lat="46.1148966580" lon="7.0981552628">
        <ele>473.82</ele>
        <time>2026-05-17T07:35:21.000Z</time>
        <extensions>
          <power>210</power>
          <gpxtpx:TrackPointExtension>
            <gpxtpx:atemp>18.4</gpxtpx:atemp>
            <gpxtpx:hr>118</gpxtpx:hr>
            <gpxtpx:cad>86</gpxtpx:cad>
          </gpxtpx:TrackPointExtension>
        </extensions>
      </trkpt>
      <trkpt lat="46.1149268720" lon="7.0982610954">
        <ele>473.87</ele>
        <time>2026-05-17T07:35:22.000Z</time>
        <extensions>
          <power>210</power>
          <gpxtpx:TrackPointExtension>
            <gpxtpx:atemp>18.4</gpxtpx:atemp>
            <gpxtpx:hr>118</gpxtpx:hr>
            <gpxtpx:cad>87</gpxtpx:cad>
          </gpxtpx:TrackPointExtension>
        </extensions>
      </trkpt>
      <trkpt lat="46.1149619891" lon="7.0983640259">
        <ele>473.91</ele>
        <time>2026-05-17T07:35:23.000Z</time>
        <extensions>
          <power>210</power>
          <gpxtpx:TrackPointExtension>
            <gpxtpx:atemp>18.4</gpxtpx:atemp>
            <gpxtpx:hr>118</gpxtpx:hr>
            <gpxtpx:cad>87</gpxtpx:cad>
          </gpxtpx:TrackPointExtension>
        </extensions>
      </trkpt>
      <trkpt lat="46.1149955213" lon="7.0984726931">
        <ele>473.95</ele>
        <time>2026-05-17T07:35:24.000Z</time>
        <extensions>
          <power>210</power>
          <gpxtpx:TrackPointExtension>
            <gpxtpx:atemp>18.4</gpxtpx:atemp>
            <gpxtpx:hr>118</gpxtpx:hr>
            <gpxtpx:cad>87</gpxtpx:cad>
          </gpxtpx:TrackPointExtension>
        </extensions>
      </trkpt>
      <trkpt lat="46.1150291397" lon="7.0985764248">
        <ele>474.00</ele>
        <time>2026-05-17T07:35:25.000Z</time>
        <extensions>
          <power>210</power>
          <gpxtpx:TrackPointExtension>
            <gpxtpx:atemp>18.4</gpxtpx:atemp>
            <gpxtpx:hr>118</gpxtpx:hr>
            <gpxtpx:cad>87</gpxtpx:cad>
          </gpxtpx:TrackPointExtension>
        </extensions>
      </trkpt>
      <trkpt lat="46.1150575372" lon="7.0986783640">
        <ele>474.04</ele>
        <time>2026-05-17T07:35:26.000Z</time>
        <extensions>
          <power>210</power>
          <gpxtpx:TrackPointExtension>
            <gpxtpx:atemp>18.4</gpxtpx:atemp>
            <gpxtpx:hr>118</gpxtpx:hr>
            <gpxtpx:cad>87</gpxtpx:cad>
          </gpxtpx:TrackPointExtension>
        </extensions>
      </trkpt>
      <trkpt lat="46.1150919747" lon="7.0987825252">
        <ele>474.08</ele>
        <time>2026-05-17T07:35:27.000Z</time>
        <extensions>
          <power>210</power>
          <gpxtpx:TrackPointExtension>
            <gpxtpx:atemp>18.4</gpxtpx:atemp>
            <gpxtpx:hr>118</gpxtpx:hr>
            <gpxtpx:cad>87</gpxtpx:cad>
          </gpxtpx:TrackPointExtension>
        </extensions>
      </trkpt>
      <trkpt lat="46.1151277828" lon="7.0988808622">
        <ele>474.13</ele>
        <time>2026-05-17T07:35:28.000Z</time>
        <extensions>
          <power>210</power>
          <gpxtpx:TrackPointExtension>
            <gpxtpx:atemp>18.4</gpxtpx:atemp>
            <gpxtpx:hr>118</gpxtpx:hr>
            <gpxtpx:cad>87</gpxtpx:cad>
          </gpxtpx:TrackPointExtension>
        </extensions>
      </trkpt>
      <trkpt lat="46.1151633017" lon="7.0989904049">
        <ele>474.17</ele>
        <time>2026-05-17T07:35:29.000Z</time>
        <extensions>
          <power>210</power>
          <gpxtpx:TrackPointExtension>
            <gpxtpx:atemp>18.4</gpxtpx:atemp>
            <gpxtpx:hr>119</gpxtpx:hr>
            <gpxtpx:cad>87</gpxtpx:cad>
          </gpxtpx:TrackPointExtension>
        </extensions>
      </trkpt>
      <trkpt lat="46.1151956888" lon="7.0990884887">
        <ele>474.22</ele>
        <time>2026-05-17T07:35:30.000Z</time>
        <extensions>
          <power>210</power>
          <gpxtpx:TrackPointExtension>
            <gpxtpx:atemp>18.4</gpxtpx:atemp>
            <gpxtpx:hr>119</gpxtpx:hr>
            <gpxtpx:cad>87</gpxtpx:cad>
          </gpxtpx:TrackPointExtension>
        </extensions>
      </trkpt>
      <trkpt lat="46.1152316976" lon="7.0991899162">
        <ele>474.26</ele>
        <time>2026-05-17T07:35:31.000Z</time>
        <extensions>
          <power>210</power>
          <gpxtpx:TrackPointExtension>
            <gpxtpx:atemp>18.4</gpxtpx:atemp>
            <gpxtpx:hr>119</gpxtpx:hr>
            <gpxtpx:cad>87</gpxtpx:cad>
          </gpxtpx:TrackPointExtension>
        </extensions>
      </trkpt>
      <trkpt lat="46.1152599547" lon="7.0992903127">
        <ele>474.30</ele>
        <time>2026-05-17T07:35:32.000Z</time>
        <extensions>
          <power>210</power>
          <gpxtpx:TrackPointExtension>
            <gpxtpx:atemp>18.4</gpxtpx:atemp>
            <gpxtpx:hr>119</gpxtpx:hr>
            <gpxtpx:cad>88</gpxtpx:cad>
          </gpxtpx:TrackPointExtension>
        </extensions>
      </trkpt>
      <trkpt lat="46.1152899199" lon="7.0993916034">
        <ele>474.35</ele>
        <time>2026-05-17T07:35:33.000Z</time>
        <extensions>
          <power>210</power>
          <gpxtpx:TrackPointExtension>
            <gpxtpx:atemp>18.4</gpxtpx:atemp>
            <gpxtpx:hr>119</gpxtpx:hr>
            <gpxtpx:cad>88</gpxtpx:cad>
          </gpxtpx:TrackPointExtension>
        </extensions>
      </trkpt>
      <trkpt lat="46.1153189823" lon="7.0994994307">
        <ele>474.39</ele>
        <time>2026-05-17T07:35:34.000Z</time>
        <extensions>
          <power>210</power>
          <gpxtpx:TrackPointExtension>
            <gpxtpx:atemp>18.4</gpxtpx:atemp>
            <gpxtpx:hr>119</gpxtpx:hr>
            <gpxtpx:cad>88</gpxtpx:cad>
          </gpxtpx:TrackPointExtension>
        </extensions>
      </trkpt>
      <trkpt lat="46.1153527908" lon="7.0996044232">
        <ele>474.43</ele>
        <time>2026-05-17T07:35:35.000Z</time>
        <extensions>
          <power>210</power>
          <gpxtpx:TrackPointExtension>
            <gpxtpx:atemp>18.4</gpxtpx:atemp>
            <gpxtpx:hr>119</gpxtpx:hr>
            <gpxtpx:cad>88</gpxtpx:cad>
          </gpxtpx:TrackPointExtension>
        </extensions>
      </trkpt>
      <trkpt lat="46.1153849518" lon="7.0997126886">
        <ele>474.48</ele>
        <time>2026-05-17T07:35:36.000Z</time>
        <extensions>
          <power>210</power>
          <gpxtpx:TrackPointExtension>
            <gpxtpx:atemp>18.4</gpxtpx:atemp>
            <gpxtpx:hr>119</gpxtpx:hr>
            <gpxtpx:cad>88</gpxtpx:cad>
          </gpxtpx:TrackPointExtension>
        </extensions>
      </trkpt>
      <trkpt lat="46.1154192933" lon="7.0998160346">
        <ele>474.52</ele>
        <time>2026-05-17T07:35:37.000Z</time>
        <extensions>
          <power>210</power>
          <gpxtpx:TrackPointExtension>
            <gpxtpx:atemp>18.4</gpxtpx:atemp>
            <gpxtpx:hr>119</gpxtpx:hr>
            <gpxtpx:cad>88</gpxtpx:cad>
          </gpxtpx:TrackPointExtension>
        </extensions>
      </trkpt>
      <trkpt lat="46.1154489722" lon="7.0999124591">
        <ele>474.56</ele>
        <time>2026-05-17T07:35:38.000Z</time>
        <extensions>
          <power>210</power>
          <gpxtpx:TrackPointExtension>
            <gpxtpx:atemp>18.4</gpxtpx:atemp>
            <gpxtpx:hr>119</gpxtpx:hr>
            <gpxtpx:cad>88</gpxtpx:cad>
          </gpxtpx:TrackPointExtension>
        </extensions>
      </trkpt>
      <trkpt lat="46.1154777232" lon="7.1000117386">
        <ele>474.60</ele>
        <time>2026-05-17T07:35:39.000Z</time>
        <extensions>
          <power>210</power>
          <gpxtpx:TrackPointExtension>
            <gpxtpx:atemp>18.4</gpxtpx:atemp>
            <gpxtpx:hr>119</gpxtpx:hr>
            <gpxtpx:cad>88</gpxtpx:cad>
          </gpxtpx:TrackPointExtension>
        </extensions>
      </trkpt>
      <trkpt lat="46.1155130615" lon="7.1001115443">
        <ele>474.65</ele>
        <time>2026-05-17T07:35:40.000Z</time>
        <extensions>
          <power>210</power>
          <gpxtpx:TrackPointExtension>
            <gpxtpx:atemp>18.4</gpxtpx:atemp>
            <gpxtpx:hr>119</gpxtpx:hr>
            <gpxtpx:cad>88</gpxtpx:cad>
          </gpxtpx:TrackPointExtension>
        </extensions>
      </trkpt>
      <trkpt lat="46.1155412751" lon="7.1002106747">
        <ele>474.69</ele>
        <time>2026-05-17T07:35:41.000Z</time>
        <extensions>
          <power>210</power>
          <gpxtpx:TrackPointExtension>
            <gpxtpx:atemp>18.4</gpxtpx:atemp>
            <gpxtpx:hr>119</gpxtpx:hr>
            <gpxtpx:cad>88</gpxtpx:cad>
          </gpxtpx:TrackPointExtension>
        </extensions>
      </trkpt>
      <trkpt lat="46.1155756999" lon="7.1003189677">
        <ele>474.73</ele>
        <time>2026-05-17T07:35:42.000Z</time>
        <extensions>
          <power>210</power>
          <gpxtpx:TrackPointExtension>
            <gpxtpx:atemp>18.4</gpxtpx:atemp>
            <gpxtpx:hr>120</gpxtpx:hr>
            <gpxtpx:cad>88</gpxtpx:cad>
          </gpxtpx:TrackPointExtension>
        </extensions>
      </trkpt>
      <trkpt lat="46.1156100816" lon="7.1004170693">
        <ele>474.78</ele>
        <time>2026-05-17T07:35:43.000Z</time>
        <extensions>
          <power>210</power>
          <gpxtpx:TrackPointExtension>
            <gpxtpx:atemp>18.4</gpxtpx:atemp>
            <gpxtpx:hr>120</gpxtpx:hr>
            <gpxtpx:cad>88</gpxtpx:cad>
          </gpxtpx:TrackPointExtension>
        </extensions>
      </trkpt>
      <trkpt lat="46.1156458715" lon="7.1005262771">
        <ele>474.82</ele>
        <time>2026-05-17T07:35:44.000Z</time>
        <extensions>
          <power>210</power>
          <gpxtpx:TrackPointExtension>
            <gpxtpx:atemp>18.4</gpxtpx:atemp>
            <gpxtpx:hr>120</gpxtpx:hr>
            <gpxtpx:cad>88</gpxtpx:cad>
          </gpxtpx:TrackPointExtension>
        </extensions>
      </trkpt>
      <trkpt lat="46.1156773622" lon="7.1006234067">
        <ele>474.86</ele>
        <time>2026-05-17T07:35:45.000Z</time>
        <extensions>
          <power>210</power>
          <gpxtpx:TrackPointExtension>
            <gpxtpx:atemp>18.4</gpxtpx:atemp>
            <gpxtpx:hr>120</gpxtpx:hr>
            <gpxtpx:cad>88</gpxtpx:cad>
          </gpxtpx:TrackPointExtension>
        </extensions>
      </trkpt>
      <trkpt lat="46.1157056965" lon="7.1007219512">
        <ele>474.90</ele>
        <time>2026-05-17T07:35:46.000Z</time>
        <extensions>
          <power>210</power>
          <gpxtpx:TrackPointExtension>
            <gpxtpx:atemp>18.4</gpxtpx:atemp>
            <gpxtpx:hr>120</gpxtpx:hr>
            <gpxtpx:cad>88</gpxtpx:cad>
          </gpxtpx:TrackPointExtension>
        </extensions>
      </trkpt>
      <trkpt lat="46.1157322070" lon="7.1008193659">
        <ele>474.95</ele>
        <time>2026-05-17T07:35:47.000Z</time>
        <extensions>
          <power>210</power>
          <gpxtpx:TrackPointExtension>
            <gpxtpx:atemp>18.4</gpxtpx:atemp>
            <gpxtpx:hr>120</gpxtpx:hr>
            <gpxtpx:cad>88</gpxtpx:cad>
          </gpxtpx:TrackPointExtension>
        </extensions>
      </trkpt>
      <trkpt lat="46.1157673484" lon="7.1009185045">
        <ele>474.99</ele>
        <time>2026-05-17T07:35:48.000Z</time>
        <extensions>
          <power>210</power>
          <gpxtpx:TrackPointExtension>
            <gpxtpx:atemp>18.4</gpxtpx:atemp>
            <gpxtpx:hr>120</gpxtpx:hr>
            <gpxtpx:cad>88</gpxtpx:cad>
          </gpxtpx:TrackPointExtension>
        </extensions>
      </trkpt>
      <trkpt lat="46.1158028125" lon="7.1010253835">
        <ele>475.03</ele>
        <time>2026-05-17T07:35:49.000Z</time>
        <extensions>
          <power>210</power>
          <gpxtpx:TrackPointExtension>
            <gpxtpx:atemp>18.4</gpxtpx:atemp>
            <gpxtpx:hr>120</gpxtpx:hr>
            <gpxtpx:cad>88</gpxtpx:cad>
          </gpxtpx:TrackPointExtension>
        </extensions>
      </trkpt>
      <trkpt lat="46.1158362910" lon="7.1011294848">
        <ele>475.07</ele>
        <time>2026-05-17T07:35:50.000Z</time>
        <extensions>
          <power>210</power>
          <gpxtpx:TrackPointExtension>
            <gpxtpx:atemp>18.4</gpxtpx:atemp>
            <gpxtpx:hr>120</gpxtpx:hr>
            <gpxtpx:cad>88</gpxtpx:cad>
          </gpxtpx:TrackPointExtension>
        </extensions>
      </trkpt>
      <trkpt lat="46.1158698110" lon="7.1012266861">
        <ele>475.12</ele>
        <time>2026-05-17T07:35:51.000Z</time>
        <extensions>
          <power>210</power>
          <gpxtpx:TrackPointExtension>
            <gpxtpx:atemp>18.4</gpxtpx:atemp>
            <gpxtpx:hr>120</gpxtpx:hr>
            <gpxtpx:cad>88</gpxtpx:cad>
          </gpxtpx:TrackPointExtension>
        </extensions>
      </trkpt>
      <trkpt lat="46.1159048609" lon="7.1013208454">
        <ele>475.16</ele>
        <time>2026-05-17T07:35:52.000Z</time>
        <extensions>
          <power>210</power>
          <gpxtpx:TrackPointExtension>
            <gpxtpx:atemp>18.4</gpxtpx:atemp>
            <gpxtpx:hr>120</gpxtpx:hr>
            <gpxtpx:cad>88</gpxtpx:cad>
          </gpxtpx:TrackPointExtension>
        </extensions>
      </trkpt>
      <trkpt lat="46.1159403775" lon="7.1014279192">
        <ele>475.20</ele>
        <time>2026-05-17T07:35:53.000Z</time>
        <extensions>
          <power>210</power>
          <gpxtpx:TrackPointExtension>
            <gpxtpx:atemp>18.4</gpxtpx:atemp>
            <gpxtpx:hr>120</gpxtpx:hr>
            <gpxtpx:cad>88</gpxtpx:cad>
          </gpxtpx:TrackPointExtension>
        </extensions>
      </trkpt>
      <trkpt lat="46.1159671443" lon="7.1015227559">
        <ele>475.24</ele>
        <time>2026-05-17T07:35:54.000Z</time>
        <extensions>
          <power>210</power>
          <gpxtpx:TrackPointExtension>
            <gpxtpx:atemp>18.4</gpxtpx:atemp>
            <gpxtpx:hr>121</gpxtpx:hr>
            <gpxtpx:cad>88</gpxtpx:cad>
          </gpxtpx:TrackPointExtension>
        </extensions>
      </trkpt>
      <trkpt lat="46.1159957949" lon="7.1016258911">
        <ele>475.29</ele>
        <time>2026-05-17T07:35:55.000Z</time>
        <extensions>
          <power>210</power>
          <gpxtpx:TrackPointExtension>
            <gpxtpx:atemp>18.4</gpxtpx:atemp>
            <gpxtpx:hr>121</gpxtpx:hr>
            <gpxtpx:cad>88</gpxtpx:cad>
          </gpxtpx:TrackPointExtension>
        </extensions>
      </trkpt>
      <trkpt lat="46.1160313294" lon="7.1017201249">
        <ele>475.33</ele>
        <time>2026-05-17T07:35:56.000Z</time>
        <extensions>
          <power>210</power>
          <gpxtpx:TrackPointExtension>
            <gpxtpx:atemp>18.4</gpxtpx:atemp>
            <gpxtpx:hr>121</gpxtpx:hr>
            <gpxtpx:cad>88</gpxtpx:cad>
          </gpxtpx:TrackPointExtension>
        </extensions>
      </trkpt>
      <trkpt lat="46.1160594733" lon="7.1018221927">
        <ele>475.37</ele>
        <time>2026-05-17T07:35:57.000Z</time>
        <extensions>
          <power>210</power>
          <gpxtpx:TrackPointExtension>
            <gpxtpx:atemp>18.4</gpxtpx:atemp>
            <gpxtpx:hr>121</gpxtpx:hr>
            <gpxtpx:cad>88</gpxtpx:cad>
          </gpxtpx:TrackPointExtension>
        </extensions>
      </trkpt>
      <trkpt lat="46.1160881279" lon="7.1019187251">
        <ele>475.41</ele>
        <time>2026-05-17T07:35:58.000Z</time>
        <extensions>
          <power>210</power>
          <gpxtpx:TrackPointExtension>
            <gpxtpx:atemp>18.4</gpxtpx:atemp>
            <gpxtpx:hr>121</gpxtpx:hr>
            <gpxtpx:cad>88</gpxtpx:cad>
          </gpxtpx:TrackPointExtension>
        </extensions>
      </trkpt>
      <trkpt lat="46.1161243251" lon="7.1020108962">
        <ele>475.45</ele>
        <time>2026-05-17T07:35:59.000Z</time>
        <extensions>
          <power>210</power>
          <gpxtpx:TrackPointExtension>
            <gpxtpx:atemp>18.4</gpxtpx:atemp>
            <gpxtpx:hr>121</gpxtpx:hr>
            <gpxtpx:cad>88</gpxtpx:cad>
          </gpxtpx:TrackPointExtension>
        </extensions>
      </trkpt>
      <trkpt lat="46.1161612218" lon="7.1021063825">
        <ele>475.50</ele>
        <time>2026-05-17T07:36:00.000Z</time>
        <extensions>
          <power>210</power>
          <gpxtpx:TrackPointExtension>
            <gpxtpx:atemp>18.4</gpxtpx:atemp>
            <gpxtpx:hr>121</gpxtpx:hr>
            <gpxtpx:cad>87</gpxtpx:cad>
          </gpxtpx:TrackPointExtension>
        </extensions>
      </trkpt>
      <trkpt lat="46.1161897890" lon="7.1022034989">
        <ele>475.54</ele>
        <time>2026-05-17T07:36:01.000Z</time>
        <extensions>
          <power>210</power>
          <gpxtpx:TrackPointExtension>
            <gpxtpx:atemp>18.5</gpxtpx:atemp>
            <gpxtpx:hr>121</gpxtpx:hr>
            <gpxtpx:cad>87</gpxtpx:cad>
          </gpxtpx:TrackPointExtension>
        </extensions>
      </trkpt>
      <trkpt lat="46.1162179127" lon="7.1023067057">
        <ele>475.58</ele>
        <time>2026-05-17T07:36:02.000Z</time>
        <extensions>
          <power>210</power>
          <gpxtpx:TrackPointExtension>
            <gpxtpx:atemp>18.5</gpxtpx:atemp>
            <gpxtpx:hr>121</gpxtpx:hr>
            <gpxtpx:cad>87</gpxtpx:cad>
          </gpxtpx:TrackPointExtension>
        </extensions>
      </trkpt>
      <trkpt lat="46.1162453960" lon="7.1023973742">
        <ele>475.62</ele>
        <time>2026-05-17T07:36:03.000Z</time>
        <extensions>
          <power>210</power>
          <gpxtpx:TrackPointExtension>
            <gpxtpx:atemp>18.5</gpxtpx:atemp>
            <gpxtpx:hr>121</gpxtpx:hr>
            <gpxtpx:cad>87</gpxtpx:cad>
          </gpxtpx:TrackPointExtension>
        </extensions>
      </trkpt>
      <trkpt lat="46.1162740585" lon="7.1024916993">
        <ele>475.66</ele>
        <time>2026-05-17T07:36:04.000Z</time>
        <extensions>
          <power>210</power>
          <gpxtpx:TrackPointExtension>
            <gpxtpx:atemp>18.5</gpxtpx:atemp>
            <gpxtpx:hr>122</gpxtpx:hr>
            <gpxtpx:cad>87</gpxtpx:cad>
          </gpxtpx:TrackPointExtension>
        </extensions>
      </trkpt>
      <trkpt lat="46.1163047255" lon="7.1025843855">
        <ele>475.70</ele>
        <time>2026-05-17T07:36:05.000Z</time>
        <extensions>
          <power>210</power>
          <gpxtpx:TrackPointExtension>
            <gpxtpx:atemp>18.5</gpxtpx:atemp>
            <gpxtpx:hr>122</gpxtpx:hr>
            <gpxtpx:cad>87</gpxtpx:cad>
          </gpxtpx:TrackPointExtension>
        </extensions>
      </trkpt>
      <trkpt lat="46.1163375690" lon="7.1026760035">
        <ele>475.75</ele>
        <time>2026-05-17T07:36:06.000Z</time>
        <extensions>
          <power>210</power>
          <gpxtpx:TrackPointExtension>
            <gpxtpx:atemp>18.5</gpxtpx:atemp>
            <gpxtpx:hr>122</gpxtpx:hr>
            <gpxtpx:cad>87</gpxtpx:cad>
          </gpxtpx:TrackPointExtension>
        </extensions>
      </trkpt>
      <trkpt lat="46.1163680218" lon="7.1027750540">
        <ele>475.79</ele>
        <time>2026-05-17T07:36:07.000Z</time>
        <extensions>
          <power>210</power>
          <gpxtpx:TrackPointExtension>
            <gpxtpx:atemp>18.5</gpxtpx:atemp>
            <gpxtpx:hr>122</gpxtpx:hr>
            <gpxtpx:cad>87</gpxtpx:cad>
          </gpxtpx:TrackPointExtension>
        </extensions>
      </trkpt>
      <trkpt lat="46.1164029583" lon="7.1028775509">
        <ele>475.83</ele>
        <time>2026-05-17T07:36:08.000Z</time>
        <extensions>
          <power>210</power>
          <gpxtpx:TrackPointExtension>
            <gpxtpx:atemp>18.5</gpxtpx:atemp>
            <gpxtpx:hr>122</gpxtpx:hr>
            <gpxtpx:cad>87</gpxtpx:cad>
          </gpxtpx:TrackPointExtension>
        </extensions>
      </trkpt>
      <trkpt lat="46.1164351745" lon="7.1029686032">
        <ele>475.87</ele>
        <time>2026-05-17T07:36:09.000Z</time>
        <extensions>
          <power>210</power>
          <gpxtpx:TrackPointExtension>
            <gpxtpx:atemp>18.5</gpxtpx:atemp>
            <gpxtpx:hr>122</gpxtpx:hr>
            <gpxtpx:cad>87</gpxtpx:cad>
          </gpxtpx:TrackPointExtension>
        </extensions>
      </trkpt>
      <trkpt lat="46.1164734857" lon="7.1030591852">
        <ele>475.91</ele>
        <time>2026-05-17T07:36:10.000Z</time>
        <extensions>
          <power>210</power>
          <gpxtpx:TrackPointExtension>
            <gpxtpx:atemp>18.5</gpxtpx:atemp>
            <gpxtpx:hr>122</gpxtpx:hr>
            <gpxtpx:cad>86</gpxtpx:cad>
          </gpxtpx:TrackPointExtension>
        </extensions>
      </trkpt>
      <trkpt lat="46.1165054477" lon="7.1031566264">
        <ele>475.95</ele>
        <time>2026-05-17T07:36:11.000Z</time>
        <extensions>
          <power>210</power>
          <gpxtpx:TrackPointExtension>
            <gpxtpx:atemp>18.5</gpxtpx:atemp>
            <gpxtpx:hr>122</gpxtpx:hr>
            <gpxtpx:cad>86</gpxtpx:cad>
          </gpxtpx:TrackPointExtension>
        </extensions>
      </trkpt>
      <trkpt lat="46.1165426959" lon="7.1032484244">
        <ele>475.99</ele>
        <time>2026-05-17T07:36:12.000Z</time>
        <extensions>
          <power>210</power>
          <gpxtpx:TrackPointExtension>
            <gpxtpx:atemp>18.5</gpxtpx:atemp>
            <gpxtpx:hr>122</gpxtpx:hr>
            <gpxtpx:cad>86</gpxtpx:cad>
          </gpxtpx:TrackPointExtension>
        </extensions>
      </trkpt>
      <trkpt lat="46.1165746635" lon="7.1033441790">
        <ele>476.04</ele>
        <time>2026-05-17T07:36:13.000Z</time>
        <extensions>
          <power>210</power>
          <gpxtpx:TrackPointExtension>
            <gpxtpx:atemp>18.5</gpxtpx:atemp>
            <gpxtpx:hr>122</gpxtpx:hr>
            <gpxtpx:cad>86</gpxtpx:cad>
          </gpxtpx:TrackPointExtension>
        </extensions>
      </trkpt>
      <trkpt lat="46.1166033175" lon="7.1034458535">
        <ele>476.08</ele>
        <time>2026-05-17T07:36:14.000Z</time>
        <extensions>
          <power>210</power>
          <gpxtpx:TrackPointExtension>
            <gpxtpx:atemp>18.5</gpxtpx:atemp>
            <gpxtpx:hr>123</gpxtpx:hr>
            <gpxtpx:cad>86</gpxtpx:cad>
          </gpxtpx:TrackPointExtension>
        </extensions>
      </trkpt>
      <trkpt lat="46.1166394172" lon="7.1035431473">
        <ele>476.12</ele>
        <time>2026-05-17T07:36:15.000Z</time>
        <extensions>
          <power>210</power>
          <gpxtpx:TrackPointExtension>
            <gpxtpx:atemp>18.5</gpxtpx:atemp>
            <gpxtpx:hr>123</gpxtpx:hr>
            <gpxtpx:cad>86</gpxtpx:cad>
          </gpxtpx:TrackPointExtension>
        </extensions>
      </trkpt>
      <trkpt lat="46.1166774990" lon="7.1036364853">
        <ele>476.16</ele>
        <time>2026-05-17T07:36:16.000Z</time>
        <extensions>
          <power>210</power>
          <gpxtpx:TrackPointExtension>
            <gpxtpx:atemp>18.5</gpxtpx:atemp>
            <gpxtpx:hr>123</gpxtpx:hr>
            <gpxtpx:cad>86</gpxtpx:cad>
          </gpxtpx:TrackPointExtension>
        </extensions>
      </trkpt>
      <trkpt lat="46.1167059160" lon="7.1037303468">
        <ele>476.20</ele>
        <time>2026-05-17T07:36:17.000Z</time>
        <extensions>
          <power>210</power>
          <gpxtpx:TrackPointExtension>
            <gpxtpx:atemp>18.5</gpxtpx:atemp>
            <gpxtpx:hr>123</gpxtpx:hr>
            <gpxtpx:cad>86</gpxtpx:cad>
          </gpxtpx:TrackPointExtension>
        </extensions>
      </trkpt>
      <trkpt lat="46.1167340968" lon="7.1038242100">
        <ele>476.24</ele>
        <time>2026-05-17T07:36:18.000Z</time>
        <extensions>
          <power>210</power>
          <gpxtpx:TrackPointExtension>
            <gpxtpx:atemp>18.5</gpxtpx:atemp>
            <gpxtpx:hr>123</gpxtpx:hr>
            <gpxtpx:cad>85</gpxtpx:cad>
          </gpxtpx:TrackPointExtension>
        </extensions>
      </trkpt>
      <trkpt lat="46.1167676965" lon="7.1039176867">
        <ele>476.28</ele>
        <time>2026-05-17T07:36:19.000Z</time>
        <extensions>
          <power>210</power>
          <gpxtpx:TrackPointExtension>
            <gpxtpx:atemp>18.5</gpxtpx:atemp>
            <gpxtpx:hr>123</gpxtpx:hr>
            <gpxtpx:cad>85</gpxtpx:cad>
          </gpxtpx:TrackPointExtension>
        </extensions>
      </trkpt>
      <trkpt lat="46.1167973199" lon="7.1040088751">
        <ele>476.32</ele>
        <time>2026-05-17T07:36:20.000Z</time>
        <extensions>
          <power>210</power>
          <gpxtpx:TrackPointExtension>
            <gpxtpx:atemp>18.5</gpxtpx:atemp>
            <gpxtpx:hr>123</gpxtpx:hr>
            <gpxtpx:cad>85</gpxtpx:cad>
          </gpxtpx:TrackPointExtension>
        </extensions>
      </trkpt>
      <trkpt lat="46.1168277293" lon="7.1040973388">
        <ele>476.36</ele>
        <time>2026-05-17T07:36:21.000Z</time>
        <extensions>
          <power>210</power>
          <gpxtpx:TrackPointExtension>
            <gpxtpx:atemp>18.5</gpxtpx:atemp>
            <gpxtpx:hr>123</gpxtpx:hr>
            <gpxtpx:cad>85</gpxtpx:cad>
          </gpxtpx:TrackPointExtension>
        </extensions>
      </trkpt>
      <trkpt lat="46.1168635435" lon="7.1041890769">
        <ele>476.40</ele>
        <time>2026-05-17T07:36:22.000Z</time>
        <extensions>
          <power>210</power>
          <gpxtpx:TrackPointExtension>
            <gpxtpx:atemp>18.5</gpxtpx:atemp>
            <gpxtpx:hr>123</gpxtpx:hr>
            <gpxtpx:cad>85</gpxtpx:cad>
          </gpxtpx:TrackPointExtension>
        </extensions>
      </trkpt>
      <trkpt lat="46.1169005814" lon="7.1042906602">
        <ele>476.44</ele>
        <time>2026-05-17T07:36:23.000Z</time>
        <extensions>
          <power>210</power>
          <gpxtpx:TrackPointExtension>
            <gpxtpx:atemp>18.5</gpxtpx:atemp>
            <gpxtpx:hr>123</gpxtpx:hr>
            <gpxtpx:cad>85</gpxtpx:cad>
          </gpxtpx:TrackPointExtension>
        </extensions>
      </trkpt>
      <trkpt lat="46.1169364740" lon="7.1043884543">
        <ele>476.49</ele>
        <time>2026-05-17T07:36:24.000Z</time>
        <extensions>
          <power>210</power>
          <gpxtpx:TrackPointExtension>
            <gpxtpx:atemp>18.5</gpxtpx:atemp>
            <gpxtpx:hr>124</gpxtpx:hr>
            <gpxtpx:cad>84</gpxtpx:cad>
          </gpxtpx:TrackPointExtension>
        </extensions>
      </trkpt>
      <trkpt lat="46.1169681149" lon="7.1044843312">
        <ele>476.53</ele>
        <time>2026-05-17T07:36:25.000Z</time>
        <extensions>
          <power>210</power>
          <gpxtpx:TrackPointExtension>
            <gpxtpx:atemp>18.5</gpxtpx:atemp>
            <gpxtpx:hr>124</gpxtpx:hr>
            <gpxtpx:cad>84</gpxtpx:cad>
          </gpxtpx:TrackPointExtension>
        </extensions>
      </trkpt>
      <trkpt lat="46.1170070695" lon="7.1045828880">
        <ele>476.57</ele>
        <time>2026-05-17T07:36:26.000Z</time>
        <extensions>
          <power>210</power>
          <gpxtpx:TrackPointExtension>
            <gpxtpx:atemp>18.5</gpxtpx:atemp>
            <gpxtpx:hr>124</gpxtpx:hr>
            <gpxtpx:cad>84</gpxtpx:cad>
          </gpxtpx:TrackPointExtension>
        </extensions>
      </trkpt>
      <trkpt lat="46.1170415310" lon="7.1046729517">
        <ele>476.61</ele>
        <time>2026-05-17T07:36:27.000Z</time>
        <extensions>
          <power>210</power>
          <gpxtpx:TrackPointExtension>
            <gpxtpx:atemp>18.5</gpxtpx:atemp>
            <gpxtpx:hr>124</gpxtpx:hr>
            <gpxtpx:cad>84</gpxtpx:cad>
          </gpxtpx:TrackPointExtension>
        </extensions>
      </trkpt>
      <trkpt lat="46.1170701015" lon="7.1047722336">
        <ele>476.65</ele>
        <time>2026-05-17T07:36:28.000Z</time>
        <extensions>
          <power>210</power>
          <gpxtpx:TrackPointExtension>
            <gpxtpx:atemp>18.5</gpxtpx:atemp>
            <gpxtpx:hr>124</gpxtpx:hr>
            <gpxtpx:cad>84</gpxtpx:cad>
          </gpxtpx:TrackPointExtension>
        </extensions>
      </trkpt>
      <trkpt lat="46.1170996074" lon="7.1048627388">
        <ele>476.69</ele>
        <time>2026-05-17T07:36:29.000Z</time>
        <extensions>
          <power>210</power>
          <gpxtpx:TrackPointExtension>
            <gpxtpx:atemp>18.5</gpxtpx:atemp>
            <gpxtpx:hr>124</gpxtpx:hr>
            <gpxtpx:cad>84</gpxtpx:cad>
          </gpxtpx:TrackPointExtension>
        </extensions>
      </trkpt>
      <trkpt lat="46.1171374836" lon="7.1049576705">
        <ele>476.73</ele>
        <time>2026-05-17T07:36:30.000Z</time>
        <extensions>
          <power>210</power>
          <gpxtpx:TrackPointExtension>
            <gpxtpx:atemp>18.5</gpxtpx:atemp>
            <gpxtpx:hr>124</gpxtpx:hr>
            <gpxtpx:cad>83</gpxtpx:cad>
          </gpxtpx:TrackPointExtension>
        </extensions>
      </trkpt>
      <trkpt lat="46.1171702446" lon="7.1050550826">
        <ele>476.77</ele>
        <time>2026-05-17T07:36:31.000Z</time>
        <extensions>
          <power>210</power>
          <gpxtpx:TrackPointExtension>
            <gpxtpx:atemp>18.5</gpxtpx:atemp>
            <gpxtpx:hr>124</gpxtpx:hr>
            <gpxtpx:cad>83</gpxtpx:cad>
          </gpxtpx:TrackPointExtension>
        </extensions>
      </trkpt>
      <trkpt lat="46.1171996305" lon="7.1051443951">
        <ele>476.81</ele>
        <time>2026-05-17T07:36:32.000Z</time>
        <extensions>
          <power>210</power>
          <gpxtpx:TrackPointExtension>
            <gpxtpx:atemp>18.5</gpxtpx:atemp>
            <gpxtpx:hr>124</gpxtpx:hr>
            <gpxtpx:cad>83</gpxtpx:cad>
          </gpxtpx:TrackPointExtension>
        </extensions>
      </trkpt>
      <trkpt lat="46.1172297158" lon="7.1052423032">
        <ele>476.85</ele>
        <time>2026-05-17T07:36:33.000Z</time>
        <extensions>
          <power>210</power>
          <gpxtpx:TrackPointExtension>
            <gpxtpx:atemp>18.5</gpxtpx:atemp>
            <gpxtpx:hr>124</gpxtpx:hr>
            <gpxtpx:cad>83</gpxtpx:cad>
          </gpxtpx:TrackPointExtension>
        </extensions>
      </trkpt>
      <trkpt lat="46.1172683978" lon="7.1053289781">
        <ele>476.89</ele>
        <time>2026-05-17T07:36:34.000Z</time>
        <extensions>
          <power>210</power>
          <gpxtpx:TrackPointExtension>
            <gpxtpx:atemp>18.5</gpxtpx:atemp>
            <gpxtpx:hr>124</gpxtpx:hr>
            <gpxtpx:cad>83</gpxtpx:cad>
          </gpxtpx:TrackPointExtension>
        </extensions>
      </trkpt>
      <trkpt lat="46.1172983209" lon="7.1054196065">
        <ele>476.93</ele>
        <time>2026-05-17T07:36:35.000Z</time>
        <extensions>
          <power>210</power>
          <gpxtpx:TrackPointExtension>
            <gpxtpx:atemp>18.5</gpxtpx:atemp>
            <gpxtpx:hr>125</gpxtpx:hr>
            <gpxtpx:cad>82</gpxtpx:cad>
          </gpxtpx:TrackPointExtension>
        </extensions>
      </trkpt>
      <trkpt lat="46.1173293293" lon="7.1055166204">
        <ele>476.97</ele>
        <time>2026-05-17T07:36:36.000Z</time>
        <extensions>
          <power>210</power>
          <gpxtpx:TrackPointExtension>
            <gpxtpx:atemp>18.5</gpxtpx:atemp>
            <gpxtpx:hr>125</gpxtpx:hr>
            <gpxtpx:cad>82</gpxtpx:cad>
          </gpxtpx:TrackPointExtension>
        </extensions>
      </trkpt>
      <trkpt lat="46.1173606161" lon="7.1056016670">
        <ele>477.01</ele>
        <time>2026-05-17T07:36:37.000Z</time>
        <extensions>
          <power>210</power>
          <gpxtpx:TrackPointExtension>
            <gpxtpx:atemp>18.5</gpxtpx:atemp>
            <gpxtpx:hr>125</gpxtpx:hr>
            <gpxtpx:cad>82</gpxtpx:cad>
          </gpxtpx:TrackPointExtension>
        </extensions>
      </trkpt>
      <trkpt lat="46.1173956561" lon="7.1057011812">
        <ele>477.05</ele>
        <time>2026-05-17T07:36:38.000Z</time>
        <extensions>
          <power>210</power>
          <gpxtpx:TrackPointExtension>
            <gpxtpx:atemp>18.5</gpxtpx:atemp>
            <gpxtpx:hr>125</gpxtpx:hr>
            <gpxtpx:cad>82</gpxtpx:cad>
          </gpxtpx:TrackPointExtension>
        </extensions>
      </trkpt>
      <trkpt lat="46.1174329919" lon="7.1057907865">
        <ele>477.09</ele>
        <time>2026-05-17T07:36:39.000Z</time>
        <extensions>
          <power>210</power>
          <gpxtpx:TrackPointExtension>
            <gpxtpx:atemp>18.5</gpxtpx:atemp>
            <gpxtpx:hr>125</gpxtpx:hr>
            <gpxtpx:cad>81</gpxtpx:cad>
          </gpxtpx:TrackPointExtension>
        </extensions>
      </trkpt>
      <trkpt lat="46.1174723343" lon="7.1058849731">
        <ele>477.13</ele>
        <time>2026-05-17T07:36:40.000Z</time>
        <extensions>
          <power>210</power>
          <gpxtpx:TrackPointExtension>
            <gpxtpx:atemp>18.5</gpxtpx:atemp>
            <gpxtpx:hr>125</gpxtpx:hr>
            <gpxtpx:cad>81</gpxtpx:cad>
          </gpxtpx:TrackPointExtension>
        </extensions>
      </trkpt>
      <trkpt lat="46.1175058920" lon="7.1059704537">
        <ele>477.17</ele>
        <time>2026-05-17T07:36:41.000Z</time>
        <extensions>
          <power>210</power>
          <gpxtpx:TrackPointExtension>
            <gpxtpx:atemp>18.5</gpxtpx:atemp>
            <gpxtpx:hr>125</gpxtpx:hr>
            <gpxtpx:cad>81</gpxtpx:cad>
          </gpxtpx:TrackPointExtension>
        </extensions>
      </trkpt>
      <trkpt lat="46.1175442330" lon="7.1060644259">
        <ele>477.22</ele>
        <time>2026-05-17T07:36:42.000Z</time>
        <extensions>
          <power>210</power>
          <gpxtpx:TrackPointExtension>
            <gpxtpx:atemp>18.5</gpxtpx:atemp>
            <gpxtpx:hr>125</gpxtpx:hr>
            <gpxtpx:cad>81</gpxtpx:cad>
          </gpxtpx:TrackPointExtension>
        </extensions>
      </trkpt>
      <trkpt lat="46.1175816296" lon="7.1061498397">
        <ele>477.26</ele>
        <time>2026-05-17T07:36:43.000Z</time>
        <extensions>
          <power>210</power>
          <gpxtpx:TrackPointExtension>
            <gpxtpx:atemp>18.5</gpxtpx:atemp>
            <gpxtpx:hr>125</gpxtpx:hr>
            <gpxtpx:cad>81</gpxtpx:cad>
          </gpxtpx:TrackPointExtension>
        </extensions>
      </trkpt>
      <trkpt lat="46.1176191057" lon="7.1062385247">
        <ele>477.30</ele>
        <time>2026-05-17T07:36:44.000Z</time>
        <extensions>
          <power>210</power>
          <gpxtpx:TrackPointExtension>
            <gpxtpx:atemp>18.5</gpxtpx:atemp>
            <gpxtpx:hr>125</gpxtpx:hr>
            <gpxtpx:cad>80</gpxtpx:cad>
          </gpxtpx:TrackPointExtension>
        </extensions>
      </trkpt>
      <trkpt lat="46.1176560511" lon="7.1063351786">
        <ele>477.34</ele>
        <time>2026-05-17T07:36:45.000Z</time>
        <extensions>
          <power>210</power>
          <gpxtpx:TrackPointExtension>
            <gpxtpx:atemp>18.5</gpxtpx:atemp>
            <gpxtpx:hr>126</gpxtpx:hr>
            <gpxtpx:cad>80</gpxtpx:cad>
          </gpxtpx:TrackPointExtension>
        </extensions>
      </trkpt>
      <trkpt lat="46.1176944685" lon="7.1064303624">
        <ele>477.38</ele>
        <time>2026-05-17T07:36:46.000Z</time>
        <extensions>
          <power>210</power>
          <gpxtpx:TrackPointExtension>
            <gpxtpx:atemp>18.5</gpxtpx:atemp>
            <gpxtpx:hr>126</gpxtpx:hr>
            <gpxtpx:cad>80</gpxtpx:cad>
          </gpxtpx:TrackPointExtension>
        </extensions>
      </trkpt>
      <trkpt lat="46.1177341808" lon="7.1065219464">
        <ele>477.42</ele>
        <time>2026-05-17T07:36:47.000Z</time>
        <extensions>
          <power>210</power>
          <gpxtpx:TrackPointExtension>
            <gpxtpx:atemp>18.5</gpxtpx:atemp>
            <gpxtpx:hr>126</gpxtpx:hr>
            <gpxtpx:cad>80</gpxtpx:cad>
          </gpxtpx:TrackPointExtension>
        </extensions>
      </trkpt>
      <trkpt lat="46.1177662343" lon="7.1066083393">
        <ele>477.46</ele>
        <time>2026-05-17T07:36:48.000Z</time>
        <extensions>
          <power>210</power>
          <gpxtpx:TrackPointExtension>
            <gpxtpx:atemp>18.5</gpxtpx:atemp>
            <gpxtpx:hr>126</gpxtpx:hr>
            <gpxtpx:cad>80</gpxtpx:cad>
          </gpxtpx:TrackPointExtension>
        </extensions>
      </trkpt>
      <trkpt lat="46.1177988222" lon="7.1067011724">
        <ele>477.50</ele>
        <time>2026-05-17T07:36:49.000Z</time>
        <extensions>
          <power>210</power>
          <gpxtpx:TrackPointExtension>
            <gpxtpx:atemp>18.5</gpxtpx:atemp>
            <gpxtpx:hr>126</gpxtpx:hr>
            <gpxtpx:cad>79</gpxtpx:cad>
          </gpxtpx:TrackPointExtension>
        </extensions>
      </trkpt>
      <trkpt lat="46.1178305564" lon="7.1067959320">
        <ele>477.54</ele>
        <time>2026-05-17T07:36:50.000Z</time>
        <extensions>
          <power>210</power>
          <gpxtpx:TrackPointExtension>
            <gpxtpx:atemp>18.5</gpxtpx:atemp>
            <gpxtpx:hr>126</gpxtpx:hr>
            <gpxtpx:cad>79</gpxtpx:cad>
          </gpxtpx:TrackPointExtension>
        </extensions>
      </trkpt>
      <trkpt lat="46.1178645855" lon="7.1068906191">
        <ele>477.58</ele>
        <time>2026-05-17T07:36:51.000Z</time>
        <extensions>
          <power>210</power>
          <gpxtpx:TrackPointExtension>
            <gpxtpx:atemp>18.5</gpxtpx:atemp>
            <gpxtpx:hr>126</gpxtpx:hr>
            <gpxtpx:cad>79</gpxtpx:cad>
          </gpxtpx:TrackPointExtension>
        </extensions>
      </trkpt>
      <trkpt lat="46.1179028337" lon="7.1069799627">
        <ele>477.62</ele>
        <time>2026-05-17T07:36:52.000Z</time>
        <extensions>
          <power>210</power>
          <gpxtpx:TrackPointExtension>
            <gpxtpx:atemp>18.5</gpxtpx:atemp>
            <gpxtpx:hr>126</gpxtpx:hr>
            <gpxtpx:cad>79</gpxtpx:cad>
          </gpxtpx:TrackPointExtension>
        </extensions>
      </trkpt>
      <trkpt lat="46.1179374783" lon="7.1070646446">
        <ele>477.66</ele>
        <time>2026-05-17T07:36:53.000Z</time>
        <extensions>
          <power>210</power>
          <gpxtpx:TrackPointExtension>
            <gpxtpx:atemp>18.5</gpxtpx:atemp>
            <gpxtpx:hr>126</gpxtpx:hr>
            <gpxtpx:cad>78</gpxtpx:cad>
          </gpxtpx:TrackPointExtension>
        </extensions>
      </trkpt>
      <trkpt lat="46.1179792687" lon="7.1071476567">
        <ele>477.70</ele>
        <time>2026-05-17T07:36:54.000Z</time>
        <extensions>
          <power>210</power>
          <gpxtpx:TrackPointExtension>
            <gpxtpx:atemp>18.5</gpxtpx:atemp>
            <gpxtpx:hr>126</gpxtpx:hr>
            <gpxtpx:cad>78</gpxtpx:cad>
          </gpxtpx:TrackPointExtension>
        </extensions>
      </trkpt>
      <trkpt lat="46.1180179335" lon="7.1072309147">
        <ele>477.74</ele>
        <time>2026-05-17T07:36:55.000Z</time>
        <extensions>
          <power>210</power>
          <gpxtpx:TrackPointExtension>
            <gpxtpx:atemp>18.5</gpxtpx:atemp>
            <gpxtpx:hr>126</gpxtpx:hr>
            <gpxtpx:cad>78</gpxtpx:cad>
          </gpxtpx:TrackPointExtension>
        </extensions>
      </trkpt>
      <trkpt lat="46.1180532033" lon="7.1073223132">
        <ele>477.78</ele>
        <time>2026-05-17T07:36:56.000Z</time>
        <extensions>
          <power>210</power>
          <gpxtpx:TrackPointExtension>
            <gpxtpx:atemp>18.5</gpxtpx:atemp>
            <gpxtpx:hr>126</gpxtpx:hr>
            <gpxtpx:cad>78</gpxtpx:cad>
          </gpxtpx:TrackPointExtension>
        </extensions>
      </trkpt>
      <trkpt lat="46.1180904707" lon="7.1074044895">
        <ele>477.82</ele>
        <time>2026-05-17T07:36:57.000Z</time>
        <extensions>
          <power>210</power>
          <gpxtpx:TrackPointExtension>
            <gpxtpx:atemp>18.5</gpxtpx:atemp>
            <gpxtpx:hr>127</gpxtpx:hr>
            <gpxtpx:cad>77</gpxtpx:cad>
          </gpxtpx:TrackPointExtension>
        </extensions>
      </trkpt>
      <trkpt lat="46.1181281691" lon="7.1074856122">
        <ele>477.86</ele>
        <time>2026-05-17T07:36:58.000Z</time>
        <extensions>
          <power>210</power>
          <gpxtpx:TrackPointExtension>
            <gpxtpx:atemp>18.5</gpxtpx:atemp>
            <gpxtpx:hr>127</gpxtpx:hr>
            <gpxtpx:cad>77</gpxtpx:cad>
          </gpxtpx:TrackPointExtension>
        </extensions>
      </trkpt>
      <trkpt lat="46.1181658217" lon="7.1075762049">
        <ele>477.90</ele>
        <time>2026-05-17T07:36:59.000Z</time>
        <extensions>
          <power>210</power>
          <gpxtpx:TrackPointExtension>
            <gpxtpx:atemp>18.5</gpxtpx:atemp>
            <gpxtpx:hr>127</gpxtpx:hr>
            <gpxtpx:cad>77</gpxtpx:cad>
          </gpxtpx:TrackPointExtension>
        </extensions>
      </trkpt>
      <trkpt lat="46.1182107949" lon="7.1076577521">
        <ele>477.94</ele>
        <time>2026-05-17T07:37:00.000Z</time>
        <extensions>
          <power>210</power>
          <gpxtpx:TrackPointExtension>
            <gpxtpx:atemp>18.5</gpxtpx:atemp>
            <gpxtpx:hr>127</gpxtpx:hr>
            <gpxtpx:cad>77</gpxtpx:cad>
          </gpxtpx:TrackPointExtension>
        </extensions>
      </trkpt>
      <trkpt lat="46.1182477164" lon="7.1077401928">
        <ele>477.98</ele>
        <time>2026-05-17T07:37:01.000Z</time>
        <extensions>
          <power>210</power>
          <gpxtpx:TrackPointExtension>
            <gpxtpx:atemp>18.5</gpxtpx:atemp>
            <gpxtpx:hr>127</gpxtpx:hr>
            <gpxtpx:cad>77</gpxtpx:cad>
          </gpxtpx:TrackPointExtension>
        </extensions>
      </trkpt>
      <trkpt lat="46.1182849374" lon="7.1078286052">
        <ele>478.02</ele>
        <time>2026-05-17T07:37:02.000Z</time>
        <extensions>
          <power>210</power>
          <gpxtpx:TrackPointExtension>
            <gpxtpx:atemp>18.5</gpxtpx:atemp>
            <gpxtpx:hr>127</gpxtpx:hr>
            <gpxtpx:cad>76</gpxtpx:cad>
          </gpxtpx:TrackPointExtension>
        </extensions>
      </trkpt>
      <trkpt lat="46.1183210133" lon="7.1079223818">
        <ele>478.06</ele>
        <time>2026-05-17T07:37:03.000Z</time>
        <extensions>
          <power>210</power>
          <gpxtpx:TrackPointExtension>
            <gpxtpx:atemp>18.5</gpxtpx:atemp>
            <gpxtpx:hr>127</gpxtpx:hr>
            <gpxtpx:cad>76</gpxtpx:cad>
          </gpxtpx:TrackPointExtension>
        </extensions>
      </trkpt>
      <trkpt lat="46.1183635570" lon="7.1080090416">
        <ele>478.10</ele>
        <time>2026-05-17T07:37:04.000Z</time>
        <extensions>
          <power>210</power>
          <gpxtpx:TrackPointExtension>
            <gpxtpx:atemp>18.5</gpxtpx:atemp>
            <gpxtpx:hr>127</gpxtpx:hr>
            <gpxtpx:cad>76</gpxtpx:cad>
          </gpxtpx:TrackPointExtension>
        </extensions>
      </trkpt>
      <trkpt lat="46.1184072533" lon="7.1080968526">
        <ele>478.15</ele>
        <time>2026-05-17T07:37:05.000Z</time>
        <extensions>
          <power>210</power>
          <gpxtpx:TrackPointExtension>
            <gpxtpx:atemp>18.5</gpxtpx:atemp>
            <gpxtpx:hr>127</gpxtpx:hr>
            <gpxtpx:cad>76</gpxtpx:cad>
          </gpxtpx:TrackPointExtension>
        </extensions>
      </trkpt>
      <trkpt lat="46.1184466107" lon="7.1081823721">
        <ele>478.19</ele>
        <time>2026-05-17T07:37:06.000Z</time>
        <extensions>
          <power>210</power>
          <gpxtpx:TrackPointExtension>
            <gpxtpx:atemp>18.5</gpxtpx:atemp>
            <gpxtpx:hr>127</gpxtpx:hr>
            <gpxtpx:cad>75</gpxtpx:cad>
          </gpxtpx:TrackPointExtension>
        </extensions>
      </trkpt>
      <trkpt lat="46.1184879456" lon="7.1082700956">
        <ele>478.23</ele>
        <time>2026-05-17T07:37:07.000Z</time>
        <extensions>
          <power>210</power>
          <gpxtpx:TrackPointExtension>
            <gpxtpx:atemp>18.5</gpxtpx:atemp>
            <gpxtpx:hr>127</gpxtpx:hr>
            <gpxtpx:cad>75</gpxtpx:cad>
          </gpxtpx:TrackPointExtension>
        </extensions>
      </trkpt>
      <trkpt lat="46.1185277762" lon="7.1083517602">
        <ele>478.27</ele>
        <time>2026-05-17T07:37:08.000Z</time>
        <extensions>
          <power>210</power>
          <gpxtpx:TrackPointExtension>
            <gpxtpx:atemp>18.5</gpxtpx:atemp>
            <gpxtpx:hr>127</gpxtpx:hr>
            <gpxtpx:cad>75</gpxtpx:cad>
          </gpxtpx:TrackPointExtension>
        </extensions>
      </trkpt>
      <trkpt lat="46.1185755522" lon="7.1084412918">
        <ele>478.31</ele>
        <time>2026-05-17T07:37:09.000Z</time>
        <extensions>
          <power>210</power>
          <gpxtpx:TrackPointExtension>
            <gpxtpx:atemp>18.5</gpxtpx:atemp>
            <gpxtpx:hr>127</gpxtpx:hr>
            <gpxtpx:cad>75</gpxtpx:cad>
          </gpxtpx:TrackPointExtension>
        </extensions>
      </trkpt>
      <trkpt lat="46.1186152346" lon="7.1085337398">
        <ele>478.35</ele>
        <time>2026-05-17T07:37:10.000Z</time>
        <extensions>
          <power>210</power>
          <gpxtpx:TrackPointExtension>
            <gpxtpx:atemp>18.5</gpxtpx:atemp>
            <gpxtpx:hr>127</gpxtpx:hr>
            <gpxtpx:cad>75</gpxtpx:cad>
          </gpxtpx:TrackPointExtension>
        </extensions>
      </trkpt>
      <trkpt lat="46.1186555751" lon="7.1086259717">
        <ele>478.39</ele>
        <time>2026-05-17T07:37:11.000Z</time>
        <extensions>
          <power>210</power>
          <gpxtpx:TrackPointExtension>
            <gpxtpx:atemp>18.5</gpxtpx:atemp>
            <gpxtpx:hr>128</gpxtpx:hr>
            <gpxtpx:cad>74</gpxtpx:cad>
          </gpxtpx:TrackPointExtension>
        </extensions>
      </trkpt>
      <trkpt lat="46.1186989213" lon="7.1087120847">
        <ele>478.43</ele>
        <time>2026-05-17T07:37:12.000Z</time>
        <extensions>
          <power>210</power>
          <gpxtpx:TrackPointExtension>
            <gpxtpx:atemp>18.5</gpxtpx:atemp>
            <gpxtpx:hr>128</gpxtpx:hr>
            <gpxtpx:cad>74</gpxtpx:cad>
          </gpxtpx:TrackPointExtension>
        </extensions>
      </trkpt>
      <trkpt lat="46.1187482014" lon="7.1088041360">
        <ele>478.47</ele>
        <time>2026-05-17T07:37:13.000Z</time>
        <extensions>
          <power>210</power>
          <gpxtpx:TrackPointExtension>
            <gpxtpx:atemp>18.5</gpxtpx:atemp>
            <gpxtpx:hr>128</gpxtpx:hr>
            <gpxtpx:cad>74</gpxtpx:cad>
          </gpxtpx:TrackPointExtension>
        </extensions>
      </trkpt>
      <trkpt lat="46.1187889080" lon="7.1088867527">
        <ele>478.51</ele>
        <time>2026-05-17T07:37:14.000Z</time>
        <extensions>
          <power>210</power>
          <gpxtpx:TrackPointExtension>
            <gpxtpx:atemp>18.5</gpxtpx:atemp>
            <gpxtpx:hr>128</gpxtpx:hr>
            <gpxtpx:cad>74</gpxtpx:cad>
          </gpxtpx:TrackPointExtension>
        </extensions>
      </trkpt>
      <trkpt lat="46.1188357165" lon="7.1089735103">
        <ele>478.55</ele>
        <time>2026-05-17T07:37:15.000Z</time>
        <extensions>
          <power>210</power>
          <gpxtpx:TrackPointExtension>
            <gpxtpx:atemp>18.5</gpxtpx:atemp>
            <gpxtpx:hr>128</gpxtpx:hr>
            <gpxtpx:cad>74</gpxtpx:cad>
          </gpxtpx:TrackPointExtension>
        </extensions>
      </trkpt>
      <trkpt lat="46.1188848825" lon="7.1090504303">
        <ele>478.59</ele>
        <time>2026-05-17T07:37:16.000Z</time>
        <extensions>
          <power>210</power>
          <gpxtpx:TrackPointExtension>
            <gpxtpx:atemp>18.5</gpxtpx:atemp>
            <gpxtpx:hr>128</gpxtpx:hr>
            <gpxtpx:cad>73</gpxtpx:cad>
          </gpxtpx:TrackPointExtension>
        </extensions>
      </trkpt>
      <trkpt lat="46.1189289052" lon="7.1091309743">
        <ele>478.64</ele>
        <time>2026-05-17T07:37:17.000Z</time>
        <extensions>
          <power>210</power>
          <gpxtpx:TrackPointExtension>
            <gpxtpx:atemp>18.5</gpxtpx:atemp>
            <gpxtpx:hr>128</gpxtpx:hr>
            <gpxtpx:cad>73</gpxtpx:cad>
          </gpxtpx:TrackPointExtension>
        </extensions>
      </trkpt>
      <trkpt lat="46.1189711871" lon="7.1092182211">
        <ele>478.68</ele>
        <time>2026-05-17T07:37:18.000Z</time>
        <extensions>
          <power>210</power>
          <gpxtpx:TrackPointExtension>
            <gpxtpx:atemp>18.5</gpxtpx:atemp>
            <gpxtpx:hr>128</gpxtpx:hr>
            <gpxtpx:cad>73</gpxtpx:cad>
          </gpxtpx:TrackPointExtension>
        </extensions>
      </trkpt>
      <trkpt lat="46.1190196586" lon="7.1092967501">
        <ele>478.72</ele>
        <time>2026-05-17T07:37:19.000Z</time>
        <extensions>
          <power>210</power>
          <gpxtpx:TrackPointExtension>
            <gpxtpx:atemp>18.5</gpxtpx:atemp>
            <gpxtpx:hr>128</gpxtpx:hr>
            <gpxtpx:cad>73</gpxtpx:cad>
          </gpxtpx:TrackPointExtension>
        </extensions>
      </trkpt>
      <trkpt lat="46.1190697215" lon="7.1093832700">
        <ele>478.76</ele>
        <time>2026-05-17T07:37:20.000Z</time>
        <extensions>
          <power>210</power>
          <gpxtpx:TrackPointExtension>
            <gpxtpx:atemp>18.6</gpxtpx:atemp>
            <gpxtpx:hr>128</gpxtpx:hr>
            <gpxtpx:cad>73</gpxtpx:cad>
          </gpxtpx:TrackPointExtension>
        </extensions>
      </trkpt>
      <trkpt lat="46.1191130965" lon="7.1094652754">
        <ele>478.80</ele>
        <time>2026-05-17T07:37:21.000Z</time>
        <extensions>
          <power>210</power>
          <gpxtpx:TrackPointExtension>
            <gpxtpx:atemp>18.6</gpxtpx:atemp>
            <gpxtpx:hr>128</gpxtpx:hr>
            <gpxtpx:cad>72</gpxtpx:cad>
          </gpxtpx:TrackPointExtension>
        </extensions>
      </trkpt>
      <trkpt lat="46.1191649407" lon="7.1095515987">
        <ele>478.84</ele>
        <time>2026-05-17T07:37:22.000Z</time>
        <extensions>
          <power>210</power>
          <gpxtpx:TrackPointExtension>
            <gpxtpx:atemp>18.6</gpxtpx:atemp>
            <gpxtpx:hr>128</gpxtpx:hr>
            <gpxtpx:cad>72</gpxtpx:cad>
          </gpxtpx:TrackPointExtension>
        </extensions>
      </trkpt>
      <trkpt lat="46.1192096721" lon="7.1096312533">
        <ele>478.88</ele>
        <time>2026-05-17T07:37:23.000Z</time>
        <extensions>
          <power>210</power>
          <gpxtpx:TrackPointExtension>
            <gpxtpx:atemp>18.6</gpxtpx:atemp>
            <gpxtpx:hr>128</gpxtpx:hr>
            <gpxtpx:cad>72</gpxtpx:cad>
          </gpxtpx:TrackPointExtension>
        </extensions>
      </trkpt>
      <trkpt lat="46.1192619027" lon="7.1097155002">
        <ele>478.92</ele>
        <time>2026-05-17T07:37:24.000Z</time>
        <extensions>
          <power>210</power>
          <gpxtpx:TrackPointExtension>
            <gpxtpx:atemp>18.6</gpxtpx:atemp>
            <gpxtpx:hr>128</gpxtpx:hr>
            <gpxtpx:cad>72</gpxtpx:cad>
          </gpxtpx:TrackPointExtension>
        </extensions>
      </trkpt>
      <trkpt lat="46.1193105254" lon="7.1098021714">
        <ele>478.97</ele>
        <time>2026-05-17T07:37:25.000Z</time>
        <extensions>
          <power>210</power>
          <gpxtpx:TrackPointExtension>
            <gpxtpx:atemp>18.6</gpxtpx:atemp>
            <gpxtpx:hr>128</gpxtpx:hr>
            <gpxtpx:cad>72</gpxtpx:cad>
          </gpxtpx:TrackPointExtension>
        </extensions>
      </trkpt>
      <trkpt lat="46.1193634174" lon="7.1098764837">
        <ele>479.01</ele>
        <time>2026-05-17T07:37:26.000Z</time>
        <extensions>
          <power>210</power>
          <gpxtpx:TrackPointExtension>
            <gpxtpx:atemp>18.6</gpxtpx:atemp>
            <gpxtpx:hr>128</gpxtpx:hr>
            <gpxtpx:cad>71</gpxtpx:cad>
          </gpxtpx:TrackPointExtension>
        </extensions>
      </trkpt>
      <trkpt lat="46.1194152567" lon="7.1099583428">
        <ele>479.05</ele>
        <time>2026-05-17T07:37:27.000Z</time>
        <extensions>
          <power>210</power>
          <gpxtpx:TrackPointExtension>
            <gpxtpx:atemp>18.6</gpxtpx:atemp>
            <gpxtpx:hr>128</gpxtpx:hr>
            <gpxtpx:cad>71</gpxtpx:cad>
          </gpxtpx:TrackPointExtension>
        </extensions>
      </trkpt>
      <trkpt lat="46.1194671404" lon="7.1100391595">
        <ele>479.09</ele>
        <time>2026-05-17T07:37:28.000Z</time>
        <extensions>
          <power>210</power>
          <gpxtpx:TrackPointExtension>
            <gpxtpx:atemp>18.6</gpxtpx:atemp>
            <gpxtpx:hr>128</gpxtpx:hr>
            <gpxtpx:cad>71</gpxtpx:cad>
          </gpxtpx:TrackPointExtension>
        </extensions>
      </trkpt>
      <trkpt lat="46.1195145689" lon="7.1101127621">
        <ele>479.13</ele>
        <time>2026-05-17T07:37:29.000Z</time>
        <extensions>
          <power>210</power>
          <gpxtpx:TrackPointExtension>
            <gpxtpx:atemp>18.6</gpxtpx:atemp>
            <gpxtpx:hr>128</gpxtpx:hr>
            <gpxtpx:cad>71</gpxtpx:cad>
          </gpxtpx:TrackPointExtension>
        </extensions>
      </trkpt>
      <trkpt lat="46.1195619995" lon="7.1101910356">
        <ele>479.17</ele>
        <time>2026-05-17T07:37:30.000Z</time>
        <extensions>
          <power>210</power>
          <gpxtpx:TrackPointExtension>
            <gpxtpx:atemp>18.6</gpxtpx:atemp>
            <gpxtpx:hr>128</gpxtpx:hr>
            <gpxtpx:cad>71</gpxtpx:cad>
          </gpxtpx:TrackPointExtension>
        </extensions>
      </trkpt>
      <trkpt lat="46.1196110152" lon="7.1102728689">
        <ele>479.22</ele>
        <time>2026-05-17T07:37:31.000Z</time>
        <extensions>
          <power>210</power>
          <gpxtpx:TrackPointExtension>
            <gpxtpx:atemp>18.6</gpxtpx:atemp>
            <gpxtpx:hr>128</gpxtpx:hr>
            <gpxtpx:cad>71</gpxtpx:cad>
          </gpxtpx:TrackPointExtension>
        </extensions>
      </trkpt>
      <trkpt lat="46.1196618108" lon="7.1103585460">
        <ele>479.26</ele>
        <time>2026-05-17T07:37:32.000Z</time>
        <extensions>
          <power>210</power>
          <gpxtpx:TrackPointExtension>
            <gpxtpx:atemp>18.6</gpxtpx:atemp>
            <gpxtpx:hr>129</gpxtpx:hr>
            <gpxtpx:cad>71</gpxtpx:cad>
          </gpxtpx:TrackPointExtension>
        </extensions>
      </trkpt>
      <trkpt lat="46.1197120893" lon="7.1104429941">
        <ele>479.30</ele>
        <time>2026-05-17T07:37:33.000Z</time>
        <extensions>
          <power>210</power>
          <gpxtpx:TrackPointExtension>
            <gpxtpx:atemp>18.6</gpxtpx:atemp>
            <gpxtpx:hr>129</gpxtpx:hr>
            <gpxtpx:cad>70</gpxtpx:cad>
          </gpxtpx:TrackPointExtension>
        </extensions>
      </trkpt>
      <trkpt lat="46.1197609584" lon="7.1105218583">
        <ele>479.34</ele>
        <time>2026-05-17T07:37:34.000Z</time>
        <extensions>
          <power>210</power>
          <gpxtpx:TrackPointExtension>
            <gpxtpx:atemp>18.6</gpxtpx:atemp>
            <gpxtpx:hr>129</gpxtpx:hr>
            <gpxtpx:cad>70</gpxtpx:cad>
          </gpxtpx:TrackPointExtension>
        </extensions>
      </trkpt>
      <trkpt lat="46.1198153169" lon="7.1105977240">
        <ele>479.38</ele>
        <time>2026-05-17T07:37:35.000Z</time>
        <extensions>
          <power>210</power>
          <gpxtpx:TrackPointExtension>
            <gpxtpx:atemp>18.6</gpxtpx:atemp>
            <gpxtpx:hr>129</gpxtpx:hr>
            <gpxtpx:cad>70</gpxtpx:cad>
          </gpxtpx:TrackPointExtension>
        </extensions>
      </trkpt>
      <trkpt lat="46.1198667031" lon="7.1106758319">
        <ele>479.42</ele>
        <time>2026-05-17T07:37:36.000Z</time>
        <extensions>
          <power>210</power>
          <gpxtpx:TrackPointExtension>
            <gpxtpx:atemp>18.6</gpxtpx:atemp>
            <gpxtpx:hr>129</gpxtpx:hr>
            <gpxtpx:cad>70</gpxtpx:cad>
          </gpxtpx:TrackPointExtension>
        </extensions>
      </trkpt>
      <trkpt lat="46.1199193188" lon="7.1107529779">
        <ele>479.47</ele>
        <time>2026-05-17T07:37:37.000Z</time>
        <extensions>
          <power>210</power>
          <gpxtpx:TrackPointExtension>
            <gpxtpx:atemp>18.6</gpxtpx:atemp>
            <gpxtpx:hr>129</gpxtpx:hr>
            <gpxtpx:cad>70</gpxtpx:cad>
          </gpxtpx:TrackPointExtension>
        </extensions>
      </trkpt>
      <trkpt lat="46.1199669690" lon="7.1108296709">
        <ele>479.51</ele>
        <time>2026-05-17T07:37:38.000Z</time>
        <extensions>
          <power>210</power>
          <gpxtpx:TrackPointExtension>
            <gpxtpx:atemp>18.6</gpxtpx:atemp>
            <gpxtpx:hr>129</gpxtpx:hr>
            <gpxtpx:cad>70</gpxtpx:cad>
          </gpxtpx:TrackPointExtension>
        </extensions>
      </trkpt>
      <trkpt lat="46.1200223732" lon="7.1109147010">
        <ele>479.55</ele>
        <time>2026-05-17T07:37:39.000Z</time>
        <extensions>
          <power>210</power>
          <gpxtpx:TrackPointExtension>
            <gpxtpx:atemp>18.6</gpxtpx:atemp>
            <gpxtpx:hr>129</gpxtpx:hr>
            <gpxtpx:cad>70</gpxtpx:cad>
          </gpxtpx:TrackPointExtension>
        </extensions>
      </trkpt>
      <trkpt lat="46.1200758676" lon="7.1109950660">
        <ele>479.59</ele>
        <time>2026-05-17T07:37:40.000Z</time>
        <extensions>
          <power>210</power>
          <gpxtpx:TrackPointExtension>
            <gpxtpx:atemp>18.6</gpxtpx:atemp>
            <gpxtpx:hr>129</gpxtpx:hr>
            <gpxtpx:cad>69</gpxtpx:cad>
          </gpxtpx:TrackPointExtension>
        </extensions>
      </trkpt>
      <trkpt lat="46.1201247471" lon="7.1110811511">
        <ele>479.64</ele>
        <time>2026-05-17T07:37:41.000Z</time>
        <extensions>
          <power>210</power>
          <gpxtpx:TrackPointExtension>
            <gpxtpx:atemp>18.6</gpxtpx:atemp>
            <gpxtpx:hr>129</gpxtpx:hr>
            <gpxtpx:cad>69</gpxtpx:cad>
          </gpxtpx:TrackPointExtension>
        </extensions>
      </trkpt>
      <trkpt lat="46.1201726826" lon="7.1111662650">
        <ele>479.68</ele>
        <time>2026-05-17T07:37:42.000Z</time>
        <extensions>
          <power>210</power>
          <gpxtpx:TrackPointExtension>
            <gpxtpx:atemp>18.6</gpxtpx:atemp>
            <gpxtpx:hr>129</gpxtpx:hr>
            <gpxtpx:cad>69</gpxtpx:cad>
          </gpxtpx:TrackPointExtension>
        </extensions>
      </trkpt>
      <trkpt lat="46.1202287299" lon="7.1112402225">
        <ele>479.72</ele>
        <time>2026-05-17T07:37:43.000Z</time>
        <extensions>
          <power>210</power>
          <gpxtpx:TrackPointExtension>
            <gpxtpx:atemp>18.6</gpxtpx:atemp>
            <gpxtpx:hr>129</gpxtpx:hr>
            <gpxtpx:cad>69</gpxtpx:cad>
          </gpxtpx:TrackPointExtension>
        </extensions>
      </trkpt>
      <trkpt lat="46.1202787823" lon="7.1113126818">
        <ele>479.76</ele>
        <time>2026-05-17T07:37:44.000Z</time>
        <extensions>
          <power>210</power>
          <gpxtpx:TrackPointExtension>
            <gpxtpx:atemp>18.6</gpxtpx:atemp>
            <gpxtpx:hr>129</gpxtpx:hr>
            <gpxtpx:cad>69</gpxtpx:cad>
          </gpxtpx:TrackPointExtension>
        </extensions>
      </trkpt>
      <trkpt lat="46.1203271018" lon="7.1113960983">
        <ele>479.81</ele>
        <time>2026-05-17T07:37:45.000Z</time>
        <extensions>
          <power>210</power>
          <gpxtpx:TrackPointExtension>
            <gpxtpx:atemp>18.6</gpxtpx:atemp>
            <gpxtpx:hr>129</gpxtpx:hr>
            <gpxtpx:cad>69</gpxtpx:cad>
          </gpxtpx:TrackPointExtension>
        </extensions>
      </trkpt>
      <trkpt lat="46.1203760563" lon="7.1114713570">
        <ele>479.85</ele>
        <time>2026-05-17T07:37:46.000Z</time>
        <extensions>
          <power>210</power>
          <gpxtpx:TrackPointExtension>
            <gpxtpx:atemp>18.6</gpxtpx:atemp>
            <gpxtpx:hr>129</gpxtpx:hr>
            <gpxtpx:cad>69</gpxtpx:cad>
          </gpxtpx:TrackPointExtension>
        </extensions>
      </trkpt>
      <trkpt lat="46.1204295745" lon="7.1115554382">
        <ele>479.89</ele>
        <time>2026-05-17T07:37:47.000Z</time>
        <extensions>
          <power>210</power>
          <gpxtpx:TrackPointExtension>
            <gpxtpx:atemp>18.6</gpxtpx:atemp>
            <gpxtpx:hr>129</gpxtpx:hr>
            <gpxtpx:cad>69</gpxtpx:cad>
          </gpxtpx:TrackPointExtension>
        </extensions>
      </trkpt>
      <trkpt lat="46.1204829667" lon="7.1116383798">
        <ele>479.93</ele>
        <time>2026-05-17T07:37:48.000Z</time>
        <extensions>
          <power>210</power>
          <gpxtpx:TrackPointExtension>
            <gpxtpx:atemp>18.6</gpxtpx:atemp>
            <gpxtpx:hr>129</gpxtpx:hr>
            <gpxtpx:cad>69</gpxtpx:cad>
          </gpxtpx:TrackPointExtension>
        </extensions>
      </trkpt>
      <trkpt lat="46.1205398706" lon="7.1117233018">
        <ele>479.98</ele>
        <time>2026-05-17T07:37:49.000Z</time>
        <extensions>
          <power>210</power>
          <gpxtpx:TrackPointExtension>
            <gpxtpx:atemp>18.6</gpxtpx:atemp>
            <gpxtpx:hr>129</gpxtpx:hr>
            <gpxtpx:cad>69</gpxtpx:cad>
          </gpxtpx:TrackPointExtension>
        </extensions>
      </trkpt>
      <trkpt lat="46.1205893398" lon="7.1117952398">
        <ele>480.02</ele>
        <time>2026-05-17T07:37:50.000Z</time>
        <extensions>
          <power>210</power>
          <gpxtpx:TrackPointExtension>
            <gpxtpx:atemp>18.6</gpxtpx:atemp>
            <gpxtpx:hr>129</gpxtpx:hr>
            <gpxtpx:cad>68</gpxtpx:cad>
          </gpxtpx:TrackPointExtension>
        </extensions>
      </trkpt>
      <trkpt lat="46.1206386547" lon="7.1118773491">
        <ele>480.06</ele>
        <time>2026-05-17T07:37:51.000Z</time>
        <extensions>
          <power>210</power>
          <gpxtpx:TrackPointExtension>
            <gpxtpx:atemp>18.6</gpxtpx:atemp>
            <gpxtpx:hr>129</gpxtpx:hr>
            <gpxtpx:cad>68</gpxtpx:cad>
          </gpxtpx:TrackPointExtension>
        </extensions>
      </trkpt>
      <trkpt lat="46.1206895480" lon="7.1119596109">
        <ele>480.10</ele>
        <time>2026-05-17T07:37:52.000Z</time>
        <extensions>
          <power>210</power>
          <gpxtpx:TrackPointExtension>
            <gpxtpx:atemp>18.6</gpxtpx:atemp>
            <gpxtpx:hr>129</gpxtpx:hr>
            <gpxtpx:cad>68</gpxtpx:cad>
          </gpxtpx:TrackPointExtension>
        </extensions>
      </trkpt>
      <trkpt lat="46.1207455088" lon="7.1120419274">
        <ele>480.15</ele>
        <time>2026-05-17T07:37:53.000Z</time>
        <extensions>
          <power>210</power>
          <gpxtpx:TrackPointExtension>
            <gpxtpx:atemp>18.6</gpxtpx:atemp>
            <gpxtpx:hr>129</gpxtpx:hr>
            <gpxtpx:cad>68</gpxtpx:cad>
          </gpxtpx:TrackPointExtension>
        </extensions>
      </trkpt>
      <trkpt lat="46.1207971277" lon="7.1121170136">
        <ele>480.19</ele>
        <time>2026-05-17T07:37:54.000Z</time>
        <extensions>
          <power>210</power>
          <gpxtpx:TrackPointExtension>
            <gpxtpx:atemp>18.6</gpxtpx:atemp>
            <gpxtpx:hr>129</gpxtpx:hr>
            <gpxtpx:cad>68</gpxtpx:cad>
          </gpxtpx:TrackPointExtension>
        </extensions>
      </trkpt>
      <trkpt lat="46.1208497182" lon="7.1121991381">
        <ele>480.23</ele>
        <time>2026-05-17T07:37:55.000Z</time>
        <extensions>
          <power>210</power>
          <gpxtpx:TrackPointExtension>
            <gpxtpx:atemp>18.6</gpxtpx:atemp>
            <gpxtpx:hr>129</gpxtpx:hr>
            <gpxtpx:cad>68</gpxtpx:cad>
          </gpxtpx:TrackPointExtension>
        </extensions>
      </trkpt>
      <trkpt lat="46.1209035428" lon="7.1122806436">
        <ele>480.28</ele>
        <time>2026-05-17T07:37:56.000Z</time>
        <extensions>
          <power>210</power>
          <gpxtpx:TrackPointExtension>
            <gpxtpx:atemp>18.6</gpxtpx:atemp>
            <gpxtpx:hr>129</gpxtpx:hr>
            <gpxtpx:cad>68</gpxtpx:cad>
          </gpxtpx:TrackPointExtension>
        </extensions>
      </trkpt>
      <trkpt lat="46.1209635193" lon="7.1123536287">
        <ele>480.32</ele>
        <time>2026-05-17T07:37:57.000Z</time>
        <extensions>
          <power>210</power>
          <gpxtpx:TrackPointExtension>
            <gpxtpx:atemp>18.6</gpxtpx:atemp>
            <gpxtpx:hr>129</gpxtpx:hr>
            <gpxtpx:cad>68</gpxtpx:cad>
          </gpxtpx:TrackPointExtension>
        </extensions>
      </trkpt>
      <trkpt lat="46.1210205455" lon="7.1124346334">
        <ele>480.36</ele>
        <time>2026-05-17T07:37:58.000Z</time>
        <extensions>
          <power>210</power>
          <gpxtpx:TrackPointExtension>
            <gpxtpx:atemp>18.6</gpxtpx:atemp>
            <gpxtpx:hr>129</gpxtpx:hr>
            <gpxtpx:cad>68</gpxtpx:cad>
          </gpxtpx:TrackPointExtension>
        </extensions>
      </trkpt>
      <trkpt lat="46.1210810527" lon="7.1125097860">
        <ele>480.41</ele>
        <time>2026-05-17T07:37:59.000Z</time>
        <extensions>
          <power>210</power>
          <gpxtpx:TrackPointExtension>
            <gpxtpx:atemp>18.6</gpxtpx:atemp>
            <gpxtpx:hr>129</gpxtpx:hr>
            <gpxtpx:cad>68</gpxtpx:cad>
          </gpxtpx:TrackPointExtension>
        </extensions>
      </trkpt>
      <trkpt lat="46.1211016317" lon="7.1125473442">
        <ele>480.57</ele>
        <time>2026-05-17T07:38:00.000Z</time>
        <extensions>
          <power>210</power>
          <gpxtpx:TrackPointExtension>
            <gpxtpx:atemp>18.6</gpxtpx:atemp>
            <gpxtpx:hr>151</gpxtpx:hr>
            <gpxtpx:cad>68</gpxtpx:cad>
          </gpxtpx:TrackPointExtension>
        </extensions>
      </trkpt>
      <trkpt lat="46.1211213026" lon="7.1125734072">
        <ele>480.73</ele>
        <time>2026-05-17T07:38:01.000Z</time>
        <extensions>
          <power>210</power>
          <gpxtpx:TrackPointExtension>
            <gpxtpx:atemp>18.6</gpxtpx:atemp>
            <gpxtpx:hr>151</gpxtpx:hr>
            <gpxtpx:cad>68</gpxtpx:cad>
          </gpxtpx:TrackPointExtension>
        </extensions>
      </trkpt>
      <trkpt lat="46.1211465473" lon="7.1126058183">
        <ele>480.89</ele>
        <time>2026-05-17T07:38:02.000Z</time>
        <extensions>
          <power>210</power>
          <gpxtpx:TrackPointExtension>
            <gpxtpx:atemp>18.6</gpxtpx:atemp>
            <gpxtpx:hr>151</gpxtpx:hr>
            <gpxtpx:cad>68</gpxtpx:cad>
          </gpxtpx:TrackPointExtension>
        </extensions>
      </trkpt>
      <trkpt lat="46.1211726871" lon="7.1126457405">
        <ele>481.05</ele>
        <time>2026-05-17T07:38:03.000Z</time>
        <extensions>
          <power>210</power>
          <gpxtpx:TrackPointExtension>
            <gpxtpx:atemp>18.6</gpxtpx:atemp>
            <gpxtpx:hr>151</gpxtpx:hr>
            <gpxtpx:cad>68</gpxtpx:cad>
          </gpxtpx:TrackPointExtension>
        </extensions>
      </trkpt>
      <trkpt lat="46.1212018447" lon="7.1126720729">
        <ele>481.22</ele>
        <time>2026-05-17T07:38:04.000Z</time>
        <extensions>
          <power>210</power>
          <gpxtpx:TrackPointExtension>
            <gpxtpx:atemp>18.6</gpxtpx:atemp>
            <gpxtpx:hr>151</gpxtpx:hr>
            <gpxtpx:cad>68</gpxtpx:cad>
          </gpxtpx:TrackPointExtension>
        </extensions>
      </trkpt>
      <trkpt lat="46.1212308071" lon="7.1127089353">
        <ele>481.38</ele>
        <time>2026-05-17T07:38:05.000Z</time>
        <extensions>
          <power>210</power>
          <gpxtpx:TrackPointExtension>
            <gpxtpx:atemp>18.6</gpxtpx:atemp>
            <gpxtpx:hr>151</gpxtpx:hr>
            <gpxtpx:cad>68</gpxtpx:cad>
          </gpxtpx:TrackPointExtension>
        </extensions>
      </trkpt>
      <trkpt lat="46.1212547617" lon="7.1127372211">
        <ele>481.54</ele>
        <time>2026-05-17T07:38:06.000Z</time>
        <extensions>
          <power>210</power>
          <gpxtpx:TrackPointExtension>
            <gpxtpx:atemp>18.6</gpxtpx:atemp>
            <gpxtpx:hr>151</gpxtpx:hr>
            <gpxtpx:cad>68</gpxtpx:cad>
          </gpxtpx:TrackPointExtension>
        </extensions>
      </trkpt>
      <trkpt lat="46.1212802541" lon="7.1127762503">
        <ele>481.71</ele>
        <time>2026-05-17T07:38:07.000Z</time>
        <extensions>
          <power>210</power>
          <gpxtpx:TrackPointExtension>
            <gpxtpx:atemp>18.6</gpxtpx:atemp>
            <gpxtpx:hr>151</gpxtpx:hr>
            <gpxtpx:cad>68</gpxtpx:cad>
          </gpxtpx:TrackPointExtension>
        </extensions>
      </trkpt>
      <trkpt lat="46.1213011357" lon="7.1128071676">
        <ele>481.88</ele>
        <time>2026-05-17T07:38:08.000Z</time>
        <extensions>
          <power>210</power>
          <gpxtpx:TrackPointExtension>
            <gpxtpx:atemp>18.6</gpxtpx:atemp>
            <gpxtpx:hr>151</gpxtpx:hr>
            <gpxtpx:cad>68</gpxtpx:cad>
          </gpxtpx:TrackPointExtension>
        </extensions>
      </trkpt>
      <trkpt lat="46.1213248083" lon="7.1128400885">
        <ele>482.04</ele>
        <time>2026-05-17T07:38:09.000Z</time>
        <extensions>
          <power>210</power>
          <gpxtpx:TrackPointExtension>
            <gpxtpx:atemp>18.6</gpxtpx:atemp>
            <gpxtpx:hr>151</gpxtpx:hr>
            <gpxtpx:cad>68</gpxtpx:cad>
          </gpxtpx:TrackPointExtension>
        </extensions>
      </trkpt>
      <trkpt lat="46.1213542106" lon="7.1128808293">
        <ele>482.21</ele>
        <time>2026-05-17T07:38:10.000Z</time>
        <extensions>
          <power>210</power>
          <gpxtpx:TrackPointExtension>
            <gpxtpx:atemp>18.6</gpxtpx:atemp>
            <gpxtpx:hr>151</gpxtpx:hr>
            <gpxtpx:cad>68</gpxtpx:cad>
          </gpxtpx:TrackPointExtension>
        </extensions>
      </trkpt>
      <trkpt lat="46.1213735595" lon="7.1129187552">
        <ele>482.38</ele>
        <time>2026-05-17T07:38:11.000Z</time>
        <extensions>
          <power>210</power>
          <gpxtpx:TrackPointExtension>
            <gpxtpx:atemp>18.6</gpxtpx:atemp>
            <gpxtpx:hr>151</gpxtpx:hr>
            <gpxtpx:cad>68</gpxtpx:cad>
          </gpxtpx:TrackPointExtension>
        </extensions>
      </trkpt>
      <trkpt lat="46.1213927652" lon="7.1129510751">
        <ele>482.55</ele>
        <time>2026-05-17T07:38:12.000Z</time>
        <extensions>
          <power>210</power>
          <gpxtpx:TrackPointExtension>
            <gpxtpx:atemp>18.6</gpxtpx:atemp>
            <gpxtpx:hr>151</gpxtpx:hr>
            <gpxtpx:cad>68</gpxtpx:cad>
          </gpxtpx:TrackPointExtension>
        </extensions>
      </trkpt>
      <trkpt lat="46.1214203362" lon="7.1129773416">
        <ele>482.72</ele>
        <time>2026-05-17T07:38:13.000Z</time>
        <extensions>
          <power>210</power>
          <gpxtpx:TrackPointExtension>
            <gpxtpx:atemp>18.6</gpxtpx:atemp>
            <gpxtpx:hr>151</gpxtpx:hr>
            <gpxtpx:cad>68</gpxtpx:cad>
          </gpxtpx:TrackPointExtension>
        </extensions>
      </trkpt>
      <trkpt lat="46.1214474942" lon="7.1130144327">
        <ele>482.89</ele>
        <time>2026-05-17T07:38:14.000Z</time>
        <extensions>
          <power>210</power>
          <gpxtpx:TrackPointExtension>
            <gpxtpx:atemp>18.6</gpxtpx:atemp>
            <gpxtpx:hr>151</gpxtpx:hr>
            <gpxtpx:cad>68</gpxtpx:cad>
          </gpxtpx:TrackPointExtension>
        </extensions>
      </trkpt>
      <trkpt lat="46.1214742268" lon="7.1130406926">
        <ele>483.06</ele>
        <time>2026-05-17T07:38:15.000Z</time>
        <extensions>
          <power>210</power>
          <gpxtpx:TrackPointExtension>
            <gpxtpx:atemp>18.6</gpxtpx:atemp>
            <gpxtpx:hr>151</gpxtpx:hr>
            <gpxtpx:cad>68</gpxtpx:cad>
          </gpxtpx:TrackPointExtension>
        </extensions>
      </trkpt>
      <trkpt lat="46.1214976606" lon="7.1130773597">
        <ele>483.23</ele>
        <time>2026-05-17T07:38:16.000Z</time>
        <extensions>
          <power>210</power>
          <gpxtpx:TrackPointExtension>
            <gpxtpx:atemp>18.6</gpxtpx:atemp>
            <gpxtpx:hr>151</gpxtpx:hr>
            <gpxtpx:cad>68</gpxtpx:cad>
          </gpxtpx:TrackPointExtension>
        </extensions>
      </trkpt>
      <trkpt lat="46.1215196997" lon="7.1131080305">
        <ele>483.40</ele>
        <time>2026-05-17T07:38:17.000Z</time>
        <extensions>
          <power>210</power>
          <gpxtpx:TrackPointExtension>
            <gpxtpx:atemp>18.6</gpxtpx:atemp>
            <gpxtpx:hr>151</gpxtpx:hr>
            <gpxtpx:cad>68</gpxtpx:cad>
          </gpxtpx:TrackPointExtension>
        </extensions>
      </trkpt>
      <trkpt lat="46.1215394695" lon="7.1131349000">
        <ele>483.58</ele>
        <time>2026-05-17T07:38:18.000Z</time>
        <extensions>
          <power>210</power>
          <gpxtpx:TrackPointExtension>
            <gpxtpx:atemp>18.6</gpxtpx:atemp>
            <gpxtpx:hr>151</gpxtpx:hr>
            <gpxtpx:cad>69</gpxtpx:cad>
          </gpxtpx:TrackPointExtension>
        </extensions>
      </trkpt>
      <trkpt lat="46.1215601529" lon="7.1131741980">
        <ele>483.75</ele>
        <time>2026-05-17T07:38:19.000Z</time>
        <extensions>
          <power>210</power>
          <gpxtpx:TrackPointExtension>
            <gpxtpx:atemp>18.6</gpxtpx:atemp>
            <gpxtpx:hr>152</gpxtpx:hr>
            <gpxtpx:cad>69</gpxtpx:cad>
          </gpxtpx:TrackPointExtension>
        </extensions>
      </trkpt>
      <trkpt lat="46.1215807111" lon="7.1132058913">
        <ele>483.93</ele>
        <time>2026-05-17T07:38:20.000Z</time>
        <extensions>
          <power>210</power>
          <gpxtpx:TrackPointExtension>
            <gpxtpx:atemp>18.6</gpxtpx:atemp>
            <gpxtpx:hr>152</gpxtpx:hr>
            <gpxtpx:cad>69</gpxtpx:cad>
          </gpxtpx:TrackPointExtension>
        </extensions>
      </trkpt>
      <trkpt lat="46.1216078343" lon="7.1132387855">
        <ele>484.10</ele>
        <time>2026-05-17T07:38:21.000Z</time>
        <extensions>
          <power>210</power>
          <gpxtpx:TrackPointExtension>
            <gpxtpx:atemp>18.6</gpxtpx:atemp>
            <gpxtpx:hr>152</gpxtpx:hr>
            <gpxtpx:cad>69</gpxtpx:cad>
          </gpxtpx:TrackPointExtension>
        </extensions>
      </trkpt>
      <trkpt lat="46.1216333449" lon="7.1132774179">
        <ele>484.28</ele>
        <time>2026-05-17T07:38:22.000Z</time>
        <extensions>
          <power>210</power>
          <gpxtpx:TrackPointExtension>
            <gpxtpx:atemp>18.6</gpxtpx:atemp>
            <gpxtpx:hr>152</gpxtpx:hr>
            <gpxtpx:cad>69</gpxtpx:cad>
          </gpxtpx:TrackPointExtension>
        </extensions>
      </trkpt>
      <trkpt lat="46.1216620276" lon="7.1133078471">
        <ele>484.46</ele>
        <time>2026-05-17T07:38:23.000Z</time>
        <extensions>
          <power>210</power>
          <gpxtpx:TrackPointExtension>
            <gpxtpx:atemp>18.6</gpxtpx:atemp>
            <gpxtpx:hr>152</gpxtpx:hr>
            <gpxtpx:cad>69</gpxtpx:cad>
          </gpxtpx:TrackPointExtension>
        </extensions>
      </trkpt>
      <trkpt lat="46.1216921404" lon="7.1133399951">
        <ele>484.63</ele>
        <time>2026-05-17T07:38:24.000Z</time>
        <extensions>
          <power>210</power>
          <gpxtpx:TrackPointExtension>
            <gpxtpx:atemp>18.6</gpxtpx:atemp>
            <gpxtpx:hr>152</gpxtpx:hr>
            <gpxtpx:cad>69</gpxtpx:cad>
          </gpxtpx:TrackPointExtension>
        </extensions>
      </trkpt>
      <trkpt lat="46.1217224227" lon="7.1133717983">
        <ele>484.81</ele>
        <time>2026-05-17T07:38:25.000Z</time>
        <extensions>
          <power>210</power>
          <gpxtpx:TrackPointExtension>
            <gpxtpx:atemp>18.6</gpxtpx:atemp>
            <gpxtpx:hr>152</gpxtpx:hr>
            <gpxtpx:cad>69</gpxtpx:cad>
          </gpxtpx:TrackPointExtension>
        </extensions>
      </trkpt>
      <trkpt lat="46.1217433343" lon="7.1134090092">
        <ele>484.99</ele>
        <time>2026-05-17T07:38:26.000Z</time>
        <extensions>
          <power>210</power>
          <gpxtpx:TrackPointExtension>
            <gpxtpx:atemp>18.6</gpxtpx:atemp>
            <gpxtpx:hr>152</gpxtpx:hr>
            <gpxtpx:cad>69</gpxtpx:cad>
          </gpxtpx:TrackPointExtension>
        </extensions>
      </trkpt>
      <trkpt lat="46.1217693009" lon="7.1134477815">
        <ele>485.17</ele>
        <time>2026-05-17T07:38:27.000Z</time>
        <extensions>
          <power>210</power>
          <gpxtpx:TrackPointExtension>
            <gpxtpx:atemp>18.6</gpxtpx:atemp>
            <gpxtpx:hr>152</gpxtpx:hr>
            <gpxtpx:cad>69</gpxtpx:cad>
          </gpxtpx:TrackPointExtension>
        </extensions>
      </trkpt>
      <trkpt lat="46.1217917705" lon="7.1134746075">
        <ele>485.35</ele>
        <time>2026-05-17T07:38:28.000Z</time>
        <extensions>
          <power>210</power>
          <gpxtpx:TrackPointExtension>
            <gpxtpx:atemp>18.6</gpxtpx:atemp>
            <gpxtpx:hr>152</gpxtpx:hr>
            <gpxtpx:cad>69</gpxtpx:cad>
          </gpxtpx:TrackPointExtension>
        </extensions>
      </trkpt>
      <trkpt lat="46.1218206906" lon="7.1135133199">
        <ele>485.53</ele>
        <time>2026-05-17T07:38:29.000Z</time>
        <extensions>
          <power>210</power>
          <gpxtpx:TrackPointExtension>
            <gpxtpx:atemp>18.6</gpxtpx:atemp>
            <gpxtpx:hr>152</gpxtpx:hr>
            <gpxtpx:cad>70</gpxtpx:cad>
          </gpxtpx:TrackPointExtension>
        </extensions>
      </trkpt>
      <trkpt lat="46.1218422939" lon="7.1135528391">
        <ele>485.72</ele>
        <time>2026-05-17T07:38:30.000Z</time>
        <extensions>
          <power>210</power>
          <gpxtpx:TrackPointExtension>
            <gpxtpx:atemp>18.6</gpxtpx:atemp>
            <gpxtpx:hr>152</gpxtpx:hr>
            <gpxtpx:cad>70</gpxtpx:cad>
          </gpxtpx:TrackPointExtension>
        </extensions>
      </trkpt>
      <trkpt lat="46.1218626468" lon="7.1135839823">
        <ele>485.90</ele>
        <time>2026-05-17T07:38:31.000Z</time>
        <extensions>
          <power>210</power>
          <gpxtpx:TrackPointExtension>
            <gpxtpx:atemp>18.6</gpxtpx:atemp>
            <gpxtpx:hr>152</gpxtpx:hr>
            <gpxtpx:cad>70</gpxtpx:cad>
          </gpxtpx:TrackPointExtension>
        </extensions>
      </trkpt>
      <trkpt lat="46.1218907959" lon="7.1136232400">
        <ele>486.08</ele>
        <time>2026-05-17T07:38:32.000Z</time>
        <extensions>
          <power>210</power>
          <gpxtpx:TrackPointExtension>
            <gpxtpx:atemp>18.6</gpxtpx:atemp>
            <gpxtpx:hr>152</gpxtpx:hr>
            <gpxtpx:cad>70</gpxtpx:cad>
          </gpxtpx:TrackPointExtension>
        </extensions>
      </trkpt>
      <trkpt lat="46.1219191971" lon="7.1136496222">
        <ele>486.27</ele>
        <time>2026-05-17T07:38:33.000Z</time>
        <extensions>
          <power>210</power>
          <gpxtpx:TrackPointExtension>
            <gpxtpx:atemp>18.6</gpxtpx:atemp>
            <gpxtpx:hr>152</gpxtpx:hr>
            <gpxtpx:cad>70</gpxtpx:cad>
          </gpxtpx:TrackPointExtension>
        </extensions>
      </trkpt>
      <trkpt lat="46.1219431249" lon="7.1136759219">
        <ele>486.45</ele>
        <time>2026-05-17T07:38:34.000Z</time>
        <extensions>
          <power>210</power>
          <gpxtpx:TrackPointExtension>
            <gpxtpx:atemp>18.6</gpxtpx:atemp>
            <gpxtpx:hr>152</gpxtpx:hr>
            <gpxtpx:cad>70</gpxtpx:cad>
          </gpxtpx:TrackPointExtension>
        </extensions>
      </trkpt>
      <trkpt lat="46.1219742342" lon="7.1137020736">
        <ele>486.64</ele>
        <time>2026-05-17T07:38:35.000Z</time>
        <extensions>
          <power>210</power>
          <gpxtpx:TrackPointExtension>
            <gpxtpx:atemp>18.6</gpxtpx:atemp>
            <gpxtpx:hr>152</gpxtpx:hr>
            <gpxtpx:cad>70</gpxtpx:cad>
          </gpxtpx:TrackPointExtension>
        </extensions>
      </trkpt>
      <trkpt lat="46.1220040022" lon="7.1137408719">
        <ele>486.83</ele>
        <time>2026-05-17T07:38:36.000Z</time>
        <extensions>
          <power>210</power>
          <gpxtpx:TrackPointExtension>
            <gpxtpx:atemp>18.6</gpxtpx:atemp>
            <gpxtpx:hr>152</gpxtpx:hr>
            <gpxtpx:cad>71</gpxtpx:cad>
          </gpxtpx:TrackPointExtension>
        </extensions>
      </trkpt>
      <trkpt lat="46.1220282872" lon="7.1137691165">
        <ele>487.02</ele>
        <time>2026-05-17T07:38:37.000Z</time>
        <extensions>
          <power>210</power>
          <gpxtpx:TrackPointExtension>
            <gpxtpx:atemp>18.6</gpxtpx:atemp>
            <gpxtpx:hr>152</gpxtpx:hr>
            <gpxtpx:cad>71</gpxtpx:cad>
          </gpxtpx:TrackPointExtension>
        </extensions>
      </trkpt>
      <trkpt lat="46.1220592584" lon="7.1137948833">
        <ele>487.20</ele>
        <time>2026-05-17T07:38:38.000Z</time>
        <extensions>
          <power>210</power>
          <gpxtpx:TrackPointExtension>
            <gpxtpx:atemp>18.6</gpxtpx:atemp>
            <gpxtpx:hr>152</gpxtpx:hr>
            <gpxtpx:cad>71</gpxtpx:cad>
          </gpxtpx:TrackPointExtension>
        </extensions>
      </trkpt>
      <trkpt lat="46.1220848333" lon="7.1138245730">
        <ele>487.39</ele>
        <time>2026-05-17T07:38:39.000Z</time>
        <extensions>
          <power>210</power>
          <gpxtpx:TrackPointExtension>
            <gpxtpx:atemp>18.6</gpxtpx:atemp>
            <gpxtpx:hr>152</gpxtpx:hr>
            <gpxtpx:cad>71</gpxtpx:cad>
          </gpxtpx:TrackPointExtension>
        </extensions>
      </trkpt>
      <trkpt lat="46.1221124385" lon="7.1138491705">
        <ele>487.58</ele>
        <time>2026-05-17T07:38:40.000Z</time>
        <extensions>
          <power>210</power>
          <gpxtpx:TrackPointExtension>
            <gpxtpx:atemp>18.6</gpxtpx:atemp>
            <gpxtpx:hr>152</gpxtpx:hr>
            <gpxtpx:cad>71</gpxtpx:cad>
          </gpxtpx:TrackPointExtension>
        </extensions>
      </trkpt>
      <trkpt lat="46.1221386967" lon="7.1138856550">
        <ele>487.78</ele>
        <time>2026-05-17T07:38:41.000Z</time>
        <extensions>
          <power>210</power>
          <gpxtpx:TrackPointExtension>
            <gpxtpx:atemp>18.7</gpxtpx:atemp>
            <gpxtpx:hr>152</gpxtpx:hr>
            <gpxtpx:cad>71</gpxtpx:cad>
          </gpxtpx:TrackPointExtension>
        </extensions>
      </trkpt>
      <trkpt lat="46.1221660485" lon="7.1139094302">
        <ele>487.97</ele>
        <time>2026-05-17T07:38:42.000Z</time>
        <extensions>
          <power>210</power>
          <gpxtpx:TrackPointExtension>
            <gpxtpx:atemp>18.7</gpxtpx:atemp>
            <gpxtpx:hr>153</gpxtpx:hr>
            <gpxtpx:cad>72</gpxtpx:cad>
          </gpxtpx:TrackPointExtension>
        </extensions>
      </trkpt>
      <trkpt lat="46.1221917044" lon="7.1139349529">
        <ele>488.16</ele>
        <time>2026-05-17T07:38:43.000Z</time>
        <extensions>
          <power>210</power>
          <gpxtpx:TrackPointExtension>
            <gpxtpx:atemp>18.7</gpxtpx:atemp>
            <gpxtpx:hr>153</gpxtpx:hr>
            <gpxtpx:cad>72</gpxtpx:cad>
          </gpxtpx:TrackPointExtension>
        </extensions>
      </trkpt>
      <trkpt lat="46.1222163150" lon="7.1139659770">
        <ele>488.35</ele>
        <time>2026-05-17T07:38:44.000Z</time>
        <extensions>
          <power>210</power>
          <gpxtpx:TrackPointExtension>
            <gpxtpx:atemp>18.7</gpxtpx:atemp>
            <gpxtpx:hr>153</gpxtpx:hr>
            <gpxtpx:cad>72</gpxtpx:cad>
          </gpxtpx:TrackPointExtension>
        </extensions>
      </trkpt>
      <trkpt lat="46.1222387812" lon="7.1140039253">
        <ele>488.55</ele>
        <time>2026-05-17T07:38:45.000Z</time>
        <extensions>
          <power>210</power>
          <gpxtpx:TrackPointExtension>
            <gpxtpx:atemp>18.7</gpxtpx:atemp>
            <gpxtpx:hr>153</gpxtpx:hr>
            <gpxtpx:cad>72</gpxtpx:cad>
          </gpxtpx:TrackPointExtension>
        </extensions>
      </trkpt>
      <trkpt lat="46.1222651730" lon="7.1140368871">
        <ele>488.74</ele>
        <time>2026-05-17T07:38:46.000Z</time>
        <extensions>
          <power>210</power>
          <gpxtpx:TrackPointExtension>
            <gpxtpx:atemp>18.7</gpxtpx:atemp>
            <gpxtpx:hr>153</gpxtpx:hr>
            <gpxtpx:cad>72</gpxtpx:cad>
          </gpxtpx:TrackPointExtension>
        </extensions>
      </trkpt>
      <trkpt lat="46.1222862784" lon="7.1140679207">
        <ele>488.94</ele>
        <time>2026-05-17T07:38:47.000Z</time>
        <extensions>
          <power>210</power>
          <gpxtpx:TrackPointExtension>
            <gpxtpx:atemp>18.7</gpxtpx:atemp>
            <gpxtpx:hr>153</gpxtpx:hr>
            <gpxtpx:cad>72</gpxtpx:cad>
          </gpxtpx:TrackPointExtension>
        </extensions>
      </trkpt>
      <trkpt lat="46.1223134759" lon="7.1141048907">
        <ele>489.13</ele>
        <time>2026-05-17T07:38:48.000Z</time>
        <extensions>
          <power>210</power>
          <gpxtpx:TrackPointExtension>
            <gpxtpx:atemp>18.7</gpxtpx:atemp>
            <gpxtpx:hr>153</gpxtpx:hr>
            <gpxtpx:cad>73</gpxtpx:cad>
          </gpxtpx:TrackPointExtension>
        </extensions>
      </trkpt>
      <trkpt lat="46.1223391795" lon="7.1141337231">
        <ele>489.33</ele>
        <time>2026-05-17T07:38:49.000Z</time>
        <extensions>
          <power>210</power>
          <gpxtpx:TrackPointExtension>
            <gpxtpx:atemp>18.7</gpxtpx:atemp>
            <gpxtpx:hr>153</gpxtpx:hr>
            <gpxtpx:cad>73</gpxtpx:cad>
          </gpxtpx:TrackPointExtension>
        </extensions>
      </trkpt>
      <trkpt lat="46.1223608318" lon="7.1141711276">
        <ele>489.53</ele>
        <time>2026-05-17T07:38:50.000Z</time>
        <extensions>
          <power>210</power>
          <gpxtpx:TrackPointExtension>
            <gpxtpx:atemp>18.7</gpxtpx:atemp>
            <gpxtpx:hr>153</gpxtpx:hr>
            <gpxtpx:cad>73</gpxtpx:cad>
          </gpxtpx:TrackPointExtension>
        </extensions>
      </trkpt>
      <trkpt lat="46.1223882626" lon="7.1142078758">
        <ele>489.73</ele>
        <time>2026-05-17T07:38:51.000Z</time>
        <extensions>
          <power>210</power>
          <gpxtpx:TrackPointExtension>
            <gpxtpx:atemp>18.7</gpxtpx:atemp>
            <gpxtpx:hr>153</gpxtpx:hr>
            <gpxtpx:cad>73</gpxtpx:cad>
          </gpxtpx:TrackPointExtension>
        </extensions>
      </trkpt>
      <trkpt lat="46.1224147319" lon="7.1142328892">
        <ele>489.92</ele>
        <time>2026-05-17T07:38:52.000Z</time>
        <extensions>
          <power>210</power>
          <gpxtpx:TrackPointExtension>
            <gpxtpx:atemp>18.7</gpxtpx:atemp>
            <gpxtpx:hr>153</gpxtpx:hr>
            <gpxtpx:cad>73</gpxtpx:cad>
          </gpxtpx:TrackPointExtension>
        </extensions>
      </trkpt>
      <trkpt lat="46.1224413512" lon="7.1142670472">
        <ele>490.12</ele>
        <time>2026-05-17T07:38:53.000Z</time>
        <extensions>
          <power>210</power>
          <gpxtpx:TrackPointExtension>
            <gpxtpx:atemp>18.7</gpxtpx:atemp>
            <gpxtpx:hr>153</gpxtpx:hr>
            <gpxtpx:cad>74</gpxtpx:cad>
          </gpxtpx:TrackPointExtension>
        </extensions>
      </trkpt>
      <trkpt lat="46.1224705182" lon="7.1142972213">
        <ele>490.32</ele>
        <time>2026-05-17T07:38:54.000Z</time>
        <extensions>
          <power>210</power>
          <gpxtpx:TrackPointExtension>
            <gpxtpx:atemp>18.7</gpxtpx:atemp>
            <gpxtpx:hr>153</gpxtpx:hr>
            <gpxtpx:cad>74</gpxtpx:cad>
          </gpxtpx:TrackPointExtension>
        </extensions>
      </trkpt>
      <trkpt lat="46.1225015151" lon="7.1143291153">
        <ele>490.53</ele>
        <time>2026-05-17T07:38:55.000Z</time>
        <extensions>
          <power>210</power>
          <gpxtpx:TrackPointExtension>
            <gpxtpx:atemp>18.7</gpxtpx:atemp>
            <gpxtpx:hr>153</gpxtpx:hr>
            <gpxtpx:cad>74</gpxtpx:cad>
          </gpxtpx:TrackPointExtension>
        </extensions>
      </trkpt>
      <trkpt lat="46.1225263843" lon="7.1143588577">
        <ele>490.73</ele>
        <time>2026-05-17T07:38:56.000Z</time>
        <extensions>
          <power>210</power>
          <gpxtpx:TrackPointExtension>
            <gpxtpx:atemp>18.7</gpxtpx:atemp>
            <gpxtpx:hr>153</gpxtpx:hr>
            <gpxtpx:cad>74</gpxtpx:cad>
          </gpxtpx:TrackPointExtension>
        </extensions>
      </trkpt>
      <trkpt lat="46.1225532800" lon="7.1143887770">
        <ele>490.93</ele>
        <time>2026-05-17T07:38:57.000Z</time>
        <extensions>
          <power>210</power>
          <gpxtpx:TrackPointExtension>
            <gpxtpx:atemp>18.7</gpxtpx:atemp>
            <gpxtpx:hr>153</gpxtpx:hr>
            <gpxtpx:cad>74</gpxtpx:cad>
          </gpxtpx:TrackPointExtension>
        </extensions>
      </trkpt>
      <trkpt lat="46.1225818232" lon="7.1144256990">
        <ele>491.13</ele>
        <time>2026-05-17T07:38:58.000Z</time>
        <extensions>
          <power>210</power>
          <gpxtpx:TrackPointExtension>
            <gpxtpx:atemp>18.7</gpxtpx:atemp>
            <gpxtpx:hr>153</gpxtpx:hr>
            <gpxtpx:cad>75</gpxtpx:cad>
          </gpxtpx:TrackPointExtension>
        </extensions>
      </trkpt>
      <trkpt lat="46.1226050075" lon="7.1144556577">
        <ele>491.34</ele>
        <time>2026-05-17T07:38:59.000Z</time>
        <extensions>
          <power>210</power>
          <gpxtpx:TrackPointExtension>
            <gpxtpx:atemp>18.7</gpxtpx:atemp>
            <gpxtpx:hr>153</gpxtpx:hr>
            <gpxtpx:cad>75</gpxtpx:cad>
          </gpxtpx:TrackPointExtension>
        </extensions>
      </trkpt>
      <trkpt lat="46.1226279467" lon="7.1144920596">
        <ele>491.54</ele>
        <time>2026-05-17T07:39:00.000Z</time>
        <extensions>
          <power>210</power>
          <gpxtpx:TrackPointExtension>
            <gpxtpx:atemp>18.7</gpxtpx:atemp>
            <gpxtpx:hr>153</gpxtpx:hr>
            <gpxtpx:cad>75</gpxtpx:cad>
          </gpxtpx:TrackPointExtension>
        </extensions>
      </trkpt>
      <trkpt lat="46.1226581226" lon="7.1145295049">
        <ele>491.75</ele>
        <time>2026-05-17T07:39:01.000Z</time>
        <extensions>
          <power>210</power>
          <gpxtpx:TrackPointExtension>
            <gpxtpx:atemp>18.7</gpxtpx:atemp>
            <gpxtpx:hr>153</gpxtpx:hr>
            <gpxtpx:cad>75</gpxtpx:cad>
          </gpxtpx:TrackPointExtension>
        </extensions>
      </trkpt>
      <trkpt lat="46.1226819969" lon="7.1145668785">
        <ele>491.95</ele>
        <time>2026-05-17T07:39:02.000Z</time>
        <extensions>
          <power>210</power>
          <gpxtpx:TrackPointExtension>
            <gpxtpx:atemp>18.7</gpxtpx:atemp>
            <gpxtpx:hr>153</gpxtpx:hr>
            <gpxtpx:cad>76</gpxtpx:cad>
          </gpxtpx:TrackPointExtension>
        </extensions>
      </trkpt>
      <trkpt lat="46.1227070997" lon="7.1146001969">
        <ele>492.16</ele>
        <time>2026-05-17T07:39:03.000Z</time>
        <extensions>
          <power>210</power>
          <gpxtpx:TrackPointExtension>
            <gpxtpx:atemp>18.7</gpxtpx:atemp>
            <gpxtpx:hr>153</gpxtpx:hr>
            <gpxtpx:cad>76</gpxtpx:cad>
          </gpxtpx:TrackPointExtension>
        </extensions>
      </trkpt>
      <trkpt lat="46.1227289057" lon="7.1146293008">
        <ele>492.37</ele>
        <time>2026-05-17T07:39:04.000Z</time>
        <extensions>
          <power>210</power>
          <gpxtpx:TrackPointExtension>
            <gpxtpx:atemp>18.7</gpxtpx:atemp>
            <gpxtpx:hr>153</gpxtpx:hr>
            <gpxtpx:cad>76</gpxtpx:cad>
          </gpxtpx:TrackPointExtension>
        </extensions>
      </trkpt>
      <trkpt lat="46.1227500221" lon="7.1146615953">
        <ele>492.58</ele>
        <time>2026-05-17T07:39:05.000Z</time>
        <extensions>
          <power>210</power>
          <gpxtpx:TrackPointExtension>
            <gpxtpx:atemp>18.7</gpxtpx:atemp>
            <gpxtpx:hr>153</gpxtpx:hr>
            <gpxtpx:cad>76</gpxtpx:cad>
          </gpxtpx:TrackPointExtension>
        </extensions>
      </trkpt>
      <trkpt lat="46.1227704432" lon="7.1146935268">
        <ele>492.78</ele>
        <time>2026-05-17T07:39:06.000Z</time>
        <extensions>
          <power>210</power>
          <gpxtpx:TrackPointExtension>
            <gpxtpx:atemp>18.7</gpxtpx:atemp>
            <gpxtpx:hr>153</gpxtpx:hr>
            <gpxtpx:cad>76</gpxtpx:cad>
          </gpxtpx:TrackPointExtension>
        </extensions>
      </trkpt>
      <trkpt lat="46.1227968336" lon="7.1147295451">
        <ele>492.99</ele>
        <time>2026-05-17T07:39:07.000Z</time>
        <extensions>
          <power>210</power>
          <gpxtpx:TrackPointExtension>
            <gpxtpx:atemp>18.7</gpxtpx:atemp>
            <gpxtpx:hr>153</gpxtpx:hr>
            <gpxtpx:cad>77</gpxtpx:cad>
          </gpxtpx:TrackPointExtension>
        </extensions>
      </trkpt>
      <trkpt lat="46.1228215818" lon="7.1147670194">
        <ele>493.20</ele>
        <time>2026-05-17T07:39:08.000Z</time>
        <extensions>
          <power>210</power>
          <gpxtpx:TrackPointExtension>
            <gpxtpx:atemp>18.7</gpxtpx:atemp>
            <gpxtpx:hr>153</gpxtpx:hr>
            <gpxtpx:cad>77</gpxtpx:cad>
          </gpxtpx:TrackPointExtension>
        </extensions>
      </trkpt>
      <trkpt lat="46.1228443128" lon="7.1148004776">
        <ele>493.41</ele>
        <time>2026-05-17T07:39:09.000Z</time>
        <extensions>
          <power>210</power>
          <gpxtpx:TrackPointExtension>
            <gpxtpx:atemp>18.7</gpxtpx:atemp>
            <gpxtpx:hr>153</gpxtpx:hr>
            <gpxtpx:cad>77</gpxtpx:cad>
          </gpxtpx:TrackPointExtension>
        </extensions>
      </trkpt>
      <trkpt lat="46.1228727866" lon="7.1148350899">
        <ele>493.63</ele>
        <time>2026-05-17T07:39:10.000Z</time>
        <extensions>
          <power>210</power>
          <gpxtpx:TrackPointExtension>
            <gpxtpx:atemp>18.7</gpxtpx:atemp>
            <gpxtpx:hr>153</gpxtpx:hr>
            <gpxtpx:cad>77</gpxtpx:cad>
          </gpxtpx:TrackPointExtension>
        </extensions>
      </trkpt>
      <trkpt lat="46.1228956690" lon="7.1148678505">
        <ele>493.84</ele>
        <time>2026-05-17T07:39:11.000Z</time>
        <extensions>
          <power>210</power>
          <gpxtpx:TrackPointExtension>
            <gpxtpx:atemp>18.7</gpxtpx:atemp>
            <gpxtpx:hr>153</gpxtpx:hr>
            <gpxtpx:cad>78</gpxtpx:cad>
          </gpxtpx:TrackPointExtension>
        </extensions>
      </trkpt>
      <trkpt lat="46.1229195419" lon="7.1149065101">
        <ele>494.05</ele>
        <time>2026-05-17T07:39:12.000Z</time>
        <extensions>
          <power>210</power>
          <gpxtpx:TrackPointExtension>
            <gpxtpx:atemp>18.7</gpxtpx:atemp>
            <gpxtpx:hr>153</gpxtpx:hr>
            <gpxtpx:cad>78</gpxtpx:cad>
          </gpxtpx:TrackPointExtension>
        </extensions>
      </trkpt>
      <trkpt lat="46.1229416071" lon="7.1149434809">
        <ele>494.26</ele>
        <time>2026-05-17T07:39:13.000Z</time>
        <extensions>
          <power>210</power>
          <gpxtpx:TrackPointExtension>
            <gpxtpx:atemp>18.7</gpxtpx:atemp>
            <gpxtpx:hr>153</gpxtpx:hr>
            <gpxtpx:cad>78</gpxtpx:cad>
          </gpxtpx:TrackPointExtension>
        </extensions>
      </trkpt>
      <trkpt lat="46.1229699618" lon="7.1149706084">
        <ele>494.48</ele>
        <time>2026-05-17T07:39:14.000Z</time>
        <extensions>
          <power>210</power>
          <gpxtpx:TrackPointExtension>
            <gpxtpx:atemp>18.7</gpxtpx:atemp>
            <gpxtpx:hr>153</gpxtpx:hr>
            <gpxtpx:cad>78</gpxtpx:cad>
          </gpxtpx:TrackPointExtension>
        </extensions>
      </trkpt>
      <trkpt lat="46.1229898714" lon="7.1150046411">
        <ele>494.69</ele>
        <time>2026-05-17T07:39:15.000Z</time>
        <extensions>
          <power>210</power>
          <gpxtpx:TrackPointExtension>
            <gpxtpx:atemp>18.7</gpxtpx:atemp>
            <gpxtpx:hr>153</gpxtpx:hr>
            <gpxtpx:cad>78</gpxtpx:cad>
          </gpxtpx:TrackPointExtension>
        </extensions>
      </trkpt>
      <trkpt lat="46.1230094862" lon="7.1150380659">
        <ele>494.91</ele>
        <time>2026-05-17T07:39:16.000Z</time>
        <extensions>
          <power>210</power>
          <gpxtpx:TrackPointExtension>
            <gpxtpx:atemp>18.7</gpxtpx:atemp>
            <gpxtpx:hr>154</gpxtpx:hr>
            <gpxtpx:cad>79</gpxtpx:cad>
          </gpxtpx:TrackPointExtension>
        </extensions>
      </trkpt>
      <trkpt lat="46.1230373525" lon="7.1150749316">
        <ele>495.12</ele>
        <time>2026-05-17T07:39:17.000Z</time>
        <extensions>
          <power>210</power>
          <gpxtpx:TrackPointExtension>
            <gpxtpx:atemp>18.7</gpxtpx:atemp>
            <gpxtpx:hr>154</gpxtpx:hr>
            <gpxtpx:cad>79</gpxtpx:cad>
          </gpxtpx:TrackPointExtension>
        </extensions>
      </trkpt>
      <trkpt lat="46.1230637196" lon="7.1151033558">
        <ele>495.34</ele>
        <time>2026-05-17T07:39:18.000Z</time>
        <extensions>
          <power>210</power>
          <gpxtpx:TrackPointExtension>
            <gpxtpx:atemp>18.7</gpxtpx:atemp>
            <gpxtpx:hr>154</gpxtpx:hr>
            <gpxtpx:cad>79</gpxtpx:cad>
          </gpxtpx:TrackPointExtension>
        </extensions>
      </trkpt>
      <trkpt lat="46.1230887302" lon="7.1151376252">
        <ele>495.56</ele>
        <time>2026-05-17T07:39:19.000Z</time>
        <extensions>
          <power>210</power>
          <gpxtpx:TrackPointExtension>
            <gpxtpx:atemp>18.7</gpxtpx:atemp>
            <gpxtpx:hr>154</gpxtpx:hr>
            <gpxtpx:cad>79</gpxtpx:cad>
          </gpxtpx:TrackPointExtension>
        </extensions>
      </trkpt>
      <trkpt lat="46.1231082921" lon="7.1151705300">
        <ele>495.77</ele>
        <time>2026-05-17T07:39:20.000Z</time>
        <extensions>
          <power>210</power>
          <gpxtpx:TrackPointExtension>
            <gpxtpx:atemp>18.7</gpxtpx:atemp>
            <gpxtpx:hr>154</gpxtpx:hr>
            <gpxtpx:cad>80</gpxtpx:cad>
          </gpxtpx:TrackPointExtension>
        </extensions>
      </trkpt>
      <trkpt lat="46.1231273193" lon="7.1152050024">
        <ele>495.99</ele>
        <time>2026-05-17T07:39:21.000Z</time>
        <extensions>
          <power>210</power>
          <gpxtpx:TrackPointExtension>
            <gpxtpx:atemp>18.7</gpxtpx:atemp>
            <gpxtpx:hr>154</gpxtpx:hr>
            <gpxtpx:cad>80</gpxtpx:cad>
          </gpxtpx:TrackPointExtension>
        </extensions>
      </trkpt>
      <trkpt lat="46.1231533716" lon="7.1152333533">
        <ele>496.21</ele>
        <time>2026-05-17T07:39:22.000Z</time>
        <extensions>
          <power>210</power>
          <gpxtpx:TrackPointExtension>
            <gpxtpx:atemp>18.7</gpxtpx:atemp>
            <gpxtpx:hr>154</gpxtpx:hr>
            <gpxtpx:cad>80</gpxtpx:cad>
          </gpxtpx:TrackPointExtension>
        </extensions>
      </trkpt>
      <trkpt lat="46.1231787864" lon="7.1152613019">
        <ele>496.43</ele>
        <time>2026-05-17T07:39:23.000Z</time>
        <extensions>
          <power>210</power>
          <gpxtpx:TrackPointExtension>
            <gpxtpx:atemp>18.7</gpxtpx:atemp>
            <gpxtpx:hr>154</gpxtpx:hr>
            <gpxtpx:cad>80</gpxtpx:cad>
          </gpxtpx:TrackPointExtension>
        </extensions>
      </trkpt>
      <trkpt lat="46.1232016982" lon="7.1153032970">
        <ele>496.65</ele>
        <time>2026-05-17T07:39:24.000Z</time>
        <extensions>
          <power>210</power>
          <gpxtpx:TrackPointExtension>
            <gpxtpx:atemp>18.7</gpxtpx:atemp>
            <gpxtpx:hr>154</gpxtpx:hr>
            <gpxtpx:cad>80</gpxtpx:cad>
          </gpxtpx:TrackPointExtension>
        </extensions>
      </trkpt>
      <trkpt lat="46.1232226000" lon="7.1153418617">
        <ele>496.87</ele>
        <time>2026-05-17T07:39:25.000Z</time>
        <extensions>
          <power>210</power>
          <gpxtpx:TrackPointExtension>
            <gpxtpx:atemp>18.7</gpxtpx:atemp>
            <gpxtpx:hr>154</gpxtpx:hr>
            <gpxtpx:cad>81</gpxtpx:cad>
          </gpxtpx:TrackPointExtension>
        </extensions>
      </trkpt>
      <trkpt lat="46.1232423066" lon="7.1153809889">
        <ele>497.09</ele>
        <time>2026-05-17T07:39:26.000Z</time>
        <extensions>
          <power>210</power>
          <gpxtpx:TrackPointExtension>
            <gpxtpx:atemp>18.7</gpxtpx:atemp>
            <gpxtpx:hr>154</gpxtpx:hr>
            <gpxtpx:cad>81</gpxtpx:cad>
          </gpxtpx:TrackPointExtension>
        </extensions>
      </trkpt>
      <trkpt lat="46.1232616430" lon="7.1154111244">
        <ele>497.31</ele>
        <time>2026-05-17T07:39:27.000Z</time>
        <extensions>
          <power>210</power>
          <gpxtpx:TrackPointExtension>
            <gpxtpx:atemp>18.7</gpxtpx:atemp>
            <gpxtpx:hr>154</gpxtpx:hr>
            <gpxtpx:cad>81</gpxtpx:cad>
          </gpxtpx:TrackPointExtension>
        </extensions>
      </trkpt>
      <trkpt lat="46.1232882947" lon="7.1154465046">
        <ele>497.53</ele>
        <time>2026-05-17T07:39:28.000Z</time>
        <extensions>
          <power>210</power>
          <gpxtpx:TrackPointExtension>
            <gpxtpx:atemp>18.7</gpxtpx:atemp>
            <gpxtpx:hr>154</gpxtpx:hr>
            <gpxtpx:cad>81</gpxtpx:cad>
          </gpxtpx:TrackPointExtension>
        </extensions>
      </trkpt>
      <trkpt lat="46.1233070887" lon="7.1154735973">
        <ele>497.75</ele>
        <time>2026-05-17T07:39:29.000Z</time>
        <extensions>
          <power>210</power>
          <gpxtpx:TrackPointExtension>
            <gpxtpx:atemp>18.7</gpxtpx:atemp>
            <gpxtpx:hr>154</gpxtpx:hr>
            <gpxtpx:cad>82</gpxtpx:cad>
          </gpxtpx:TrackPointExtension>
        </extensions>
      </trkpt>
      <trkpt lat="46.1233335133" lon="7.1155157252">
        <ele>497.98</ele>
        <time>2026-05-17T07:39:30.000Z</time>
        <extensions>
          <power>210</power>
          <gpxtpx:TrackPointExtension>
            <gpxtpx:atemp>18.7</gpxtpx:atemp>
            <gpxtpx:hr>154</gpxtpx:hr>
            <gpxtpx:cad>82</gpxtpx:cad>
          </gpxtpx:TrackPointExtension>
        </extensions>
      </trkpt>
      <trkpt lat="46.1233541220" lon="7.1155428477">
        <ele>498.20</ele>
        <time>2026-05-17T07:39:31.000Z</time>
        <extensions>
          <power>210</power>
          <gpxtpx:TrackPointExtension>
            <gpxtpx:atemp>18.7</gpxtpx:atemp>
            <gpxtpx:hr>154</gpxtpx:hr>
            <gpxtpx:cad>82</gpxtpx:cad>
          </gpxtpx:TrackPointExtension>
        </extensions>
      </trkpt>
      <trkpt lat="46.1233764728" lon="7.1155827841">
        <ele>498.42</ele>
        <time>2026-05-17T07:39:32.000Z</time>
        <extensions>
          <power>210</power>
          <gpxtpx:TrackPointExtension>
            <gpxtpx:atemp>18.7</gpxtpx:atemp>
            <gpxtpx:hr>154</gpxtpx:hr>
            <gpxtpx:cad>82</gpxtpx:cad>
          </gpxtpx:TrackPointExtension>
        </extensions>
      </trkpt>
      <trkpt lat="46.1233962222" lon="7.1156158935">
        <ele>498.65</ele>
        <time>2026-05-17T07:39:33.000Z</time>
        <extensions>
          <power>210</power>
          <gpxtpx:TrackPointExtension>
            <gpxtpx:atemp>18.7</gpxtpx:atemp>
            <gpxtpx:hr>154</gpxtpx:hr>
            <gpxtpx:cad>82</gpxtpx:cad>
          </gpxtpx:TrackPointExtension>
        </extensions>
      </trkpt>
      <trkpt lat="46.1234185913" lon="7.1156482758">
        <ele>498.87</ele>
        <time>2026-05-17T07:39:34.000Z</time>
        <extensions>
          <power>210</power>
          <gpxtpx:TrackPointExtension>
            <gpxtpx:atemp>18.7</gpxtpx:atemp>
            <gpxtpx:hr>154</gpxtpx:hr>
            <gpxtpx:cad>83</gpxtpx:cad>
          </gpxtpx:TrackPointExtension>
        </extensions>
      </trkpt>
      <trkpt lat="46.1234414509" lon="7.1156787112">
        <ele>499.10</ele>
        <time>2026-05-17T07:39:35.000Z</time>
        <extensions>
          <power>210</power>
          <gpxtpx:TrackPointExtension>
            <gpxtpx:atemp>18.7</gpxtpx:atemp>
            <gpxtpx:hr>154</gpxtpx:hr>
            <gpxtpx:cad>83</gpxtpx:cad>
          </gpxtpx:TrackPointExtension>
        </extensions>
      </trkpt>
      <trkpt lat="46.1234619566" lon="7.1157189573">
        <ele>499.32</ele>
        <time>2026-05-17T07:39:36.000Z</time>
        <extensions>
          <power>210</power>
          <gpxtpx:TrackPointExtension>
            <gpxtpx:atemp>18.7</gpxtpx:atemp>
            <gpxtpx:hr>154</gpxtpx:hr>
            <gpxtpx:cad>83</gpxtpx:cad>
          </gpxtpx:TrackPointExtension>
        </extensions>
      </trkpt>
      <trkpt lat="46.1234868477" lon="7.1157577415">
        <ele>499.55</ele>
        <time>2026-05-17T07:39:37.000Z</time>
        <extensions>
          <power>210</power>
          <gpxtpx:TrackPointExtension>
            <gpxtpx:atemp>18.7</gpxtpx:atemp>
            <gpxtpx:hr>154</gpxtpx:hr>
            <gpxtpx:cad>83</gpxtpx:cad>
          </gpxtpx:TrackPointExtension>
        </extensions>
      </trkpt>
      <trkpt lat="46.1235134528" lon="7.1157953335">
        <ele>499.78</ele>
        <time>2026-05-17T07:39:38.000Z</time>
        <extensions>
          <power>210</power>
          <gpxtpx:TrackPointExtension>
            <gpxtpx:atemp>18.7</gpxtpx:atemp>
            <gpxtpx:hr>154</gpxtpx:hr>
            <gpxtpx:cad>83</gpxtpx:cad>
          </gpxtpx:TrackPointExtension>
        </extensions>
      </trkpt>
      <trkpt lat="46.1235342393" lon="7.1158357246">
        <ele>500.01</ele>
        <time>2026-05-17T07:39:39.000Z</time>
        <extensions>
          <power>210</power>
          <gpxtpx:TrackPointExtension>
            <gpxtpx:atemp>18.7</gpxtpx:atemp>
            <gpxtpx:hr>154</gpxtpx:hr>
            <gpxtpx:cad>84</gpxtpx:cad>
          </gpxtpx:TrackPointExtension>
        </extensions>
      </trkpt>
      <trkpt lat="46.1235544545" lon="7.1158774923">
        <ele>500.23</ele>
        <time>2026-05-17T07:39:40.000Z</time>
        <extensions>
          <power>210</power>
          <gpxtpx:TrackPointExtension>
            <gpxtpx:atemp>18.7</gpxtpx:atemp>
            <gpxtpx:hr>154</gpxtpx:hr>
            <gpxtpx:cad>84</gpxtpx:cad>
          </gpxtpx:TrackPointExtension>
        </extensions>
      </trkpt>
      <trkpt lat="46.1235720110" lon="7.1159112853">
        <ele>500.46</ele>
        <time>2026-05-17T07:39:41.000Z</time>
        <extensions>
          <power>210</power>
          <gpxtpx:TrackPointExtension>
            <gpxtpx:atemp>18.7</gpxtpx:atemp>
            <gpxtpx:hr>154</gpxtpx:hr>
            <gpxtpx:cad>84</gpxtpx:cad>
          </gpxtpx:TrackPointExtension>
        </extensions>
      </trkpt>
      <trkpt lat="46.1235900458" lon="7.1159389650">
        <ele>500.69</ele>
        <time>2026-05-17T07:39:42.000Z</time>
        <extensions>
          <power>210</power>
          <gpxtpx:TrackPointExtension>
            <gpxtpx:atemp>18.7</gpxtpx:atemp>
            <gpxtpx:hr>154</gpxtpx:hr>
            <gpxtpx:cad>84</gpxtpx:cad>
          </gpxtpx:TrackPointExtension>
        </extensions>
      </trkpt>
      <trkpt lat="46.1236148163" lon="7.1159751082">
        <ele>500.92</ele>
        <time>2026-05-17T07:39:43.000Z</time>
        <extensions>
          <power>210</power>
          <gpxtpx:TrackPointExtension>
            <gpxtpx:atemp>18.7</gpxtpx:atemp>
            <gpxtpx:hr>154</gpxtpx:hr>
            <gpxtpx:cad>84</gpxtpx:cad>
          </gpxtpx:TrackPointExtension>
        </extensions>
      </trkpt>
      <trkpt lat="46.1236339043" lon="7.1160077727">
        <ele>501.15</ele>
        <time>2026-05-17T07:39:44.000Z</time>
        <extensions>
          <power>210</power>
          <gpxtpx:TrackPointExtension>
            <gpxtpx:atemp>18.7</gpxtpx:atemp>
            <gpxtpx:hr>154</gpxtpx:hr>
            <gpxtpx:cad>84</gpxtpx:cad>
          </gpxtpx:TrackPointExtension>
        </extensions>
      </trkpt>
      <trkpt lat="46.1236538652" lon="7.1160419235">
        <ele>501.38</ele>
        <time>2026-05-17T07:39:45.000Z</time>
        <extensions>
          <power>210</power>
          <gpxtpx:TrackPointExtension>
            <gpxtpx:atemp>18.7</gpxtpx:atemp>
            <gpxtpx:hr>154</gpxtpx:hr>
            <gpxtpx:cad>85</gpxtpx:cad>
          </gpxtpx:TrackPointExtension>
        </extensions>
      </trkpt>
      <trkpt lat="46.1236766662" lon="7.1160764605">
        <ele>501.61</ele>
        <time>2026-05-17T07:39:46.000Z</time>
        <extensions>
          <power>210</power>
          <gpxtpx:TrackPointExtension>
            <gpxtpx:atemp>18.7</gpxtpx:atemp>
            <gpxtpx:hr>154</gpxtpx:hr>
            <gpxtpx:cad>85</gpxtpx:cad>
          </gpxtpx:TrackPointExtension>
        </extensions>
      </trkpt>
      <trkpt lat="46.1237013768" lon="7.1161101295">
        <ele>501.84</ele>
        <time>2026-05-17T07:39:47.000Z</time>
        <extensions>
          <power>210</power>
          <gpxtpx:TrackPointExtension>
            <gpxtpx:atemp>18.7</gpxtpx:atemp>
            <gpxtpx:hr>154</gpxtpx:hr>
            <gpxtpx:cad>85</gpxtpx:cad>
          </gpxtpx:TrackPointExtension>
        </extensions>
      </trkpt>
      <trkpt lat="46.1237177644" lon="7.1161426027">
        <ele>502.07</ele>
        <time>2026-05-17T07:39:48.000Z</time>
        <extensions>
          <power>210</power>
          <gpxtpx:TrackPointExtension>
            <gpxtpx:atemp>18.7</gpxtpx:atemp>
            <gpxtpx:hr>154</gpxtpx:hr>
            <gpxtpx:cad>85</gpxtpx:cad>
          </gpxtpx:TrackPointExtension>
        </extensions>
      </trkpt>
      <trkpt lat="46.1237430938" lon="7.1161703958">
        <ele>502.31</ele>
        <time>2026-05-17T07:39:49.000Z</time>
        <extensions>
          <power>210</power>
          <gpxtpx:TrackPointExtension>
            <gpxtpx:atemp>18.7</gpxtpx:atemp>
            <gpxtpx:hr>154</gpxtpx:hr>
            <gpxtpx:cad>85</gpxtpx:cad>
          </gpxtpx:TrackPointExtension>
        </extensions>
      </trkpt>
      <trkpt lat="46.1237606312" lon="7.1162114766">
        <ele>502.54</ele>
        <time>2026-05-17T07:39:50.000Z</time>
        <extensions>
          <power>210</power>
          <gpxtpx:TrackPointExtension>
            <gpxtpx:atemp>18.7</gpxtpx:atemp>
            <gpxtpx:hr>154</gpxtpx:hr>
            <gpxtpx:cad>85</gpxtpx:cad>
          </gpxtpx:TrackPointExtension>
        </extensions>
      </trkpt>
      <trkpt lat="46.1237784114" lon="7.1162449416">
        <ele>502.77</ele>
        <time>2026-05-17T07:39:51.000Z</time>
        <extensions>
          <power>210</power>
          <gpxtpx:TrackPointExtension>
            <gpxtpx:atemp>18.7</gpxtpx:atemp>
            <gpxtpx:hr>154</gpxtpx:hr>
            <gpxtpx:cad>86</gpxtpx:cad>
          </gpxtpx:TrackPointExtension>
        </extensions>
      </trkpt>
      <trkpt lat="46.1238037380" lon="7.1162783679">
        <ele>503.01</ele>
        <time>2026-05-17T07:39:52.000Z</time>
        <extensions>
          <power>210</power>
          <gpxtpx:TrackPointExtension>
            <gpxtpx:atemp>18.7</gpxtpx:atemp>
            <gpxtpx:hr>154</gpxtpx:hr>
            <gpxtpx:cad>86</gpxtpx:cad>
          </gpxtpx:TrackPointExtension>
        </extensions>
      </trkpt>
      <trkpt lat="46.1238256183" lon="7.1163171553">
        <ele>503.24</ele>
        <time>2026-05-17T07:39:53.000Z</time>
        <extensions>
          <power>210</power>
          <gpxtpx:TrackPointExtension>
            <gpxtpx:atemp>18.7</gpxtpx:atemp>
            <gpxtpx:hr>154</gpxtpx:hr>
            <gpxtpx:cad>86</gpxtpx:cad>
          </gpxtpx:TrackPointExtension>
        </extensions>
      </trkpt>
      <trkpt lat="46.1238451827" lon="7.1163581397">
        <ele>503.47</ele>
        <time>2026-05-17T07:39:54.000Z</time>
        <extensions>
          <power>210</power>
          <gpxtpx:TrackPointExtension>
            <gpxtpx:atemp>18.7</gpxtpx:atemp>
            <gpxtpx:hr>155</gpxtpx:hr>
            <gpxtpx:cad>86</gpxtpx:cad>
          </gpxtpx:TrackPointExtension>
        </extensions>
      </trkpt>
      <trkpt lat="46.1238688030" lon="7.1163889774">
        <ele>503.71</ele>
        <time>2026-05-17T07:39:55.000Z</time>
        <extensions>
          <power>210</power>
          <gpxtpx:TrackPointExtension>
            <gpxtpx:atemp>18.7</gpxtpx:atemp>
            <gpxtpx:hr>155</gpxtpx:hr>
            <gpxtpx:cad>86</gpxtpx:cad>
          </gpxtpx:TrackPointExtension>
        </extensions>
      </trkpt>
      <trkpt lat="46.1238844900" lon="7.1164202816">
        <ele>503.94</ele>
        <time>2026-05-17T07:39:56.000Z</time>
        <extensions>
          <power>210</power>
          <gpxtpx:TrackPointExtension>
            <gpxtpx:atemp>18.7</gpxtpx:atemp>
            <gpxtpx:hr>155</gpxtpx:hr>
            <gpxtpx:cad>86</gpxtpx:cad>
          </gpxtpx:TrackPointExtension>
        </extensions>
      </trkpt>
      <trkpt lat="46.1239059751" lon="7.1164532709">
        <ele>504.18</ele>
        <time>2026-05-17T07:39:57.000Z</time>
        <extensions>
          <power>210</power>
          <gpxtpx:TrackPointExtension>
            <gpxtpx:atemp>18.7</gpxtpx:atemp>
            <gpxtpx:hr>155</gpxtpx:hr>
            <gpxtpx:cad>86</gpxtpx:cad>
          </gpxtpx:TrackPointExtension>
        </extensions>
      </trkpt>
      <trkpt lat="46.1239289796" lon="7.1164922890">
        <ele>504.42</ele>
        <time>2026-05-17T07:39:58.000Z</time>
        <extensions>
          <power>210</power>
          <gpxtpx:TrackPointExtension>
            <gpxtpx:atemp>18.7</gpxtpx:atemp>
            <gpxtpx:hr>155</gpxtpx:hr>
            <gpxtpx:cad>87</gpxtpx:cad>
          </gpxtpx:TrackPointExtension>
        </extensions>
      </trkpt>
      <trkpt lat="46.1239526590" lon="7.1165300457">
        <ele>504.65</ele>
        <time>2026-05-17T07:39:59.000Z</time>
        <extensions>
          <power>210</power>
          <gpxtpx:TrackPointExtension>
            <gpxtpx:atemp>18.7</gpxtpx:atemp>
            <gpxtpx:hr>155</gpxtpx:hr>
            <gpxtpx:cad>87</gpxtpx:cad>
          </gpxtpx:TrackPointExtension>
        </extensions>
      </trkpt>
      <trkpt lat="46.1239714494" lon="7.1165685938">
        <ele>504.89</ele>
        <time>2026-05-17T07:40:00.000Z</time>
        <extensions>
          <power>210</power>
          <gpxtpx:TrackPointExtension>
            <gpxtpx:atemp>18.8</gpxtpx:atemp>
            <gpxtpx:hr>155</gpxtpx:hr>
            <gpxtpx:cad>87</gpxtpx:cad>
          </gpxtpx:TrackPointExtension>
        </extensions>
      </trkpt>
      <trkpt lat="46.1239906677" lon="7.1165967043">
        <ele>505.13</ele>
        <time>2026-05-17T07:40:01.000Z</time>
        <extensions>
          <power>210</power>
          <gpxtpx:TrackPointExtension>
            <gpxtpx:atemp>18.8</gpxtpx:atemp>
            <gpxtpx:hr>155</gpxtpx:hr>
            <gpxtpx:cad>87</gpxtpx:cad>
          </gpxtpx:TrackPointExtension>
        </extensions>
      </trkpt>
      <trkpt lat="46.1240145736" lon="7.1166393752">
        <ele>505.36</ele>
        <time>2026-05-17T07:40:02.000Z</time>
        <extensions>
          <power>210</power>
          <gpxtpx:TrackPointExtension>
            <gpxtpx:atemp>18.8</gpxtpx:atemp>
            <gpxtpx:hr>155</gpxtpx:hr>
            <gpxtpx:cad>87</gpxtpx:cad>
          </gpxtpx:TrackPointExtension>
        </extensions>
      </trkpt>
      <trkpt lat="46.1240288268" lon="7.1166756965">
        <ele>505.60</ele>
        <time>2026-05-17T07:40:03.000Z</time>
        <extensions>
          <power>210</power>
          <gpxtpx:TrackPointExtension>
            <gpxtpx:atemp>18.8</gpxtpx:atemp>
            <gpxtpx:hr>155</gpxtpx:hr>
            <gpxtpx:cad>87</gpxtpx:cad>
          </gpxtpx:TrackPointExtension>
        </extensions>
      </trkpt>
      <trkpt lat="46.1240518374" lon="7.1167138246">
        <ele>505.84</ele>
        <time>2026-05-17T07:40:04.000Z</time>
        <extensions>
          <power>210</power>
          <gpxtpx:TrackPointExtension>
            <gpxtpx:atemp>18.8</gpxtpx:atemp>
            <gpxtpx:hr>155</gpxtpx:hr>
            <gpxtpx:cad>87</gpxtpx:cad>
          </gpxtpx:TrackPointExtension>
        </extensions>
      </trkpt>
      <trkpt lat="46.1240683343" lon="7.1167550728">
        <ele>506.08</ele>
        <time>2026-05-17T07:40:05.000Z</time>
        <extensions>
          <power>210</power>
          <gpxtpx:TrackPointExtension>
            <gpxtpx:atemp>18.8</gpxtpx:atemp>
            <gpxtpx:hr>155</gpxtpx:hr>
            <gpxtpx:cad>87</gpxtpx:cad>
          </gpxtpx:TrackPointExtension>
        </extensions>
      </trkpt>
      <trkpt lat="46.1240919569" lon="7.1167908868">
        <ele>506.32</ele>
        <time>2026-05-17T07:40:06.000Z</time>
        <extensions>
          <power>210</power>
          <gpxtpx:TrackPointExtension>
            <gpxtpx:atemp>18.8</gpxtpx:atemp>
            <gpxtpx:hr>155</gpxtpx:hr>
            <gpxtpx:cad>87</gpxtpx:cad>
          </gpxtpx:TrackPointExtension>
        </extensions>
      </trkpt>
      <trkpt lat="46.1241055666" lon="7.1168318992">
        <ele>506.56</ele>
        <time>2026-05-17T07:40:07.000Z</time>
        <extensions>
          <power>210</power>
          <gpxtpx:TrackPointExtension>
            <gpxtpx:atemp>18.8</gpxtpx:atemp>
            <gpxtpx:hr>155</gpxtpx:hr>
            <gpxtpx:cad>87</gpxtpx:cad>
          </gpxtpx:TrackPointExtension>
        </extensions>
      </trkpt>
      <trkpt lat="46.1241242973" lon="7.1168722466">
        <ele>506.80</ele>
        <time>2026-05-17T07:40:08.000Z</time>
        <extensions>
          <power>210</power>
          <gpxtpx:TrackPointExtension>
            <gpxtpx:atemp>18.8</gpxtpx:atemp>
            <gpxtpx:hr>155</gpxtpx:hr>
            <gpxtpx:cad>87</gpxtpx:cad>
          </gpxtpx:TrackPointExtension>
        </extensions>
      </trkpt>
      <trkpt lat="46.1241456348" lon="7.1169075321">
        <ele>507.04</ele>
        <time>2026-05-17T07:40:09.000Z</time>
        <extensions>
          <power>210</power>
          <gpxtpx:TrackPointExtension>
            <gpxtpx:atemp>18.8</gpxtpx:atemp>
            <gpxtpx:hr>155</gpxtpx:hr>
            <gpxtpx:cad>88</gpxtpx:cad>
          </gpxtpx:TrackPointExtension>
        </extensions>
      </trkpt>
      <trkpt lat="46.1241593561" lon="7.1169400500">
        <ele>507.28</ele>
        <time>2026-05-17T07:40:10.000Z</time>
        <extensions>
          <power>210</power>
          <gpxtpx:TrackPointExtension>
            <gpxtpx:atemp>18.8</gpxtpx:atemp>
            <gpxtpx:hr>155</gpxtpx:hr>
            <gpxtpx:cad>88</gpxtpx:cad>
          </gpxtpx:TrackPointExtension>
        </extensions>
      </trkpt>
      <trkpt lat="46.1241783223" lon="7.1169771584">
        <ele>507.53</ele>
        <time>2026-05-17T07:40:11.000Z</time>
        <extensions>
          <power>210</power>
          <gpxtpx:TrackPointExtension>
            <gpxtpx:atemp>18.8</gpxtpx:atemp>
            <gpxtpx:hr>155</gpxtpx:hr>
            <gpxtpx:cad>88</gpxtpx:cad>
          </gpxtpx:TrackPointExtension>
        </extensions>
      </trkpt>
      <trkpt lat="46.1241926768" lon="7.1170212908">
        <ele>507.77</ele>
        <time>2026-05-17T07:40:12.000Z</time>
        <extensions>
          <power>210</power>
          <gpxtpx:TrackPointExtension>
            <gpxtpx:atemp>18.8</gpxtpx:atemp>
            <gpxtpx:hr>155</gpxtpx:hr>
            <gpxtpx:cad>88</gpxtpx:cad>
          </gpxtpx:TrackPointExtension>
        </extensions>
      </trkpt>
      <trkpt lat="46.1242156226" lon="7.1170640182">
        <ele>508.01</ele>
        <time>2026-05-17T07:40:13.000Z</time>
        <extensions>
          <power>210</power>
          <gpxtpx:TrackPointExtension>
            <gpxtpx:atemp>18.8</gpxtpx:atemp>
            <gpxtpx:hr>155</gpxtpx:hr>
            <gpxtpx:cad>88</gpxtpx:cad>
          </gpxtpx:TrackPointExtension>
        </extensions>
      </trkpt>
      <trkpt lat="46.1242284826" lon="7.1171079805">
        <ele>508.25</ele>
        <time>2026-05-17T07:40:14.000Z</time>
        <extensions>
          <power>210</power>
          <gpxtpx:TrackPointExtension>
            <gpxtpx:atemp>18.8</gpxtpx:atemp>
            <gpxtpx:hr>155</gpxtpx:hr>
            <gpxtpx:cad>88</gpxtpx:cad>
          </gpxtpx:TrackPointExtension>
        </extensions>
      </trkpt>
      <trkpt lat="46.1242438180" lon="7.1171515860">
        <ele>508.50</ele>
        <time>2026-05-17T07:40:15.000Z</time>
        <extensions>
          <power>210</power>
          <gpxtpx:TrackPointExtension>
            <gpxtpx:atemp>18.8</gpxtpx:atemp>
            <gpxtpx:hr>155</gpxtpx:hr>
            <gpxtpx:cad>88</gpxtpx:cad>
          </gpxtpx:TrackPointExtension>
        </extensions>
      </trkpt>
      <trkpt lat="46.1242570855" lon="7.1171946909">
        <ele>508.74</ele>
        <time>2026-05-17T07:40:16.000Z</time>
        <extensions>
          <power>210</power>
          <gpxtpx:TrackPointExtension>
            <gpxtpx:atemp>18.8</gpxtpx:atemp>
            <gpxtpx:hr>155</gpxtpx:hr>
            <gpxtpx:cad>88</gpxtpx:cad>
          </gpxtpx:TrackPointExtension>
        </extensions>
      </trkpt>
      <trkpt lat="46.1242696576" lon="7.1172357437">
        <ele>508.99</ele>
        <time>2026-05-17T07:40:17.000Z</time>
        <extensions>
          <power>210</power>
          <gpxtpx:TrackPointExtension>
            <gpxtpx:atemp>18.8</gpxtpx:atemp>
            <gpxtpx:hr>155</gpxtpx:hr>
            <gpxtpx:cad>88</gpxtpx:cad>
          </gpxtpx:TrackPointExtension>
        </extensions>
      </trkpt>
      <trkpt lat="46.1242819932" lon="7.1172728102">
        <ele>509.23</ele>
        <time>2026-05-17T07:40:18.000Z</time>
        <extensions>
          <power>210</power>
          <gpxtpx:TrackPointExtension>
            <gpxtpx:atemp>18.8</gpxtpx:atemp>
            <gpxtpx:hr>155</gpxtpx:hr>
            <gpxtpx:cad>88</gpxtpx:cad>
          </gpxtpx:TrackPointExtension>
        </extensions>
      </trkpt>
      <trkpt lat="46.1242951927" lon="7.1173041020">
        <ele>509.48</ele>
        <time>2026-05-17T07:40:19.000Z</time>
        <extensions>
          <power>210</power>
          <gpxtpx:TrackPointExtension>
            <gpxtpx:atemp>18.8</gpxtpx:atemp>
            <gpxtpx:hr>155</gpxtpx:hr>
            <gpxtpx:cad>88</gpxtpx:cad>
          </gpxtpx:TrackPointExtension>
        </extensions>
      </trkpt>
      <trkpt lat="46.1243073571" lon="7.1173360079">
        <ele>509.72</ele>
        <time>2026-05-17T07:40:20.000Z</time>
        <extensions>
          <power>210</power>
          <gpxtpx:TrackPointExtension>
            <gpxtpx:atemp>18.8</gpxtpx:atemp>
            <gpxtpx:hr>155</gpxtpx:hr>
            <gpxtpx:cad>88</gpxtpx:cad>
          </gpxtpx:TrackPointExtension>
        </extensions>
      </trkpt>
      <trkpt lat="46.1243280419" lon="7.1173739807">
        <ele>509.97</ele>
        <time>2026-05-17T07:40:21.000Z</time>
        <extensions>
          <power>210</power>
          <gpxtpx:TrackPointExtension>
            <gpxtpx:atemp>18.8</gpxtpx:atemp>
            <gpxtpx:hr>155</gpxtpx:hr>
            <gpxtpx:cad>88</gpxtpx:cad>
          </gpxtpx:TrackPointExtension>
        </extensions>
      </trkpt>
      <trkpt lat="46.1243431702" lon="7.1174094552">
        <ele>510.22</ele>
        <time>2026-05-17T07:40:22.000Z</time>
        <extensions>
          <power>210</power>
          <gpxtpx:TrackPointExtension>
            <gpxtpx:atemp>18.8</gpxtpx:atemp>
            <gpxtpx:hr>156</gpxtpx:hr>
            <gpxtpx:cad>88</gpxtpx:cad>
          </gpxtpx:TrackPointExtension>
        </extensions>
      </trkpt>
      <trkpt lat="46.1243647428" lon="7.1174484468">
        <ele>510.46</ele>
        <time>2026-05-17T07:40:23.000Z</time>
        <extensions>
          <power>210</power>
          <gpxtpx:TrackPointExtension>
            <gpxtpx:atemp>18.8</gpxtpx:atemp>
            <gpxtpx:hr>156</gpxtpx:hr>
            <gpxtpx:cad>88</gpxtpx:cad>
          </gpxtpx:TrackPointExtension>
        </extensions>
      </trkpt>
      <trkpt lat="46.1243830526" lon="7.1174877000">
        <ele>510.71</ele>
        <time>2026-05-17T07:40:24.000Z</time>
        <extensions>
          <power>210</power>
          <gpxtpx:TrackPointExtension>
            <gpxtpx:atemp>18.8</gpxtpx:atemp>
            <gpxtpx:hr>156</gpxtpx:hr>
            <gpxtpx:cad>88</gpxtpx:cad>
          </gpxtpx:TrackPointExtension>
        </extensions>
      </trkpt>
      <trkpt lat="46.1244008338" lon="7.1175323073">
        <ele>510.96</ele>
        <time>2026-05-17T07:40:25.000Z</time>
        <extensions>
          <power>210</power>
          <gpxtpx:TrackPointExtension>
            <gpxtpx:atemp>18.8</gpxtpx:atemp>
            <gpxtpx:hr>156</gpxtpx:hr>
            <gpxtpx:cad>88</gpxtpx:cad>
          </gpxtpx:TrackPointExtension>
        </extensions>
      </trkpt>
      <trkpt lat="46.1244174109" lon="7.1175735106">
        <ele>511.21</ele>
        <time>2026-05-17T07:40:26.000Z</time>
        <extensions>
          <power>210</power>
          <gpxtpx:TrackPointExtension>
            <gpxtpx:atemp>18.8</gpxtpx:atemp>
            <gpxtpx:hr>156</gpxtpx:hr>
            <gpxtpx:cad>88</gpxtpx:cad>
          </gpxtpx:TrackPointExtension>
        </extensions>
      </trkpt>
      <trkpt lat="46.1244348221" lon="7.1176175719">
        <ele>511.46</ele>
        <time>2026-05-17T07:40:27.000Z</time>
        <extensions>
          <power>210</power>
          <gpxtpx:TrackPointExtension>
            <gpxtpx:atemp>18.8</gpxtpx:atemp>
            <gpxtpx:hr>156</gpxtpx:hr>
            <gpxtpx:cad>88</gpxtpx:cad>
          </gpxtpx:TrackPointExtension>
        </extensions>
      </trkpt>
      <trkpt lat="46.1244553352" lon="7.1176532185">
        <ele>511.71</ele>
        <time>2026-05-17T07:40:28.000Z</time>
        <extensions>
          <power>210</power>
          <gpxtpx:TrackPointExtension>
            <gpxtpx:atemp>18.8</gpxtpx:atemp>
            <gpxtpx:hr>156</gpxtpx:hr>
            <gpxtpx:cad>88</gpxtpx:cad>
          </gpxtpx:TrackPointExtension>
        </extensions>
      </trkpt>
      <trkpt lat="46.1244709603" lon="7.1176888401">
        <ele>511.96</ele>
        <time>2026-05-17T07:40:29.000Z</time>
        <extensions>
          <power>210</power>
          <gpxtpx:TrackPointExtension>
            <gpxtpx:atemp>18.8</gpxtpx:atemp>
            <gpxtpx:hr>156</gpxtpx:hr>
            <gpxtpx:cad>88</gpxtpx:cad>
          </gpxtpx:TrackPointExtension>
        </extensions>
      </trkpt>
      <trkpt lat="46.1244848099" lon="7.1177206505">
        <ele>512.21</ele>
        <time>2026-05-17T07:40:30.000Z</time>
        <extensions>
          <power>210</power>
          <gpxtpx:TrackPointExtension>
            <gpxtpx:atemp>18.8</gpxtpx:atemp>
            <gpxtpx:hr>156</gpxtpx:hr>
            <gpxtpx:cad>88</gpxtpx:cad>
          </gpxtpx:TrackPointExtension>
        </extensions>
      </trkpt>
      <trkpt lat="46.1245012506" lon="7.1177618464">
        <ele>512.46</ele>
        <time>2026-05-17T07:40:31.000Z</time>
        <extensions>
          <power>210</power>
          <gpxtpx:TrackPointExtension>
            <gpxtpx:atemp>18.8</gpxtpx:atemp>
            <gpxtpx:hr>156</gpxtpx:hr>
            <gpxtpx:cad>88</gpxtpx:cad>
          </gpxtpx:TrackPointExtension>
        </extensions>
      </trkpt>
      <trkpt lat="46.1245115901" lon="7.1177989376">
        <ele>512.71</ele>
        <time>2026-05-17T07:40:32.000Z</time>
        <extensions>
          <power>210</power>
          <gpxtpx:TrackPointExtension>
            <gpxtpx:atemp>18.8</gpxtpx:atemp>
            <gpxtpx:hr>156</gpxtpx:hr>
            <gpxtpx:cad>88</gpxtpx:cad>
          </gpxtpx:TrackPointExtension>
        </extensions>
      </trkpt>
      <trkpt lat="46.1245244851" lon="7.1178415257">
        <ele>512.96</ele>
        <time>2026-05-17T07:40:33.000Z</time>
        <extensions>
          <power>210</power>
          <gpxtpx:TrackPointExtension>
            <gpxtpx:atemp>18.8</gpxtpx:atemp>
            <gpxtpx:hr>156</gpxtpx:hr>
            <gpxtpx:cad>88</gpxtpx:cad>
          </gpxtpx:TrackPointExtension>
        </extensions>
      </trkpt>
      <trkpt lat="46.1245433404" lon="7.1178815465">
        <ele>513.21</ele>
        <time>2026-05-17T07:40:34.000Z</time>
        <extensions>
          <power>210</power>
          <gpxtpx:TrackPointExtension>
            <gpxtpx:atemp>18.8</gpxtpx:atemp>
            <gpxtpx:hr>156</gpxtpx:hr>
            <gpxtpx:cad>88</gpxtpx:cad>
          </gpxtpx:TrackPointExtension>
        </extensions>
      </trkpt>
      <trkpt lat="46.1245532826" lon="7.1179170487">
        <ele>513.47</ele>
        <time>2026-05-17T07:40:35.000Z</time>
        <extensions>
          <power>210</power>
          <gpxtpx:TrackPointExtension>
            <gpxtpx:atemp>18.8</gpxtpx:atemp>
            <gpxtpx:hr>156</gpxtpx:hr>
            <gpxtpx:cad>88</gpxtpx:cad>
          </gpxtpx:TrackPointExtension>
        </extensions>
      </trkpt>
      <trkpt lat="46.1245669660" lon="7.1179518104">
        <ele>513.72</ele>
        <time>2026-05-17T07:40:36.000Z</time>
        <extensions>
          <power>210</power>
          <gpxtpx:TrackPointExtension>
            <gpxtpx:atemp>18.8</gpxtpx:atemp>
            <gpxtpx:hr>156</gpxtpx:hr>
            <gpxtpx:cad>88</gpxtpx:cad>
          </gpxtpx:TrackPointExtension>
        </extensions>
      </trkpt>
      <trkpt lat="46.1245865911" lon="7.1179891927">
        <ele>513.97</ele>
        <time>2026-05-17T07:40:37.000Z</time>
        <extensions>
          <power>210</power>
          <gpxtpx:TrackPointExtension>
            <gpxtpx:atemp>18.8</gpxtpx:atemp>
            <gpxtpx:hr>156</gpxtpx:hr>
            <gpxtpx:cad>87</gpxtpx:cad>
          </gpxtpx:TrackPointExtension>
        </extensions>
      </trkpt>
      <trkpt lat="46.1246001291" lon="7.1180343441">
        <ele>514.23</ele>
        <time>2026-05-17T07:40:38.000Z</time>
        <extensions>
          <power>210</power>
          <gpxtpx:TrackPointExtension>
            <gpxtpx:atemp>18.8</gpxtpx:atemp>
            <gpxtpx:hr>156</gpxtpx:hr>
            <gpxtpx:cad>87</gpxtpx:cad>
          </gpxtpx:TrackPointExtension>
        </extensions>
      </trkpt>
      <trkpt lat="46.1246167751" lon="7.1180681018">
        <ele>514.48</ele>
        <time>2026-05-17T07:40:39.000Z</time>
        <extensions>
          <power>210</power>
          <gpxtpx:TrackPointExtension>
            <gpxtpx:atemp>18.8</gpxtpx:atemp>
            <gpxtpx:hr>156</gpxtpx:hr>
            <gpxtpx:cad>87</gpxtpx:cad>
          </gpxtpx:TrackPointExtension>
        </extensions>
      </trkpt>
      <trkpt lat="46.1246328888" lon="7.1181117931">
        <ele>514.74</ele>
        <time>2026-05-17T07:40:40.000Z</time>
        <extensions>
          <power>210</power>
          <gpxtpx:TrackPointExtension>
            <gpxtpx:atemp>18.8</gpxtpx:atemp>
            <gpxtpx:hr>156</gpxtpx:hr>
            <gpxtpx:cad>87</gpxtpx:cad>
          </gpxtpx:TrackPointExtension>
        </extensions>
      </trkpt>
      <trkpt lat="46.1246492720" lon="7.1181511906">
        <ele>515.00</ele>
        <time>2026-05-17T07:40:41.000Z</time>
        <extensions>
          <power>210</power>
          <gpxtpx:TrackPointExtension>
            <gpxtpx:atemp>18.8</gpxtpx:atemp>
            <gpxtpx:hr>156</gpxtpx:hr>
            <gpxtpx:cad>87</gpxtpx:cad>
          </gpxtpx:TrackPointExtension>
        </extensions>
      </trkpt>
      <trkpt lat="46.1246623883" lon="7.1181839487">
        <ele>515.25</ele>
        <time>2026-05-17T07:40:42.000Z</time>
        <extensions>
          <power>210</power>
          <gpxtpx:TrackPointExtension>
            <gpxtpx:atemp>18.8</gpxtpx:atemp>
            <gpxtpx:hr>156</gpxtpx:hr>
            <gpxtpx:cad>87</gpxtpx:cad>
          </gpxtpx:TrackPointExtension>
        </extensions>
      </trkpt>
      <trkpt lat="46.1246733780" lon="7.1182188803">
        <ele>515.51</ele>
        <time>2026-05-17T07:40:43.000Z</time>
        <extensions>
          <power>210</power>
          <gpxtpx:TrackPointExtension>
            <gpxtpx:atemp>18.8</gpxtpx:atemp>
            <gpxtpx:hr>157</gpxtpx:hr>
            <gpxtpx:cad>87</gpxtpx:cad>
          </gpxtpx:TrackPointExtension>
        </extensions>
      </trkpt>
      <trkpt lat="46.1246845361" lon="7.1182535786">
        <ele>515.77</ele>
        <time>2026-05-17T07:40:44.000Z</time>
        <extensions>
          <power>210</power>
          <gpxtpx:TrackPointExtension>
            <gpxtpx:atemp>18.8</gpxtpx:atemp>
            <gpxtpx:hr>157</gpxtpx:hr>
            <gpxtpx:cad>87</gpxtpx:cad>
          </gpxtpx:TrackPointExtension>
        </extensions>
      </trkpt>
      <trkpt lat="46.1246991466" lon="7.1182931587">
        <ele>516.02</ele>
        <time>2026-05-17T07:40:45.000Z</time>
        <extensions>
          <power>210</power>
          <gpxtpx:TrackPointExtension>
            <gpxtpx:atemp>18.8</gpxtpx:atemp>
            <gpxtpx:hr>157</gpxtpx:hr>
            <gpxtpx:cad>87</gpxtpx:cad>
          </gpxtpx:TrackPointExtension>
        </extensions>
      </trkpt>
      <trkpt lat="46.1247180257" lon="7.1183365770">
        <ele>516.28</ele>
        <time>2026-05-17T07:40:46.000Z</time>
        <extensions>
          <power>210</power>
          <gpxtpx:TrackPointExtension>
            <gpxtpx:atemp>18.8</gpxtpx:atemp>
            <gpxtpx:hr>157</gpxtpx:hr>
            <gpxtpx:cad>87</gpxtpx:cad>
          </gpxtpx:TrackPointExtension>
        </extensions>
      </trkpt>
      <trkpt lat="46.1247312996" lon="7.1183783656">
        <ele>516.54</ele>
        <time>2026-05-17T07:40:47.000Z</time>
        <extensions>
          <power>210</power>
          <gpxtpx:TrackPointExtension>
            <gpxtpx:atemp>18.8</gpxtpx:atemp>
            <gpxtpx:hr>157</gpxtpx:hr>
            <gpxtpx:cad>86</gpxtpx:cad>
          </gpxtpx:TrackPointExtension>
        </extensions>
      </trkpt>
      <trkpt lat="46.1247497483" lon="7.1184158413">
        <ele>516.80</ele>
        <time>2026-05-17T07:40:48.000Z</time>
        <extensions>
          <power>210</power>
          <gpxtpx:TrackPointExtension>
            <gpxtpx:atemp>18.8</gpxtpx:atemp>
            <gpxtpx:hr>157</gpxtpx:hr>
            <gpxtpx:cad>86</gpxtpx:cad>
          </gpxtpx:TrackPointExtension>
        </extensions>
      </trkpt>
      <trkpt lat="46.1247650686" lon="7.1184618871">
        <ele>517.06</ele>
        <time>2026-05-17T07:40:49.000Z</time>
        <extensions>
          <power>210</power>
          <gpxtpx:TrackPointExtension>
            <gpxtpx:atemp>18.8</gpxtpx:atemp>
            <gpxtpx:hr>157</gpxtpx:hr>
            <gpxtpx:cad>86</gpxtpx:cad>
          </gpxtpx:TrackPointExtension>
        </extensions>
      </trkpt>
      <trkpt lat="46.1247805636" lon="7.1185010876">
        <ele>517.32</ele>
        <time>2026-05-17T07:40:50.000Z</time>
        <extensions>
          <power>210</power>
          <gpxtpx:TrackPointExtension>
            <gpxtpx:atemp>18.8</gpxtpx:atemp>
            <gpxtpx:hr>157</gpxtpx:hr>
            <gpxtpx:cad>86</gpxtpx:cad>
          </gpxtpx:TrackPointExtension>
        </extensions>
      </trkpt>
      <trkpt lat="46.1247975030" lon="7.1185407897">
        <ele>517.59</ele>
        <time>2026-05-17T07:40:51.000Z</time>
        <extensions>
          <power>210</power>
          <gpxtpx:TrackPointExtension>
            <gpxtpx:atemp>18.8</gpxtpx:atemp>
            <gpxtpx:hr>157</gpxtpx:hr>
            <gpxtpx:cad>86</gpxtpx:cad>
          </gpxtpx:TrackPointExtension>
        </extensions>
      </trkpt>
      <trkpt lat="46.1248148147" lon="7.1185843606">
        <ele>517.85</ele>
        <time>2026-05-17T07:40:52.000Z</time>
        <extensions>
          <power>210</power>
          <gpxtpx:TrackPointExtension>
            <gpxtpx:atemp>18.8</gpxtpx:atemp>
            <gpxtpx:hr>157</gpxtpx:hr>
            <gpxtpx:cad>86</gpxtpx:cad>
          </gpxtpx:TrackPointExtension>
        </extensions>
      </trkpt>
      <trkpt lat="46.1248259615" lon="7.1186234650">
        <ele>518.11</ele>
        <time>2026-05-17T07:40:53.000Z</time>
        <extensions>
          <power>210</power>
          <gpxtpx:TrackPointExtension>
            <gpxtpx:atemp>18.8</gpxtpx:atemp>
            <gpxtpx:hr>157</gpxtpx:hr>
            <gpxtpx:cad>86</gpxtpx:cad>
          </gpxtpx:TrackPointExtension>
        </extensions>
      </trkpt>
      <trkpt lat="46.1248369921" lon="7.1186686389">
        <ele>518.37</ele>
        <time>2026-05-17T07:40:54.000Z</time>
        <extensions>
          <power>210</power>
          <gpxtpx:TrackPointExtension>
            <gpxtpx:atemp>18.8</gpxtpx:atemp>
            <gpxtpx:hr>157</gpxtpx:hr>
            <gpxtpx:cad>85</gpxtpx:cad>
          </gpxtpx:TrackPointExtension>
        </extensions>
      </trkpt>
      <trkpt lat="46.1248525556" lon="7.1187158355">
        <ele>518.64</ele>
        <time>2026-05-17T07:40:55.000Z</time>
        <extensions>
          <power>210</power>
          <gpxtpx:TrackPointExtension>
            <gpxtpx:atemp>18.8</gpxtpx:atemp>
            <gpxtpx:hr>157</gpxtpx:hr>
            <gpxtpx:cad>85</gpxtpx:cad>
          </gpxtpx:TrackPointExtension>
        </extensions>
      </trkpt>
      <trkpt lat="46.1248646166" lon="7.1187608131">
        <ele>518.90</ele>
        <time>2026-05-17T07:40:56.000Z</time>
        <extensions>
          <power>210</power>
          <gpxtpx:TrackPointExtension>
            <gpxtpx:atemp>18.8</gpxtpx:atemp>
            <gpxtpx:hr>157</gpxtpx:hr>
            <gpxtpx:cad>85</gpxtpx:cad>
          </gpxtpx:TrackPointExtension>
        </extensions>
      </trkpt>
      <trkpt lat="46.1248798185" lon="7.1188041354">
        <ele>519.17</ele>
        <time>2026-05-17T07:40:57.000Z</time>
        <extensions>
          <power>210</power>
          <gpxtpx:TrackPointExtension>
            <gpxtpx:atemp>18.8</gpxtpx:atemp>
            <gpxtpx:hr>157</gpxtpx:hr>
            <gpxtpx:cad>85</gpxtpx:cad>
          </gpxtpx:TrackPointExtension>
        </extensions>
      </trkpt>
      <trkpt lat="46.1248936264" lon="7.1188486916">
        <ele>519.43</ele>
        <time>2026-05-17T07:40:58.000Z</time>
        <extensions>
          <power>210</power>
          <gpxtpx:TrackPointExtension>
            <gpxtpx:atemp>18.8</gpxtpx:atemp>
            <gpxtpx:hr>157</gpxtpx:hr>
            <gpxtpx:cad>85</gpxtpx:cad>
          </gpxtpx:TrackPointExtension>
        </extensions>
      </trkpt>
      <trkpt lat="46.1249037109" lon="7.1188957496">
        <ele>519.70</ele>
        <time>2026-05-17T07:40:59.000Z</time>
        <extensions>
          <power>210</power>
          <gpxtpx:TrackPointExtension>
            <gpxtpx:atemp>18.8</gpxtpx:atemp>
            <gpxtpx:hr>157</gpxtpx:hr>
            <gpxtpx:cad>85</gpxtpx:cad>
          </gpxtpx:TrackPointExtension>
        </extensions>
      </trkpt>
      <trkpt lat="46.1249114610" lon="7.1189315825">
        <ele>519.96</ele>
        <time>2026-05-17T07:41:00.000Z</time>
        <extensions>
          <power>210</power>
          <gpxtpx:TrackPointExtension>
            <gpxtpx:atemp>18.8</gpxtpx:atemp>
            <gpxtpx:hr>158</gpxtpx:hr>
            <gpxtpx:cad>85</gpxtpx:cad>
          </gpxtpx:TrackPointExtension>
        </extensions>
      </trkpt>
      <trkpt lat="46.1249221119" lon="7.1189734661">
        <ele>520.23</ele>
        <time>2026-05-17T07:41:01.000Z</time>
        <extensions>
          <power>210</power>
          <gpxtpx:TrackPointExtension>
            <gpxtpx:atemp>18.8</gpxtpx:atemp>
            <gpxtpx:hr>158</gpxtpx:hr>
            <gpxtpx:cad>84</gpxtpx:cad>
          </gpxtpx:TrackPointExtension>
        </extensions>
      </trkpt>
      <trkpt lat="46.1249310280" lon="7.1190189913">
        <ele>520.50</ele>
        <time>2026-05-17T07:41:02.000Z</time>
        <extensions>
          <power>210</power>
          <gpxtpx:TrackPointExtension>
            <gpxtpx:atemp>18.8</gpxtpx:atemp>
            <gpxtpx:hr>158</gpxtpx:hr>
            <gpxtpx:cad>84</gpxtpx:cad>
          </gpxtpx:TrackPointExtension>
        </extensions>
      </trkpt>
      <trkpt lat="46.1249405109" lon="7.1190669947">
        <ele>520.77</ele>
        <time>2026-05-17T07:41:03.000Z</time>
        <extensions>
          <power>210</power>
          <gpxtpx:TrackPointExtension>
            <gpxtpx:atemp>18.8</gpxtpx:atemp>
            <gpxtpx:hr>158</gpxtpx:hr>
            <gpxtpx:cad>84</gpxtpx:cad>
          </gpxtpx:TrackPointExtension>
        </extensions>
      </trkpt>
      <trkpt lat="46.1249551577" lon="7.1191092677">
        <ele>521.04</ele>
        <time>2026-05-17T07:41:04.000Z</time>
        <extensions>
          <power>210</power>
          <gpxtpx:TrackPointExtension>
            <gpxtpx:atemp>18.8</gpxtpx:atemp>
            <gpxtpx:hr>158</gpxtpx:hr>
            <gpxtpx:cad>84</gpxtpx:cad>
          </gpxtpx:TrackPointExtension>
        </extensions>
      </trkpt>
      <trkpt lat="46.1249648402" lon="7.1191468965">
        <ele>521.31</ele>
        <time>2026-05-17T07:41:05.000Z</time>
        <extensions>
          <power>210</power>
          <gpxtpx:TrackPointExtension>
            <gpxtpx:atemp>18.8</gpxtpx:atemp>
            <gpxtpx:hr>158</gpxtpx:hr>
            <gpxtpx:cad>84</gpxtpx:cad>
          </gpxtpx:TrackPointExtension>
        </extensions>
      </trkpt>
      <trkpt lat="46.1249742149" lon="7.1191870794">
        <ele>521.58</ele>
        <time>2026-05-17T07:41:06.000Z</time>
        <extensions>
          <power>210</power>
          <gpxtpx:TrackPointExtension>
            <gpxtpx:atemp>18.8</gpxtpx:atemp>
            <gpxtpx:hr>158</gpxtpx:hr>
            <gpxtpx:cad>83</gpxtpx:cad>
          </gpxtpx:TrackPointExtension>
        </extensions>
      </trkpt>
      <trkpt lat="46.1249889637" lon="7.1192283994">
        <ele>521.85</ele>
        <time>2026-05-17T07:41:07.000Z</time>
        <extensions>
          <power>210</power>
          <gpxtpx:TrackPointExtension>
            <gpxtpx:atemp>18.8</gpxtpx:atemp>
            <gpxtpx:hr>158</gpxtpx:hr>
            <gpxtpx:cad>83</gpxtpx:cad>
          </gpxtpx:TrackPointExtension>
        </extensions>
      </trkpt>
      <trkpt lat="46.1250010521" lon="7.1192656037">
        <ele>522.12</ele>
        <time>2026-05-17T07:41:08.000Z</time>
        <extensions>
          <power>210</power>
          <gpxtpx:TrackPointExtension>
            <gpxtpx:atemp>18.8</gpxtpx:atemp>
            <gpxtpx:hr>158</gpxtpx:hr>
            <gpxtpx:cad>83</gpxtpx:cad>
          </gpxtpx:TrackPointExtension>
        </extensions>
      </trkpt>
      <trkpt lat="46.1250111174" lon="7.1192988688">
        <ele>522.39</ele>
        <time>2026-05-17T07:41:09.000Z</time>
        <extensions>
          <power>210</power>
          <gpxtpx:TrackPointExtension>
            <gpxtpx:atemp>18.8</gpxtpx:atemp>
            <gpxtpx:hr>158</gpxtpx:hr>
            <gpxtpx:cad>83</gpxtpx:cad>
          </gpxtpx:TrackPointExtension>
        </extensions>
      </trkpt>
      <trkpt lat="46.1250212073" lon="7.1193434047">
        <ele>522.66</ele>
        <time>2026-05-17T07:41:10.000Z</time>
        <extensions>
          <power>210</power>
          <gpxtpx:TrackPointExtension>
            <gpxtpx:atemp>18.8</gpxtpx:atemp>
            <gpxtpx:hr>158</gpxtpx:hr>
            <gpxtpx:cad>83</gpxtpx:cad>
          </gpxtpx:TrackPointExtension>
        </extensions>
      </trkpt>
      <trkpt lat="46.1250348164" lon="7.1193902475">
        <ele>522.94</ele>
        <time>2026-05-17T07:41:11.000Z</time>
        <extensions>
          <power>210</power>
          <gpxtpx:TrackPointExtension>
            <gpxtpx:atemp>18.8</gpxtpx:atemp>
            <gpxtpx:hr>158</gpxtpx:hr>
            <gpxtpx:cad>82</gpxtpx:cad>
          </gpxtpx:TrackPointExtension>
        </extensions>
      </trkpt>
      <trkpt lat="46.1250500261" lon="7.1194309454">
        <ele>523.21</ele>
        <time>2026-05-17T07:41:12.000Z</time>
        <extensions>
          <power>210</power>
          <gpxtpx:TrackPointExtension>
            <gpxtpx:atemp>18.8</gpxtpx:atemp>
            <gpxtpx:hr>158</gpxtpx:hr>
            <gpxtpx:cad>82</gpxtpx:cad>
          </gpxtpx:TrackPointExtension>
        </extensions>
      </trkpt>
      <trkpt lat="46.1250677632" lon="7.1194732087">
        <ele>523.48</ele>
        <time>2026-05-17T07:41:13.000Z</time>
        <extensions>
          <power>210</power>
          <gpxtpx:TrackPointExtension>
            <gpxtpx:atemp>18.8</gpxtpx:atemp>
            <gpxtpx:hr>158</gpxtpx:hr>
            <gpxtpx:cad>82</gpxtpx:cad>
          </gpxtpx:TrackPointExtension>
        </extensions>
      </trkpt>
      <trkpt lat="46.1250796742" lon="7.1195210848">
        <ele>523.76</ele>
        <time>2026-05-17T07:41:14.000Z</time>
        <extensions>
          <power>210</power>
          <gpxtpx:TrackPointExtension>
            <gpxtpx:atemp>18.8</gpxtpx:atemp>
            <gpxtpx:hr>158</gpxtpx:hr>
            <gpxtpx:cad>82</gpxtpx:cad>
          </gpxtpx:TrackPointExtension>
        </extensions>
      </trkpt>
      <trkpt lat="46.1250941760" lon="7.1195693319">
        <ele>524.04</ele>
        <time>2026-05-17T07:41:15.000Z</time>
        <extensions>
          <power>210</power>
          <gpxtpx:TrackPointExtension>
            <gpxtpx:atemp>18.8</gpxtpx:atemp>
            <gpxtpx:hr>158</gpxtpx:hr>
            <gpxtpx:cad>82</gpxtpx:cad>
          </gpxtpx:TrackPointExtension>
        </extensions>
      </trkpt>
      <trkpt lat="46.1251076905" lon="7.1196116232">
        <ele>524.31</ele>
        <time>2026-05-17T07:41:16.000Z</time>
        <extensions>
          <power>210</power>
          <gpxtpx:TrackPointExtension>
            <gpxtpx:atemp>18.8</gpxtpx:atemp>
            <gpxtpx:hr>159</gpxtpx:hr>
            <gpxtpx:cad>81</gpxtpx:cad>
          </gpxtpx:TrackPointExtension>
        </extensions>
      </trkpt>
      <trkpt lat="46.1251168787" lon="7.1196578175">
        <ele>524.59</ele>
        <time>2026-05-17T07:41:17.000Z</time>
        <extensions>
          <power>210</power>
          <gpxtpx:TrackPointExtension>
            <gpxtpx:atemp>18.8</gpxtpx:atemp>
            <gpxtpx:hr>159</gpxtpx:hr>
            <gpxtpx:cad>81</gpxtpx:cad>
          </gpxtpx:TrackPointExtension>
        </extensions>
      </trkpt>
      <trkpt lat="46.1251295830" lon="7.1196927212">
        <ele>524.86</ele>
        <time>2026-05-17T07:41:18.000Z</time>
        <extensions>
          <power>210</power>
          <gpxtpx:TrackPointExtension>
            <gpxtpx:atemp>18.8</gpxtpx:atemp>
            <gpxtpx:hr>159</gpxtpx:hr>
            <gpxtpx:cad>81</gpxtpx:cad>
          </gpxtpx:TrackPointExtension>
        </extensions>
      </trkpt>
      <trkpt lat="46.1251452669" lon="7.1197375248">
        <ele>525.14</ele>
        <time>2026-05-17T07:41:19.000Z</time>
        <extensions>
          <power>210</power>
          <gpxtpx:TrackPointExtension>
            <gpxtpx:atemp>18.8</gpxtpx:atemp>
            <gpxtpx:hr>159</gpxtpx:hr>
            <gpxtpx:cad>81</gpxtpx:cad>
          </gpxtpx:TrackPointExtension>
        </extensions>
      </trkpt>
      <trkpt lat="46.1251571032" lon="7.1197853046">
        <ele>525.42</ele>
        <time>2026-05-17T07:41:20.000Z</time>
        <extensions>
          <power>210</power>
          <gpxtpx:TrackPointExtension>
            <gpxtpx:atemp>18.9</gpxtpx:atemp>
            <gpxtpx:hr>159</gpxtpx:hr>
            <gpxtpx:cad>81</gpxtpx:cad>
          </gpxtpx:TrackPointExtension>
        </extensions>
      </trkpt>
      <trkpt lat="46.1251653085" lon="7.1198307316">
        <ele>525.70</ele>
        <time>2026-05-17T07:41:21.000Z</time>
        <extensions>
          <power>210</power>
          <gpxtpx:TrackPointExtension>
            <gpxtpx:atemp>18.9</gpxtpx:atemp>
            <gpxtpx:hr>159</gpxtpx:hr>
            <gpxtpx:cad>80</gpxtpx:cad>
          </gpxtpx:TrackPointExtension>
        </extensions>
      </trkpt>
      <trkpt lat="46.1251821617" lon="7.1198661274">
        <ele>525.98</ele>
        <time>2026-05-17T07:41:22.000Z</time>
        <extensions>
          <power>210</power>
          <gpxtpx:TrackPointExtension>
            <gpxtpx:atemp>18.9</gpxtpx:atemp>
            <gpxtpx:hr>159</gpxtpx:hr>
            <gpxtpx:cad>80</gpxtpx:cad>
          </gpxtpx:TrackPointExtension>
        </extensions>
      </trkpt>
      <trkpt lat="46.1251996893" lon="7.1199075030">
        <ele>526.26</ele>
        <time>2026-05-17T07:41:23.000Z</time>
        <extensions>
          <power>210</power>
          <gpxtpx:TrackPointExtension>
            <gpxtpx:atemp>18.9</gpxtpx:atemp>
            <gpxtpx:hr>159</gpxtpx:hr>
            <gpxtpx:cad>80</gpxtpx:cad>
          </gpxtpx:TrackPointExtension>
        </extensions>
      </trkpt>
      <trkpt lat="46.1252151593" lon="7.1199436847">
        <ele>526.54</ele>
        <time>2026-05-17T07:41:24.000Z</time>
        <extensions>
          <power>210</power>
          <gpxtpx:TrackPointExtension>
            <gpxtpx:atemp>18.9</gpxtpx:atemp>
            <gpxtpx:hr>159</gpxtpx:hr>
            <gpxtpx:cad>80</gpxtpx:cad>
          </gpxtpx:TrackPointExtension>
        </extensions>
      </trkpt>
      <trkpt lat="46.1252253839" lon="7.1199875890">
        <ele>526.82</ele>
        <time>2026-05-17T07:41:25.000Z</time>
        <extensions>
          <power>210</power>
          <gpxtpx:TrackPointExtension>
            <gpxtpx:atemp>18.9</gpxtpx:atemp>
            <gpxtpx:hr>159</gpxtpx:hr>
            <gpxtpx:cad>79</gpxtpx:cad>
          </gpxtpx:TrackPointExtension>
        </extensions>
      </trkpt>
      <trkpt lat="46.1252413681" lon="7.1200235794">
        <ele>527.10</ele>
        <time>2026-05-17T07:41:26.000Z</time>
        <extensions>
          <power>210</power>
          <gpxtpx:TrackPointExtension>
            <gpxtpx:atemp>18.9</gpxtpx:atemp>
            <gpxtpx:hr>159</gpxtpx:hr>
            <gpxtpx:cad>79</gpxtpx:cad>
          </gpxtpx:TrackPointExtension>
        </extensions>
      </trkpt>
      <trkpt lat="46.1252522070" lon="7.1200579379">
        <ele>527.39</ele>
        <time>2026-05-17T07:41:27.000Z</time>
        <extensions>
          <power>210</power>
          <gpxtpx:TrackPointExtension>
            <gpxtpx:atemp>18.9</gpxtpx:atemp>
            <gpxtpx:hr>159</gpxtpx:hr>
            <gpxtpx:cad>79</gpxtpx:cad>
          </gpxtpx:TrackPointExtension>
        </extensions>
      </trkpt>
      <trkpt lat="46.1252701885" lon="7.1200946837">
        <ele>527.67</ele>
        <time>2026-05-17T07:41:28.000Z</time>
        <extensions>
          <power>210</power>
          <gpxtpx:TrackPointExtension>
            <gpxtpx:atemp>18.9</gpxtpx:atemp>
            <gpxtpx:hr>159</gpxtpx:hr>
            <gpxtpx:cad>79</gpxtpx:cad>
          </gpxtpx:TrackPointExtension>
        </extensions>
      </trkpt>
      <trkpt lat="46.1252806685" lon="7.1201407849">
        <ele>527.95</ele>
        <time>2026-05-17T07:41:29.000Z</time>
        <extensions>
          <power>210</power>
          <gpxtpx:TrackPointExtension>
            <gpxtpx:atemp>18.9</gpxtpx:atemp>
            <gpxtpx:hr>159</gpxtpx:hr>
            <gpxtpx:cad>78</gpxtpx:cad>
          </gpxtpx:TrackPointExtension>
        </extensions>
      </trkpt>
      <trkpt lat="46.1252951861" lon="7.1201758366">
        <ele>528.24</ele>
        <time>2026-05-17T07:41:30.000Z</time>
        <extensions>
          <power>210</power>
          <gpxtpx:TrackPointExtension>
            <gpxtpx:atemp>18.9</gpxtpx:atemp>
            <gpxtpx:hr>160</gpxtpx:hr>
            <gpxtpx:cad>78</gpxtpx:cad>
          </gpxtpx:TrackPointExtension>
        </extensions>
      </trkpt>
      <trkpt lat="46.1253069113" lon="7.1202178230">
        <ele>528.52</ele>
        <time>2026-05-17T07:41:31.000Z</time>
        <extensions>
          <power>210</power>
          <gpxtpx:TrackPointExtension>
            <gpxtpx:atemp>18.9</gpxtpx:atemp>
            <gpxtpx:hr>160</gpxtpx:hr>
            <gpxtpx:cad>78</gpxtpx:cad>
          </gpxtpx:TrackPointExtension>
        </extensions>
      </trkpt>
      <trkpt lat="46.1253204295" lon="7.1202572448">
        <ele>528.80</ele>
        <time>2026-05-17T07:41:32.000Z</time>
        <extensions>
          <power>210</power>
          <gpxtpx:TrackPointExtension>
            <gpxtpx:atemp>18.9</gpxtpx:atemp>
            <gpxtpx:hr>160</gpxtpx:hr>
            <gpxtpx:cad>78</gpxtpx:cad>
          </gpxtpx:TrackPointExtension>
        </extensions>
      </trkpt>
      <trkpt lat="46.1253340518" lon="7.1202932854">
        <ele>529.09</ele>
        <time>2026-05-17T07:41:33.000Z</time>
        <extensions>
          <power>210</power>
          <gpxtpx:TrackPointExtension>
            <gpxtpx:atemp>18.9</gpxtpx:atemp>
            <gpxtpx:hr>160</gpxtpx:hr>
            <gpxtpx:cad>78</gpxtpx:cad>
          </gpxtpx:TrackPointExtension>
        </extensions>
      </trkpt>
      <trkpt lat="46.1253467651" lon="7.1203323000">
        <ele>529.38</ele>
        <time>2026-05-17T07:41:34.000Z</time>
        <extensions>
          <power>210</power>
          <gpxtpx:TrackPointExtension>
            <gpxtpx:atemp>18.9</gpxtpx:atemp>
            <gpxtpx:hr>160</gpxtpx:hr>
            <gpxtpx:cad>77</gpxtpx:cad>
          </gpxtpx:TrackPointExtension>
        </extensions>
      </trkpt>
      <trkpt lat="46.1253585437" lon="7.1203668400">
        <ele>529.66</ele>
        <time>2026-05-17T07:41:35.000Z</time>
        <extensions>
          <power>210</power>
          <gpxtpx:TrackPointExtension>
            <gpxtpx:atemp>18.9</gpxtpx:atemp>
            <gpxtpx:hr>160</gpxtpx:hr>
            <gpxtpx:cad>77</gpxtpx:cad>
          </gpxtpx:TrackPointExtension>
        </extensions>
      </trkpt>
      <trkpt lat="46.1253717385" lon="7.1204060816">
        <ele>529.95</ele>
        <time>2026-05-17T07:41:36.000Z</time>
        <extensions>
          <power>210</power>
          <gpxtpx:TrackPointExtension>
            <gpxtpx:atemp>18.9</gpxtpx:atemp>
            <gpxtpx:hr>160</gpxtpx:hr>
            <gpxtpx:cad>77</gpxtpx:cad>
          </gpxtpx:TrackPointExtension>
        </extensions>
      </trkpt>
      <trkpt lat="46.1253892877" lon="7.1204465147">
        <ele>530.24</ele>
        <time>2026-05-17T07:41:37.000Z</time>
        <extensions>
          <power>210</power>
          <gpxtpx:TrackPointExtension>
            <gpxtpx:atemp>18.9</gpxtpx:atemp>
            <gpxtpx:hr>160</gpxtpx:hr>
            <gpxtpx:cad>77</gpxtpx:cad>
          </gpxtpx:TrackPointExtension>
        </extensions>
      </trkpt>
      <trkpt lat="46.1254075681" lon="7.1204953196">
        <ele>530.52</ele>
        <time>2026-05-17T07:41:38.000Z</time>
        <extensions>
          <power>210</power>
          <gpxtpx:TrackPointExtension>
            <gpxtpx:atemp>18.9</gpxtpx:atemp>
            <gpxtpx:hr>160</gpxtpx:hr>
            <gpxtpx:cad>76</gpxtpx:cad>
          </gpxtpx:TrackPointExtension>
        </extensions>
      </trkpt>
      <trkpt lat="46.1254165473" lon="7.1205434120">
        <ele>530.81</ele>
        <time>2026-05-17T07:41:39.000Z</time>
        <extensions>
          <power>210</power>
          <gpxtpx:TrackPointExtension>
            <gpxtpx:atemp>18.9</gpxtpx:atemp>
            <gpxtpx:hr>160</gpxtpx:hr>
            <gpxtpx:cad>76</gpxtpx:cad>
          </gpxtpx:TrackPointExtension>
        </extensions>
      </trkpt>
      <trkpt lat="46.1254261010" lon="7.1205894952">
        <ele>531.10</ele>
        <time>2026-05-17T07:41:40.000Z</time>
        <extensions>
          <power>210</power>
          <gpxtpx:TrackPointExtension>
            <gpxtpx:atemp>18.9</gpxtpx:atemp>
            <gpxtpx:hr>160</gpxtpx:hr>
            <gpxtpx:cad>76</gpxtpx:cad>
          </gpxtpx:TrackPointExtension>
        </extensions>
      </trkpt>
      <trkpt lat="46.1254349550" lon="7.1206392996">
        <ele>531.39</ele>
        <time>2026-05-17T07:41:41.000Z</time>
        <extensions>
          <power>210</power>
          <gpxtpx:TrackPointExtension>
            <gpxtpx:atemp>18.9</gpxtpx:atemp>
            <gpxtpx:hr>160</gpxtpx:hr>
            <gpxtpx:cad>76</gpxtpx:cad>
          </gpxtpx:TrackPointExtension>
        </extensions>
      </trkpt>
      <trkpt lat="46.1254516479" lon="7.1206796900">
        <ele>531.68</ele>
        <time>2026-05-17T07:41:42.000Z</time>
        <extensions>
          <power>210</power>
          <gpxtpx:TrackPointExtension>
            <gpxtpx:atemp>18.9</gpxtpx:atemp>
            <gpxtpx:hr>160</gpxtpx:hr>
            <gpxtpx:cad>76</gpxtpx:cad>
          </gpxtpx:TrackPointExtension>
        </extensions>
      </trkpt>
      <trkpt lat="46.1254616430" lon="7.1207265048">
        <ele>531.97</ele>
        <time>2026-05-17T07:41:43.000Z</time>
        <extensions>
          <power>210</power>
          <gpxtpx:TrackPointExtension>
            <gpxtpx:atemp>18.9</gpxtpx:atemp>
            <gpxtpx:hr>160</gpxtpx:hr>
            <gpxtpx:cad>75</gpxtpx:cad>
          </gpxtpx:TrackPointExtension>
        </extensions>
      </trkpt>
      <trkpt lat="46.1254717516" lon="7.1207629544">
        <ele>532.26</ele>
        <time>2026-05-17T07:41:44.000Z</time>
        <extensions>
          <power>210</power>
          <gpxtpx:TrackPointExtension>
            <gpxtpx:atemp>18.9</gpxtpx:atemp>
            <gpxtpx:hr>161</gpxtpx:hr>
            <gpxtpx:cad>75</gpxtpx:cad>
          </gpxtpx:TrackPointExtension>
        </extensions>
      </trkpt>
      <trkpt lat="46.1254848874" lon="7.1208007244">
        <ele>532.55</ele>
        <time>2026-05-17T07:41:45.000Z</time>
        <extensions>
          <power>210</power>
          <gpxtpx:TrackPointExtension>
            <gpxtpx:atemp>18.9</gpxtpx:atemp>
            <gpxtpx:hr>161</gpxtpx:hr>
            <gpxtpx:cad>75</gpxtpx:cad>
          </gpxtpx:TrackPointExtension>
        </extensions>
      </trkpt>
      <trkpt lat="46.1254996821" lon="7.1208389703">
        <ele>532.84</ele>
        <time>2026-05-17T07:41:46.000Z</time>
        <extensions>
          <power>210</power>
          <gpxtpx:TrackPointExtension>
            <gpxtpx:atemp>18.9</gpxtpx:atemp>
            <gpxtpx:hr>161</gpxtpx:hr>
            <gpxtpx:cad>75</gpxtpx:cad>
          </gpxtpx:TrackPointExtension>
        </extensions>
      </trkpt>
      <trkpt lat="46.1255122263" lon="7.1208827982">
        <ele>533.14</ele>
        <time>2026-05-17T07:41:47.000Z</time>
        <extensions>
          <power>210</power>
          <gpxtpx:TrackPointExtension>
            <gpxtpx:atemp>18.9</gpxtpx:atemp>
            <gpxtpx:hr>161</gpxtpx:hr>
            <gpxtpx:cad>74</gpxtpx:cad>
          </gpxtpx:TrackPointExtension>
        </extensions>
      </trkpt>
      <trkpt lat="46.1255270332" lon="7.1209331217">
        <ele>533.43</ele>
        <time>2026-05-17T07:41:48.000Z</time>
        <extensions>
          <power>210</power>
          <gpxtpx:TrackPointExtension>
            <gpxtpx:atemp>18.9</gpxtpx:atemp>
            <gpxtpx:hr>161</gpxtpx:hr>
            <gpxtpx:cad>74</gpxtpx:cad>
          </gpxtpx:TrackPointExtension>
        </extensions>
      </trkpt>
      <trkpt lat="46.1255393055" lon="7.1209764565">
        <ele>533.72</ele>
        <time>2026-05-17T07:41:49.000Z</time>
        <extensions>
          <power>210</power>
          <gpxtpx:TrackPointExtension>
            <gpxtpx:atemp>18.9</gpxtpx:atemp>
            <gpxtpx:hr>161</gpxtpx:hr>
            <gpxtpx:cad>74</gpxtpx:cad>
          </gpxtpx:TrackPointExtension>
        </extensions>
      </trkpt>
      <trkpt lat="46.1255511757" lon="7.1210212700">
        <ele>534.01</ele>
        <time>2026-05-17T07:41:50.000Z</time>
        <extensions>
          <power>210</power>
          <gpxtpx:TrackPointExtension>
            <gpxtpx:atemp>18.9</gpxtpx:atemp>
            <gpxtpx:hr>161</gpxtpx:hr>
            <gpxtpx:cad>74</gpxtpx:cad>
          </gpxtpx:TrackPointExtension>
        </extensions>
      </trkpt>
      <trkpt lat="46.1255662176" lon="7.1210599464">
        <ele>534.31</ele>
        <time>2026-05-17T07:41:51.000Z</time>
        <extensions>
          <power>210</power>
          <gpxtpx:TrackPointExtension>
            <gpxtpx:atemp>18.9</gpxtpx:atemp>
            <gpxtpx:hr>161</gpxtpx:hr>
            <gpxtpx:cad>74</gpxtpx:cad>
          </gpxtpx:TrackPointExtension>
        </extensions>
      </trkpt>
      <trkpt lat="46.1255758345" lon="7.1210994319">
        <ele>534.60</ele>
        <time>2026-05-17T07:41:52.000Z</time>
        <extensions>
          <power>210</power>
          <gpxtpx:TrackPointExtension>
            <gpxtpx:atemp>18.9</gpxtpx:atemp>
            <gpxtpx:hr>161</gpxtpx:hr>
            <gpxtpx:cad>73</gpxtpx:cad>
          </gpxtpx:TrackPointExtension>
        </extensions>
      </trkpt>
      <trkpt lat="46.1255927225" lon="7.1211388004">
        <ele>534.89</ele>
        <time>2026-05-17T07:41:53.000Z</time>
        <extensions>
          <power>210</power>
          <gpxtpx:TrackPointExtension>
            <gpxtpx:atemp>18.9</gpxtpx:atemp>
            <gpxtpx:hr>161</gpxtpx:hr>
            <gpxtpx:cad>73</gpxtpx:cad>
          </gpxtpx:TrackPointExtension>
        </extensions>
      </trkpt>
      <trkpt lat="46.1256106227" lon="7.1211873623">
        <ele>535.19</ele>
        <time>2026-05-17T07:41:54.000Z</time>
        <extensions>
          <power>210</power>
          <gpxtpx:TrackPointExtension>
            <gpxtpx:atemp>18.9</gpxtpx:atemp>
            <gpxtpx:hr>161</gpxtpx:hr>
            <gpxtpx:cad>73</gpxtpx:cad>
          </gpxtpx:TrackPointExtension>
        </extensions>
      </trkpt>
      <trkpt lat="46.1256266103" lon="7.1212295283">
        <ele>535.48</ele>
        <time>2026-05-17T07:41:55.000Z</time>
        <extensions>
          <power>210</power>
          <gpxtpx:TrackPointExtension>
            <gpxtpx:atemp>18.9</gpxtpx:atemp>
            <gpxtpx:hr>161</gpxtpx:hr>
            <gpxtpx:cad>73</gpxtpx:cad>
          </gpxtpx:TrackPointExtension>
        </extensions>
      </trkpt>
      <trkpt lat="46.1256441709" lon="7.1212740986">
        <ele>535.78</ele>
        <time>2026-05-17T07:41:56.000Z</time>
        <extensions>
          <power>210</power>
          <gpxtpx:TrackPointExtension>
            <gpxtpx:atemp>18.9</gpxtpx:atemp>
            <gpxtpx:hr>161</gpxtpx:hr>
            <gpxtpx:cad>73</gpxtpx:cad>
          </gpxtpx:TrackPointExtension>
        </extensions>
      </trkpt>
      <trkpt lat="46.1256615334" lon="7.1213116774">
        <ele>536.07</ele>
        <time>2026-05-17T07:41:57.000Z</time>
        <extensions>
          <power>210</power>
          <gpxtpx:TrackPointExtension>
            <gpxtpx:atemp>18.9</gpxtpx:atemp>
            <gpxtpx:hr>161</gpxtpx:hr>
            <gpxtpx:cad>72</gpxtpx:cad>
          </gpxtpx:TrackPointExtension>
        </extensions>
      </trkpt>
      <trkpt lat="46.1256791740" lon="7.1213601599">
        <ele>536.37</ele>
        <time>2026-05-17T07:41:58.000Z</time>
        <extensions>
          <power>210</power>
          <gpxtpx:TrackPointExtension>
            <gpxtpx:atemp>18.9</gpxtpx:atemp>
            <gpxtpx:hr>162</gpxtpx:hr>
            <gpxtpx:cad>72</gpxtpx:cad>
          </gpxtpx:TrackPointExtension>
        </extensions>
      </trkpt>
      <trkpt lat="46.1256936893" lon="7.1214093582">
        <ele>536.66</ele>
        <time>2026-05-17T07:41:59.000Z</time>
        <extensions>
          <power>210</power>
          <gpxtpx:TrackPointExtension>
            <gpxtpx:atemp>18.9</gpxtpx:atemp>
            <gpxtpx:hr>162</gpxtpx:hr>
            <gpxtpx:cad>72</gpxtpx:cad>
          </gpxtpx:TrackPointExtension>
        </extensions>
      </trkpt>
      <trkpt lat="46.1257119243" lon="7.1214490395">
        <ele>536.96</ele>
        <time>2026-05-17T07:42:00.000Z</time>
        <extensions>
          <power>210</power>
          <gpxtpx:TrackPointExtension>
            <gpxtpx:atemp>18.9</gpxtpx:atemp>
            <gpxtpx:hr>162</gpxtpx:hr>
            <gpxtpx:cad>72</gpxtpx:cad>
          </gpxtpx:TrackPointExtension>
        </extensions>
      </trkpt>
      <trkpt lat="46.1257231124" lon="7.1214943978">
        <ele>537.25</ele>
        <time>2026-05-17T07:42:01.000Z</time>
        <extensions>
          <power>210</power>
          <gpxtpx:TrackPointExtension>
            <gpxtpx:atemp>18.9</gpxtpx:atemp>
            <gpxtpx:hr>162</gpxtpx:hr>
            <gpxtpx:cad>72</gpxtpx:cad>
          </gpxtpx:TrackPointExtension>
        </extensions>
      </trkpt>
      <trkpt lat="46.1257325266" lon="7.1215399905">
        <ele>537.55</ele>
        <time>2026-05-17T07:42:02.000Z</time>
        <extensions>
          <power>210</power>
          <gpxtpx:TrackPointExtension>
            <gpxtpx:atemp>18.9</gpxtpx:atemp>
            <gpxtpx:hr>162</gpxtpx:hr>
            <gpxtpx:cad>72</gpxtpx:cad>
          </gpxtpx:TrackPointExtension>
        </extensions>
      </trkpt>
      <trkpt lat="46.1257441424" lon="7.1215885470">
        <ele>537.84</ele>
        <time>2026-05-17T07:42:03.000Z</time>
        <extensions>
          <power>210</power>
          <gpxtpx:TrackPointExtension>
            <gpxtpx:atemp>18.9</gpxtpx:atemp>
            <gpxtpx:hr>162</gpxtpx:hr>
            <gpxtpx:cad>71</gpxtpx:cad>
          </gpxtpx:TrackPointExtension>
        </extensions>
      </trkpt>
      <trkpt lat="46.1257626170" lon="7.1216345015">
        <ele>538.14</ele>
        <time>2026-05-17T07:42:04.000Z</time>
        <extensions>
          <power>210</power>
          <gpxtpx:TrackPointExtension>
            <gpxtpx:atemp>18.9</gpxtpx:atemp>
            <gpxtpx:hr>162</gpxtpx:hr>
            <gpxtpx:cad>71</gpxtpx:cad>
          </gpxtpx:TrackPointExtension>
        </extensions>
      </trkpt>
      <trkpt lat="46.1257788703" lon="7.1216787323">
        <ele>538.44</ele>
        <time>2026-05-17T07:42:05.000Z</time>
        <extensions>
          <power>210</power>
          <gpxtpx:TrackPointExtension>
            <gpxtpx:atemp>18.9</gpxtpx:atemp>
            <gpxtpx:hr>162</gpxtpx:hr>
            <gpxtpx:cad>71</gpxtpx:cad>
          </gpxtpx:TrackPointExtension>
        </extensions>
      </trkpt>
      <trkpt lat="46.1257982953" lon="7.1217263794">
        <ele>538.73</ele>
        <time>2026-05-17T07:42:06.000Z</time>
        <extensions>
          <power>210</power>
          <gpxtpx:TrackPointExtension>
            <gpxtpx:atemp>18.9</gpxtpx:atemp>
            <gpxtpx:hr>162</gpxtpx:hr>
            <gpxtpx:cad>71</gpxtpx:cad>
          </gpxtpx:TrackPointExtension>
        </extensions>
      </trkpt>
      <trkpt lat="46.1258156352" lon="7.1217709938">
        <ele>539.03</ele>
        <time>2026-05-17T07:42:07.000Z</time>
        <extensions>
          <power>210</power>
          <gpxtpx:TrackPointExtension>
            <gpxtpx:atemp>18.9</gpxtpx:atemp>
            <gpxtpx:hr>162</gpxtpx:hr>
            <gpxtpx:cad>71</gpxtpx:cad>
          </gpxtpx:TrackPointExtension>
        </extensions>
      </trkpt>
      <trkpt lat="46.1258281349" lon="7.1218188065">
        <ele>539.33</ele>
        <time>2026-05-17T07:42:08.000Z</time>
        <extensions>
          <power>210</power>
          <gpxtpx:TrackPointExtension>
            <gpxtpx:atemp>18.9</gpxtpx:atemp>
            <gpxtpx:hr>162</gpxtpx:hr>
            <gpxtpx:cad>71</gpxtpx:cad>
          </gpxtpx:TrackPointExtension>
        </extensions>
      </trkpt>
      <trkpt lat="46.1258412152" lon="7.1218622237">
        <ele>539.62</ele>
        <time>2026-05-17T07:42:09.000Z</time>
        <extensions>
          <power>210</power>
          <gpxtpx:TrackPointExtension>
            <gpxtpx:atemp>18.9</gpxtpx:atemp>
            <gpxtpx:hr>162</gpxtpx:hr>
            <gpxtpx:cad>70</gpxtpx:cad>
          </gpxtpx:TrackPointExtension>
        </extensions>
      </trkpt>
      <trkpt lat="46.1258582882" lon="7.1219027343">
        <ele>539.92</ele>
        <time>2026-05-17T07:42:10.000Z</time>
        <extensions>
          <power>210</power>
          <gpxtpx:TrackPointExtension>
            <gpxtpx:atemp>18.9</gpxtpx:atemp>
            <gpxtpx:hr>162</gpxtpx:hr>
            <gpxtpx:cad>70</gpxtpx:cad>
          </gpxtpx:TrackPointExtension>
        </extensions>
      </trkpt>
      <trkpt lat="46.1258711370" lon="7.1219487350">
        <ele>540.22</ele>
        <time>2026-05-17T07:42:11.000Z</time>
        <extensions>
          <power>210</power>
          <gpxtpx:TrackPointExtension>
            <gpxtpx:atemp>18.9</gpxtpx:atemp>
            <gpxtpx:hr>162</gpxtpx:hr>
            <gpxtpx:cad>70</gpxtpx:cad>
          </gpxtpx:TrackPointExtension>
        </extensions>
      </trkpt>
      <trkpt lat="46.1258850524" lon="7.1219847961">
        <ele>540.51</ele>
        <time>2026-05-17T07:42:12.000Z</time>
        <extensions>
          <power>210</power>
          <gpxtpx:TrackPointExtension>
            <gpxtpx:atemp>18.9</gpxtpx:atemp>
            <gpxtpx:hr>162</gpxtpx:hr>
            <gpxtpx:cad>70</gpxtpx:cad>
          </gpxtpx:TrackPointExtension>
        </extensions>
      </trkpt>
      <trkpt lat="46.1258958568" lon="7.1220339267">
        <ele>540.81</ele>
        <time>2026-05-17T07:42:13.000Z</time>
        <extensions>
          <power>210</power>
          <gpxtpx:TrackPointExtension>
            <gpxtpx:atemp>18.9</gpxtpx:atemp>
            <gpxtpx:hr>162</gpxtpx:hr>
            <gpxtpx:cad>70</gpxtpx:cad>
          </gpxtpx:TrackPointExtension>
        </extensions>
      </trkpt>
      <trkpt lat="46.1259056898" lon="7.1220846964">
        <ele>541.11</ele>
        <time>2026-05-17T07:42:14.000Z</time>
        <extensions>
          <power>210</power>
          <gpxtpx:TrackPointExtension>
            <gpxtpx:atemp>18.9</gpxtpx:atemp>
            <gpxtpx:hr>163</gpxtpx:hr>
            <gpxtpx:cad>70</gpxtpx:cad>
          </gpxtpx:TrackPointExtension>
        </extensions>
      </trkpt>
      <trkpt lat="46.1259253380" lon="7.1221359378">
        <ele>541.40</ele>
        <time>2026-05-17T07:42:15.000Z</time>
        <extensions>
          <power>210</power>
          <gpxtpx:TrackPointExtension>
            <gpxtpx:atemp>18.9</gpxtpx:atemp>
            <gpxtpx:hr>163</gpxtpx:hr>
            <gpxtpx:cad>70</gpxtpx:cad>
          </gpxtpx:TrackPointExtension>
        </extensions>
      </trkpt>
      <trkpt lat="46.1259366408" lon="7.1221818534">
        <ele>541.70</ele>
        <time>2026-05-17T07:42:16.000Z</time>
        <extensions>
          <power>210</power>
          <gpxtpx:TrackPointExtension>
            <gpxtpx:atemp>18.9</gpxtpx:atemp>
            <gpxtpx:hr>163</gpxtpx:hr>
            <gpxtpx:cad>69</gpxtpx:cad>
          </gpxtpx:TrackPointExtension>
        </extensions>
      </trkpt>
      <trkpt lat="46.1259530952" lon="7.1222265865">
        <ele>541.99</ele>
        <time>2026-05-17T07:42:17.000Z</time>
        <extensions>
          <power>210</power>
          <gpxtpx:TrackPointExtension>
            <gpxtpx:atemp>18.9</gpxtpx:atemp>
            <gpxtpx:hr>163</gpxtpx:hr>
            <gpxtpx:cad>69</gpxtpx:cad>
          </gpxtpx:TrackPointExtension>
        </extensions>
      </trkpt>
      <trkpt lat="46.1259709467" lon="7.1222662844">
        <ele>542.29</ele>
        <time>2026-05-17T07:42:18.000Z</time>
        <extensions>
          <power>210</power>
          <gpxtpx:TrackPointExtension>
            <gpxtpx:atemp>18.9</gpxtpx:atemp>
            <gpxtpx:hr>163</gpxtpx:hr>
            <gpxtpx:cad>69</gpxtpx:cad>
          </gpxtpx:TrackPointExtension>
        </extensions>
      </trkpt>
      <trkpt lat="46.1259834421" lon="7.1223084330">
        <ele>542.59</ele>
        <time>2026-05-17T07:42:19.000Z</time>
        <extensions>
          <power>210</power>
          <gpxtpx:TrackPointExtension>
            <gpxtpx:atemp>18.9</gpxtpx:atemp>
            <gpxtpx:hr>163</gpxtpx:hr>
            <gpxtpx:cad>69</gpxtpx:cad>
          </gpxtpx:TrackPointExtension>
        </extensions>
      </trkpt>
      <trkpt lat="46.1260026347" lon="7.1223563945">
        <ele>542.88</ele>
        <time>2026-05-17T07:42:20.000Z</time>
        <extensions>
          <power>210</power>
          <gpxtpx:TrackPointExtension>
            <gpxtpx:atemp>18.9</gpxtpx:atemp>
            <gpxtpx:hr>163</gpxtpx:hr>
            <gpxtpx:cad>69</gpxtpx:cad>
          </gpxtpx:TrackPointExtension>
        </extensions>
      </trkpt>
      <trkpt lat="46.1260136788" lon="7.1224000763">
        <ele>543.18</ele>
        <time>2026-05-17T07:42:21.000Z</time>
        <extensions>
          <power>210</power>
          <gpxtpx:TrackPointExtension>
            <gpxtpx:atemp>18.9</gpxtpx:atemp>
            <gpxtpx:hr>163</gpxtpx:hr>
            <gpxtpx:cad>69</gpxtpx:cad>
          </gpxtpx:TrackPointExtension>
        </extensions>
      </trkpt>
      <trkpt lat="46.1260344449" lon="7.1224449865">
        <ele>543.48</ele>
        <time>2026-05-17T07:42:22.000Z</time>
        <extensions>
          <power>210</power>
          <gpxtpx:TrackPointExtension>
            <gpxtpx:atemp>18.9</gpxtpx:atemp>
            <gpxtpx:hr>163</gpxtpx:hr>
            <gpxtpx:cad>69</gpxtpx:cad>
          </gpxtpx:TrackPointExtension>
        </extensions>
      </trkpt>
      <trkpt lat="46.1260559400" lon="7.1224839755">
        <ele>543.77</ele>
        <time>2026-05-17T07:42:23.000Z</time>
        <extensions>
          <power>210</power>
          <gpxtpx:TrackPointExtension>
            <gpxtpx:atemp>18.9</gpxtpx:atemp>
            <gpxtpx:hr>163</gpxtpx:hr>
            <gpxtpx:cad>69</gpxtpx:cad>
          </gpxtpx:TrackPointExtension>
        </extensions>
      </trkpt>
      <trkpt lat="46.1260727150" lon="7.1225315578">
        <ele>544.07</ele>
        <time>2026-05-17T07:42:24.000Z</time>
        <extensions>
          <power>210</power>
          <gpxtpx:TrackPointExtension>
            <gpxtpx:atemp>18.9</gpxtpx:atemp>
            <gpxtpx:hr>163</gpxtpx:hr>
            <gpxtpx:cad>69</gpxtpx:cad>
          </gpxtpx:TrackPointExtension>
        </extensions>
      </trkpt>
      <trkpt lat="46.1260908681" lon="7.1225726708">
        <ele>544.36</ele>
        <time>2026-05-17T07:42:25.000Z</time>
        <extensions>
          <power>210</power>
          <gpxtpx:TrackPointExtension>
            <gpxtpx:atemp>18.9</gpxtpx:atemp>
            <gpxtpx:hr>163</gpxtpx:hr>
            <gpxtpx:cad>69</gpxtpx:cad>
          </gpxtpx:TrackPointExtension>
        </extensions>
      </trkpt>
      <trkpt lat="46.1261111147" lon="7.1226100436">
        <ele>544.66</ele>
        <time>2026-05-17T07:42:26.000Z</time>
        <extensions>
          <power>210</power>
          <gpxtpx:TrackPointExtension>
            <gpxtpx:atemp>18.9</gpxtpx:atemp>
            <gpxtpx:hr>163</gpxtpx:hr>
            <gpxtpx:cad>69</gpxtpx:cad>
          </gpxtpx:TrackPointExtension>
        </extensions>
      </trkpt>
      <trkpt lat="46.1261274399" lon="7.1226502893">
        <ele>544.95</ele>
        <time>2026-05-17T07:42:27.000Z</time>
        <extensions>
          <power>210</power>
          <gpxtpx:TrackPointExtension>
            <gpxtpx:atemp>18.9</gpxtpx:atemp>
            <gpxtpx:hr>163</gpxtpx:hr>
            <gpxtpx:cad>68</gpxtpx:cad>
          </gpxtpx:TrackPointExtension>
        </extensions>
      </trkpt>
      <trkpt lat="46.1261469748" lon="7.1226990698">
        <ele>545.25</ele>
        <time>2026-05-17T07:42:28.000Z</time>
        <extensions>
          <power>210</power>
          <gpxtpx:TrackPointExtension>
            <gpxtpx:atemp>18.9</gpxtpx:atemp>
            <gpxtpx:hr>163</gpxtpx:hr>
            <gpxtpx:cad>68</gpxtpx:cad>
          </gpxtpx:TrackPointExtension>
        </extensions>
      </trkpt>
      <trkpt lat="46.1261587261" lon="7.1227432071">
        <ele>545.54</ele>
        <time>2026-05-17T07:42:29.000Z</time>
        <extensions>
          <power>210</power>
          <gpxtpx:TrackPointExtension>
            <gpxtpx:atemp>18.9</gpxtpx:atemp>
            <gpxtpx:hr>163</gpxtpx:hr>
            <gpxtpx:cad>68</gpxtpx:cad>
          </gpxtpx:TrackPointExtension>
        </extensions>
      </trkpt>
      <trkpt lat="46.1261749366" lon="7.1227803173">
        <ele>545.83</ele>
        <time>2026-05-17T07:42:30.000Z</time>
        <extensions>
          <power>210</power>
          <gpxtpx:TrackPointExtension>
            <gpxtpx:atemp>18.9</gpxtpx:atemp>
            <gpxtpx:hr>163</gpxtpx:hr>
            <gpxtpx:cad>68</gpxtpx:cad>
          </gpxtpx:TrackPointExtension>
        </extensions>
      </trkpt>
      <trkpt lat="46.1261949147" lon="7.1228247823">
        <ele>546.13</ele>
        <time>2026-05-17T07:42:31.000Z</time>
        <extensions>
          <power>210</power>
          <gpxtpx:TrackPointExtension>
            <gpxtpx:atemp>18.9</gpxtpx:atemp>
            <gpxtpx:hr>163</gpxtpx:hr>
            <gpxtpx:cad>68</gpxtpx:cad>
          </gpxtpx:TrackPointExtension>
        </extensions>
      </trkpt>
      <trkpt lat="46.1262079683" lon="7.1228652622">
        <ele>546.42</ele>
        <time>2026-05-17T07:42:32.000Z</time>
        <extensions>
          <power>210</power>
          <gpxtpx:TrackPointExtension>
            <gpxtpx:atemp>18.9</gpxtpx:atemp>
            <gpxtpx:hr>163</gpxtpx:hr>
            <gpxtpx:cad>68</gpxtpx:cad>
          </gpxtpx:TrackPointExtension>
        </extensions>
      </trkpt>
      <trkpt lat="46.1262297165" lon="7.1228995862">
        <ele>546.71</ele>
        <time>2026-05-17T07:42:33.000Z</time>
        <extensions>
          <power>210</power>
          <gpxtpx:TrackPointExtension>
            <gpxtpx:atemp>18.9</gpxtpx:atemp>
            <gpxtpx:hr>163</gpxtpx:hr>
            <gpxtpx:cad>68</gpxtpx:cad>
          </gpxtpx:TrackPointExtension>
        </extensions>
      </trkpt>
      <trkpt lat="46.1262422059" lon="7.1229475916">
        <ele>547.00</ele>
        <time>2026-05-17T07:42:34.000Z</time>
        <extensions>
          <power>210</power>
          <gpxtpx:TrackPointExtension>
            <gpxtpx:atemp>18.9</gpxtpx:atemp>
            <gpxtpx:hr>163</gpxtpx:hr>
            <gpxtpx:cad>68</gpxtpx:cad>
          </gpxtpx:TrackPointExtension>
        </extensions>
      </trkpt>
      <trkpt lat="46.1262633118" lon="7.1229833089">
        <ele>547.30</ele>
        <time>2026-05-17T07:42:35.000Z</time>
        <extensions>
          <power>210</power>
          <gpxtpx:TrackPointExtension>
            <gpxtpx:atemp>18.9</gpxtpx:atemp>
            <gpxtpx:hr>164</gpxtpx:hr>
            <gpxtpx:cad>68</gpxtpx:cad>
          </gpxtpx:TrackPointExtension>
        </extensions>
      </trkpt>
      <trkpt lat="46.1262821821" lon="7.1230303040">
        <ele>547.59</ele>
        <time>2026-05-17T07:42:36.000Z</time>
        <extensions>
          <power>210</power>
          <gpxtpx:TrackPointExtension>
            <gpxtpx:atemp>18.9</gpxtpx:atemp>
            <gpxtpx:hr>164</gpxtpx:hr>
            <gpxtpx:cad>68</gpxtpx:cad>
          </gpxtpx:TrackPointExtension>
        </extensions>
      </trkpt>
      <trkpt lat="46.1262961354" lon="7.1230655006">
        <ele>547.88</ele>
        <time>2026-05-17T07:42:37.000Z</time>
        <extensions>
          <power>210</power>
          <gpxtpx:TrackPointExtension>
            <gpxtpx:atemp>18.9</gpxtpx:atemp>
            <gpxtpx:hr>164</gpxtpx:hr>
            <gpxtpx:cad>68</gpxtpx:cad>
          </gpxtpx:TrackPointExtension>
        </extensions>
      </trkpt>
      <trkpt lat="46.1263151128" lon="7.1231059877">
        <ele>548.17</ele>
        <time>2026-05-17T07:42:38.000Z</time>
        <extensions>
          <power>210</power>
          <gpxtpx:TrackPointExtension>
            <gpxtpx:atemp>18.9</gpxtpx:atemp>
            <gpxtpx:hr>164</gpxtpx:hr>
            <gpxtpx:cad>68</gpxtpx:cad>
          </gpxtpx:TrackPointExtension>
        </extensions>
      </trkpt>
      <trkpt lat="46.1263363691" lon="7.1231436649">
        <ele>548.46</ele>
        <time>2026-05-17T07:42:39.000Z</time>
        <extensions>
          <power>210</power>
          <gpxtpx:TrackPointExtension>
            <gpxtpx:atemp>18.9</gpxtpx:atemp>
            <gpxtpx:hr>164</gpxtpx:hr>
            <gpxtpx:cad>68</gpxtpx:cad>
          </gpxtpx:TrackPointExtension>
        </extensions>
      </trkpt>
      <trkpt lat="46.1263522858" lon="7.1231891220">
        <ele>548.75</ele>
        <time>2026-05-17T07:42:40.000Z</time>
        <extensions>
          <power>210</power>
          <gpxtpx:TrackPointExtension>
            <gpxtpx:atemp>18.9</gpxtpx:atemp>
            <gpxtpx:hr>164</gpxtpx:hr>
            <gpxtpx:cad>68</gpxtpx:cad>
          </gpxtpx:TrackPointExtension>
        </extensions>
      </trkpt>
      <trkpt lat="46.1263685051" lon="7.1232327236">
        <ele>549.04</ele>
        <time>2026-05-17T07:42:41.000Z</time>
        <extensions>
          <power>210</power>
          <gpxtpx:TrackPointExtension>
            <gpxtpx:atemp>19.0</gpxtpx:atemp>
            <gpxtpx:hr>164</gpxtpx:hr>
            <gpxtpx:cad>68</gpxtpx:cad>
          </gpxtpx:TrackPointExtension>
        </extensions>
      </trkpt>
      <trkpt lat="46.1263882426" lon="7.1232784859">
        <ele>549.33</ele>
        <time>2026-05-17T07:42:42.000Z</time>
        <extensions>
          <power>210</power>
          <gpxtpx:TrackPointExtension>
            <gpxtpx:atemp>19.0</gpxtpx:atemp>
            <gpxtpx:hr>164</gpxtpx:hr>
            <gpxtpx:cad>68</gpxtpx:cad>
          </gpxtpx:TrackPointExtension>
        </extensions>
      </trkpt>
      <trkpt lat="46.1264120745" lon="7.1233234652">
        <ele>549.61</ele>
        <time>2026-05-17T07:42:43.000Z</time>
        <extensions>
          <power>210</power>
          <gpxtpx:TrackPointExtension>
            <gpxtpx:atemp>19.0</gpxtpx:atemp>
            <gpxtpx:hr>164</gpxtpx:hr>
            <gpxtpx:cad>68</gpxtpx:cad>
          </gpxtpx:TrackPointExtension>
        </extensions>
      </trkpt>
      <trkpt lat="46.1264275938" lon="7.1233708066">
        <ele>549.90</ele>
        <time>2026-05-17T07:42:44.000Z</time>
        <extensions>
          <power>210</power>
          <gpxtpx:TrackPointExtension>
            <gpxtpx:atemp>19.0</gpxtpx:atemp>
            <gpxtpx:hr>164</gpxtpx:hr>
            <gpxtpx:cad>68</gpxtpx:cad>
          </gpxtpx:TrackPointExtension>
        </extensions>
      </trkpt>
      <trkpt lat="46.1264510984" lon="7.1234136586">
        <ele>550.19</ele>
        <time>2026-05-17T07:42:45.000Z</time>
        <extensions>
          <power>210</power>
          <gpxtpx:TrackPointExtension>
            <gpxtpx:atemp>19.0</gpxtpx:atemp>
            <gpxtpx:hr>164</gpxtpx:hr>
            <gpxtpx:cad>68</gpxtpx:cad>
          </gpxtpx:TrackPointExtension>
        </extensions>
      </trkpt>
      <trkpt lat="46.1264659287" lon="7.1234545271">
        <ele>550.47</ele>
        <time>2026-05-17T07:42:46.000Z</time>
        <extensions>
          <power>210</power>
          <gpxtpx:TrackPointExtension>
            <gpxtpx:atemp>19.0</gpxtpx:atemp>
            <gpxtpx:hr>164</gpxtpx:hr>
            <gpxtpx:cad>68</gpxtpx:cad>
          </gpxtpx:TrackPointExtension>
        </extensions>
      </trkpt>
      <trkpt lat="46.1264882849" lon="7.1234905217">
        <ele>550.76</ele>
        <time>2026-05-17T07:42:47.000Z</time>
        <extensions>
          <power>210</power>
          <gpxtpx:TrackPointExtension>
            <gpxtpx:atemp>19.0</gpxtpx:atemp>
            <gpxtpx:hr>164</gpxtpx:hr>
            <gpxtpx:cad>68</gpxtpx:cad>
          </gpxtpx:TrackPointExtension>
        </extensions>
      </trkpt>
      <trkpt lat="46.1265110040" lon="7.1235381049">
        <ele>551.04</ele>
        <time>2026-05-17T07:42:48.000Z</time>
        <extensions>
          <power>210</power>
          <gpxtpx:TrackPointExtension>
            <gpxtpx:atemp>19.0</gpxtpx:atemp>
            <gpxtpx:hr>164</gpxtpx:hr>
            <gpxtpx:cad>68</gpxtpx:cad>
          </gpxtpx:TrackPointExtension>
        </extensions>
      </trkpt>
      <trkpt lat="46.1265329953" lon="7.1235745307">
        <ele>551.33</ele>
        <time>2026-05-17T07:42:49.000Z</time>
        <extensions>
          <power>210</power>
          <gpxtpx:TrackPointExtension>
            <gpxtpx:atemp>19.0</gpxtpx:atemp>
            <gpxtpx:hr>164</gpxtpx:hr>
            <gpxtpx:cad>68</gpxtpx:cad>
          </gpxtpx:TrackPointExtension>
        </extensions>
      </trkpt>
      <trkpt lat="46.1265517609" lon="7.1236101453">
        <ele>551.61</ele>
        <time>2026-05-17T07:42:50.000Z</time>
        <extensions>
          <power>210</power>
          <gpxtpx:TrackPointExtension>
            <gpxtpx:atemp>19.0</gpxtpx:atemp>
            <gpxtpx:hr>164</gpxtpx:hr>
            <gpxtpx:cad>68</gpxtpx:cad>
          </gpxtpx:TrackPointExtension>
        </extensions>
      </trkpt>
      <trkpt lat="46.1265767879" lon="7.1236432236">
        <ele>551.89</ele>
        <time>2026-05-17T07:42:51.000Z</time>
        <extensions>
          <power>210</power>
          <gpxtpx:TrackPointExtension>
            <gpxtpx:atemp>19.0</gpxtpx:atemp>
            <gpxtpx:hr>164</gpxtpx:hr>
            <gpxtpx:cad>68</gpxtpx:cad>
          </gpxtpx:TrackPointExtension>
        </extensions>
      </trkpt>
      <trkpt lat="46.1265966184" lon="7.1236797986">
        <ele>552.18</ele>
        <time>2026-05-17T07:42:52.000Z</time>
        <extensions>
          <power>210</power>
          <gpxtpx:TrackPointExtension>
            <gpxtpx:atemp>19.0</gpxtpx:atemp>
            <gpxtpx:hr>164</gpxtpx:hr>
            <gpxtpx:cad>68</gpxtpx:cad>
          </gpxtpx:TrackPointExtension>
        </extensions>
      </trkpt>
      <trkpt lat="46.1266153601" lon="7.1237226985">
        <ele>552.46</ele>
        <time>2026-05-17T07:42:53.000Z</time>
        <extensions>
          <power>210</power>
          <gpxtpx:TrackPointExtension>
            <gpxtpx:atemp>19.0</gpxtpx:atemp>
            <gpxtpx:hr>164</gpxtpx:hr>
            <gpxtpx:cad>68</gpxtpx:cad>
          </gpxtpx:TrackPointExtension>
        </extensions>
      </trkpt>
      <trkpt lat="46.1266355872" lon="7.1237575366">
        <ele>552.74</ele>
        <time>2026-05-17T07:42:54.000Z</time>
        <extensions>
          <power>210</power>
          <gpxtpx:TrackPointExtension>
            <gpxtpx:atemp>19.0</gpxtpx:atemp>
            <gpxtpx:hr>164</gpxtpx:hr>
            <gpxtpx:cad>68</gpxtpx:cad>
          </gpxtpx:TrackPointExtension>
        </extensions>
      </trkpt>
      <trkpt lat="46.1266569837" lon="7.1237983135">
        <ele>553.02</ele>
        <time>2026-05-17T07:42:55.000Z</time>
        <extensions>
          <power>210</power>
          <gpxtpx:TrackPointExtension>
            <gpxtpx:atemp>19.0</gpxtpx:atemp>
            <gpxtpx:hr>164</gpxtpx:hr>
            <gpxtpx:cad>69</gpxtpx:cad>
          </gpxtpx:TrackPointExtension>
        </extensions>
      </trkpt>
      <trkpt lat="46.1266820140" lon="7.1238334603">
        <ele>553.30</ele>
        <time>2026-05-17T07:42:56.000Z</time>
        <extensions>
          <power>210</power>
          <gpxtpx:TrackPointExtension>
            <gpxtpx:atemp>19.0</gpxtpx:atemp>
            <gpxtpx:hr>164</gpxtpx:hr>
            <gpxtpx:cad>69</gpxtpx:cad>
          </gpxtpx:TrackPointExtension>
        </extensions>
      </trkpt>
      <trkpt lat="46.1267045440" lon="7.1238772395">
        <ele>553.58</ele>
        <time>2026-05-17T07:42:57.000Z</time>
        <extensions>
          <power>210</power>
          <gpxtpx:TrackPointExtension>
            <gpxtpx:atemp>19.0</gpxtpx:atemp>
            <gpxtpx:hr>164</gpxtpx:hr>
            <gpxtpx:cad>69</gpxtpx:cad>
          </gpxtpx:TrackPointExtension>
        </extensions>
      </trkpt>
      <trkpt lat="46.1267239672" lon="7.1239164268">
        <ele>553.85</ele>
        <time>2026-05-17T07:42:58.000Z</time>
        <extensions>
          <power>210</power>
          <gpxtpx:TrackPointExtension>
            <gpxtpx:atemp>19.0</gpxtpx:atemp>
            <gpxtpx:hr>164</gpxtpx:hr>
            <gpxtpx:cad>69</gpxtpx:cad>
          </gpxtpx:TrackPointExtension>
        </extensions>
      </trkpt>
      <trkpt lat="46.1267465981" lon="7.1239562088">
        <ele>554.13</ele>
        <time>2026-05-17T07:42:59.000Z</time>
        <extensions>
          <power>210</power>
          <gpxtpx:TrackPointExtension>
            <gpxtpx:atemp>19.0</gpxtpx:atemp>
            <gpxtpx:hr>164</gpxtpx:hr>
            <gpxtpx:cad>69</gpxtpx:cad>
          </gpxtpx:TrackPointExtension>
        </extensions>
      </trkpt>
      <trkpt lat="46.1267687777" lon="7.1239881574">
        <ele>554.41</ele>
        <time>2026-05-17T07:43:00.000Z</time>
        <extensions>
          <power>210</power>
          <gpxtpx:TrackPointExtension>
            <gpxtpx:atemp>19.0</gpxtpx:atemp>
            <gpxtpx:hr>164</gpxtpx:hr>
            <gpxtpx:cad>69</gpxtpx:cad>
          </gpxtpx:TrackPointExtension>
        </extensions>
      </trkpt>
      <trkpt lat="46.1267928141" lon="7.1240185504">
        <ele>554.68</ele>
        <time>2026-05-17T07:43:01.000Z</time>
        <extensions>
          <power>210</power>
          <gpxtpx:TrackPointExtension>
            <gpxtpx:atemp>19.0</gpxtpx:atemp>
            <gpxtpx:hr>164</gpxtpx:hr>
            <gpxtpx:cad>69</gpxtpx:cad>
          </gpxtpx:TrackPointExtension>
        </extensions>
      </trkpt>
      <trkpt lat="46.1268151625" lon="7.1240628199">
        <ele>554.96</ele>
        <time>2026-05-17T07:43:02.000Z</time>
        <extensions>
          <power>210</power>
          <gpxtpx:TrackPointExtension>
            <gpxtpx:atemp>19.0</gpxtpx:atemp>
            <gpxtpx:hr>164</gpxtpx:hr>
            <gpxtpx:cad>69</gpxtpx:cad>
          </gpxtpx:TrackPointExtension>
        </extensions>
      </trkpt>
      <trkpt lat="46.1268318639" lon="7.1240962227">
        <ele>555.23</ele>
        <time>2026-05-17T07:43:03.000Z</time>
        <extensions>
          <power>210</power>
          <gpxtpx:TrackPointExtension>
            <gpxtpx:atemp>19.0</gpxtpx:atemp>
            <gpxtpx:hr>164</gpxtpx:hr>
            <gpxtpx:cad>69</gpxtpx:cad>
          </gpxtpx:TrackPointExtension>
        </extensions>
      </trkpt>
      <trkpt lat="46.1268484163" lon="7.1241338056">
        <ele>555.50</ele>
        <time>2026-05-17T07:43:04.000Z</time>
        <extensions>
          <power>210</power>
          <gpxtpx:TrackPointExtension>
            <gpxtpx:atemp>19.0</gpxtpx:atemp>
            <gpxtpx:hr>164</gpxtpx:hr>
            <gpxtpx:cad>69</gpxtpx:cad>
          </gpxtpx:TrackPointExtension>
        </extensions>
      </trkpt>
      <trkpt lat="46.1268652142" lon="7.1241683102">
        <ele>555.77</ele>
        <time>2026-05-17T07:43:05.000Z</time>
        <extensions>
          <power>210</power>
          <gpxtpx:TrackPointExtension>
            <gpxtpx:atemp>19.0</gpxtpx:atemp>
            <gpxtpx:hr>164</gpxtpx:hr>
            <gpxtpx:cad>70</gpxtpx:cad>
          </gpxtpx:TrackPointExtension>
        </extensions>
      </trkpt>
      <trkpt lat="46.1268877159" lon="7.1242007013">
        <ele>556.04</ele>
        <time>2026-05-17T07:43:06.000Z</time>
        <extensions>
          <power>210</power>
          <gpxtpx:TrackPointExtension>
            <gpxtpx:atemp>19.0</gpxtpx:atemp>
            <gpxtpx:hr>164</gpxtpx:hr>
            <gpxtpx:cad>70</gpxtpx:cad>
          </gpxtpx:TrackPointExtension>
        </extensions>
      </trkpt>
      <trkpt lat="46.1269104802" lon="7.1242338263">
        <ele>556.31</ele>
        <time>2026-05-17T07:43:07.000Z</time>
        <extensions>
          <power>210</power>
          <gpxtpx:TrackPointExtension>
            <gpxtpx:atemp>19.0</gpxtpx:atemp>
            <gpxtpx:hr>164</gpxtpx:hr>
            <gpxtpx:cad>70</gpxtpx:cad>
          </gpxtpx:TrackPointExtension>
        </extensions>
      </trkpt>
      <trkpt lat="46.1269267525" lon="7.1242687355">
        <ele>556.58</ele>
        <time>2026-05-17T07:43:08.000Z</time>
        <extensions>
          <power>210</power>
          <gpxtpx:TrackPointExtension>
            <gpxtpx:atemp>19.0</gpxtpx:atemp>
            <gpxtpx:hr>164</gpxtpx:hr>
            <gpxtpx:cad>70</gpxtpx:cad>
          </gpxtpx:TrackPointExtension>
        </extensions>
      </trkpt>
      <trkpt lat="46.1269477259" lon="7.1243131576">
        <ele>556.85</ele>
        <time>2026-05-17T07:43:09.000Z</time>
        <extensions>
          <power>210</power>
          <gpxtpx:TrackPointExtension>
            <gpxtpx:atemp>19.0</gpxtpx:atemp>
            <gpxtpx:hr>164</gpxtpx:hr>
            <gpxtpx:cad>70</gpxtpx:cad>
          </gpxtpx:TrackPointExtension>
        </extensions>
      </trkpt>
      <trkpt lat="46.1269720059" lon="7.1243444114">
        <ele>557.12</ele>
        <time>2026-05-17T07:43:10.000Z</time>
        <extensions>
          <power>210</power>
          <gpxtpx:TrackPointExtension>
            <gpxtpx:atemp>19.0</gpxtpx:atemp>
            <gpxtpx:hr>164</gpxtpx:hr>
            <gpxtpx:cad>70</gpxtpx:cad>
          </gpxtpx:TrackPointExtension>
        </extensions>
      </trkpt>
      <trkpt lat="46.1269931622" lon="7.1243840760">
        <ele>557.39</ele>
        <time>2026-05-17T07:43:11.000Z</time>
        <extensions>
          <power>210</power>
          <gpxtpx:TrackPointExtension>
            <gpxtpx:atemp>19.0</gpxtpx:atemp>
            <gpxtpx:hr>164</gpxtpx:hr>
            <gpxtpx:cad>70</gpxtpx:cad>
          </gpxtpx:TrackPointExtension>
        </extensions>
      </trkpt>
      <trkpt lat="46.1270097431" lon="7.1244218936">
        <ele>557.65</ele>
        <time>2026-05-17T07:43:12.000Z</time>
        <extensions>
          <power>210</power>
          <gpxtpx:TrackPointExtension>
            <gpxtpx:atemp>19.0</gpxtpx:atemp>
            <gpxtpx:hr>164</gpxtpx:hr>
            <gpxtpx:cad>70</gpxtpx:cad>
          </gpxtpx:TrackPointExtension>
        </extensions>
      </trkpt>
      <trkpt lat="46.1270259737" lon="7.1244570984">
        <ele>557.91</ele>
        <time>2026-05-17T07:43:13.000Z</time>
        <extensions>
          <power>210</power>
          <gpxtpx:TrackPointExtension>
            <gpxtpx:atemp>19.0</gpxtpx:atemp>
            <gpxtpx:hr>164</gpxtpx:hr>
            <gpxtpx:cad>71</gpxtpx:cad>
          </gpxtpx:TrackPointExtension>
        </extensions>
      </trkpt>
      <trkpt lat="46.1270508445" lon="7.1244986424">
        <ele>558.18</ele>
        <time>2026-05-17T07:43:14.000Z</time>
        <extensions>
          <power>210</power>
          <gpxtpx:TrackPointExtension>
            <gpxtpx:atemp>19.0</gpxtpx:atemp>
            <gpxtpx:hr>164</gpxtpx:hr>
            <gpxtpx:cad>71</gpxtpx:cad>
          </gpxtpx:TrackPointExtension>
        </extensions>
      </trkpt>
      <trkpt lat="46.1270686171" lon="7.1245319900">
        <ele>558.44</ele>
        <time>2026-05-17T07:43:15.000Z</time>
        <extensions>
          <power>210</power>
          <gpxtpx:TrackPointExtension>
            <gpxtpx:atemp>19.0</gpxtpx:atemp>
            <gpxtpx:hr>164</gpxtpx:hr>
            <gpxtpx:cad>71</gpxtpx:cad>
          </gpxtpx:TrackPointExtension>
        </extensions>
      </trkpt>
      <trkpt lat="46.1270913481" lon="7.1245627238">
        <ele>558.70</ele>
        <time>2026-05-17T07:43:16.000Z</time>
        <extensions>
          <power>210</power>
          <gpxtpx:TrackPointExtension>
            <gpxtpx:atemp>19.0</gpxtpx:atemp>
            <gpxtpx:hr>164</gpxtpx:hr>
            <gpxtpx:cad>71</gpxtpx:cad>
          </gpxtpx:TrackPointExtension>
        </extensions>
      </trkpt>
      <trkpt lat="46.1271168652" lon="7.1246051051">
        <ele>558.96</ele>
        <time>2026-05-17T07:43:17.000Z</time>
        <extensions>
          <power>210</power>
          <gpxtpx:TrackPointExtension>
            <gpxtpx:atemp>19.0</gpxtpx:atemp>
            <gpxtpx:hr>164</gpxtpx:hr>
            <gpxtpx:cad>71</gpxtpx:cad>
          </gpxtpx:TrackPointExtension>
        </extensions>
      </trkpt>
      <trkpt lat="46.1271355439" lon="7.1246360394">
        <ele>559.22</ele>
        <time>2026-05-17T07:43:18.000Z</time>
        <extensions>
          <power>210</power>
          <gpxtpx:TrackPointExtension>
            <gpxtpx:atemp>19.0</gpxtpx:atemp>
            <gpxtpx:hr>164</gpxtpx:hr>
            <gpxtpx:cad>71</gpxtpx:cad>
          </gpxtpx:TrackPointExtension>
        </extensions>
      </trkpt>
      <trkpt lat="46.1271580646" lon="7.1246645715">
        <ele>559.48</ele>
        <time>2026-05-17T07:43:19.000Z</time>
        <extensions>
          <power>210</power>
          <gpxtpx:TrackPointExtension>
            <gpxtpx:atemp>19.0</gpxtpx:atemp>
            <gpxtpx:hr>164</gpxtpx:hr>
            <gpxtpx:cad>72</gpxtpx:cad>
          </gpxtpx:TrackPointExtension>
        </extensions>
      </trkpt>
      <trkpt lat="46.1271807347" lon="7.1246931495">
        <ele>559.74</ele>
        <time>2026-05-17T07:43:20.000Z</time>
        <extensions>
          <power>210</power>
          <gpxtpx:TrackPointExtension>
            <gpxtpx:atemp>19.0</gpxtpx:atemp>
            <gpxtpx:hr>164</gpxtpx:hr>
            <gpxtpx:cad>72</gpxtpx:cad>
          </gpxtpx:TrackPointExtension>
        </extensions>
      </trkpt>
      <trkpt lat="46.1272055471" lon="7.1247228662">
        <ele>559.99</ele>
        <time>2026-05-17T07:43:21.000Z</time>
        <extensions>
          <power>210</power>
          <gpxtpx:TrackPointExtension>
            <gpxtpx:atemp>19.0</gpxtpx:atemp>
            <gpxtpx:hr>164</gpxtpx:hr>
            <gpxtpx:cad>72</gpxtpx:cad>
          </gpxtpx:TrackPointExtension>
        </extensions>
      </trkpt>
      <trkpt lat="46.1272243562" lon="7.1247601119">
        <ele>560.25</ele>
        <time>2026-05-17T07:43:22.000Z</time>
        <extensions>
          <power>210</power>
          <gpxtpx:TrackPointExtension>
            <gpxtpx:atemp>19.0</gpxtpx:atemp>
            <gpxtpx:hr>164</gpxtpx:hr>
            <gpxtpx:cad>72</gpxtpx:cad>
          </gpxtpx:TrackPointExtension>
        </extensions>
      </trkpt>
      <trkpt lat="46.1272462722" lon="7.1247940495">
        <ele>560.50</ele>
        <time>2026-05-17T07:43:23.000Z</time>
        <extensions>
          <power>210</power>
          <gpxtpx:TrackPointExtension>
            <gpxtpx:atemp>19.0</gpxtpx:atemp>
            <gpxtpx:hr>164</gpxtpx:hr>
            <gpxtpx:cad>72</gpxtpx:cad>
          </gpxtpx:TrackPointExtension>
        </extensions>
      </trkpt>
      <trkpt lat="46.1272722035" lon="7.1248306443">
        <ele>560.76</ele>
        <time>2026-05-17T07:43:24.000Z</time>
        <extensions>
          <power>210</power>
          <gpxtpx:TrackPointExtension>
            <gpxtpx:atemp>19.0</gpxtpx:atemp>
            <gpxtpx:hr>164</gpxtpx:hr>
            <gpxtpx:cad>73</gpxtpx:cad>
          </gpxtpx:TrackPointExtension>
        </extensions>
      </trkpt>
      <trkpt lat="46.1272939323" lon="7.1248625296">
        <ele>561.01</ele>
        <time>2026-05-17T07:43:25.000Z</time>
        <extensions>
          <power>210</power>
          <gpxtpx:TrackPointExtension>
            <gpxtpx:atemp>19.0</gpxtpx:atemp>
            <gpxtpx:hr>163</gpxtpx:hr>
            <gpxtpx:cad>73</gpxtpx:cad>
          </gpxtpx:TrackPointExtension>
        </extensions>
      </trkpt>
      <trkpt lat="46.1273185550" lon="7.1248961531">
        <ele>561.26</ele>
        <time>2026-05-17T07:43:26.000Z</time>
        <extensions>
          <power>210</power>
          <gpxtpx:TrackPointExtension>
            <gpxtpx:atemp>19.0</gpxtpx:atemp>
            <gpxtpx:hr>163</gpxtpx:hr>
            <gpxtpx:cad>73</gpxtpx:cad>
          </gpxtpx:TrackPointExtension>
        </extensions>
      </trkpt>
      <trkpt lat="46.1273404072" lon="7.1249315276">
        <ele>561.51</ele>
        <time>2026-05-17T07:43:27.000Z</time>
        <extensions>
          <power>210</power>
          <gpxtpx:TrackPointExtension>
            <gpxtpx:atemp>19.0</gpxtpx:atemp>
            <gpxtpx:hr>163</gpxtpx:hr>
            <gpxtpx:cad>73</gpxtpx:cad>
          </gpxtpx:TrackPointExtension>
        </extensions>
      </trkpt>
      <trkpt lat="46.1273646979" lon="7.1249622321">
        <ele>561.76</ele>
        <time>2026-05-17T07:43:28.000Z</time>
        <extensions>
          <power>210</power>
          <gpxtpx:TrackPointExtension>
            <gpxtpx:atemp>19.0</gpxtpx:atemp>
            <gpxtpx:hr>163</gpxtpx:hr>
            <gpxtpx:cad>73</gpxtpx:cad>
          </gpxtpx:TrackPointExtension>
        </extensions>
      </trkpt>
      <trkpt lat="46.1273856578" lon="7.1250039817">
        <ele>562.01</ele>
        <time>2026-05-17T07:43:29.000Z</time>
        <extensions>
          <power>210</power>
          <gpxtpx:TrackPointExtension>
            <gpxtpx:atemp>19.0</gpxtpx:atemp>
            <gpxtpx:hr>163</gpxtpx:hr>
            <gpxtpx:cad>74</gpxtpx:cad>
          </gpxtpx:TrackPointExtension>
        </extensions>
      </trkpt>
      <trkpt lat="46.1274119989" lon="7.1250413598">
        <ele>562.25</ele>
        <time>2026-05-17T07:43:30.000Z</time>
        <extensions>
          <power>210</power>
          <gpxtpx:TrackPointExtension>
            <gpxtpx:atemp>19.0</gpxtpx:atemp>
            <gpxtpx:hr>163</gpxtpx:hr>
            <gpxtpx:cad>74</gpxtpx:cad>
          </gpxtpx:TrackPointExtension>
        </extensions>
      </trkpt>
      <trkpt lat="46.1274316106" lon="7.1250829024">
        <ele>562.50</ele>
        <time>2026-05-17T07:43:31.000Z</time>
        <extensions>
          <power>210</power>
          <gpxtpx:TrackPointExtension>
            <gpxtpx:atemp>19.0</gpxtpx:atemp>
            <gpxtpx:hr>163</gpxtpx:hr>
            <gpxtpx:cad>74</gpxtpx:cad>
          </gpxtpx:TrackPointExtension>
        </extensions>
      </trkpt>
      <trkpt lat="46.1274505642" lon="7.1251131955">
        <ele>562.74</ele>
        <time>2026-05-17T07:43:32.000Z</time>
        <extensions>
          <power>210</power>
          <gpxtpx:TrackPointExtension>
            <gpxtpx:atemp>19.0</gpxtpx:atemp>
            <gpxtpx:hr>163</gpxtpx:hr>
            <gpxtpx:cad>74</gpxtpx:cad>
          </gpxtpx:TrackPointExtension>
        </extensions>
      </trkpt>
      <trkpt lat="46.1274685422" lon="7.1251467648">
        <ele>562.99</ele>
        <time>2026-05-17T07:43:33.000Z</time>
        <extensions>
          <power>210</power>
          <gpxtpx:TrackPointExtension>
            <gpxtpx:atemp>19.0</gpxtpx:atemp>
            <gpxtpx:hr>163</gpxtpx:hr>
            <gpxtpx:cad>74</gpxtpx:cad>
          </gpxtpx:TrackPointExtension>
        </extensions>
      </trkpt>
      <trkpt lat="46.1274945303" lon="7.1251804438">
        <ele>563.23</ele>
        <time>2026-05-17T07:43:34.000Z</time>
        <extensions>
          <power>210</power>
          <gpxtpx:TrackPointExtension>
            <gpxtpx:atemp>19.0</gpxtpx:atemp>
            <gpxtpx:hr>163</gpxtpx:hr>
            <gpxtpx:cad>75</gpxtpx:cad>
          </gpxtpx:TrackPointExtension>
        </extensions>
      </trkpt>
      <trkpt lat="46.1275165370" lon="7.1252209669">
        <ele>563.47</ele>
        <time>2026-05-17T07:43:35.000Z</time>
        <extensions>
          <power>210</power>
          <gpxtpx:TrackPointExtension>
            <gpxtpx:atemp>19.0</gpxtpx:atemp>
            <gpxtpx:hr>163</gpxtpx:hr>
            <gpxtpx:cad>75</gpxtpx:cad>
          </gpxtpx:TrackPointExtension>
        </extensions>
      </trkpt>
      <trkpt lat="46.1275380690" lon="7.1252545144">
        <ele>563.71</ele>
        <time>2026-05-17T07:43:36.000Z</time>
        <extensions>
          <power>210</power>
          <gpxtpx:TrackPointExtension>
            <gpxtpx:atemp>19.0</gpxtpx:atemp>
            <gpxtpx:hr>163</gpxtpx:hr>
            <gpxtpx:cad>75</gpxtpx:cad>
          </gpxtpx:TrackPointExtension>
        </extensions>
      </trkpt>
      <trkpt lat="46.1275633938" lon="7.1252817966">
        <ele>563.95</ele>
        <time>2026-05-17T07:43:37.000Z</time>
        <extensions>
          <power>210</power>
          <gpxtpx:TrackPointExtension>
            <gpxtpx:atemp>19.0</gpxtpx:atemp>
            <gpxtpx:hr>163</gpxtpx:hr>
            <gpxtpx:cad>75</gpxtpx:cad>
          </gpxtpx:TrackPointExtension>
        </extensions>
      </trkpt>
      <trkpt lat="46.1275847281" lon="7.1253212410">
        <ele>564.19</ele>
        <time>2026-05-17T07:43:38.000Z</time>
        <extensions>
          <power>210</power>
          <gpxtpx:TrackPointExtension>
            <gpxtpx:atemp>19.0</gpxtpx:atemp>
            <gpxtpx:hr>163</gpxtpx:hr>
            <gpxtpx:cad>75</gpxtpx:cad>
          </gpxtpx:TrackPointExtension>
        </extensions>
      </trkpt>
      <trkpt lat="46.1276082422" lon="7.1253546601">
        <ele>564.43</ele>
        <time>2026-05-17T07:43:39.000Z</time>
        <extensions>
          <power>210</power>
          <gpxtpx:TrackPointExtension>
            <gpxtpx:atemp>19.0</gpxtpx:atemp>
            <gpxtpx:hr>163</gpxtpx:hr>
            <gpxtpx:cad>76</gpxtpx:cad>
          </gpxtpx:TrackPointExtension>
        </extensions>
      </trkpt>
      <trkpt lat="46.1276278129" lon="7.1253929149">
        <ele>564.66</ele>
        <time>2026-05-17T07:43:40.000Z</time>
        <extensions>
          <power>210</power>
          <gpxtpx:TrackPointExtension>
            <gpxtpx:atemp>19.0</gpxtpx:atemp>
            <gpxtpx:hr>163</gpxtpx:hr>
            <gpxtpx:cad>76</gpxtpx:cad>
          </gpxtpx:TrackPointExtension>
        </extensions>
      </trkpt>
      <trkpt lat="46.1276546414" lon="7.1254209571">
        <ele>564.90</ele>
        <time>2026-05-17T07:43:41.000Z</time>
        <extensions>
          <power>210</power>
          <gpxtpx:TrackPointExtension>
            <gpxtpx:atemp>19.0</gpxtpx:atemp>
            <gpxtpx:hr>162</gpxtpx:hr>
            <gpxtpx:cad>76</gpxtpx:cad>
          </gpxtpx:TrackPointExtension>
        </extensions>
      </trkpt>
      <trkpt lat="46.1276740898" lon="7.1254477666">
        <ele>565.13</ele>
        <time>2026-05-17T07:43:42.000Z</time>
        <extensions>
          <power>210</power>
          <gpxtpx:TrackPointExtension>
            <gpxtpx:atemp>19.0</gpxtpx:atemp>
            <gpxtpx:hr>162</gpxtpx:hr>
            <gpxtpx:cad>76</gpxtpx:cad>
          </gpxtpx:TrackPointExtension>
        </extensions>
      </trkpt>
      <trkpt lat="46.1276982846" lon="7.1254742118">
        <ele>565.37</ele>
        <time>2026-05-17T07:43:43.000Z</time>
        <extensions>
          <power>210</power>
          <gpxtpx:TrackPointExtension>
            <gpxtpx:atemp>19.0</gpxtpx:atemp>
            <gpxtpx:hr>162</gpxtpx:hr>
            <gpxtpx:cad>77</gpxtpx:cad>
          </gpxtpx:TrackPointExtension>
        </extensions>
      </trkpt>
      <trkpt lat="46.1277204454" lon="7.1255050687">
        <ele>565.60</ele>
        <time>2026-05-17T07:43:44.000Z</time>
        <extensions>
          <power>210</power>
          <gpxtpx:TrackPointExtension>
            <gpxtpx:atemp>19.0</gpxtpx:atemp>
            <gpxtpx:hr>162</gpxtpx:hr>
            <gpxtpx:cad>77</gpxtpx:cad>
          </gpxtpx:TrackPointExtension>
        </extensions>
      </trkpt>
      <trkpt lat="46.1277405106" lon="7.1255414018">
        <ele>565.83</ele>
        <time>2026-05-17T07:43:45.000Z</time>
        <extensions>
          <power>210</power>
          <gpxtpx:TrackPointExtension>
            <gpxtpx:atemp>19.0</gpxtpx:atemp>
            <gpxtpx:hr>162</gpxtpx:hr>
            <gpxtpx:cad>77</gpxtpx:cad>
          </gpxtpx:TrackPointExtension>
        </extensions>
      </trkpt>
      <trkpt lat="46.1277654331" lon="7.1255750590">
        <ele>566.06</ele>
        <time>2026-05-17T07:43:46.000Z</time>
        <extensions>
          <power>210</power>
          <gpxtpx:TrackPointExtension>
            <gpxtpx:atemp>19.0</gpxtpx:atemp>
            <gpxtpx:hr>162</gpxtpx:hr>
            <gpxtpx:cad>77</gpxtpx:cad>
          </gpxtpx:TrackPointExtension>
        </extensions>
      </trkpt>
      <trkpt lat="46.1277838216" lon="7.1256095996">
        <ele>566.29</ele>
        <time>2026-05-17T07:43:47.000Z</time>
        <extensions>
          <power>210</power>
          <gpxtpx:TrackPointExtension>
            <gpxtpx:atemp>19.0</gpxtpx:atemp>
            <gpxtpx:hr>162</gpxtpx:hr>
            <gpxtpx:cad>77</gpxtpx:cad>
          </gpxtpx:TrackPointExtension>
        </extensions>
      </trkpt>
      <trkpt lat="46.1278088390" lon="7.1256421942">
        <ele>566.51</ele>
        <time>2026-05-17T07:43:48.000Z</time>
        <extensions>
          <power>210</power>
          <gpxtpx:TrackPointExtension>
            <gpxtpx:atemp>19.0</gpxtpx:atemp>
            <gpxtpx:hr>162</gpxtpx:hr>
            <gpxtpx:cad>78</gpxtpx:cad>
          </gpxtpx:TrackPointExtension>
        </extensions>
      </trkpt>
      <trkpt lat="46.1278324899" lon="7.1256718393">
        <ele>566.74</ele>
        <time>2026-05-17T07:43:49.000Z</time>
        <extensions>
          <power>210</power>
          <gpxtpx:TrackPointExtension>
            <gpxtpx:atemp>19.0</gpxtpx:atemp>
            <gpxtpx:hr>162</gpxtpx:hr>
            <gpxtpx:cad>78</gpxtpx:cad>
          </gpxtpx:TrackPointExtension>
        </extensions>
      </trkpt>
      <trkpt lat="46.1278513185" lon="7.1257008943">
        <ele>566.97</ele>
        <time>2026-05-17T07:43:50.000Z</time>
        <extensions>
          <power>210</power>
          <gpxtpx:TrackPointExtension>
            <gpxtpx:atemp>19.0</gpxtpx:atemp>
            <gpxtpx:hr>162</gpxtpx:hr>
            <gpxtpx:cad>78</gpxtpx:cad>
          </gpxtpx:TrackPointExtension>
        </extensions>
      </trkpt>
      <trkpt lat="46.1278716227" lon="7.1257318064">
        <ele>567.19</ele>
        <time>2026-05-17T07:43:51.000Z</time>
        <extensions>
          <power>210</power>
          <gpxtpx:TrackPointExtension>
            <gpxtpx:atemp>19.0</gpxtpx:atemp>
            <gpxtpx:hr>162</gpxtpx:hr>
            <gpxtpx:cad>78</gpxtpx:cad>
          </gpxtpx:TrackPointExtension>
        </extensions>
      </trkpt>
      <trkpt lat="46.1278995830" lon="7.1257616988">
        <ele>567.41</ele>
        <time>2026-05-17T07:43:52.000Z</time>
        <extensions>
          <power>210</power>
          <gpxtpx:TrackPointExtension>
            <gpxtpx:atemp>19.0</gpxtpx:atemp>
            <gpxtpx:hr>162</gpxtpx:hr>
            <gpxtpx:cad>79</gpxtpx:cad>
          </gpxtpx:TrackPointExtension>
        </extensions>
      </trkpt>
      <trkpt lat="46.1279237655" lon="7.1257958457">
        <ele>567.64</ele>
        <time>2026-05-17T07:43:53.000Z</time>
        <extensions>
          <power>210</power>
          <gpxtpx:TrackPointExtension>
            <gpxtpx:atemp>19.0</gpxtpx:atemp>
            <gpxtpx:hr>161</gpxtpx:hr>
            <gpxtpx:cad>79</gpxtpx:cad>
          </gpxtpx:TrackPointExtension>
        </extensions>
      </trkpt>
      <trkpt lat="46.1279510297" lon="7.1258246366">
        <ele>567.86</ele>
        <time>2026-05-17T07:43:54.000Z</time>
        <extensions>
          <power>210</power>
          <gpxtpx:TrackPointExtension>
            <gpxtpx:atemp>19.0</gpxtpx:atemp>
            <gpxtpx:hr>161</gpxtpx:hr>
            <gpxtpx:cad>79</gpxtpx:cad>
          </gpxtpx:TrackPointExtension>
        </extensions>
      </trkpt>
      <trkpt lat="46.1279710148" lon="7.1258492368">
        <ele>568.08</ele>
        <time>2026-05-17T07:43:55.000Z</time>
        <extensions>
          <power>210</power>
          <gpxtpx:TrackPointExtension>
            <gpxtpx:atemp>19.0</gpxtpx:atemp>
            <gpxtpx:hr>161</gpxtpx:hr>
            <gpxtpx:cad>79</gpxtpx:cad>
          </gpxtpx:TrackPointExtension>
        </extensions>
      </trkpt>
      <trkpt lat="46.1279939132" lon="7.1258722362">
        <ele>568.30</ele>
        <time>2026-05-17T07:43:56.000Z</time>
        <extensions>
          <power>210</power>
          <gpxtpx:TrackPointExtension>
            <gpxtpx:atemp>19.0</gpxtpx:atemp>
            <gpxtpx:hr>161</gpxtpx:hr>
            <gpxtpx:cad>79</gpxtpx:cad>
          </gpxtpx:TrackPointExtension>
        </extensions>
      </trkpt>
      <trkpt lat="46.1280141596" lon="7.1259011809">
        <ele>568.52</ele>
        <time>2026-05-17T07:43:57.000Z</time>
        <extensions>
          <power>210</power>
          <gpxtpx:TrackPointExtension>
            <gpxtpx:atemp>19.0</gpxtpx:atemp>
            <gpxtpx:hr>161</gpxtpx:hr>
            <gpxtpx:cad>80</gpxtpx:cad>
          </gpxtpx:TrackPointExtension>
        </extensions>
      </trkpt>
      <trkpt lat="46.1280350341" lon="7.1259242720">
        <ele>568.73</ele>
        <time>2026-05-17T07:43:58.000Z</time>
        <extensions>
          <power>210</power>
          <gpxtpx:TrackPointExtension>
            <gpxtpx:atemp>19.0</gpxtpx:atemp>
            <gpxtpx:hr>161</gpxtpx:hr>
            <gpxtpx:cad>80</gpxtpx:cad>
          </gpxtpx:TrackPointExtension>
        </extensions>
      </trkpt>
      <trkpt lat="46.1280615945" lon="7.1259582680">
        <ele>568.95</ele>
        <time>2026-05-17T07:43:59.000Z</time>
        <extensions>
          <power>210</power>
          <gpxtpx:TrackPointExtension>
            <gpxtpx:atemp>19.0</gpxtpx:atemp>
            <gpxtpx:hr>161</gpxtpx:hr>
            <gpxtpx:cad>80</gpxtpx:cad>
          </gpxtpx:TrackPointExtension>
        </extensions>
      </trkpt>
      <trkpt lat="46.1280833028" lon="7.1259844754">
        <ele>569.17</ele>
        <time>2026-05-17T07:44:00.000Z</time>
        <extensions>
          <power>210</power>
          <gpxtpx:TrackPointExtension>
            <gpxtpx:atemp>19.1</gpxtpx:atemp>
            <gpxtpx:hr>161</gpxtpx:hr>
            <gpxtpx:cad>80</gpxtpx:cad>
          </gpxtpx:TrackPointExtension>
        </extensions>
      </trkpt>
      <trkpt lat="46.1281049117" lon="7.1260187214">
        <ele>569.38</ele>
        <time>2026-05-17T07:44:01.000Z</time>
        <extensions>
          <power>210</power>
          <gpxtpx:TrackPointExtension>
            <gpxtpx:atemp>19.1</gpxtpx:atemp>
            <gpxtpx:hr>161</gpxtpx:hr>
            <gpxtpx:cad>81</gpxtpx:cad>
          </gpxtpx:TrackPointExtension>
        </extensions>
      </trkpt>
      <trkpt lat="46.1281289298" lon="7.1260538331">
        <ele>569.59</ele>
        <time>2026-05-17T07:44:02.000Z</time>
        <extensions>
          <power>210</power>
          <gpxtpx:TrackPointExtension>
            <gpxtpx:atemp>19.1</gpxtpx:atemp>
            <gpxtpx:hr>160</gpxtpx:hr>
            <gpxtpx:cad>81</gpxtpx:cad>
          </gpxtpx:TrackPointExtension>
        </extensions>
      </trkpt>
      <trkpt lat="46.1281517544" lon="7.1260844903">
        <ele>569.81</ele>
        <time>2026-05-17T07:44:03.000Z</time>
        <extensions>
          <power>210</power>
          <gpxtpx:TrackPointExtension>
            <gpxtpx:atemp>19.1</gpxtpx:atemp>
            <gpxtpx:hr>160</gpxtpx:hr>
            <gpxtpx:cad>81</gpxtpx:cad>
          </gpxtpx:TrackPointExtension>
        </extensions>
      </trkpt>
      <trkpt lat="46.1281761402" lon="7.1261118230">
        <ele>570.02</ele>
        <time>2026-05-17T07:44:04.000Z</time>
        <extensions>
          <power>210</power>
          <gpxtpx:TrackPointExtension>
            <gpxtpx:atemp>19.1</gpxtpx:atemp>
            <gpxtpx:hr>160</gpxtpx:hr>
            <gpxtpx:cad>81</gpxtpx:cad>
          </gpxtpx:TrackPointExtension>
        </extensions>
      </trkpt>
      <trkpt lat="46.1282022625" lon="7.1261468678">
        <ele>570.23</ele>
        <time>2026-05-17T07:44:05.000Z</time>
        <extensions>
          <power>210</power>
          <gpxtpx:TrackPointExtension>
            <gpxtpx:atemp>19.1</gpxtpx:atemp>
            <gpxtpx:hr>160</gpxtpx:hr>
            <gpxtpx:cad>81</gpxtpx:cad>
          </gpxtpx:TrackPointExtension>
        </extensions>
      </trkpt>
      <trkpt lat="46.1282290041" lon="7.1261690602">
        <ele>570.44</ele>
        <time>2026-05-17T07:44:06.000Z</time>
        <extensions>
          <power>210</power>
          <gpxtpx:TrackPointExtension>
            <gpxtpx:atemp>19.1</gpxtpx:atemp>
            <gpxtpx:hr>160</gpxtpx:hr>
            <gpxtpx:cad>82</gpxtpx:cad>
          </gpxtpx:TrackPointExtension>
        </extensions>
      </trkpt>
      <trkpt lat="46.1282548203" lon="7.1261937281">
        <ele>570.65</ele>
        <time>2026-05-17T07:44:07.000Z</time>
        <extensions>
          <power>210</power>
          <gpxtpx:TrackPointExtension>
            <gpxtpx:atemp>19.1</gpxtpx:atemp>
            <gpxtpx:hr>160</gpxtpx:hr>
            <gpxtpx:cad>82</gpxtpx:cad>
          </gpxtpx:TrackPointExtension>
        </extensions>
      </trkpt>
      <trkpt lat="46.1282837106" lon="7.1262180495">
        <ele>570.85</ele>
        <time>2026-05-17T07:44:08.000Z</time>
        <extensions>
          <power>210</power>
          <gpxtpx:TrackPointExtension>
            <gpxtpx:atemp>19.1</gpxtpx:atemp>
            <gpxtpx:hr>160</gpxtpx:hr>
            <gpxtpx:cad>82</gpxtpx:cad>
          </gpxtpx:TrackPointExtension>
        </extensions>
      </trkpt>
      <trkpt lat="46.1283108717" lon="7.1262501105">
        <ele>571.06</ele>
        <time>2026-05-17T07:44:09.000Z</time>
        <extensions>
          <power>210</power>
          <gpxtpx:TrackPointExtension>
            <gpxtpx:atemp>19.1</gpxtpx:atemp>
            <gpxtpx:hr>160</gpxtpx:hr>
            <gpxtpx:cad>82</gpxtpx:cad>
          </gpxtpx:TrackPointExtension>
        </extensions>
      </trkpt>
      <trkpt lat="46.1283349380" lon="7.1262759080">
        <ele>571.26</ele>
        <time>2026-05-17T07:44:10.000Z</time>
        <extensions>
          <power>210</power>
          <gpxtpx:TrackPointExtension>
            <gpxtpx:atemp>19.1</gpxtpx:atemp>
            <gpxtpx:hr>160</gpxtpx:hr>
            <gpxtpx:cad>83</gpxtpx:cad>
          </gpxtpx:TrackPointExtension>
        </extensions>
      </trkpt>
      <trkpt lat="46.1283615842" lon="7.1263074778">
        <ele>571.47</ele>
        <time>2026-05-17T07:44:11.000Z</time>
        <extensions>
          <power>210</power>
          <gpxtpx:TrackPointExtension>
            <gpxtpx:atemp>19.1</gpxtpx:atemp>
            <gpxtpx:hr>159</gpxtpx:hr>
            <gpxtpx:cad>83</gpxtpx:cad>
          </gpxtpx:TrackPointExtension>
        </extensions>
      </trkpt>
      <trkpt lat="46.1283906207" lon="7.1263434515">
        <ele>571.67</ele>
        <time>2026-05-17T07:44:12.000Z</time>
        <extensions>
          <power>210</power>
          <gpxtpx:TrackPointExtension>
            <gpxtpx:atemp>19.1</gpxtpx:atemp>
            <gpxtpx:hr>159</gpxtpx:hr>
            <gpxtpx:cad>83</gpxtpx:cad>
          </gpxtpx:TrackPointExtension>
        </extensions>
      </trkpt>
      <trkpt lat="46.1284148063" lon="7.1263794784">
        <ele>571.88</ele>
        <time>2026-05-17T07:44:13.000Z</time>
        <extensions>
          <power>210</power>
          <gpxtpx:TrackPointExtension>
            <gpxtpx:atemp>19.1</gpxtpx:atemp>
            <gpxtpx:hr>159</gpxtpx:hr>
            <gpxtpx:cad>83</gpxtpx:cad>
          </gpxtpx:TrackPointExtension>
        </extensions>
      </trkpt>
      <trkpt lat="46.1284381512" lon="7.1264073167">
        <ele>572.08</ele>
        <time>2026-05-17T07:44:14.000Z</time>
        <extensions>
          <power>210</power>
          <gpxtpx:TrackPointExtension>
            <gpxtpx:atemp>19.1</gpxtpx:atemp>
            <gpxtpx:hr>159</gpxtpx:hr>
            <gpxtpx:cad>83</gpxtpx:cad>
          </gpxtpx:TrackPointExtension>
        </extensions>
      </trkpt>
      <trkpt lat="46.1284598744" lon="7.1264301509">
        <ele>572.28</ele>
        <time>2026-05-17T07:44:15.000Z</time>
        <extensions>
          <power>210</power>
          <gpxtpx:TrackPointExtension>
            <gpxtpx:atemp>19.1</gpxtpx:atemp>
            <gpxtpx:hr>159</gpxtpx:hr>
            <gpxtpx:cad>83</gpxtpx:cad>
          </gpxtpx:TrackPointExtension>
        </extensions>
      </trkpt>
      <trkpt lat="46.1284815400" lon="7.1264601700">
        <ele>572.48</ele>
        <time>2026-05-17T07:44:16.000Z</time>
        <extensions>
          <power>210</power>
          <gpxtpx:TrackPointExtension>
            <gpxtpx:atemp>19.1</gpxtpx:atemp>
            <gpxtpx:hr>159</gpxtpx:hr>
            <gpxtpx:cad>84</gpxtpx:cad>
          </gpxtpx:TrackPointExtension>
        </extensions>
      </trkpt>
      <trkpt lat="46.1285032359" lon="7.1264909547">
        <ele>572.68</ele>
        <time>2026-05-17T07:44:17.000Z</time>
        <extensions>
          <power>210</power>
          <gpxtpx:TrackPointExtension>
            <gpxtpx:atemp>19.1</gpxtpx:atemp>
            <gpxtpx:hr>159</gpxtpx:hr>
            <gpxtpx:cad>84</gpxtpx:cad>
          </gpxtpx:TrackPointExtension>
        </extensions>
      </trkpt>
      <trkpt lat="46.1285311188" lon="7.1265121647">
        <ele>572.88</ele>
        <time>2026-05-17T07:44:18.000Z</time>
        <extensions>
          <power>210</power>
          <gpxtpx:TrackPointExtension>
            <gpxtpx:atemp>19.1</gpxtpx:atemp>
            <gpxtpx:hr>158</gpxtpx:hr>
            <gpxtpx:cad>84</gpxtpx:cad>
          </gpxtpx:TrackPointExtension>
        </extensions>
      </trkpt>
      <trkpt lat="46.1285533409" lon="7.1265357517">
        <ele>573.08</ele>
        <time>2026-05-17T07:44:19.000Z</time>
        <extensions>
          <power>210</power>
          <gpxtpx:TrackPointExtension>
            <gpxtpx:atemp>19.1</gpxtpx:atemp>
            <gpxtpx:hr>158</gpxtpx:hr>
            <gpxtpx:cad>84</gpxtpx:cad>
          </gpxtpx:TrackPointExtension>
        </extensions>
      </trkpt>
      <trkpt lat="46.1285730442" lon="7.1265635918">
        <ele>573.27</ele>
        <time>2026-05-17T07:44:20.000Z</time>
        <extensions>
          <power>210</power>
          <gpxtpx:TrackPointExtension>
            <gpxtpx:atemp>19.1</gpxtpx:atemp>
            <gpxtpx:hr>158</gpxtpx:hr>
            <gpxtpx:cad>84</gpxtpx:cad>
          </gpxtpx:TrackPointExtension>
        </extensions>
      </trkpt>
      <trkpt lat="46.1285969071" lon="7.1265951008">
        <ele>573.47</ele>
        <time>2026-05-17T07:44:21.000Z</time>
        <extensions>
          <power>210</power>
          <gpxtpx:TrackPointExtension>
            <gpxtpx:atemp>19.1</gpxtpx:atemp>
            <gpxtpx:hr>158</gpxtpx:hr>
            <gpxtpx:cad>85</gpxtpx:cad>
          </gpxtpx:TrackPointExtension>
        </extensions>
      </trkpt>
      <trkpt lat="46.1286231647" lon="7.1266294729">
        <ele>573.66</ele>
        <time>2026-05-17T07:44:22.000Z</time>
        <extensions>
          <power>210</power>
          <gpxtpx:TrackPointExtension>
            <gpxtpx:atemp>19.1</gpxtpx:atemp>
            <gpxtpx:hr>158</gpxtpx:hr>
            <gpxtpx:cad>85</gpxtpx:cad>
          </gpxtpx:TrackPointExtension>
        </extensions>
      </trkpt>
      <trkpt lat="46.1286448830" lon="7.1266508735">
        <ele>573.86</ele>
        <time>2026-05-17T07:44:23.000Z</time>
        <extensions>
          <power>210</power>
          <gpxtpx:TrackPointExtension>
            <gpxtpx:atemp>19.1</gpxtpx:atemp>
            <gpxtpx:hr>158</gpxtpx:hr>
            <gpxtpx:cad>85</gpxtpx:cad>
          </gpxtpx:TrackPointExtension>
        </extensions>
      </trkpt>
      <trkpt lat="46.1286704530" lon="7.1266844335">
        <ele>574.05</ele>
        <time>2026-05-17T07:44:24.000Z</time>
        <extensions>
          <power>210</power>
          <gpxtpx:TrackPointExtension>
            <gpxtpx:atemp>19.1</gpxtpx:atemp>
            <gpxtpx:hr>158</gpxtpx:hr>
            <gpxtpx:cad>85</gpxtpx:cad>
          </gpxtpx:TrackPointExtension>
        </extensions>
      </trkpt>
      <trkpt lat="46.1286922828" lon="7.1267077185">
        <ele>574.24</ele>
        <time>2026-05-17T07:44:25.000Z</time>
        <extensions>
          <power>210</power>
          <gpxtpx:TrackPointExtension>
            <gpxtpx:atemp>19.1</gpxtpx:atemp>
            <gpxtpx:hr>157</gpxtpx:hr>
            <gpxtpx:cad>85</gpxtpx:cad>
          </gpxtpx:TrackPointExtension>
        </extensions>
      </trkpt>
      <trkpt lat="46.1287173110" lon="7.1267294034">
        <ele>574.44</ele>
        <time>2026-05-17T07:44:26.000Z</time>
        <extensions>
          <power>210</power>
          <gpxtpx:TrackPointExtension>
            <gpxtpx:atemp>19.1</gpxtpx:atemp>
            <gpxtpx:hr>157</gpxtpx:hr>
            <gpxtpx:cad>85</gpxtpx:cad>
          </gpxtpx:TrackPointExtension>
        </extensions>
      </trkpt>
      <trkpt lat="46.1287362220" lon="7.1267579024">
        <ele>574.63</ele>
        <time>2026-05-17T07:44:27.000Z</time>
        <extensions>
          <power>210</power>
          <gpxtpx:TrackPointExtension>
            <gpxtpx:atemp>19.1</gpxtpx:atemp>
            <gpxtpx:hr>157</gpxtpx:hr>
            <gpxtpx:cad>86</gpxtpx:cad>
          </gpxtpx:TrackPointExtension>
        </extensions>
      </trkpt>
      <trkpt lat="46.1287628554" lon="7.1267882662">
        <ele>574.82</ele>
        <time>2026-05-17T07:44:28.000Z</time>
        <extensions>
          <power>210</power>
          <gpxtpx:TrackPointExtension>
            <gpxtpx:atemp>19.1</gpxtpx:atemp>
            <gpxtpx:hr>157</gpxtpx:hr>
            <gpxtpx:cad>86</gpxtpx:cad>
          </gpxtpx:TrackPointExtension>
        </extensions>
      </trkpt>
      <trkpt lat="46.1287815739" lon="7.1268105862">
        <ele>575.01</ele>
        <time>2026-05-17T07:44:29.000Z</time>
        <extensions>
          <power>210</power>
          <gpxtpx:TrackPointExtension>
            <gpxtpx:atemp>19.1</gpxtpx:atemp>
            <gpxtpx:hr>157</gpxtpx:hr>
            <gpxtpx:cad>86</gpxtpx:cad>
          </gpxtpx:TrackPointExtension>
        </extensions>
      </trkpt>
      <trkpt lat="46.1288042724" lon="7.1268421249">
        <ele>575.20</ele>
        <time>2026-05-17T07:44:30.000Z</time>
        <extensions>
          <power>210</power>
          <gpxtpx:TrackPointExtension>
            <gpxtpx:atemp>19.1</gpxtpx:atemp>
            <gpxtpx:hr>157</gpxtpx:hr>
            <gpxtpx:cad>86</gpxtpx:cad>
          </gpxtpx:TrackPointExtension>
        </extensions>
      </trkpt>
      <trkpt lat="46.1288254515" lon="7.1268640887">
        <ele>575.38</ele>
        <time>2026-05-17T07:44:31.000Z</time>
        <extensions>
          <power>210</power>
          <gpxtpx:TrackPointExtension>
            <gpxtpx:atemp>19.1</gpxtpx:atemp>
            <gpxtpx:hr>157</gpxtpx:hr>
            <gpxtpx:cad>86</gpxtpx:cad>
          </gpxtpx:TrackPointExtension>
        </extensions>
      </trkpt>
      <trkpt lat="46.1288533894" lon="7.1268919606">
        <ele>575.57</ele>
        <time>2026-05-17T07:44:32.000Z</time>
        <extensions>
          <power>210</power>
          <gpxtpx:TrackPointExtension>
            <gpxtpx:atemp>19.1</gpxtpx:atemp>
            <gpxtpx:hr>156</gpxtpx:hr>
            <gpxtpx:cad>86</gpxtpx:cad>
          </gpxtpx:TrackPointExtension>
        </extensions>
      </trkpt>
      <trkpt lat="46.1288757925" lon="7.1269236030">
        <ele>575.76</ele>
        <time>2026-05-17T07:44:33.000Z</time>
        <extensions>
          <power>210</power>
          <gpxtpx:TrackPointExtension>
            <gpxtpx:atemp>19.1</gpxtpx:atemp>
            <gpxtpx:hr>156</gpxtpx:hr>
            <gpxtpx:cad>86</gpxtpx:cad>
          </gpxtpx:TrackPointExtension>
        </extensions>
      </trkpt>
      <trkpt lat="46.1288967941" lon="7.1269583248">
        <ele>575.94</ele>
        <time>2026-05-17T07:44:34.000Z</time>
        <extensions>
          <power>210</power>
          <gpxtpx:TrackPointExtension>
            <gpxtpx:atemp>19.1</gpxtpx:atemp>
            <gpxtpx:hr>156</gpxtpx:hr>
            <gpxtpx:cad>86</gpxtpx:cad>
          </gpxtpx:TrackPointExtension>
        </extensions>
      </trkpt>
      <trkpt lat="46.1289222619" lon="7.1269852894">
        <ele>576.13</ele>
        <time>2026-05-17T07:44:35.000Z</time>
        <extensions>
          <power>210</power>
          <gpxtpx:TrackPointExtension>
            <gpxtpx:atemp>19.1</gpxtpx:atemp>
            <gpxtpx:hr>156</gpxtpx:hr>
            <gpxtpx:cad>87</gpxtpx:cad>
          </gpxtpx:TrackPointExtension>
        </extensions>
      </trkpt>
      <trkpt lat="46.1289418968" lon="7.1270145703">
        <ele>576.31</ele>
        <time>2026-05-17T07:44:36.000Z</time>
        <extensions>
          <power>210</power>
          <gpxtpx:TrackPointExtension>
            <gpxtpx:atemp>19.1</gpxtpx:atemp>
            <gpxtpx:hr>156</gpxtpx:hr>
            <gpxtpx:cad>87</gpxtpx:cad>
          </gpxtpx:TrackPointExtension>
        </extensions>
      </trkpt>
      <trkpt lat="46.1289598203" lon="7.1270460110">
        <ele>576.50</ele>
        <time>2026-05-17T07:44:37.000Z</time>
        <extensions>
          <power>210</power>
          <gpxtpx:TrackPointExtension>
            <gpxtpx:atemp>19.1</gpxtpx:atemp>
            <gpxtpx:hr>156</gpxtpx:hr>
            <gpxtpx:cad>87</gpxtpx:cad>
          </gpxtpx:TrackPointExtension>
        </extensions>
      </trkpt>
      <trkpt lat="46.1289835904" lon="7.1270767359">
        <ele>576.68</ele>
        <time>2026-05-17T07:44:38.000Z</time>
        <extensions>
          <power>210</power>
          <gpxtpx:TrackPointExtension>
            <gpxtpx:atemp>19.1</gpxtpx:atemp>
            <gpxtpx:hr>155</gpxtpx:hr>
            <gpxtpx:cad>87</gpxtpx:cad>
          </gpxtpx:TrackPointExtension>
        </extensions>
      </trkpt>
      <trkpt lat="46.1290036621" lon="7.1271004265">
        <ele>576.86</ele>
        <time>2026-05-17T07:44:39.000Z</time>
        <extensions>
          <power>210</power>
          <gpxtpx:TrackPointExtension>
            <gpxtpx:atemp>19.1</gpxtpx:atemp>
            <gpxtpx:hr>155</gpxtpx:hr>
            <gpxtpx:cad>87</gpxtpx:cad>
          </gpxtpx:TrackPointExtension>
        </extensions>
      </trkpt>
      <trkpt lat="46.1290314137" lon="7.1271333918">
        <ele>577.04</ele>
        <time>2026-05-17T07:44:40.000Z</time>
        <extensions>
          <power>210</power>
          <gpxtpx:TrackPointExtension>
            <gpxtpx:atemp>19.1</gpxtpx:atemp>
            <gpxtpx:hr>155</gpxtpx:hr>
            <gpxtpx:cad>87</gpxtpx:cad>
          </gpxtpx:TrackPointExtension>
        </extensions>
      </trkpt>
      <trkpt lat="46.1290500688" lon="7.1271612997">
        <ele>577.23</ele>
        <time>2026-05-17T07:44:41.000Z</time>
        <extensions>
          <power>210</power>
          <gpxtpx:TrackPointExtension>
            <gpxtpx:atemp>19.1</gpxtpx:atemp>
            <gpxtpx:hr>155</gpxtpx:hr>
            <gpxtpx:cad>87</gpxtpx:cad>
          </gpxtpx:TrackPointExtension>
        </extensions>
      </trkpt>
      <trkpt lat="46.1290769790" lon="7.1271915426">
        <ele>577.41</ele>
        <time>2026-05-17T07:44:42.000Z</time>
        <extensions>
          <power>210</power>
          <gpxtpx:TrackPointExtension>
            <gpxtpx:atemp>19.1</gpxtpx:atemp>
            <gpxtpx:hr>155</gpxtpx:hr>
            <gpxtpx:cad>87</gpxtpx:cad>
          </gpxtpx:TrackPointExtension>
        </extensions>
      </trkpt>
      <trkpt lat="46.1290984470" lon="7.1272268810">
        <ele>577.59</ele>
        <time>2026-05-17T07:44:43.000Z</time>
        <extensions>
          <power>210</power>
          <gpxtpx:TrackPointExtension>
            <gpxtpx:atemp>19.1</gpxtpx:atemp>
            <gpxtpx:hr>155</gpxtpx:hr>
            <gpxtpx:cad>87</gpxtpx:cad>
          </gpxtpx:TrackPointExtension>
        </extensions>
      </trkpt>
      <trkpt lat="46.1291223046" lon="7.1272616552">
        <ele>577.77</ele>
        <time>2026-05-17T07:44:44.000Z</time>
        <extensions>
          <power>210</power>
          <gpxtpx:TrackPointExtension>
            <gpxtpx:atemp>19.1</gpxtpx:atemp>
            <gpxtpx:hr>154</gpxtpx:hr>
            <gpxtpx:cad>87</gpxtpx:cad>
          </gpxtpx:TrackPointExtension>
        </extensions>
      </trkpt>
      <trkpt lat="46.1291500943" lon="7.1272958430">
        <ele>577.94</ele>
        <time>2026-05-17T07:44:45.000Z</time>
        <extensions>
          <power>210</power>
          <gpxtpx:TrackPointExtension>
            <gpxtpx:atemp>19.1</gpxtpx:atemp>
            <gpxtpx:hr>154</gpxtpx:hr>
            <gpxtpx:cad>88</gpxtpx:cad>
          </gpxtpx:TrackPointExtension>
        </extensions>
      </trkpt>
      <trkpt lat="46.1291746613" lon="7.1273235022">
        <ele>578.12</ele>
        <time>2026-05-17T07:44:46.000Z</time>
        <extensions>
          <power>210</power>
          <gpxtpx:TrackPointExtension>
            <gpxtpx:atemp>19.1</gpxtpx:atemp>
            <gpxtpx:hr>154</gpxtpx:hr>
            <gpxtpx:cad>88</gpxtpx:cad>
          </gpxtpx:TrackPointExtension>
        </extensions>
      </trkpt>
      <trkpt lat="46.1292027136" lon="7.1273504055">
        <ele>578.30</ele>
        <time>2026-05-17T07:44:47.000Z</time>
        <extensions>
          <power>210</power>
          <gpxtpx:TrackPointExtension>
            <gpxtpx:atemp>19.1</gpxtpx:atemp>
            <gpxtpx:hr>154</gpxtpx:hr>
            <gpxtpx:cad>88</gpxtpx:cad>
          </gpxtpx:TrackPointExtension>
        </extensions>
      </trkpt>
      <trkpt lat="46.1292281354" lon="7.1273855074">
        <ele>578.48</ele>
        <time>2026-05-17T07:44:48.000Z</time>
        <extensions>
          <power>210</power>
          <gpxtpx:TrackPointExtension>
            <gpxtpx:atemp>19.1</gpxtpx:atemp>
            <gpxtpx:hr>154</gpxtpx:hr>
            <gpxtpx:cad>88</gpxtpx:cad>
          </gpxtpx:TrackPointExtension>
        </extensions>
      </trkpt>
      <trkpt lat="46.1292485491" lon="7.1274224554">
        <ele>578.65</ele>
        <time>2026-05-17T07:44:49.000Z</time>
        <extensions>
          <power>210</power>
          <gpxtpx:TrackPointExtension>
            <gpxtpx:atemp>19.1</gpxtpx:atemp>
            <gpxtpx:hr>153</gpxtpx:hr>
            <gpxtpx:cad>88</gpxtpx:cad>
          </gpxtpx:TrackPointExtension>
        </extensions>
      </trkpt>
      <trkpt lat="46.1292746567" lon="7.1274507930">
        <ele>578.83</ele>
        <time>2026-05-17T07:44:50.000Z</time>
        <extensions>
          <power>210</power>
          <gpxtpx:TrackPointExtension>
            <gpxtpx:atemp>19.1</gpxtpx:atemp>
            <gpxtpx:hr>153</gpxtpx:hr>
            <gpxtpx:cad>88</gpxtpx:cad>
          </gpxtpx:TrackPointExtension>
        </extensions>
      </trkpt>
      <trkpt lat="46.1293003807" lon="7.1274749357">
        <ele>579.00</ele>
        <time>2026-05-17T07:44:51.000Z</time>
        <extensions>
          <power>210</power>
          <gpxtpx:TrackPointExtension>
            <gpxtpx:atemp>19.1</gpxtpx:atemp>
            <gpxtpx:hr>153</gpxtpx:hr>
            <gpxtpx:cad>88</gpxtpx:cad>
          </gpxtpx:TrackPointExtension>
        </extensions>
      </trkpt>
      <trkpt lat="46.1293248072" lon="7.1275085475">
        <ele>579.18</ele>
        <time>2026-05-17T07:44:52.000Z</time>
        <extensions>
          <power>210</power>
          <gpxtpx:TrackPointExtension>
            <gpxtpx:atemp>19.1</gpxtpx:atemp>
            <gpxtpx:hr>153</gpxtpx:hr>
            <gpxtpx:cad>88</gpxtpx:cad>
          </gpxtpx:TrackPointExtension>
        </extensions>
      </trkpt>
      <trkpt lat="46.1293521268" lon="7.1275445875">
        <ele>579.35</ele>
        <time>2026-05-17T07:44:53.000Z</time>
        <extensions>
          <power>210</power>
          <gpxtpx:TrackPointExtension>
            <gpxtpx:atemp>19.1</gpxtpx:atemp>
            <gpxtpx:hr>153</gpxtpx:hr>
            <gpxtpx:cad>88</gpxtpx:cad>
          </gpxtpx:TrackPointExtension>
        </extensions>
      </trkpt>
      <trkpt lat="46.1293702214" lon="7.1275709696">
        <ele>579.52</ele>
        <time>2026-05-17T07:44:54.000Z</time>
        <extensions>
          <power>210</power>
          <gpxtpx:TrackPointExtension>
            <gpxtpx:atemp>19.1</gpxtpx:atemp>
            <gpxtpx:hr>153</gpxtpx:hr>
            <gpxtpx:cad>88</gpxtpx:cad>
          </gpxtpx:TrackPointExtension>
        </extensions>
      </trkpt>
      <trkpt lat="46.1293890295" lon="7.1276064102">
        <ele>579.70</ele>
        <time>2026-05-17T07:44:55.000Z</time>
        <extensions>
          <power>210</power>
          <gpxtpx:TrackPointExtension>
            <gpxtpx:atemp>19.1</gpxtpx:atemp>
            <gpxtpx:hr>152</gpxtpx:hr>
            <gpxtpx:cad>88</gpxtpx:cad>
          </gpxtpx:TrackPointExtension>
        </extensions>
      </trkpt>
      <trkpt lat="46.1294129361" lon="7.1276452493">
        <ele>579.87</ele>
        <time>2026-05-17T07:44:56.000Z</time>
        <extensions>
          <power>210</power>
          <gpxtpx:TrackPointExtension>
            <gpxtpx:atemp>19.1</gpxtpx:atemp>
            <gpxtpx:hr>152</gpxtpx:hr>
            <gpxtpx:cad>88</gpxtpx:cad>
          </gpxtpx:TrackPointExtension>
        </extensions>
      </trkpt>
      <trkpt lat="46.1294363417" lon="7.1276787717">
        <ele>580.04</ele>
        <time>2026-05-17T07:44:57.000Z</time>
        <extensions>
          <power>210</power>
          <gpxtpx:TrackPointExtension>
            <gpxtpx:atemp>19.1</gpxtpx:atemp>
            <gpxtpx:hr>152</gpxtpx:hr>
            <gpxtpx:cad>88</gpxtpx:cad>
          </gpxtpx:TrackPointExtension>
        </extensions>
      </trkpt>
      <trkpt lat="46.1294588943" lon="7.1277105825">
        <ele>580.21</ele>
        <time>2026-05-17T07:44:58.000Z</time>
        <extensions>
          <power>210</power>
          <gpxtpx:TrackPointExtension>
            <gpxtpx:atemp>19.1</gpxtpx:atemp>
            <gpxtpx:hr>152</gpxtpx:hr>
            <gpxtpx:cad>88</gpxtpx:cad>
          </gpxtpx:TrackPointExtension>
        </extensions>
      </trkpt>
      <trkpt lat="46.1294771562" lon="7.1277470469">
        <ele>580.38</ele>
        <time>2026-05-17T07:44:59.000Z</time>
        <extensions>
          <power>210</power>
          <gpxtpx:TrackPointExtension>
            <gpxtpx:atemp>19.1</gpxtpx:atemp>
            <gpxtpx:hr>152</gpxtpx:hr>
            <gpxtpx:cad>88</gpxtpx:cad>
          </gpxtpx:TrackPointExtension>
        </extensions>
      </trkpt>
      <trkpt lat="46.1294941816" lon="7.1277803596">
        <ele>580.56</ele>
        <time>2026-05-17T07:45:00.000Z</time>
        <extensions>
          <power>210</power>
          <gpxtpx:TrackPointExtension>
            <gpxtpx:atemp>19.1</gpxtpx:atemp>
            <gpxtpx:hr>152</gpxtpx:hr>
            <gpxtpx:cad>88</gpxtpx:cad>
          </gpxtpx:TrackPointExtension>
        </extensions>
      </trkpt>
      <trkpt lat="46.1295203710" lon="7.1278187161">
        <ele>580.72</ele>
        <time>2026-05-17T07:45:01.000Z</time>
        <extensions>
          <power>210</power>
          <gpxtpx:TrackPointExtension>
            <gpxtpx:atemp>19.1</gpxtpx:atemp>
            <gpxtpx:hr>151</gpxtpx:hr>
            <gpxtpx:cad>88</gpxtpx:cad>
          </gpxtpx:TrackPointExtension>
        </extensions>
      </trkpt>
      <trkpt lat="46.1295474397" lon="7.1278541720">
        <ele>580.89</ele>
        <time>2026-05-17T07:45:02.000Z</time>
        <extensions>
          <power>210</power>
          <gpxtpx:TrackPointExtension>
            <gpxtpx:atemp>19.1</gpxtpx:atemp>
            <gpxtpx:hr>151</gpxtpx:hr>
            <gpxtpx:cad>88</gpxtpx:cad>
          </gpxtpx:TrackPointExtension>
        </extensions>
      </trkpt>
      <trkpt lat="46.1295724843" lon="7.1278857740">
        <ele>581.06</ele>
        <time>2026-05-17T07:45:03.000Z</time>
        <extensions>
          <power>210</power>
          <gpxtpx:TrackPointExtension>
            <gpxtpx:atemp>19.1</gpxtpx:atemp>
            <gpxtpx:hr>151</gpxtpx:hr>
            <gpxtpx:cad>88</gpxtpx:cad>
          </gpxtpx:TrackPointExtension>
        </extensions>
      </trkpt>
      <trkpt lat="46.1295919026" lon="7.1279124829">
        <ele>581.23</ele>
        <time>2026-05-17T07:45:04.000Z</time>
        <extensions>
          <power>210</power>
          <gpxtpx:TrackPointExtension>
            <gpxtpx:atemp>19.1</gpxtpx:atemp>
            <gpxtpx:hr>151</gpxtpx:hr>
            <gpxtpx:cad>88</gpxtpx:cad>
          </gpxtpx:TrackPointExtension>
        </extensions>
      </trkpt>
      <trkpt lat="46.1296179130" lon="7.1279391310">
        <ele>581.40</ele>
        <time>2026-05-17T07:45:05.000Z</time>
        <extensions>
          <power>210</power>
          <gpxtpx:TrackPointExtension>
            <gpxtpx:atemp>19.1</gpxtpx:atemp>
            <gpxtpx:hr>151</gpxtpx:hr>
            <gpxtpx:cad>88</gpxtpx:cad>
          </gpxtpx:TrackPointExtension>
        </extensions>
      </trkpt>
      <trkpt lat="46.1296353797" lon="7.1279709775">
        <ele>581.57</ele>
        <time>2026-05-17T07:45:06.000Z</time>
        <extensions>
          <power>210</power>
          <gpxtpx:TrackPointExtension>
            <gpxtpx:atemp>19.1</gpxtpx:atemp>
            <gpxtpx:hr>150</gpxtpx:hr>
            <gpxtpx:cad>88</gpxtpx:cad>
          </gpxtpx:TrackPointExtension>
        </extensions>
      </trkpt>
      <trkpt lat="46.1296563840" lon="7.1280079158">
        <ele>581.74</ele>
        <time>2026-05-17T07:45:07.000Z</time>
        <extensions>
          <power>210</power>
          <gpxtpx:TrackPointExtension>
            <gpxtpx:atemp>19.1</gpxtpx:atemp>
            <gpxtpx:hr>150</gpxtpx:hr>
            <gpxtpx:cad>88</gpxtpx:cad>
          </gpxtpx:TrackPointExtension>
        </extensions>
      </trkpt>
      <trkpt lat="46.1296733908" lon="7.1280479986">
        <ele>581.90</ele>
        <time>2026-05-17T07:45:08.000Z</time>
        <extensions>
          <power>210</power>
          <gpxtpx:TrackPointExtension>
            <gpxtpx:atemp>19.1</gpxtpx:atemp>
            <gpxtpx:hr>150</gpxtpx:hr>
            <gpxtpx:cad>88</gpxtpx:cad>
          </gpxtpx:TrackPointExtension>
        </extensions>
      </trkpt>
      <trkpt lat="46.1296944193" lon="7.1280752257">
        <ele>582.07</ele>
        <time>2026-05-17T07:45:09.000Z</time>
        <extensions>
          <power>210</power>
          <gpxtpx:TrackPointExtension>
            <gpxtpx:atemp>19.1</gpxtpx:atemp>
            <gpxtpx:hr>150</gpxtpx:hr>
            <gpxtpx:cad>88</gpxtpx:cad>
          </gpxtpx:TrackPointExtension>
        </extensions>
      </trkpt>
      <trkpt lat="46.1297111804" lon="7.1281041708">
        <ele>582.23</ele>
        <time>2026-05-17T07:45:10.000Z</time>
        <extensions>
          <power>210</power>
          <gpxtpx:TrackPointExtension>
            <gpxtpx:atemp>19.1</gpxtpx:atemp>
            <gpxtpx:hr>150</gpxtpx:hr>
            <gpxtpx:cad>88</gpxtpx:cad>
          </gpxtpx:TrackPointExtension>
        </extensions>
      </trkpt>
      <trkpt lat="46.1297380975" lon="7.1281432170">
        <ele>582.40</ele>
        <time>2026-05-17T07:45:11.000Z</time>
        <extensions>
          <power>210</power>
          <gpxtpx:TrackPointExtension>
            <gpxtpx:atemp>19.1</gpxtpx:atemp>
            <gpxtpx:hr>150</gpxtpx:hr>
            <gpxtpx:cad>88</gpxtpx:cad>
          </gpxtpx:TrackPointExtension>
        </extensions>
      </trkpt>
      <trkpt lat="46.1297556369" lon="7.1281732011">
        <ele>582.57</ele>
        <time>2026-05-17T07:45:12.000Z</time>
        <extensions>
          <power>210</power>
          <gpxtpx:TrackPointExtension>
            <gpxtpx:atemp>19.1</gpxtpx:atemp>
            <gpxtpx:hr>149</gpxtpx:hr>
            <gpxtpx:cad>88</gpxtpx:cad>
          </gpxtpx:TrackPointExtension>
        </extensions>
      </trkpt>
      <trkpt lat="46.1297764768" lon="7.1282020667">
        <ele>582.73</ele>
        <time>2026-05-17T07:45:13.000Z</time>
        <extensions>
          <power>210</power>
          <gpxtpx:TrackPointExtension>
            <gpxtpx:atemp>19.1</gpxtpx:atemp>
            <gpxtpx:hr>149</gpxtpx:hr>
            <gpxtpx:cad>87</gpxtpx:cad>
          </gpxtpx:TrackPointExtension>
        </extensions>
      </trkpt>
      <trkpt lat="46.1297969454" lon="7.1282400734">
        <ele>582.89</ele>
        <time>2026-05-17T07:45:14.000Z</time>
        <extensions>
          <power>210</power>
          <gpxtpx:TrackPointExtension>
            <gpxtpx:atemp>19.1</gpxtpx:atemp>
            <gpxtpx:hr>149</gpxtpx:hr>
            <gpxtpx:cad>87</gpxtpx:cad>
          </gpxtpx:TrackPointExtension>
        </extensions>
      </trkpt>
      <trkpt lat="46.1298170094" lon="7.1282699878">
        <ele>583.06</ele>
        <time>2026-05-17T07:45:15.000Z</time>
        <extensions>
          <power>210</power>
          <gpxtpx:TrackPointExtension>
            <gpxtpx:atemp>19.1</gpxtpx:atemp>
            <gpxtpx:hr>149</gpxtpx:hr>
            <gpxtpx:cad>87</gpxtpx:cad>
          </gpxtpx:TrackPointExtension>
        </extensions>
      </trkpt>
      <trkpt lat="46.1298415456" lon="7.1283102229">
        <ele>583.22</ele>
        <time>2026-05-17T07:45:16.000Z</time>
        <extensions>
          <power>210</power>
          <gpxtpx:TrackPointExtension>
            <gpxtpx:atemp>19.1</gpxtpx:atemp>
            <gpxtpx:hr>149</gpxtpx:hr>
            <gpxtpx:cad>87</gpxtpx:cad>
          </gpxtpx:TrackPointExtension>
        </extensions>
      </trkpt>
      <trkpt lat="46.1298688844" lon="7.1283501725">
        <ele>583.39</ele>
        <time>2026-05-17T07:45:17.000Z</time>
        <extensions>
          <power>210</power>
          <gpxtpx:TrackPointExtension>
            <gpxtpx:atemp>19.1</gpxtpx:atemp>
            <gpxtpx:hr>148</gpxtpx:hr>
            <gpxtpx:cad>87</gpxtpx:cad>
          </gpxtpx:TrackPointExtension>
        </extensions>
      </trkpt>
      <trkpt lat="46.1298958169" lon="7.1283819973">
        <ele>583.55</ele>
        <time>2026-05-17T07:45:18.000Z</time>
        <extensions>
          <power>210</power>
          <gpxtpx:TrackPointExtension>
            <gpxtpx:atemp>19.1</gpxtpx:atemp>
            <gpxtpx:hr>148</gpxtpx:hr>
            <gpxtpx:cad>87</gpxtpx:cad>
          </gpxtpx:TrackPointExtension>
        </extensions>
      </trkpt>
      <trkpt lat="46.1299215623" lon="7.1284125944">
        <ele>583.71</ele>
        <time>2026-05-17T07:45:19.000Z</time>
        <extensions>
          <power>210</power>
          <gpxtpx:TrackPointExtension>
            <gpxtpx:atemp>19.1</gpxtpx:atemp>
            <gpxtpx:hr>148</gpxtpx:hr>
            <gpxtpx:cad>87</gpxtpx:cad>
          </gpxtpx:TrackPointExtension>
        </extensions>
      </trkpt>
      <trkpt lat="46.1299440504" lon="7.1284475391">
        <ele>583.87</ele>
        <time>2026-05-17T07:45:20.000Z</time>
        <extensions>
          <power>210</power>
          <gpxtpx:TrackPointExtension>
            <gpxtpx:atemp>19.1</gpxtpx:atemp>
            <gpxtpx:hr>148</gpxtpx:hr>
            <gpxtpx:cad>87</gpxtpx:cad>
          </gpxtpx:TrackPointExtension>
        </extensions>
      </trkpt>
      <trkpt lat="46.1299638844" lon="7.1284782655">
        <ele>584.04</ele>
        <time>2026-05-17T07:45:21.000Z</time>
        <extensions>
          <power>210</power>
          <gpxtpx:TrackPointExtension>
            <gpxtpx:atemp>19.2</gpxtpx:atemp>
            <gpxtpx:hr>148</gpxtpx:hr>
            <gpxtpx:cad>87</gpxtpx:cad>
          </gpxtpx:TrackPointExtension>
        </extensions>
      </trkpt>
      <trkpt lat="46.1299885715" lon="7.1285097788">
        <ele>584.20</ele>
        <time>2026-05-17T07:45:22.000Z</time>
        <extensions>
          <power>210</power>
          <gpxtpx:TrackPointExtension>
            <gpxtpx:atemp>19.2</gpxtpx:atemp>
            <gpxtpx:hr>148</gpxtpx:hr>
            <gpxtpx:cad>87</gpxtpx:cad>
          </gpxtpx:TrackPointExtension>
        </extensions>
      </trkpt>
      <trkpt lat="46.1300109335" lon="7.1285473200">
        <ele>584.36</ele>
        <time>2026-05-17T07:45:23.000Z</time>
        <extensions>
          <power>210</power>
          <gpxtpx:TrackPointExtension>
            <gpxtpx:atemp>19.2</gpxtpx:atemp>
            <gpxtpx:hr>147</gpxtpx:hr>
            <gpxtpx:cad>86</gpxtpx:cad>
          </gpxtpx:TrackPointExtension>
        </extensions>
      </trkpt>
      <trkpt lat="46.1300286042" lon="7.1285824656">
        <ele>584.52</ele>
        <time>2026-05-17T07:45:24.000Z</time>
        <extensions>
          <power>210</power>
          <gpxtpx:TrackPointExtension>
            <gpxtpx:atemp>19.2</gpxtpx:atemp>
            <gpxtpx:hr>147</gpxtpx:hr>
            <gpxtpx:cad>86</gpxtpx:cad>
          </gpxtpx:TrackPointExtension>
        </extensions>
      </trkpt>
      <trkpt lat="46.1300514853" lon="7.1286209839">
        <ele>584.68</ele>
        <time>2026-05-17T07:45:25.000Z</time>
        <extensions>
          <power>210</power>
          <gpxtpx:TrackPointExtension>
            <gpxtpx:atemp>19.2</gpxtpx:atemp>
            <gpxtpx:hr>147</gpxtpx:hr>
            <gpxtpx:cad>86</gpxtpx:cad>
          </gpxtpx:TrackPointExtension>
        </extensions>
      </trkpt>
      <trkpt lat="46.1300717000" lon="7.1286544078">
        <ele>584.84</ele>
        <time>2026-05-17T07:45:26.000Z</time>
        <extensions>
          <power>210</power>
          <gpxtpx:TrackPointExtension>
            <gpxtpx:atemp>19.2</gpxtpx:atemp>
            <gpxtpx:hr>147</gpxtpx:hr>
            <gpxtpx:cad>86</gpxtpx:cad>
          </gpxtpx:TrackPointExtension>
        </extensions>
      </trkpt>
      <trkpt lat="46.1300959282" lon="7.1286868575">
        <ele>585.00</ele>
        <time>2026-05-17T07:45:27.000Z</time>
        <extensions>
          <power>210</power>
          <gpxtpx:TrackPointExtension>
            <gpxtpx:atemp>19.2</gpxtpx:atemp>
            <gpxtpx:hr>147</gpxtpx:hr>
            <gpxtpx:cad>86</gpxtpx:cad>
          </gpxtpx:TrackPointExtension>
        </extensions>
      </trkpt>
      <trkpt lat="46.1301180635" lon="7.1287202644">
        <ele>585.16</ele>
        <time>2026-05-17T07:45:28.000Z</time>
        <extensions>
          <power>210</power>
          <gpxtpx:TrackPointExtension>
            <gpxtpx:atemp>19.2</gpxtpx:atemp>
            <gpxtpx:hr>146</gpxtpx:hr>
            <gpxtpx:cad>86</gpxtpx:cad>
          </gpxtpx:TrackPointExtension>
        </extensions>
      </trkpt>
      <trkpt lat="46.1301401886" lon="7.1287519610">
        <ele>585.32</ele>
        <time>2026-05-17T07:45:29.000Z</time>
        <extensions>
          <power>210</power>
          <gpxtpx:TrackPointExtension>
            <gpxtpx:atemp>19.2</gpxtpx:atemp>
            <gpxtpx:hr>146</gpxtpx:hr>
            <gpxtpx:cad>86</gpxtpx:cad>
          </gpxtpx:TrackPointExtension>
        </extensions>
      </trkpt>
      <trkpt lat="46.1301632424" lon="7.1287893865">
        <ele>585.48</ele>
        <time>2026-05-17T07:45:30.000Z</time>
        <extensions>
          <power>210</power>
          <gpxtpx:TrackPointExtension>
            <gpxtpx:atemp>19.2</gpxtpx:atemp>
            <gpxtpx:hr>146</gpxtpx:hr>
            <gpxtpx:cad>86</gpxtpx:cad>
          </gpxtpx:TrackPointExtension>
        </extensions>
      </trkpt>
      <trkpt lat="46.1301886040" lon="7.1288236158">
        <ele>585.64</ele>
        <time>2026-05-17T07:45:31.000Z</time>
        <extensions>
          <power>210</power>
          <gpxtpx:TrackPointExtension>
            <gpxtpx:atemp>19.2</gpxtpx:atemp>
            <gpxtpx:hr>146</gpxtpx:hr>
            <gpxtpx:cad>85</gpxtpx:cad>
          </gpxtpx:TrackPointExtension>
        </extensions>
      </trkpt>
      <trkpt lat="46.1302098836" lon="7.1288659944">
        <ele>585.80</ele>
        <time>2026-05-17T07:45:32.000Z</time>
        <extensions>
          <power>210</power>
          <gpxtpx:TrackPointExtension>
            <gpxtpx:atemp>19.2</gpxtpx:atemp>
            <gpxtpx:hr>146</gpxtpx:hr>
            <gpxtpx:cad>85</gpxtpx:cad>
          </gpxtpx:TrackPointExtension>
        </extensions>
      </trkpt>
      <trkpt lat="46.1302321617" lon="7.1288968995">
        <ele>585.96</ele>
        <time>2026-05-17T07:45:33.000Z</time>
        <extensions>
          <power>210</power>
          <gpxtpx:TrackPointExtension>
            <gpxtpx:atemp>19.2</gpxtpx:atemp>
            <gpxtpx:hr>146</gpxtpx:hr>
            <gpxtpx:cad>85</gpxtpx:cad>
          </gpxtpx:TrackPointExtension>
        </extensions>
      </trkpt>
      <trkpt lat="46.1302504684" lon="7.1289375461">
        <ele>586.11</ele>
        <time>2026-05-17T07:45:34.000Z</time>
        <extensions>
          <power>210</power>
          <gpxtpx:TrackPointExtension>
            <gpxtpx:atemp>19.2</gpxtpx:atemp>
            <gpxtpx:hr>145</gpxtpx:hr>
            <gpxtpx:cad>85</gpxtpx:cad>
          </gpxtpx:TrackPointExtension>
        </extensions>
      </trkpt>
      <trkpt lat="46.1302669189" lon="7.1289775971">
        <ele>586.27</ele>
        <time>2026-05-17T07:45:35.000Z</time>
        <extensions>
          <power>210</power>
          <gpxtpx:TrackPointExtension>
            <gpxtpx:atemp>19.2</gpxtpx:atemp>
            <gpxtpx:hr>145</gpxtpx:hr>
            <gpxtpx:cad>85</gpxtpx:cad>
          </gpxtpx:TrackPointExtension>
        </extensions>
      </trkpt>
      <trkpt lat="46.1302880609" lon="7.1290197750">
        <ele>586.43</ele>
        <time>2026-05-17T07:45:36.000Z</time>
        <extensions>
          <power>210</power>
          <gpxtpx:TrackPointExtension>
            <gpxtpx:atemp>19.2</gpxtpx:atemp>
            <gpxtpx:hr>145</gpxtpx:hr>
            <gpxtpx:cad>85</gpxtpx:cad>
          </gpxtpx:TrackPointExtension>
        </extensions>
      </trkpt>
      <trkpt lat="46.1303108891" lon="7.1290553596">
        <ele>586.59</ele>
        <time>2026-05-17T07:45:37.000Z</time>
        <extensions>
          <power>210</power>
          <gpxtpx:TrackPointExtension>
            <gpxtpx:atemp>19.2</gpxtpx:atemp>
            <gpxtpx:hr>145</gpxtpx:hr>
            <gpxtpx:cad>84</gpxtpx:cad>
          </gpxtpx:TrackPointExtension>
        </extensions>
      </trkpt>
      <trkpt lat="46.1303295322" lon="7.1290896740">
        <ele>586.74</ele>
        <time>2026-05-17T07:45:38.000Z</time>
        <extensions>
          <power>210</power>
          <gpxtpx:TrackPointExtension>
            <gpxtpx:atemp>19.2</gpxtpx:atemp>
            <gpxtpx:hr>145</gpxtpx:hr>
            <gpxtpx:cad>84</gpxtpx:cad>
          </gpxtpx:TrackPointExtension>
        </extensions>
      </trkpt>
      <trkpt lat="46.1303542433" lon="7.1291297591">
        <ele>586.90</ele>
        <time>2026-05-17T07:45:39.000Z</time>
        <extensions>
          <power>210</power>
          <gpxtpx:TrackPointExtension>
            <gpxtpx:atemp>19.2</gpxtpx:atemp>
            <gpxtpx:hr>145</gpxtpx:hr>
            <gpxtpx:cad>84</gpxtpx:cad>
          </gpxtpx:TrackPointExtension>
        </extensions>
      </trkpt>
      <trkpt lat="46.1303762597" lon="7.1291614819">
        <ele>587.06</ele>
        <time>2026-05-17T07:45:40.000Z</time>
        <extensions>
          <power>210</power>
          <gpxtpx:TrackPointExtension>
            <gpxtpx:atemp>19.2</gpxtpx:atemp>
            <gpxtpx:hr>144</gpxtpx:hr>
            <gpxtpx:cad>84</gpxtpx:cad>
          </gpxtpx:TrackPointExtension>
        </extensions>
      </trkpt>
      <trkpt lat="46.1303958883" lon="7.1291957573">
        <ele>587.21</ele>
        <time>2026-05-17T07:45:41.000Z</time>
        <extensions>
          <power>210</power>
          <gpxtpx:TrackPointExtension>
            <gpxtpx:atemp>19.2</gpxtpx:atemp>
            <gpxtpx:hr>144</gpxtpx:hr>
            <gpxtpx:cad>84</gpxtpx:cad>
          </gpxtpx:TrackPointExtension>
        </extensions>
      </trkpt>
      <trkpt lat="46.1304176555" lon="7.1292364782">
        <ele>587.37</ele>
        <time>2026-05-17T07:45:42.000Z</time>
        <extensions>
          <power>210</power>
          <gpxtpx:TrackPointExtension>
            <gpxtpx:atemp>19.2</gpxtpx:atemp>
            <gpxtpx:hr>144</gpxtpx:hr>
            <gpxtpx:cad>83</gpxtpx:cad>
          </gpxtpx:TrackPointExtension>
        </extensions>
      </trkpt>
      <trkpt lat="46.1304428949" lon="7.1292660453">
        <ele>587.53</ele>
        <time>2026-05-17T07:45:43.000Z</time>
        <extensions>
          <power>210</power>
          <gpxtpx:TrackPointExtension>
            <gpxtpx:atemp>19.2</gpxtpx:atemp>
            <gpxtpx:hr>144</gpxtpx:hr>
            <gpxtpx:cad>83</gpxtpx:cad>
          </gpxtpx:TrackPointExtension>
        </extensions>
      </trkpt>
      <trkpt lat="46.1304657954" lon="7.1293087068">
        <ele>587.68</ele>
        <time>2026-05-17T07:45:44.000Z</time>
        <extensions>
          <power>210</power>
          <gpxtpx:TrackPointExtension>
            <gpxtpx:atemp>19.2</gpxtpx:atemp>
            <gpxtpx:hr>144</gpxtpx:hr>
            <gpxtpx:cad>83</gpxtpx:cad>
          </gpxtpx:TrackPointExtension>
        </extensions>
      </trkpt>
      <trkpt lat="46.1304873821" lon="7.1293450743">
        <ele>587.84</ele>
        <time>2026-05-17T07:45:45.000Z</time>
        <extensions>
          <power>210</power>
          <gpxtpx:TrackPointExtension>
            <gpxtpx:atemp>19.2</gpxtpx:atemp>
            <gpxtpx:hr>144</gpxtpx:hr>
            <gpxtpx:cad>83</gpxtpx:cad>
          </gpxtpx:TrackPointExtension>
        </extensions>
      </trkpt>
      <trkpt lat="46.1305099577" lon="7.1293901600">
        <ele>587.99</ele>
        <time>2026-05-17T07:45:46.000Z</time>
        <extensions>
          <power>210</power>
          <gpxtpx:TrackPointExtension>
            <gpxtpx:atemp>19.2</gpxtpx:atemp>
            <gpxtpx:hr>143</gpxtpx:hr>
            <gpxtpx:cad>83</gpxtpx:cad>
          </gpxtpx:TrackPointExtension>
        </extensions>
      </trkpt>
      <trkpt lat="46.1305270325" lon="7.1294336436">
        <ele>588.15</ele>
        <time>2026-05-17T07:45:47.000Z</time>
        <extensions>
          <power>210</power>
          <gpxtpx:TrackPointExtension>
            <gpxtpx:atemp>19.2</gpxtpx:atemp>
            <gpxtpx:hr>143</gpxtpx:hr>
            <gpxtpx:cad>83</gpxtpx:cad>
          </gpxtpx:TrackPointExtension>
        </extensions>
      </trkpt>
      <trkpt lat="46.1305513331" lon="7.1294751058">
        <ele>588.30</ele>
        <time>2026-05-17T07:45:48.000Z</time>
        <extensions>
          <power>210</power>
          <gpxtpx:TrackPointExtension>
            <gpxtpx:atemp>19.2</gpxtpx:atemp>
            <gpxtpx:hr>143</gpxtpx:hr>
            <gpxtpx:cad>82</gpxtpx:cad>
          </gpxtpx:TrackPointExtension>
        </extensions>
      </trkpt>
      <trkpt lat="46.1305713925" lon="7.1295196043">
        <ele>588.46</ele>
        <time>2026-05-17T07:45:49.000Z</time>
        <extensions>
          <power>210</power>
          <gpxtpx:TrackPointExtension>
            <gpxtpx:atemp>19.2</gpxtpx:atemp>
            <gpxtpx:hr>143</gpxtpx:hr>
            <gpxtpx:cad>82</gpxtpx:cad>
          </gpxtpx:TrackPointExtension>
        </extensions>
      </trkpt>
      <trkpt lat="46.1305958213" lon="7.1295611051">
        <ele>588.61</ele>
        <time>2026-05-17T07:45:50.000Z</time>
        <extensions>
          <power>210</power>
          <gpxtpx:TrackPointExtension>
            <gpxtpx:atemp>19.2</gpxtpx:atemp>
            <gpxtpx:hr>143</gpxtpx:hr>
            <gpxtpx:cad>82</gpxtpx:cad>
          </gpxtpx:TrackPointExtension>
        </extensions>
      </trkpt>
      <trkpt lat="46.1306197895" lon="7.1295959320">
        <ele>588.77</ele>
        <time>2026-05-17T07:45:51.000Z</time>
        <extensions>
          <power>210</power>
          <gpxtpx:TrackPointExtension>
            <gpxtpx:atemp>19.2</gpxtpx:atemp>
            <gpxtpx:hr>143</gpxtpx:hr>
            <gpxtpx:cad>82</gpxtpx:cad>
          </gpxtpx:TrackPointExtension>
        </extensions>
      </trkpt>
      <trkpt lat="46.1306440485" lon="7.1296358629">
        <ele>588.92</ele>
        <time>2026-05-17T07:45:52.000Z</time>
        <extensions>
          <power>210</power>
          <gpxtpx:TrackPointExtension>
            <gpxtpx:atemp>19.2</gpxtpx:atemp>
            <gpxtpx:hr>143</gpxtpx:hr>
            <gpxtpx:cad>81</gpxtpx:cad>
          </gpxtpx:TrackPointExtension>
        </extensions>
      </trkpt>
      <trkpt lat="46.1306687449" lon="7.1296708922">
        <ele>589.08</ele>
        <time>2026-05-17T07:45:53.000Z</time>
        <extensions>
          <power>210</power>
          <gpxtpx:TrackPointExtension>
            <gpxtpx:atemp>19.2</gpxtpx:atemp>
            <gpxtpx:hr>142</gpxtpx:hr>
            <gpxtpx:cad>81</gpxtpx:cad>
          </gpxtpx:TrackPointExtension>
        </extensions>
      </trkpt>
      <trkpt lat="46.1306887251" lon="7.1297076405">
        <ele>589.23</ele>
        <time>2026-05-17T07:45:54.000Z</time>
        <extensions>
          <power>210</power>
          <gpxtpx:TrackPointExtension>
            <gpxtpx:atemp>19.2</gpxtpx:atemp>
            <gpxtpx:hr>142</gpxtpx:hr>
            <gpxtpx:cad>81</gpxtpx:cad>
          </gpxtpx:TrackPointExtension>
        </extensions>
      </trkpt>
      <trkpt lat="46.1307063337" lon="7.1297397319">
        <ele>589.38</ele>
        <time>2026-05-17T07:45:55.000Z</time>
        <extensions>
          <power>210</power>
          <gpxtpx:TrackPointExtension>
            <gpxtpx:atemp>19.2</gpxtpx:atemp>
            <gpxtpx:hr>142</gpxtpx:hr>
            <gpxtpx:cad>81</gpxtpx:cad>
          </gpxtpx:TrackPointExtension>
        </extensions>
      </trkpt>
      <trkpt lat="46.1307214876" lon="7.1297835083">
        <ele>589.54</ele>
        <time>2026-05-17T07:45:56.000Z</time>
        <extensions>
          <power>210</power>
          <gpxtpx:TrackPointExtension>
            <gpxtpx:atemp>19.2</gpxtpx:atemp>
            <gpxtpx:hr>142</gpxtpx:hr>
            <gpxtpx:cad>81</gpxtpx:cad>
          </gpxtpx:TrackPointExtension>
        </extensions>
      </trkpt>
      <trkpt lat="46.1307389054" lon="7.1298264081">
        <ele>589.69</ele>
        <time>2026-05-17T07:45:57.000Z</time>
        <extensions>
          <power>210</power>
          <gpxtpx:TrackPointExtension>
            <gpxtpx:atemp>19.2</gpxtpx:atemp>
            <gpxtpx:hr>142</gpxtpx:hr>
            <gpxtpx:cad>80</gpxtpx:cad>
          </gpxtpx:TrackPointExtension>
        </extensions>
      </trkpt>
      <trkpt lat="46.1307586025" lon="7.1298695577">
        <ele>589.85</ele>
        <time>2026-05-17T07:45:58.000Z</time>
        <extensions>
          <power>210</power>
          <gpxtpx:TrackPointExtension>
            <gpxtpx:atemp>19.2</gpxtpx:atemp>
            <gpxtpx:hr>142</gpxtpx:hr>
            <gpxtpx:cad>80</gpxtpx:cad>
          </gpxtpx:TrackPointExtension>
        </extensions>
      </trkpt>
      <trkpt lat="46.1307763429" lon="7.1299086513">
        <ele>590.00</ele>
        <time>2026-05-17T07:45:59.000Z</time>
        <extensions>
          <power>210</power>
          <gpxtpx:TrackPointExtension>
            <gpxtpx:atemp>19.2</gpxtpx:atemp>
            <gpxtpx:hr>142</gpxtpx:hr>
            <gpxtpx:cad>80</gpxtpx:cad>
          </gpxtpx:TrackPointExtension>
        </extensions>
      </trkpt>
      <trkpt lat="46.1307987736" lon="7.1299440374">
        <ele>590.15</ele>
        <time>2026-05-17T07:46:00.000Z</time>
        <extensions>
          <power>210</power>
          <gpxtpx:TrackPointExtension>
            <gpxtpx:atemp>19.2</gpxtpx:atemp>
            <gpxtpx:hr>141</gpxtpx:hr>
            <gpxtpx:cad>80</gpxtpx:cad>
          </gpxtpx:TrackPointExtension>
        </extensions>
      </trkpt>
      <trkpt lat="46.1308138799" lon="7.1299781997">
        <ele>590.31</ele>
        <time>2026-05-17T07:46:01.000Z</time>
        <extensions>
          <power>210</power>
          <gpxtpx:TrackPointExtension>
            <gpxtpx:atemp>19.2</gpxtpx:atemp>
            <gpxtpx:hr>141</gpxtpx:hr>
            <gpxtpx:cad>79</gpxtpx:cad>
          </gpxtpx:TrackPointExtension>
        </extensions>
      </trkpt>
      <trkpt lat="46.1308283545" lon="7.1300163400">
        <ele>590.46</ele>
        <time>2026-05-17T07:46:02.000Z</time>
        <extensions>
          <power>210</power>
          <gpxtpx:TrackPointExtension>
            <gpxtpx:atemp>19.2</gpxtpx:atemp>
            <gpxtpx:hr>141</gpxtpx:hr>
            <gpxtpx:cad>79</gpxtpx:cad>
          </gpxtpx:TrackPointExtension>
        </extensions>
      </trkpt>
      <trkpt lat="46.1308418141" lon="7.1300597979">
        <ele>590.61</ele>
        <time>2026-05-17T07:46:03.000Z</time>
        <extensions>
          <power>210</power>
          <gpxtpx:TrackPointExtension>
            <gpxtpx:atemp>19.2</gpxtpx:atemp>
            <gpxtpx:hr>141</gpxtpx:hr>
            <gpxtpx:cad>79</gpxtpx:cad>
          </gpxtpx:TrackPointExtension>
        </extensions>
      </trkpt>
      <trkpt lat="46.1308652340" lon="7.1301068941">
        <ele>590.76</ele>
        <time>2026-05-17T07:46:04.000Z</time>
        <extensions>
          <power>210</power>
          <gpxtpx:TrackPointExtension>
            <gpxtpx:atemp>19.2</gpxtpx:atemp>
            <gpxtpx:hr>141</gpxtpx:hr>
            <gpxtpx:cad>79</gpxtpx:cad>
          </gpxtpx:TrackPointExtension>
        </extensions>
      </trkpt>
      <trkpt lat="46.1308783023" lon="7.1301465569">
        <ele>590.92</ele>
        <time>2026-05-17T07:46:05.000Z</time>
        <extensions>
          <power>210</power>
          <gpxtpx:TrackPointExtension>
            <gpxtpx:atemp>19.2</gpxtpx:atemp>
            <gpxtpx:hr>141</gpxtpx:hr>
            <gpxtpx:cad>79</gpxtpx:cad>
          </gpxtpx:TrackPointExtension>
        </extensions>
      </trkpt>
      <trkpt lat="46.1308962645" lon="7.1301823630">
        <ele>591.07</ele>
        <time>2026-05-17T07:46:06.000Z</time>
        <extensions>
          <power>210</power>
          <gpxtpx:TrackPointExtension>
            <gpxtpx:atemp>19.2</gpxtpx:atemp>
            <gpxtpx:hr>141</gpxtpx:hr>
            <gpxtpx:cad>78</gpxtpx:cad>
          </gpxtpx:TrackPointExtension>
        </extensions>
      </trkpt>
      <trkpt lat="46.1309089605" lon="7.1302166246">
        <ele>591.22</ele>
        <time>2026-05-17T07:46:07.000Z</time>
        <extensions>
          <power>210</power>
          <gpxtpx:TrackPointExtension>
            <gpxtpx:atemp>19.2</gpxtpx:atemp>
            <gpxtpx:hr>140</gpxtpx:hr>
            <gpxtpx:cad>78</gpxtpx:cad>
          </gpxtpx:TrackPointExtension>
        </extensions>
      </trkpt>
      <trkpt lat="46.1309282272" lon="7.1302568343">
        <ele>591.37</ele>
        <time>2026-05-17T07:46:08.000Z</time>
        <extensions>
          <power>210</power>
          <gpxtpx:TrackPointExtension>
            <gpxtpx:atemp>19.2</gpxtpx:atemp>
            <gpxtpx:hr>140</gpxtpx:hr>
            <gpxtpx:cad>78</gpxtpx:cad>
          </gpxtpx:TrackPointExtension>
        </extensions>
      </trkpt>
      <trkpt lat="46.1309500507" lon="7.1303026538">
        <ele>591.53</ele>
        <time>2026-05-17T07:46:09.000Z</time>
        <extensions>
          <power>210</power>
          <gpxtpx:TrackPointExtension>
            <gpxtpx:atemp>19.2</gpxtpx:atemp>
            <gpxtpx:hr>140</gpxtpx:hr>
            <gpxtpx:cad>78</gpxtpx:cad>
          </gpxtpx:TrackPointExtension>
        </extensions>
      </trkpt>
      <trkpt lat="46.1309703458" lon="7.1303398434">
        <ele>591.68</ele>
        <time>2026-05-17T07:46:10.000Z</time>
        <extensions>
          <power>210</power>
          <gpxtpx:TrackPointExtension>
            <gpxtpx:atemp>19.2</gpxtpx:atemp>
            <gpxtpx:hr>140</gpxtpx:hr>
            <gpxtpx:cad>77</gpxtpx:cad>
          </gpxtpx:TrackPointExtension>
        </extensions>
      </trkpt>
      <trkpt lat="46.1309879211" lon="7.1303767229">
        <ele>591.83</ele>
        <time>2026-05-17T07:46:11.000Z</time>
        <extensions>
          <power>210</power>
          <gpxtpx:TrackPointExtension>
            <gpxtpx:atemp>19.2</gpxtpx:atemp>
            <gpxtpx:hr>140</gpxtpx:hr>
            <gpxtpx:cad>77</gpxtpx:cad>
          </gpxtpx:TrackPointExtension>
        </extensions>
      </trkpt>
      <trkpt lat="46.1310100547" lon="7.1304118039">
        <ele>591.98</ele>
        <time>2026-05-17T07:46:12.000Z</time>
        <extensions>
          <power>210</power>
          <gpxtpx:TrackPointExtension>
            <gpxtpx:atemp>19.2</gpxtpx:atemp>
            <gpxtpx:hr>140</gpxtpx:hr>
            <gpxtpx:cad>77</gpxtpx:cad>
          </gpxtpx:TrackPointExtension>
        </extensions>
      </trkpt>
      <trkpt lat="46.1310224800" lon="7.1304466922">
        <ele>592.13</ele>
        <time>2026-05-17T07:46:13.000Z</time>
        <extensions>
          <power>210</power>
          <gpxtpx:TrackPointExtension>
            <gpxtpx:atemp>19.2</gpxtpx:atemp>
            <gpxtpx:hr>140</gpxtpx:hr>
            <gpxtpx:cad>77</gpxtpx:cad>
          </gpxtpx:TrackPointExtension>
        </extensions>
      </trkpt>
      <trkpt lat="46.1310436197" lon="7.1304811731">
        <ele>592.29</ele>
        <time>2026-05-17T07:46:14.000Z</time>
        <extensions>
          <power>210</power>
          <gpxtpx:TrackPointExtension>
            <gpxtpx:atemp>19.2</gpxtpx:atemp>
            <gpxtpx:hr>140</gpxtpx:hr>
            <gpxtpx:cad>77</gpxtpx:cad>
          </gpxtpx:TrackPointExtension>
        </extensions>
      </trkpt>
      <trkpt lat="46.1310649184" lon="7.1305272841">
        <ele>592.44</ele>
        <time>2026-05-17T07:46:15.000Z</time>
        <extensions>
          <power>210</power>
          <gpxtpx:TrackPointExtension>
            <gpxtpx:atemp>19.2</gpxtpx:atemp>
            <gpxtpx:hr>140</gpxtpx:hr>
            <gpxtpx:cad>76</gpxtpx:cad>
          </gpxtpx:TrackPointExtension>
        </extensions>
      </trkpt>
      <trkpt lat="46.1310851466" lon="7.1305672051">
        <ele>592.59</ele>
        <time>2026-05-17T07:46:16.000Z</time>
        <extensions>
          <power>210</power>
          <gpxtpx:TrackPointExtension>
            <gpxtpx:atemp>19.2</gpxtpx:atemp>
            <gpxtpx:hr>139</gpxtpx:hr>
            <gpxtpx:cad>76</gpxtpx:cad>
          </gpxtpx:TrackPointExtension>
        </extensions>
      </trkpt>
      <trkpt lat="46.1310999498" lon="7.1306042773">
        <ele>592.74</ele>
        <time>2026-05-17T07:46:17.000Z</time>
        <extensions>
          <power>210</power>
          <gpxtpx:TrackPointExtension>
            <gpxtpx:atemp>19.2</gpxtpx:atemp>
            <gpxtpx:hr>139</gpxtpx:hr>
            <gpxtpx:cad>76</gpxtpx:cad>
          </gpxtpx:TrackPointExtension>
        </extensions>
      </trkpt>
      <trkpt lat="46.1311147440" lon="7.1306508019">
        <ele>592.89</ele>
        <time>2026-05-17T07:46:18.000Z</time>
        <extensions>
          <power>210</power>
          <gpxtpx:TrackPointExtension>
            <gpxtpx:atemp>19.2</gpxtpx:atemp>
            <gpxtpx:hr>139</gpxtpx:hr>
            <gpxtpx:cad>76</gpxtpx:cad>
          </gpxtpx:TrackPointExtension>
        </extensions>
      </trkpt>
      <trkpt lat="46.1311314837" lon="7.1307005932">
        <ele>593.04</ele>
        <time>2026-05-17T07:46:19.000Z</time>
        <extensions>
          <power>210</power>
          <gpxtpx:TrackPointExtension>
            <gpxtpx:atemp>19.2</gpxtpx:atemp>
            <gpxtpx:hr>139</gpxtpx:hr>
            <gpxtpx:cad>75</gpxtpx:cad>
          </gpxtpx:TrackPointExtension>
        </extensions>
      </trkpt>
      <trkpt lat="46.1311494952" lon="7.1307510368">
        <ele>593.20</ele>
        <time>2026-05-17T07:46:20.000Z</time>
        <extensions>
          <power>210</power>
          <gpxtpx:TrackPointExtension>
            <gpxtpx:atemp>19.2</gpxtpx:atemp>
            <gpxtpx:hr>139</gpxtpx:hr>
            <gpxtpx:cad>75</gpxtpx:cad>
          </gpxtpx:TrackPointExtension>
        </extensions>
      </trkpt>
      <trkpt lat="46.1311627003" lon="7.1308001828">
        <ele>593.35</ele>
        <time>2026-05-17T07:46:21.000Z</time>
        <extensions>
          <power>210</power>
          <gpxtpx:TrackPointExtension>
            <gpxtpx:atemp>19.2</gpxtpx:atemp>
            <gpxtpx:hr>139</gpxtpx:hr>
            <gpxtpx:cad>75</gpxtpx:cad>
          </gpxtpx:TrackPointExtension>
        </extensions>
      </trkpt>
      <trkpt lat="46.1311737536" lon="7.1308433870">
        <ele>593.50</ele>
        <time>2026-05-17T07:46:22.000Z</time>
        <extensions>
          <power>210</power>
          <gpxtpx:TrackPointExtension>
            <gpxtpx:atemp>19.2</gpxtpx:atemp>
            <gpxtpx:hr>139</gpxtpx:hr>
            <gpxtpx:cad>75</gpxtpx:cad>
          </gpxtpx:TrackPointExtension>
        </extensions>
      </trkpt>
      <trkpt lat="46.1311925661" lon="7.1308941943">
        <ele>593.65</ele>
        <time>2026-05-17T07:46:23.000Z</time>
        <extensions>
          <power>210</power>
          <gpxtpx:TrackPointExtension>
            <gpxtpx:atemp>19.2</gpxtpx:atemp>
            <gpxtpx:hr>139</gpxtpx:hr>
            <gpxtpx:cad>75</gpxtpx:cad>
          </gpxtpx:TrackPointExtension>
        </extensions>
      </trkpt>
      <trkpt lat="46.1312046655" lon="7.1309304277">
        <ele>593.80</ele>
        <time>2026-05-17T07:46:24.000Z</time>
        <extensions>
          <power>210</power>
          <gpxtpx:TrackPointExtension>
            <gpxtpx:atemp>19.2</gpxtpx:atemp>
            <gpxtpx:hr>139</gpxtpx:hr>
            <gpxtpx:cad>74</gpxtpx:cad>
          </gpxtpx:TrackPointExtension>
        </extensions>
      </trkpt>
      <trkpt lat="46.1312242775" lon="7.1309722730">
        <ele>593.95</ele>
        <time>2026-05-17T07:46:25.000Z</time>
        <extensions>
          <power>210</power>
          <gpxtpx:TrackPointExtension>
            <gpxtpx:atemp>19.2</gpxtpx:atemp>
            <gpxtpx:hr>139</gpxtpx:hr>
            <gpxtpx:cad>74</gpxtpx:cad>
          </gpxtpx:TrackPointExtension>
        </extensions>
      </trkpt>
      <trkpt lat="46.1312396501" lon="7.1310199454">
        <ele>594.10</ele>
        <time>2026-05-17T07:46:26.000Z</time>
        <extensions>
          <power>210</power>
          <gpxtpx:TrackPointExtension>
            <gpxtpx:atemp>19.2</gpxtpx:atemp>
            <gpxtpx:hr>139</gpxtpx:hr>
            <gpxtpx:cad>74</gpxtpx:cad>
          </gpxtpx:TrackPointExtension>
        </extensions>
      </trkpt>
      <trkpt lat="46.1312557321" lon="7.1310638611">
        <ele>594.25</ele>
        <time>2026-05-17T07:46:27.000Z</time>
        <extensions>
          <power>210</power>
          <gpxtpx:TrackPointExtension>
            <gpxtpx:atemp>19.2</gpxtpx:atemp>
            <gpxtpx:hr>138</gpxtpx:hr>
            <gpxtpx:cad>74</gpxtpx:cad>
          </gpxtpx:TrackPointExtension>
        </extensions>
      </trkpt>
      <trkpt lat="46.1312720031" lon="7.1311000773">
        <ele>594.41</ele>
        <time>2026-05-17T07:46:28.000Z</time>
        <extensions>
          <power>210</power>
          <gpxtpx:TrackPointExtension>
            <gpxtpx:atemp>19.2</gpxtpx:atemp>
            <gpxtpx:hr>138</gpxtpx:hr>
            <gpxtpx:cad>74</gpxtpx:cad>
          </gpxtpx:TrackPointExtension>
        </extensions>
      </trkpt>
      <trkpt lat="46.1312899997" lon="7.1311380358">
        <ele>594.56</ele>
        <time>2026-05-17T07:46:29.000Z</time>
        <extensions>
          <power>210</power>
          <gpxtpx:TrackPointExtension>
            <gpxtpx:atemp>19.2</gpxtpx:atemp>
            <gpxtpx:hr>138</gpxtpx:hr>
            <gpxtpx:cad>73</gpxtpx:cad>
          </gpxtpx:TrackPointExtension>
        </extensions>
      </trkpt>
      <trkpt lat="46.1313095052" lon="7.1311862986">
        <ele>594.71</ele>
        <time>2026-05-17T07:46:30.000Z</time>
        <extensions>
          <power>210</power>
          <gpxtpx:TrackPointExtension>
            <gpxtpx:atemp>19.2</gpxtpx:atemp>
            <gpxtpx:hr>138</gpxtpx:hr>
            <gpxtpx:cad>73</gpxtpx:cad>
          </gpxtpx:TrackPointExtension>
        </extensions>
      </trkpt>
      <trkpt lat="46.1313248325" lon="7.1312262131">
        <ele>594.86</ele>
        <time>2026-05-17T07:46:31.000Z</time>
        <extensions>
          <power>210</power>
          <gpxtpx:TrackPointExtension>
            <gpxtpx:atemp>19.2</gpxtpx:atemp>
            <gpxtpx:hr>138</gpxtpx:hr>
            <gpxtpx:cad>73</gpxtpx:cad>
          </gpxtpx:TrackPointExtension>
        </extensions>
      </trkpt>
      <trkpt lat="46.1313452248" lon="7.1312681630">
        <ele>595.01</ele>
        <time>2026-05-17T07:46:32.000Z</time>
        <extensions>
          <power>210</power>
          <gpxtpx:TrackPointExtension>
            <gpxtpx:atemp>19.2</gpxtpx:atemp>
            <gpxtpx:hr>138</gpxtpx:hr>
            <gpxtpx:cad>73</gpxtpx:cad>
          </gpxtpx:TrackPointExtension>
        </extensions>
      </trkpt>
      <trkpt lat="46.1313600467" lon="7.1313183857">
        <ele>595.16</ele>
        <time>2026-05-17T07:46:33.000Z</time>
        <extensions>
          <power>210</power>
          <gpxtpx:TrackPointExtension>
            <gpxtpx:atemp>19.2</gpxtpx:atemp>
            <gpxtpx:hr>138</gpxtpx:hr>
            <gpxtpx:cad>73</gpxtpx:cad>
          </gpxtpx:TrackPointExtension>
        </extensions>
      </trkpt>
      <trkpt lat="46.1313732269" lon="7.1313623997">
        <ele>595.31</ele>
        <time>2026-05-17T07:46:34.000Z</time>
        <extensions>
          <power>210</power>
          <gpxtpx:TrackPointExtension>
            <gpxtpx:atemp>19.2</gpxtpx:atemp>
            <gpxtpx:hr>138</gpxtpx:hr>
            <gpxtpx:cad>72</gpxtpx:cad>
          </gpxtpx:TrackPointExtension>
        </extensions>
      </trkpt>
      <trkpt lat="46.1313837867" lon="7.1314003583">
        <ele>595.46</ele>
        <time>2026-05-17T07:46:35.000Z</time>
        <extensions>
          <power>210</power>
          <gpxtpx:TrackPointExtension>
            <gpxtpx:atemp>19.2</gpxtpx:atemp>
            <gpxtpx:hr>138</gpxtpx:hr>
            <gpxtpx:cad>72</gpxtpx:cad>
          </gpxtpx:TrackPointExtension>
        </extensions>
      </trkpt>
      <trkpt lat="46.1314039326" lon="7.1314430711">
        <ele>595.62</ele>
        <time>2026-05-17T07:46:36.000Z</time>
        <extensions>
          <power>210</power>
          <gpxtpx:TrackPointExtension>
            <gpxtpx:atemp>19.2</gpxtpx:atemp>
            <gpxtpx:hr>138</gpxtpx:hr>
            <gpxtpx:cad>72</gpxtpx:cad>
          </gpxtpx:TrackPointExtension>
        </extensions>
      </trkpt>
      <trkpt lat="46.1314172508" lon="7.1314812663">
        <ele>595.77</ele>
        <time>2026-05-17T07:46:37.000Z</time>
        <extensions>
          <power>210</power>
          <gpxtpx:TrackPointExtension>
            <gpxtpx:atemp>19.2</gpxtpx:atemp>
            <gpxtpx:hr>138</gpxtpx:hr>
            <gpxtpx:cad>72</gpxtpx:cad>
          </gpxtpx:TrackPointExtension>
        </extensions>
      </trkpt>
      <trkpt lat="46.1314362604" lon="7.1315221319">
        <ele>595.92</ele>
        <time>2026-05-17T07:46:38.000Z</time>
        <extensions>
          <power>210</power>
          <gpxtpx:TrackPointExtension>
            <gpxtpx:atemp>19.2</gpxtpx:atemp>
            <gpxtpx:hr>138</gpxtpx:hr>
            <gpxtpx:cad>72</gpxtpx:cad>
          </gpxtpx:TrackPointExtension>
        </extensions>
      </trkpt>
      <trkpt lat="46.1314510811" lon="7.1315713360">
        <ele>596.07</ele>
        <time>2026-05-17T07:46:39.000Z</time>
        <extensions>
          <power>210</power>
          <gpxtpx:TrackPointExtension>
            <gpxtpx:atemp>19.2</gpxtpx:atemp>
            <gpxtpx:hr>138</gpxtpx:hr>
            <gpxtpx:cad>71</gpxtpx:cad>
          </gpxtpx:TrackPointExtension>
        </extensions>
      </trkpt>
      <trkpt lat="46.1314627162" lon="7.1316112137">
        <ele>596.22</ele>
        <time>2026-05-17T07:46:40.000Z</time>
        <extensions>
          <power>210</power>
          <gpxtpx:TrackPointExtension>
            <gpxtpx:atemp>19.3</gpxtpx:atemp>
            <gpxtpx:hr>138</gpxtpx:hr>
            <gpxtpx:cad>71</gpxtpx:cad>
          </gpxtpx:TrackPointExtension>
        </extensions>
      </trkpt>
      <trkpt lat="46.1314782238" lon="7.1316499195">
        <ele>596.37</ele>
        <time>2026-05-17T07:46:41.000Z</time>
        <extensions>
          <power>210</power>
          <gpxtpx:TrackPointExtension>
            <gpxtpx:atemp>19.3</gpxtpx:atemp>
            <gpxtpx:hr>138</gpxtpx:hr>
            <gpxtpx:cad>71</gpxtpx:cad>
          </gpxtpx:TrackPointExtension>
        </extensions>
      </trkpt>
      <trkpt lat="46.1314907116" lon="7.1316882268">
        <ele>596.52</ele>
        <time>2026-05-17T07:46:42.000Z</time>
        <extensions>
          <power>210</power>
          <gpxtpx:TrackPointExtension>
            <gpxtpx:atemp>19.3</gpxtpx:atemp>
            <gpxtpx:hr>138</gpxtpx:hr>
            <gpxtpx:cad>71</gpxtpx:cad>
          </gpxtpx:TrackPointExtension>
        </extensions>
      </trkpt>
      <trkpt lat="46.1315037083" lon="7.1317397206">
        <ele>596.67</ele>
        <time>2026-05-17T07:46:43.000Z</time>
        <extensions>
          <power>210</power>
          <gpxtpx:TrackPointExtension>
            <gpxtpx:atemp>19.3</gpxtpx:atemp>
            <gpxtpx:hr>138</gpxtpx:hr>
            <gpxtpx:cad>71</gpxtpx:cad>
          </gpxtpx:TrackPointExtension>
        </extensions>
      </trkpt>
      <trkpt lat="46.1315176158" lon="7.1317889983">
        <ele>596.83</ele>
        <time>2026-05-17T07:46:44.000Z</time>
        <extensions>
          <power>210</power>
          <gpxtpx:TrackPointExtension>
            <gpxtpx:atemp>19.3</gpxtpx:atemp>
            <gpxtpx:hr>138</gpxtpx:hr>
            <gpxtpx:cad>71</gpxtpx:cad>
          </gpxtpx:TrackPointExtension>
        </extensions>
      </trkpt>
      <trkpt lat="46.1315309956" lon="7.1318394042">
        <ele>596.98</ele>
        <time>2026-05-17T07:46:45.000Z</time>
        <extensions>
          <power>210</power>
          <gpxtpx:TrackPointExtension>
            <gpxtpx:atemp>19.3</gpxtpx:atemp>
            <gpxtpx:hr>137</gpxtpx:hr>
            <gpxtpx:cad>70</gpxtpx:cad>
          </gpxtpx:TrackPointExtension>
        </extensions>
      </trkpt>
      <trkpt lat="46.1315511222" lon="7.1318876999">
        <ele>597.13</ele>
        <time>2026-05-17T07:46:46.000Z</time>
        <extensions>
          <power>210</power>
          <gpxtpx:TrackPointExtension>
            <gpxtpx:atemp>19.3</gpxtpx:atemp>
            <gpxtpx:hr>137</gpxtpx:hr>
            <gpxtpx:cad>70</gpxtpx:cad>
          </gpxtpx:TrackPointExtension>
        </extensions>
      </trkpt>
      <trkpt lat="46.1315702610" lon="7.1319283301">
        <ele>597.28</ele>
        <time>2026-05-17T07:46:47.000Z</time>
        <extensions>
          <power>210</power>
          <gpxtpx:TrackPointExtension>
            <gpxtpx:atemp>19.3</gpxtpx:atemp>
            <gpxtpx:hr>137</gpxtpx:hr>
            <gpxtpx:cad>70</gpxtpx:cad>
          </gpxtpx:TrackPointExtension>
        </extensions>
      </trkpt>
      <trkpt lat="46.1315809757" lon="7.1319770452">
        <ele>597.43</ele>
        <time>2026-05-17T07:46:48.000Z</time>
        <extensions>
          <power>210</power>
          <gpxtpx:TrackPointExtension>
            <gpxtpx:atemp>19.3</gpxtpx:atemp>
            <gpxtpx:hr>137</gpxtpx:hr>
            <gpxtpx:cad>70</gpxtpx:cad>
          </gpxtpx:TrackPointExtension>
        </extensions>
      </trkpt>
      <trkpt lat="46.1315908884" lon="7.1320211054">
        <ele>597.58</ele>
        <time>2026-05-17T07:46:49.000Z</time>
        <extensions>
          <power>210</power>
          <gpxtpx:TrackPointExtension>
            <gpxtpx:atemp>19.3</gpxtpx:atemp>
            <gpxtpx:hr>137</gpxtpx:hr>
            <gpxtpx:cad>70</gpxtpx:cad>
          </gpxtpx:TrackPointExtension>
        </extensions>
      </trkpt>
      <trkpt lat="46.1316090409" lon="7.1320601000">
        <ele>597.74</ele>
        <time>2026-05-17T07:46:50.000Z</time>
        <extensions>
          <power>210</power>
          <gpxtpx:TrackPointExtension>
            <gpxtpx:atemp>19.3</gpxtpx:atemp>
            <gpxtpx:hr>137</gpxtpx:hr>
            <gpxtpx:cad>70</gpxtpx:cad>
          </gpxtpx:TrackPointExtension>
        </extensions>
      </trkpt>
      <trkpt lat="46.1316271236" lon="7.1320993010">
        <ele>597.89</ele>
        <time>2026-05-17T07:46:51.000Z</time>
        <extensions>
          <power>210</power>
          <gpxtpx:TrackPointExtension>
            <gpxtpx:atemp>19.3</gpxtpx:atemp>
            <gpxtpx:hr>137</gpxtpx:hr>
            <gpxtpx:cad>70</gpxtpx:cad>
          </gpxtpx:TrackPointExtension>
        </extensions>
      </trkpt>
      <trkpt lat="46.1316429570" lon="7.1321372334">
        <ele>598.04</ele>
        <time>2026-05-17T07:46:52.000Z</time>
        <extensions>
          <power>210</power>
          <gpxtpx:TrackPointExtension>
            <gpxtpx:atemp>19.3</gpxtpx:atemp>
            <gpxtpx:hr>137</gpxtpx:hr>
            <gpxtpx:cad>70</gpxtpx:cad>
          </gpxtpx:TrackPointExtension>
        </extensions>
      </trkpt>
      <trkpt lat="46.1316585770" lon="7.1321853635">
        <ele>598.19</ele>
        <time>2026-05-17T07:46:53.000Z</time>
        <extensions>
          <power>210</power>
          <gpxtpx:TrackPointExtension>
            <gpxtpx:atemp>19.3</gpxtpx:atemp>
            <gpxtpx:hr>137</gpxtpx:hr>
            <gpxtpx:cad>69</gpxtpx:cad>
          </gpxtpx:TrackPointExtension>
        </extensions>
      </trkpt>
      <trkpt lat="46.1316775679" lon="7.1322359111">
        <ele>598.35</ele>
        <time>2026-05-17T07:46:54.000Z</time>
        <extensions>
          <power>210</power>
          <gpxtpx:TrackPointExtension>
            <gpxtpx:atemp>19.3</gpxtpx:atemp>
            <gpxtpx:hr>137</gpxtpx:hr>
            <gpxtpx:cad>69</gpxtpx:cad>
          </gpxtpx:TrackPointExtension>
        </extensions>
      </trkpt>
      <trkpt lat="46.1316963185" lon="7.1322777942">
        <ele>598.50</ele>
        <time>2026-05-17T07:46:55.000Z</time>
        <extensions>
          <power>210</power>
          <gpxtpx:TrackPointExtension>
            <gpxtpx:atemp>19.3</gpxtpx:atemp>
            <gpxtpx:hr>137</gpxtpx:hr>
            <gpxtpx:cad>69</gpxtpx:cad>
          </gpxtpx:TrackPointExtension>
        </extensions>
      </trkpt>
      <trkpt lat="46.1317067607" lon="7.1323287712">
        <ele>598.65</ele>
        <time>2026-05-17T07:46:56.000Z</time>
        <extensions>
          <power>210</power>
          <gpxtpx:TrackPointExtension>
            <gpxtpx:atemp>19.3</gpxtpx:atemp>
            <gpxtpx:hr>137</gpxtpx:hr>
            <gpxtpx:cad>69</gpxtpx:cad>
          </gpxtpx:TrackPointExtension>
        </extensions>
      </trkpt>
      <trkpt lat="46.1317239254" lon="7.1323686245">
        <ele>598.80</ele>
        <time>2026-05-17T07:46:57.000Z</time>
        <extensions>
          <power>210</power>
          <gpxtpx:TrackPointExtension>
            <gpxtpx:atemp>19.3</gpxtpx:atemp>
            <gpxtpx:hr>137</gpxtpx:hr>
            <gpxtpx:cad>69</gpxtpx:cad>
          </gpxtpx:TrackPointExtension>
        </extensions>
      </trkpt>
      <trkpt lat="46.1317405515" lon="7.1324139851">
        <ele>598.95</ele>
        <time>2026-05-17T07:46:58.000Z</time>
        <extensions>
          <power>210</power>
          <gpxtpx:TrackPointExtension>
            <gpxtpx:atemp>19.3</gpxtpx:atemp>
            <gpxtpx:hr>137</gpxtpx:hr>
            <gpxtpx:cad>69</gpxtpx:cad>
          </gpxtpx:TrackPointExtension>
        </extensions>
      </trkpt>
      <trkpt lat="46.1317571545" lon="7.1324527248">
        <ele>599.11</ele>
        <time>2026-05-17T07:46:59.000Z</time>
        <extensions>
          <power>210</power>
          <gpxtpx:TrackPointExtension>
            <gpxtpx:atemp>19.3</gpxtpx:atemp>
            <gpxtpx:hr>137</gpxtpx:hr>
            <gpxtpx:cad>69</gpxtpx:cad>
          </gpxtpx:TrackPointExtension>
        </extensions>
      </trkpt>
      <trkpt lat="46.1317747204" lon="7.1324946042">
        <ele>599.26</ele>
        <time>2026-05-17T07:47:00.000Z</time>
        <extensions>
          <power>210</power>
          <gpxtpx:TrackPointExtension>
            <gpxtpx:atemp>19.3</gpxtpx:atemp>
            <gpxtpx:hr>137</gpxtpx:hr>
            <gpxtpx:cad>69</gpxtpx:cad>
          </gpxtpx:TrackPointExtension>
        </extensions>
      </trkpt>
      <trkpt lat="46.1317841256" lon="7.1325439604">
        <ele>599.41</ele>
        <time>2026-05-17T07:47:01.000Z</time>
        <extensions>
          <power>210</power>
          <gpxtpx:TrackPointExtension>
            <gpxtpx:atemp>19.3</gpxtpx:atemp>
            <gpxtpx:hr>137</gpxtpx:hr>
            <gpxtpx:cad>69</gpxtpx:cad>
          </gpxtpx:TrackPointExtension>
        </extensions>
      </trkpt>
      <trkpt lat="46.1318021843" lon="7.1325825355">
        <ele>599.57</ele>
        <time>2026-05-17T07:47:02.000Z</time>
        <extensions>
          <power>210</power>
          <gpxtpx:TrackPointExtension>
            <gpxtpx:atemp>19.3</gpxtpx:atemp>
            <gpxtpx:hr>137</gpxtpx:hr>
            <gpxtpx:cad>69</gpxtpx:cad>
          </gpxtpx:TrackPointExtension>
        </extensions>
      </trkpt>
      <trkpt lat="46.1318193787" lon="7.1326225059">
        <ele>599.72</ele>
        <time>2026-05-17T07:47:03.000Z</time>
        <extensions>
          <power>210</power>
          <gpxtpx:TrackPointExtension>
            <gpxtpx:atemp>19.3</gpxtpx:atemp>
            <gpxtpx:hr>137</gpxtpx:hr>
            <gpxtpx:cad>68</gpxtpx:cad>
          </gpxtpx:TrackPointExtension>
        </extensions>
      </trkpt>
      <trkpt lat="46.1318335695" lon="7.1326680548">
        <ele>599.87</ele>
        <time>2026-05-17T07:47:04.000Z</time>
        <extensions>
          <power>210</power>
          <gpxtpx:TrackPointExtension>
            <gpxtpx:atemp>19.3</gpxtpx:atemp>
            <gpxtpx:hr>137</gpxtpx:hr>
            <gpxtpx:cad>68</gpxtpx:cad>
          </gpxtpx:TrackPointExtension>
        </extensions>
      </trkpt>
      <trkpt lat="46.1318485024" lon="7.1327190886">
        <ele>600.03</ele>
        <time>2026-05-17T07:47:05.000Z</time>
        <extensions>
          <power>210</power>
          <gpxtpx:TrackPointExtension>
            <gpxtpx:atemp>19.3</gpxtpx:atemp>
            <gpxtpx:hr>137</gpxtpx:hr>
            <gpxtpx:cad>68</gpxtpx:cad>
          </gpxtpx:TrackPointExtension>
        </extensions>
      </trkpt>
      <trkpt lat="46.1318637329" lon="7.1327679224">
        <ele>600.18</ele>
        <time>2026-05-17T07:47:06.000Z</time>
        <extensions>
          <power>210</power>
          <gpxtpx:TrackPointExtension>
            <gpxtpx:atemp>19.3</gpxtpx:atemp>
            <gpxtpx:hr>138</gpxtpx:hr>
            <gpxtpx:cad>68</gpxtpx:cad>
          </gpxtpx:TrackPointExtension>
        </extensions>
      </trkpt>
      <trkpt lat="46.1318740434" lon="7.1328111034">
        <ele>600.33</ele>
        <time>2026-05-17T07:47:07.000Z</time>
        <extensions>
          <power>210</power>
          <gpxtpx:TrackPointExtension>
            <gpxtpx:atemp>19.3</gpxtpx:atemp>
            <gpxtpx:hr>138</gpxtpx:hr>
            <gpxtpx:cad>68</gpxtpx:cad>
          </gpxtpx:TrackPointExtension>
        </extensions>
      </trkpt>
      <trkpt lat="46.1318865167" lon="7.1328521171">
        <ele>600.49</ele>
        <time>2026-05-17T07:47:08.000Z</time>
        <extensions>
          <power>210</power>
          <gpxtpx:TrackPointExtension>
            <gpxtpx:atemp>19.3</gpxtpx:atemp>
            <gpxtpx:hr>138</gpxtpx:hr>
            <gpxtpx:cad>68</gpxtpx:cad>
          </gpxtpx:TrackPointExtension>
        </extensions>
      </trkpt>
      <trkpt lat="46.1319014865" lon="7.1328944938">
        <ele>600.64</ele>
        <time>2026-05-17T07:47:09.000Z</time>
        <extensions>
          <power>210</power>
          <gpxtpx:TrackPointExtension>
            <gpxtpx:atemp>19.3</gpxtpx:atemp>
            <gpxtpx:hr>138</gpxtpx:hr>
            <gpxtpx:cad>68</gpxtpx:cad>
          </gpxtpx:TrackPointExtension>
        </extensions>
      </trkpt>
      <trkpt lat="46.1319113474" lon="7.1329422302">
        <ele>600.80</ele>
        <time>2026-05-17T07:47:10.000Z</time>
        <extensions>
          <power>210</power>
          <gpxtpx:TrackPointExtension>
            <gpxtpx:atemp>19.3</gpxtpx:atemp>
            <gpxtpx:hr>138</gpxtpx:hr>
            <gpxtpx:cad>68</gpxtpx:cad>
          </gpxtpx:TrackPointExtension>
        </extensions>
      </trkpt>
      <trkpt lat="46.1319245507" lon="7.1329829489">
        <ele>600.95</ele>
        <time>2026-05-17T07:47:11.000Z</time>
        <extensions>
          <power>210</power>
          <gpxtpx:TrackPointExtension>
            <gpxtpx:atemp>19.3</gpxtpx:atemp>
            <gpxtpx:hr>138</gpxtpx:hr>
            <gpxtpx:cad>68</gpxtpx:cad>
          </gpxtpx:TrackPointExtension>
        </extensions>
      </trkpt>
      <trkpt lat="46.1319398595" lon="7.1330192345">
        <ele>601.11</ele>
        <time>2026-05-17T07:47:12.000Z</time>
        <extensions>
          <power>210</power>
          <gpxtpx:TrackPointExtension>
            <gpxtpx:atemp>19.3</gpxtpx:atemp>
            <gpxtpx:hr>138</gpxtpx:hr>
            <gpxtpx:cad>68</gpxtpx:cad>
          </gpxtpx:TrackPointExtension>
        </extensions>
      </trkpt>
      <trkpt lat="46.1319529446" lon="7.1330675087">
        <ele>601.26</ele>
        <time>2026-05-17T07:47:13.000Z</time>
        <extensions>
          <power>210</power>
          <gpxtpx:TrackPointExtension>
            <gpxtpx:atemp>19.3</gpxtpx:atemp>
            <gpxtpx:hr>138</gpxtpx:hr>
            <gpxtpx:cad>68</gpxtpx:cad>
          </gpxtpx:TrackPointExtension>
        </extensions>
      </trkpt>
      <trkpt lat="46.1319625720" lon="7.1331074857">
        <ele>601.42</ele>
        <time>2026-05-17T07:47:14.000Z</time>
        <extensions>
          <power>210</power>
          <gpxtpx:TrackPointExtension>
            <gpxtpx:atemp>19.3</gpxtpx:atemp>
            <gpxtpx:hr>138</gpxtpx:hr>
            <gpxtpx:cad>68</gpxtpx:cad>
          </gpxtpx:TrackPointExtension>
        </extensions>
      </trkpt>
      <trkpt lat="46.1319742262" lon="7.1331498560">
        <ele>601.57</ele>
        <time>2026-05-17T07:47:15.000Z</time>
        <extensions>
          <power>210</power>
          <gpxtpx:TrackPointExtension>
            <gpxtpx:atemp>19.3</gpxtpx:atemp>
            <gpxtpx:hr>138</gpxtpx:hr>
            <gpxtpx:cad>68</gpxtpx:cad>
          </gpxtpx:TrackPointExtension>
        </extensions>
      </trkpt>
      <trkpt lat="46.1319909917" lon="7.1331922273">
        <ele>601.73</ele>
        <time>2026-05-17T07:47:16.000Z</time>
        <extensions>
          <power>210</power>
          <gpxtpx:TrackPointExtension>
            <gpxtpx:atemp>19.3</gpxtpx:atemp>
            <gpxtpx:hr>138</gpxtpx:hr>
            <gpxtpx:cad>68</gpxtpx:cad>
          </gpxtpx:TrackPointExtension>
        </extensions>
      </trkpt>
      <trkpt lat="46.1319997908" lon="7.1332421368">
        <ele>601.88</ele>
        <time>2026-05-17T07:47:17.000Z</time>
        <extensions>
          <power>210</power>
          <gpxtpx:TrackPointExtension>
            <gpxtpx:atemp>19.3</gpxtpx:atemp>
            <gpxtpx:hr>138</gpxtpx:hr>
            <gpxtpx:cad>68</gpxtpx:cad>
          </gpxtpx:TrackPointExtension>
        </extensions>
      </trkpt>
      <trkpt lat="46.1320175912" lon="7.1332879300">
        <ele>602.04</ele>
        <time>2026-05-17T07:47:18.000Z</time>
        <extensions>
          <power>210</power>
          <gpxtpx:TrackPointExtension>
            <gpxtpx:atemp>19.3</gpxtpx:atemp>
            <gpxtpx:hr>138</gpxtpx:hr>
            <gpxtpx:cad>68</gpxtpx:cad>
          </gpxtpx:TrackPointExtension>
        </extensions>
      </trkpt>
      <trkpt lat="46.1320288453" lon="7.1333266808">
        <ele>602.19</ele>
        <time>2026-05-17T07:47:19.000Z</time>
        <extensions>
          <power>210</power>
          <gpxtpx:TrackPointExtension>
            <gpxtpx:atemp>19.3</gpxtpx:atemp>
            <gpxtpx:hr>138</gpxtpx:hr>
            <gpxtpx:cad>68</gpxtpx:cad>
          </gpxtpx:TrackPointExtension>
        </extensions>
      </trkpt>
      <trkpt lat="46.1320456674" lon="7.1333740329">
        <ele>602.35</ele>
        <time>2026-05-17T07:47:20.000Z</time>
        <extensions>
          <power>210</power>
          <gpxtpx:TrackPointExtension>
            <gpxtpx:atemp>19.3</gpxtpx:atemp>
            <gpxtpx:hr>138</gpxtpx:hr>
            <gpxtpx:cad>68</gpxtpx:cad>
          </gpxtpx:TrackPointExtension>
        </extensions>
      </trkpt>
      <trkpt lat="46.1320536245" lon="7.1334147475">
        <ele>602.51</ele>
        <time>2026-05-17T07:47:21.000Z</time>
        <extensions>
          <power>210</power>
          <gpxtpx:TrackPointExtension>
            <gpxtpx:atemp>19.3</gpxtpx:atemp>
            <gpxtpx:hr>138</gpxtpx:hr>
            <gpxtpx:cad>68</gpxtpx:cad>
          </gpxtpx:TrackPointExtension>
        </extensions>
      </trkpt>
      <trkpt lat="46.1320640197" lon="7.1334651232">
        <ele>602.66</ele>
        <time>2026-05-17T07:47:22.000Z</time>
        <extensions>
          <power>210</power>
          <gpxtpx:TrackPointExtension>
            <gpxtpx:atemp>19.3</gpxtpx:atemp>
            <gpxtpx:hr>138</gpxtpx:hr>
            <gpxtpx:cad>68</gpxtpx:cad>
          </gpxtpx:TrackPointExtension>
        </extensions>
      </trkpt>
      <trkpt lat="46.1320779694" lon="7.1335084807">
        <ele>602.82</ele>
        <time>2026-05-17T07:47:23.000Z</time>
        <extensions>
          <power>210</power>
          <gpxtpx:TrackPointExtension>
            <gpxtpx:atemp>19.3</gpxtpx:atemp>
            <gpxtpx:hr>138</gpxtpx:hr>
            <gpxtpx:cad>68</gpxtpx:cad>
          </gpxtpx:TrackPointExtension>
        </extensions>
      </trkpt>
      <trkpt lat="46.1320914928" lon="7.1335444835">
        <ele>602.98</ele>
        <time>2026-05-17T07:47:24.000Z</time>
        <extensions>
          <power>210</power>
          <gpxtpx:TrackPointExtension>
            <gpxtpx:atemp>19.3</gpxtpx:atemp>
            <gpxtpx:hr>139</gpxtpx:hr>
            <gpxtpx:cad>68</gpxtpx:cad>
          </gpxtpx:TrackPointExtension>
        </extensions>
      </trkpt>
      <trkpt lat="46.1321067048" lon="7.1335892284">
        <ele>603.14</ele>
        <time>2026-05-17T07:47:25.000Z</time>
        <extensions>
          <power>210</power>
          <gpxtpx:TrackPointExtension>
            <gpxtpx:atemp>19.3</gpxtpx:atemp>
            <gpxtpx:hr>139</gpxtpx:hr>
            <gpxtpx:cad>68</gpxtpx:cad>
          </gpxtpx:TrackPointExtension>
        </extensions>
      </trkpt>
      <trkpt lat="46.1321241211" lon="7.1336347604">
        <ele>603.29</ele>
        <time>2026-05-17T07:47:26.000Z</time>
        <extensions>
          <power>210</power>
          <gpxtpx:TrackPointExtension>
            <gpxtpx:atemp>19.3</gpxtpx:atemp>
            <gpxtpx:hr>139</gpxtpx:hr>
            <gpxtpx:cad>68</gpxtpx:cad>
          </gpxtpx:TrackPointExtension>
        </extensions>
      </trkpt>
      <trkpt lat="46.1321338930" lon="7.1336712922">
        <ele>603.45</ele>
        <time>2026-05-17T07:47:27.000Z</time>
        <extensions>
          <power>210</power>
          <gpxtpx:TrackPointExtension>
            <gpxtpx:atemp>19.3</gpxtpx:atemp>
            <gpxtpx:hr>139</gpxtpx:hr>
            <gpxtpx:cad>68</gpxtpx:cad>
          </gpxtpx:TrackPointExtension>
        </extensions>
      </trkpt>
      <trkpt lat="46.1321456665" lon="7.1337086756">
        <ele>603.61</ele>
        <time>2026-05-17T07:47:28.000Z</time>
        <extensions>
          <power>210</power>
          <gpxtpx:TrackPointExtension>
            <gpxtpx:atemp>19.3</gpxtpx:atemp>
            <gpxtpx:hr>139</gpxtpx:hr>
            <gpxtpx:cad>68</gpxtpx:cad>
          </gpxtpx:TrackPointExtension>
        </extensions>
      </trkpt>
      <trkpt lat="46.1321628786" lon="7.1337525383">
        <ele>603.77</ele>
        <time>2026-05-17T07:47:29.000Z</time>
        <extensions>
          <power>210</power>
          <gpxtpx:TrackPointExtension>
            <gpxtpx:atemp>19.3</gpxtpx:atemp>
            <gpxtpx:hr>139</gpxtpx:hr>
            <gpxtpx:cad>68</gpxtpx:cad>
          </gpxtpx:TrackPointExtension>
        </extensions>
      </trkpt>
      <trkpt lat="46.1321784007" lon="7.1337882984">
        <ele>603.93</ele>
        <time>2026-05-17T07:47:30.000Z</time>
        <extensions>
          <power>210</power>
          <gpxtpx:TrackPointExtension>
            <gpxtpx:atemp>19.3</gpxtpx:atemp>
            <gpxtpx:hr>139</gpxtpx:hr>
            <gpxtpx:cad>68</gpxtpx:cad>
          </gpxtpx:TrackPointExtension>
        </extensions>
      </trkpt>
      <trkpt lat="46.1321889856" lon="7.1338278526">
        <ele>604.09</ele>
        <time>2026-05-17T07:47:31.000Z</time>
        <extensions>
          <power>210</power>
          <gpxtpx:TrackPointExtension>
            <gpxtpx:atemp>19.3</gpxtpx:atemp>
            <gpxtpx:hr>139</gpxtpx:hr>
            <gpxtpx:cad>69</gpxtpx:cad>
          </gpxtpx:TrackPointExtension>
        </extensions>
      </trkpt>
      <trkpt lat="46.1322027327" lon="7.1338645341">
        <ele>604.25</ele>
        <time>2026-05-17T07:47:32.000Z</time>
        <extensions>
          <power>210</power>
          <gpxtpx:TrackPointExtension>
            <gpxtpx:atemp>19.3</gpxtpx:atemp>
            <gpxtpx:hr>139</gpxtpx:hr>
            <gpxtpx:cad>69</gpxtpx:cad>
          </gpxtpx:TrackPointExtension>
        </extensions>
      </trkpt>
      <trkpt lat="46.1322204008" lon="7.1339088275">
        <ele>604.40</ele>
        <time>2026-05-17T07:47:33.000Z</time>
        <extensions>
          <power>210</power>
          <gpxtpx:TrackPointExtension>
            <gpxtpx:atemp>19.3</gpxtpx:atemp>
            <gpxtpx:hr>139</gpxtpx:hr>
            <gpxtpx:cad>69</gpxtpx:cad>
          </gpxtpx:TrackPointExtension>
        </extensions>
      </trkpt>
      <trkpt lat="46.1322311178" lon="7.1339443241">
        <ele>604.56</ele>
        <time>2026-05-17T07:47:34.000Z</time>
        <extensions>
          <power>210</power>
          <gpxtpx:TrackPointExtension>
            <gpxtpx:atemp>19.3</gpxtpx:atemp>
            <gpxtpx:hr>140</gpxtpx:hr>
            <gpxtpx:cad>69</gpxtpx:cad>
          </gpxtpx:TrackPointExtension>
        </extensions>
      </trkpt>
      <trkpt lat="46.1322391007" lon="7.1339849939">
        <ele>604.72</ele>
        <time>2026-05-17T07:47:35.000Z</time>
        <extensions>
          <power>210</power>
          <gpxtpx:TrackPointExtension>
            <gpxtpx:atemp>19.3</gpxtpx:atemp>
            <gpxtpx:hr>140</gpxtpx:hr>
            <gpxtpx:cad>69</gpxtpx:cad>
          </gpxtpx:TrackPointExtension>
        </extensions>
      </trkpt>
      <trkpt lat="46.1322487175" lon="7.1340239233">
        <ele>604.89</ele>
        <time>2026-05-17T07:47:36.000Z</time>
        <extensions>
          <power>210</power>
          <gpxtpx:TrackPointExtension>
            <gpxtpx:atemp>19.3</gpxtpx:atemp>
            <gpxtpx:hr>140</gpxtpx:hr>
            <gpxtpx:cad>69</gpxtpx:cad>
          </gpxtpx:TrackPointExtension>
        </extensions>
      </trkpt>
      <trkpt lat="46.1322636137" lon="7.1340584857">
        <ele>605.05</ele>
        <time>2026-05-17T07:47:37.000Z</time>
        <extensions>
          <power>210</power>
          <gpxtpx:TrackPointExtension>
            <gpxtpx:atemp>19.3</gpxtpx:atemp>
            <gpxtpx:hr>140</gpxtpx:hr>
            <gpxtpx:cad>69</gpxtpx:cad>
          </gpxtpx:TrackPointExtension>
        </extensions>
      </trkpt>
      <trkpt lat="46.1322733788" lon="7.1341042655">
        <ele>605.21</ele>
        <time>2026-05-17T07:47:38.000Z</time>
        <extensions>
          <power>210</power>
          <gpxtpx:TrackPointExtension>
            <gpxtpx:atemp>19.3</gpxtpx:atemp>
            <gpxtpx:hr>140</gpxtpx:hr>
            <gpxtpx:cad>69</gpxtpx:cad>
          </gpxtpx:TrackPointExtension>
        </extensions>
      </trkpt>
      <trkpt lat="46.1322839332" lon="7.1341521556">
        <ele>605.37</ele>
        <time>2026-05-17T07:47:39.000Z</time>
        <extensions>
          <power>210</power>
          <gpxtpx:TrackPointExtension>
            <gpxtpx:atemp>19.3</gpxtpx:atemp>
            <gpxtpx:hr>140</gpxtpx:hr>
            <gpxtpx:cad>69</gpxtpx:cad>
          </gpxtpx:TrackPointExtension>
        </extensions>
      </trkpt>
      <trkpt lat="46.1323017862" lon="7.1342013447">
        <ele>605.53</ele>
        <time>2026-05-17T07:47:40.000Z</time>
        <extensions>
          <power>210</power>
          <gpxtpx:TrackPointExtension>
            <gpxtpx:atemp>19.3</gpxtpx:atemp>
            <gpxtpx:hr>140</gpxtpx:hr>
            <gpxtpx:cad>69</gpxtpx:cad>
          </gpxtpx:TrackPointExtension>
        </extensions>
      </trkpt>
      <trkpt lat="46.1323177150" lon="7.1342430753">
        <ele>605.69</ele>
        <time>2026-05-17T07:47:41.000Z</time>
        <extensions>
          <power>210</power>
          <gpxtpx:TrackPointExtension>
            <gpxtpx:atemp>19.3</gpxtpx:atemp>
            <gpxtpx:hr>140</gpxtpx:hr>
            <gpxtpx:cad>69</gpxtpx:cad>
          </gpxtpx:TrackPointExtension>
        </extensions>
      </trkpt>
      <trkpt lat="46.1323260632" lon="7.1342796046">
        <ele>605.86</ele>
        <time>2026-05-17T07:47:42.000Z</time>
        <extensions>
          <power>210</power>
          <gpxtpx:TrackPointExtension>
            <gpxtpx:atemp>19.3</gpxtpx:atemp>
            <gpxtpx:hr>140</gpxtpx:hr>
            <gpxtpx:cad>70</gpxtpx:cad>
          </gpxtpx:TrackPointExtension>
        </extensions>
      </trkpt>
      <trkpt lat="46.1323444896" lon="7.1343181912">
        <ele>606.02</ele>
        <time>2026-05-17T07:47:43.000Z</time>
        <extensions>
          <power>210</power>
          <gpxtpx:TrackPointExtension>
            <gpxtpx:atemp>19.3</gpxtpx:atemp>
            <gpxtpx:hr>141</gpxtpx:hr>
            <gpxtpx:cad>70</gpxtpx:cad>
          </gpxtpx:TrackPointExtension>
        </extensions>
      </trkpt>
      <trkpt lat="46.1323619992" lon="7.1343599700">
        <ele>606.18</ele>
        <time>2026-05-17T07:47:44.000Z</time>
        <extensions>
          <power>210</power>
          <gpxtpx:TrackPointExtension>
            <gpxtpx:atemp>19.3</gpxtpx:atemp>
            <gpxtpx:hr>141</gpxtpx:hr>
            <gpxtpx:cad>70</gpxtpx:cad>
          </gpxtpx:TrackPointExtension>
        </extensions>
      </trkpt>
      <trkpt lat="46.1323749051" lon="7.1344040212">
        <ele>606.35</ele>
        <time>2026-05-17T07:47:45.000Z</time>
        <extensions>
          <power>210</power>
          <gpxtpx:TrackPointExtension>
            <gpxtpx:atemp>19.3</gpxtpx:atemp>
            <gpxtpx:hr>141</gpxtpx:hr>
            <gpxtpx:cad>70</gpxtpx:cad>
          </gpxtpx:TrackPointExtension>
        </extensions>
      </trkpt>
      <trkpt lat="46.1323888611" lon="7.1344392846">
        <ele>606.51</ele>
        <time>2026-05-17T07:47:46.000Z</time>
        <extensions>
          <power>210</power>
          <gpxtpx:TrackPointExtension>
            <gpxtpx:atemp>19.3</gpxtpx:atemp>
            <gpxtpx:hr>141</gpxtpx:hr>
            <gpxtpx:cad>70</gpxtpx:cad>
          </gpxtpx:TrackPointExtension>
        </extensions>
      </trkpt>
      <trkpt lat="46.1324024365" lon="7.1344817981">
        <ele>606.67</ele>
        <time>2026-05-17T07:47:47.000Z</time>
        <extensions>
          <power>210</power>
          <gpxtpx:TrackPointExtension>
            <gpxtpx:atemp>19.3</gpxtpx:atemp>
            <gpxtpx:hr>141</gpxtpx:hr>
            <gpxtpx:cad>70</gpxtpx:cad>
          </gpxtpx:TrackPointExtension>
        </extensions>
      </trkpt>
      <trkpt lat="46.1324161012" lon="7.1345273425">
        <ele>606.84</ele>
        <time>2026-05-17T07:47:48.000Z</time>
        <extensions>
          <power>210</power>
          <gpxtpx:TrackPointExtension>
            <gpxtpx:atemp>19.3</gpxtpx:atemp>
            <gpxtpx:hr>141</gpxtpx:hr>
            <gpxtpx:cad>70</gpxtpx:cad>
          </gpxtpx:TrackPointExtension>
        </extensions>
      </trkpt>
      <trkpt lat="46.1324286196" lon="7.1345722950">
        <ele>607.00</ele>
        <time>2026-05-17T07:47:49.000Z</time>
        <extensions>
          <power>210</power>
          <gpxtpx:TrackPointExtension>
            <gpxtpx:atemp>19.3</gpxtpx:atemp>
            <gpxtpx:hr>141</gpxtpx:hr>
            <gpxtpx:cad>71</gpxtpx:cad>
          </gpxtpx:TrackPointExtension>
        </extensions>
      </trkpt>
      <trkpt lat="46.1324397115" lon="7.1346171559">
        <ele>607.17</ele>
        <time>2026-05-17T07:47:50.000Z</time>
        <extensions>
          <power>210</power>
          <gpxtpx:TrackPointExtension>
            <gpxtpx:atemp>19.3</gpxtpx:atemp>
            <gpxtpx:hr>142</gpxtpx:hr>
            <gpxtpx:cad>71</gpxtpx:cad>
          </gpxtpx:TrackPointExtension>
        </extensions>
      </trkpt>
      <trkpt lat="46.1324517845" lon="7.1346639652">
        <ele>607.34</ele>
        <time>2026-05-17T07:47:51.000Z</time>
        <extensions>
          <power>210</power>
          <gpxtpx:TrackPointExtension>
            <gpxtpx:atemp>19.3</gpxtpx:atemp>
            <gpxtpx:hr>142</gpxtpx:hr>
            <gpxtpx:cad>71</gpxtpx:cad>
          </gpxtpx:TrackPointExtension>
        </extensions>
      </trkpt>
      <trkpt lat="46.1324690628" lon="7.1347016941">
        <ele>607.50</ele>
        <time>2026-05-17T07:47:52.000Z</time>
        <extensions>
          <power>210</power>
          <gpxtpx:TrackPointExtension>
            <gpxtpx:atemp>19.3</gpxtpx:atemp>
            <gpxtpx:hr>142</gpxtpx:hr>
            <gpxtpx:cad>71</gpxtpx:cad>
          </gpxtpx:TrackPointExtension>
        </extensions>
      </trkpt>
      <trkpt lat="46.1324792331" lon="7.1347392180">
        <ele>607.67</ele>
        <time>2026-05-17T07:47:53.000Z</time>
        <extensions>
          <power>210</power>
          <gpxtpx:TrackPointExtension>
            <gpxtpx:atemp>19.3</gpxtpx:atemp>
            <gpxtpx:hr>142</gpxtpx:hr>
            <gpxtpx:cad>71</gpxtpx:cad>
          </gpxtpx:TrackPointExtension>
        </extensions>
      </trkpt>
      <trkpt lat="46.1324941822" lon="7.1347835542">
        <ele>607.84</ele>
        <time>2026-05-17T07:47:54.000Z</time>
        <extensions>
          <power>210</power>
          <gpxtpx:TrackPointExtension>
            <gpxtpx:atemp>19.3</gpxtpx:atemp>
            <gpxtpx:hr>142</gpxtpx:hr>
            <gpxtpx:cad>71</gpxtpx:cad>
          </gpxtpx:TrackPointExtension>
        </extensions>
      </trkpt>
      <trkpt lat="46.1325027788" lon="7.1348190480">
        <ele>608.01</ele>
        <time>2026-05-17T07:47:55.000Z</time>
        <extensions>
          <power>210</power>
          <gpxtpx:TrackPointExtension>
            <gpxtpx:atemp>19.3</gpxtpx:atemp>
            <gpxtpx:hr>142</gpxtpx:hr>
            <gpxtpx:cad>72</gpxtpx:cad>
          </gpxtpx:TrackPointExtension>
        </extensions>
      </trkpt>
      <trkpt lat="46.1325221833" lon="7.1348533299">
        <ele>608.17</ele>
        <time>2026-05-17T07:47:56.000Z</time>
        <extensions>
          <power>210</power>
          <gpxtpx:TrackPointExtension>
            <gpxtpx:atemp>19.3</gpxtpx:atemp>
            <gpxtpx:hr>143</gpxtpx:hr>
            <gpxtpx:cad>72</gpxtpx:cad>
          </gpxtpx:TrackPointExtension>
        </extensions>
      </trkpt>
      <trkpt lat="46.1325345376" lon="7.1348865464">
        <ele>608.34</ele>
        <time>2026-05-17T07:47:57.000Z</time>
        <extensions>
          <power>210</power>
          <gpxtpx:TrackPointExtension>
            <gpxtpx:atemp>19.3</gpxtpx:atemp>
            <gpxtpx:hr>143</gpxtpx:hr>
            <gpxtpx:cad>72</gpxtpx:cad>
          </gpxtpx:TrackPointExtension>
        </extensions>
      </trkpt>
      <trkpt lat="46.1325471308" lon="7.1349233269">
        <ele>608.51</ele>
        <time>2026-05-17T07:47:58.000Z</time>
        <extensions>
          <power>210</power>
          <gpxtpx:TrackPointExtension>
            <gpxtpx:atemp>19.3</gpxtpx:atemp>
            <gpxtpx:hr>143</gpxtpx:hr>
            <gpxtpx:cad>72</gpxtpx:cad>
          </gpxtpx:TrackPointExtension>
        </extensions>
      </trkpt>
      <trkpt lat="46.1325643678" lon="7.1349704833">
        <ele>608.68</ele>
        <time>2026-05-17T07:47:59.000Z</time>
        <extensions>
          <power>210</power>
          <gpxtpx:TrackPointExtension>
            <gpxtpx:atemp>19.3</gpxtpx:atemp>
            <gpxtpx:hr>143</gpxtpx:hr>
            <gpxtpx:cad>72</gpxtpx:cad>
          </gpxtpx:TrackPointExtension>
        </extensions>
      </trkpt>
      <trkpt lat="46.1325826864" lon="7.1350141833">
        <ele>608.85</ele>
        <time>2026-05-17T07:48:00.000Z</time>
        <extensions>
          <power>210</power>
          <gpxtpx:TrackPointExtension>
            <gpxtpx:atemp>19.4</gpxtpx:atemp>
            <gpxtpx:hr>143</gpxtpx:hr>
            <gpxtpx:cad>72</gpxtpx:cad>
          </gpxtpx:TrackPointExtension>
        </extensions>
      </trkpt>
      <trkpt lat="46.1325956629" lon="7.1350544536">
        <ele>609.02</ele>
        <time>2026-05-17T07:48:01.000Z</time>
        <extensions>
          <power>210</power>
          <gpxtpx:TrackPointExtension>
            <gpxtpx:atemp>19.4</gpxtpx:atemp>
            <gpxtpx:hr>143</gpxtpx:hr>
            <gpxtpx:cad>73</gpxtpx:cad>
          </gpxtpx:TrackPointExtension>
        </extensions>
      </trkpt>
      <trkpt lat="46.1326132452" lon="7.1350916314">
        <ele>609.19</ele>
        <time>2026-05-17T07:48:02.000Z</time>
        <extensions>
          <power>210</power>
          <gpxtpx:TrackPointExtension>
            <gpxtpx:atemp>19.4</gpxtpx:atemp>
            <gpxtpx:hr>144</gpxtpx:hr>
            <gpxtpx:cad>73</gpxtpx:cad>
          </gpxtpx:TrackPointExtension>
        </extensions>
      </trkpt>
      <trkpt lat="46.1326275989" lon="7.1351375031">
        <ele>609.37</ele>
        <time>2026-05-17T07:48:03.000Z</time>
        <extensions>
          <power>210</power>
          <gpxtpx:TrackPointExtension>
            <gpxtpx:atemp>19.4</gpxtpx:atemp>
            <gpxtpx:hr>144</gpxtpx:hr>
            <gpxtpx:cad>73</gpxtpx:cad>
          </gpxtpx:TrackPointExtension>
        </extensions>
      </trkpt>
      <trkpt lat="46.1326401178" lon="7.1351808945">
        <ele>609.54</ele>
        <time>2026-05-17T07:48:04.000Z</time>
        <extensions>
          <power>210</power>
          <gpxtpx:TrackPointExtension>
            <gpxtpx:atemp>19.4</gpxtpx:atemp>
            <gpxtpx:hr>144</gpxtpx:hr>
            <gpxtpx:cad>73</gpxtpx:cad>
          </gpxtpx:TrackPointExtension>
        </extensions>
      </trkpt>
      <trkpt lat="46.1326519735" lon="7.1352250690">
        <ele>609.71</ele>
        <time>2026-05-17T07:48:05.000Z</time>
        <extensions>
          <power>210</power>
          <gpxtpx:TrackPointExtension>
            <gpxtpx:atemp>19.4</gpxtpx:atemp>
            <gpxtpx:hr>144</gpxtpx:hr>
            <gpxtpx:cad>73</gpxtpx:cad>
          </gpxtpx:TrackPointExtension>
        </extensions>
      </trkpt>
      <trkpt lat="46.1326623376" lon="7.1352607844">
        <ele>609.89</ele>
        <time>2026-05-17T07:48:06.000Z</time>
        <extensions>
          <power>210</power>
          <gpxtpx:TrackPointExtension>
            <gpxtpx:atemp>19.4</gpxtpx:atemp>
            <gpxtpx:hr>144</gpxtpx:hr>
            <gpxtpx:cad>74</gpxtpx:cad>
          </gpxtpx:TrackPointExtension>
        </extensions>
      </trkpt>
      <trkpt lat="46.1326762514" lon="7.1352954034">
        <ele>610.06</ele>
        <time>2026-05-17T07:48:07.000Z</time>
        <extensions>
          <power>210</power>
          <gpxtpx:TrackPointExtension>
            <gpxtpx:atemp>19.4</gpxtpx:atemp>
            <gpxtpx:hr>144</gpxtpx:hr>
            <gpxtpx:cad>74</gpxtpx:cad>
          </gpxtpx:TrackPointExtension>
        </extensions>
      </trkpt>
      <trkpt lat="46.1326935348" lon="7.1353341723">
        <ele>610.23</ele>
        <time>2026-05-17T07:48:08.000Z</time>
        <extensions>
          <power>210</power>
          <gpxtpx:TrackPointExtension>
            <gpxtpx:atemp>19.4</gpxtpx:atemp>
            <gpxtpx:hr>145</gpxtpx:hr>
            <gpxtpx:cad>74</gpxtpx:cad>
          </gpxtpx:TrackPointExtension>
        </extensions>
      </trkpt>
      <trkpt lat="46.1327038679" lon="7.1353700133">
        <ele>610.41</ele>
        <time>2026-05-17T07:48:09.000Z</time>
        <extensions>
          <power>210</power>
          <gpxtpx:TrackPointExtension>
            <gpxtpx:atemp>19.4</gpxtpx:atemp>
            <gpxtpx:hr>145</gpxtpx:hr>
            <gpxtpx:cad>74</gpxtpx:cad>
          </gpxtpx:TrackPointExtension>
        </extensions>
      </trkpt>
      <trkpt lat="46.1327230162" lon="7.1354044568">
        <ele>610.59</ele>
        <time>2026-05-17T07:48:10.000Z</time>
        <extensions>
          <power>210</power>
          <gpxtpx:TrackPointExtension>
            <gpxtpx:atemp>19.4</gpxtpx:atemp>
            <gpxtpx:hr>145</gpxtpx:hr>
            <gpxtpx:cad>74</gpxtpx:cad>
          </gpxtpx:TrackPointExtension>
        </extensions>
      </trkpt>
      <trkpt lat="46.1327362873" lon="7.1354455437">
        <ele>610.76</ele>
        <time>2026-05-17T07:48:11.000Z</time>
        <extensions>
          <power>210</power>
          <gpxtpx:TrackPointExtension>
            <gpxtpx:atemp>19.4</gpxtpx:atemp>
            <gpxtpx:hr>145</gpxtpx:hr>
            <gpxtpx:cad>75</gpxtpx:cad>
          </gpxtpx:TrackPointExtension>
        </extensions>
      </trkpt>
      <trkpt lat="46.1327546600" lon="7.1354826245">
        <ele>610.94</ele>
        <time>2026-05-17T07:48:12.000Z</time>
        <extensions>
          <power>210</power>
          <gpxtpx:TrackPointExtension>
            <gpxtpx:atemp>19.4</gpxtpx:atemp>
            <gpxtpx:hr>145</gpxtpx:hr>
            <gpxtpx:cad>75</gpxtpx:cad>
          </gpxtpx:TrackPointExtension>
        </extensions>
      </trkpt>
      <trkpt lat="46.1327674657" lon="7.1355153177">
        <ele>611.12</ele>
        <time>2026-05-17T07:48:13.000Z</time>
        <extensions>
          <power>210</power>
          <gpxtpx:TrackPointExtension>
            <gpxtpx:atemp>19.4</gpxtpx:atemp>
            <gpxtpx:hr>146</gpxtpx:hr>
            <gpxtpx:cad>75</gpxtpx:cad>
          </gpxtpx:TrackPointExtension>
        </extensions>
      </trkpt>
      <trkpt lat="46.1327822072" lon="7.1355469627">
        <ele>611.29</ele>
        <time>2026-05-17T07:48:14.000Z</time>
        <extensions>
          <power>210</power>
          <gpxtpx:TrackPointExtension>
            <gpxtpx:atemp>19.4</gpxtpx:atemp>
            <gpxtpx:hr>146</gpxtpx:hr>
            <gpxtpx:cad>75</gpxtpx:cad>
          </gpxtpx:TrackPointExtension>
        </extensions>
      </trkpt>
      <trkpt lat="46.1327989472" lon="7.1355879609">
        <ele>611.47</ele>
        <time>2026-05-17T07:48:15.000Z</time>
        <extensions>
          <power>210</power>
          <gpxtpx:TrackPointExtension>
            <gpxtpx:atemp>19.4</gpxtpx:atemp>
            <gpxtpx:hr>146</gpxtpx:hr>
            <gpxtpx:cad>76</gpxtpx:cad>
          </gpxtpx:TrackPointExtension>
        </extensions>
      </trkpt>
      <trkpt lat="46.1328204341" lon="7.1356179923">
        <ele>611.65</ele>
        <time>2026-05-17T07:48:16.000Z</time>
        <extensions>
          <power>210</power>
          <gpxtpx:TrackPointExtension>
            <gpxtpx:atemp>19.4</gpxtpx:atemp>
            <gpxtpx:hr>146</gpxtpx:hr>
            <gpxtpx:cad>76</gpxtpx:cad>
          </gpxtpx:TrackPointExtension>
        </extensions>
      </trkpt>
      <trkpt lat="46.1328350312" lon="7.1356604111">
        <ele>611.83</ele>
        <time>2026-05-17T07:48:17.000Z</time>
        <extensions>
          <power>210</power>
          <gpxtpx:TrackPointExtension>
            <gpxtpx:atemp>19.4</gpxtpx:atemp>
            <gpxtpx:hr>146</gpxtpx:hr>
            <gpxtpx:cad>76</gpxtpx:cad>
          </gpxtpx:TrackPointExtension>
        </extensions>
      </trkpt>
      <trkpt lat="46.1328473533" lon="7.1357037873">
        <ele>612.01</ele>
        <time>2026-05-17T07:48:18.000Z</time>
        <extensions>
          <power>210</power>
          <gpxtpx:TrackPointExtension>
            <gpxtpx:atemp>19.4</gpxtpx:atemp>
            <gpxtpx:hr>147</gpxtpx:hr>
            <gpxtpx:cad>76</gpxtpx:cad>
          </gpxtpx:TrackPointExtension>
        </extensions>
      </trkpt>
      <trkpt lat="46.1328639986" lon="7.1357355864">
        <ele>612.20</ele>
        <time>2026-05-17T07:48:19.000Z</time>
        <extensions>
          <power>210</power>
          <gpxtpx:TrackPointExtension>
            <gpxtpx:atemp>19.4</gpxtpx:atemp>
            <gpxtpx:hr>147</gpxtpx:hr>
            <gpxtpx:cad>76</gpxtpx:cad>
          </gpxtpx:TrackPointExtension>
        </extensions>
      </trkpt>
      <trkpt lat="46.1328857426" lon="7.1357663920">
        <ele>612.38</ele>
        <time>2026-05-17T07:48:20.000Z</time>
        <extensions>
          <power>210</power>
          <gpxtpx:TrackPointExtension>
            <gpxtpx:atemp>19.4</gpxtpx:atemp>
            <gpxtpx:hr>147</gpxtpx:hr>
            <gpxtpx:cad>77</gpxtpx:cad>
          </gpxtpx:TrackPointExtension>
        </extensions>
      </trkpt>
      <trkpt lat="46.1328993915" lon="7.1358055115">
        <ele>612.56</ele>
        <time>2026-05-17T07:48:21.000Z</time>
        <extensions>
          <power>210</power>
          <gpxtpx:TrackPointExtension>
            <gpxtpx:atemp>19.4</gpxtpx:atemp>
            <gpxtpx:hr>147</gpxtpx:hr>
            <gpxtpx:cad>77</gpxtpx:cad>
          </gpxtpx:TrackPointExtension>
        </extensions>
      </trkpt>
      <trkpt lat="46.1329175068" lon="7.1358362429">
        <ele>612.74</ele>
        <time>2026-05-17T07:48:22.000Z</time>
        <extensions>
          <power>210</power>
          <gpxtpx:TrackPointExtension>
            <gpxtpx:atemp>19.4</gpxtpx:atemp>
            <gpxtpx:hr>147</gpxtpx:hr>
            <gpxtpx:cad>77</gpxtpx:cad>
          </gpxtpx:TrackPointExtension>
        </extensions>
      </trkpt>
      <trkpt lat="46.1329346276" lon="7.1358780036">
        <ele>612.93</ele>
        <time>2026-05-17T07:48:23.000Z</time>
        <extensions>
          <power>210</power>
          <gpxtpx:TrackPointExtension>
            <gpxtpx:atemp>19.4</gpxtpx:atemp>
            <gpxtpx:hr>148</gpxtpx:hr>
            <gpxtpx:cad>77</gpxtpx:cad>
          </gpxtpx:TrackPointExtension>
        </extensions>
      </trkpt>
      <trkpt lat="46.1329467383" lon="7.1359121799">
        <ele>613.11</ele>
        <time>2026-05-17T07:48:24.000Z</time>
        <extensions>
          <power>210</power>
          <gpxtpx:TrackPointExtension>
            <gpxtpx:atemp>19.4</gpxtpx:atemp>
            <gpxtpx:hr>148</gpxtpx:hr>
            <gpxtpx:cad>78</gpxtpx:cad>
          </gpxtpx:TrackPointExtension>
        </extensions>
      </trkpt>
      <trkpt lat="46.1329650309" lon="7.1359420388">
        <ele>613.30</ele>
        <time>2026-05-17T07:48:25.000Z</time>
        <extensions>
          <power>210</power>
          <gpxtpx:TrackPointExtension>
            <gpxtpx:atemp>19.4</gpxtpx:atemp>
            <gpxtpx:hr>148</gpxtpx:hr>
            <gpxtpx:cad>78</gpxtpx:cad>
          </gpxtpx:TrackPointExtension>
        </extensions>
      </trkpt>
      <trkpt lat="46.1329773154" lon="7.1359820995">
        <ele>613.49</ele>
        <time>2026-05-17T07:48:26.000Z</time>
        <extensions>
          <power>210</power>
          <gpxtpx:TrackPointExtension>
            <gpxtpx:atemp>19.4</gpxtpx:atemp>
            <gpxtpx:hr>148</gpxtpx:hr>
            <gpxtpx:cad>78</gpxtpx:cad>
          </gpxtpx:TrackPointExtension>
        </extensions>
      </trkpt>
      <trkpt lat="46.1329952890" lon="7.1360134617">
        <ele>613.67</ele>
        <time>2026-05-17T07:48:27.000Z</time>
        <extensions>
          <power>210</power>
          <gpxtpx:TrackPointExtension>
            <gpxtpx:atemp>19.4</gpxtpx:atemp>
            <gpxtpx:hr>148</gpxtpx:hr>
            <gpxtpx:cad>78</gpxtpx:cad>
          </gpxtpx:TrackPointExtension>
        </extensions>
      </trkpt>
      <trkpt lat="46.1330101475" lon="7.1360555125">
        <ele>613.86</ele>
        <time>2026-05-17T07:48:28.000Z</time>
        <extensions>
          <power>210</power>
          <gpxtpx:TrackPointExtension>
            <gpxtpx:atemp>19.4</gpxtpx:atemp>
            <gpxtpx:hr>149</gpxtpx:hr>
            <gpxtpx:cad>78</gpxtpx:cad>
          </gpxtpx:TrackPointExtension>
        </extensions>
      </trkpt>
      <trkpt lat="46.1330240501" lon="7.1360927395">
        <ele>614.05</ele>
        <time>2026-05-17T07:48:29.000Z</time>
        <extensions>
          <power>210</power>
          <gpxtpx:TrackPointExtension>
            <gpxtpx:atemp>19.4</gpxtpx:atemp>
            <gpxtpx:hr>149</gpxtpx:hr>
            <gpxtpx:cad>79</gpxtpx:cad>
          </gpxtpx:TrackPointExtension>
        </extensions>
      </trkpt>
      <trkpt lat="46.1330412029" lon="7.1361267419">
        <ele>614.24</ele>
        <time>2026-05-17T07:48:30.000Z</time>
        <extensions>
          <power>210</power>
          <gpxtpx:TrackPointExtension>
            <gpxtpx:atemp>19.4</gpxtpx:atemp>
            <gpxtpx:hr>149</gpxtpx:hr>
            <gpxtpx:cad>79</gpxtpx:cad>
          </gpxtpx:TrackPointExtension>
        </extensions>
      </trkpt>
      <trkpt lat="46.1330574700" lon="7.1361564415">
        <ele>614.43</ele>
        <time>2026-05-17T07:48:31.000Z</time>
        <extensions>
          <power>210</power>
          <gpxtpx:TrackPointExtension>
            <gpxtpx:atemp>19.4</gpxtpx:atemp>
            <gpxtpx:hr>149</gpxtpx:hr>
            <gpxtpx:cad>79</gpxtpx:cad>
          </gpxtpx:TrackPointExtension>
        </extensions>
      </trkpt>
      <trkpt lat="46.1330797113" lon="7.1362000331">
        <ele>614.62</ele>
        <time>2026-05-17T07:48:32.000Z</time>
        <extensions>
          <power>210</power>
          <gpxtpx:TrackPointExtension>
            <gpxtpx:atemp>19.4</gpxtpx:atemp>
            <gpxtpx:hr>150</gpxtpx:hr>
            <gpxtpx:cad>79</gpxtpx:cad>
          </gpxtpx:TrackPointExtension>
        </extensions>
      </trkpt>
      <trkpt lat="46.1330939039" lon="7.1362299527">
        <ele>614.81</ele>
        <time>2026-05-17T07:48:33.000Z</time>
        <extensions>
          <power>210</power>
          <gpxtpx:TrackPointExtension>
            <gpxtpx:atemp>19.4</gpxtpx:atemp>
            <gpxtpx:hr>150</gpxtpx:hr>
            <gpxtpx:cad>80</gpxtpx:cad>
          </gpxtpx:TrackPointExtension>
        </extensions>
      </trkpt>
      <trkpt lat="46.1331102504" lon="7.1362672794">
        <ele>615.01</ele>
        <time>2026-05-17T07:48:34.000Z</time>
        <extensions>
          <power>210</power>
          <gpxtpx:TrackPointExtension>
            <gpxtpx:atemp>19.4</gpxtpx:atemp>
            <gpxtpx:hr>150</gpxtpx:hr>
            <gpxtpx:cad>80</gpxtpx:cad>
          </gpxtpx:TrackPointExtension>
        </extensions>
      </trkpt>
      <trkpt lat="46.1331324109" lon="7.1363027339">
        <ele>615.20</ele>
        <time>2026-05-17T07:48:35.000Z</time>
        <extensions>
          <power>210</power>
          <gpxtpx:TrackPointExtension>
            <gpxtpx:atemp>19.4</gpxtpx:atemp>
            <gpxtpx:hr>150</gpxtpx:hr>
            <gpxtpx:cad>80</gpxtpx:cad>
          </gpxtpx:TrackPointExtension>
        </extensions>
      </trkpt>
      <trkpt lat="46.1331530107" lon="7.1363465025">
        <ele>615.39</ele>
        <time>2026-05-17T07:48:36.000Z</time>
        <extensions>
          <power>210</power>
          <gpxtpx:TrackPointExtension>
            <gpxtpx:atemp>19.4</gpxtpx:atemp>
            <gpxtpx:hr>150</gpxtpx:hr>
            <gpxtpx:cad>80</gpxtpx:cad>
          </gpxtpx:TrackPointExtension>
        </extensions>
      </trkpt>
      <trkpt lat="46.1331750592" lon="7.1363880697">
        <ele>615.59</ele>
        <time>2026-05-17T07:48:37.000Z</time>
        <extensions>
          <power>210</power>
          <gpxtpx:TrackPointExtension>
            <gpxtpx:atemp>19.4</gpxtpx:atemp>
            <gpxtpx:hr>151</gpxtpx:hr>
            <gpxtpx:cad>81</gpxtpx:cad>
          </gpxtpx:TrackPointExtension>
        </extensions>
      </trkpt>
      <trkpt lat="46.1331983307" lon="7.1364214106">
        <ele>615.78</ele>
        <time>2026-05-17T07:48:38.000Z</time>
        <extensions>
          <power>210</power>
          <gpxtpx:TrackPointExtension>
            <gpxtpx:atemp>19.4</gpxtpx:atemp>
            <gpxtpx:hr>151</gpxtpx:hr>
            <gpxtpx:cad>81</gpxtpx:cad>
          </gpxtpx:TrackPointExtension>
        </extensions>
      </trkpt>
      <trkpt lat="46.1332190755" lon="7.1364606015">
        <ele>615.98</ele>
        <time>2026-05-17T07:48:39.000Z</time>
        <extensions>
          <power>210</power>
          <gpxtpx:TrackPointExtension>
            <gpxtpx:atemp>19.4</gpxtpx:atemp>
            <gpxtpx:hr>151</gpxtpx:hr>
            <gpxtpx:cad>81</gpxtpx:cad>
          </gpxtpx:TrackPointExtension>
        </extensions>
      </trkpt>
      <trkpt lat="46.1332399423" lon="7.1365004832">
        <ele>616.18</ele>
        <time>2026-05-17T07:48:40.000Z</time>
        <extensions>
          <power>210</power>
          <gpxtpx:TrackPointExtension>
            <gpxtpx:atemp>19.4</gpxtpx:atemp>
            <gpxtpx:hr>151</gpxtpx:hr>
            <gpxtpx:cad>81</gpxtpx:cad>
          </gpxtpx:TrackPointExtension>
        </extensions>
      </trkpt>
      <trkpt lat="46.1332621747" lon="7.1365352475">
        <ele>616.38</ele>
        <time>2026-05-17T07:48:41.000Z</time>
        <extensions>
          <power>210</power>
          <gpxtpx:TrackPointExtension>
            <gpxtpx:atemp>19.4</gpxtpx:atemp>
            <gpxtpx:hr>152</gpxtpx:hr>
            <gpxtpx:cad>81</gpxtpx:cad>
          </gpxtpx:TrackPointExtension>
        </extensions>
      </trkpt>
      <trkpt lat="46.1332801185" lon="7.1365663422">
        <ele>616.58</ele>
        <time>2026-05-17T07:48:42.000Z</time>
        <extensions>
          <power>210</power>
          <gpxtpx:TrackPointExtension>
            <gpxtpx:atemp>19.4</gpxtpx:atemp>
            <gpxtpx:hr>152</gpxtpx:hr>
            <gpxtpx:cad>82</gpxtpx:cad>
          </gpxtpx:TrackPointExtension>
        </extensions>
      </trkpt>
      <trkpt lat="46.1333013562" lon="7.1366010885">
        <ele>616.78</ele>
        <time>2026-05-17T07:48:43.000Z</time>
        <extensions>
          <power>210</power>
          <gpxtpx:TrackPointExtension>
            <gpxtpx:atemp>19.4</gpxtpx:atemp>
            <gpxtpx:hr>152</gpxtpx:hr>
            <gpxtpx:cad>82</gpxtpx:cad>
          </gpxtpx:TrackPointExtension>
        </extensions>
      </trkpt>
      <trkpt lat="46.1333219594" lon="7.1366324710">
        <ele>616.98</ele>
        <time>2026-05-17T07:48:44.000Z</time>
        <extensions>
          <power>210</power>
          <gpxtpx:TrackPointExtension>
            <gpxtpx:atemp>19.4</gpxtpx:atemp>
            <gpxtpx:hr>152</gpxtpx:hr>
            <gpxtpx:cad>82</gpxtpx:cad>
          </gpxtpx:TrackPointExtension>
        </extensions>
      </trkpt>
      <trkpt lat="46.1333366269" lon="7.1366718879">
        <ele>617.18</ele>
        <time>2026-05-17T07:48:45.000Z</time>
        <extensions>
          <power>210</power>
          <gpxtpx:TrackPointExtension>
            <gpxtpx:atemp>19.4</gpxtpx:atemp>
            <gpxtpx:hr>152</gpxtpx:hr>
            <gpxtpx:cad>82</gpxtpx:cad>
          </gpxtpx:TrackPointExtension>
        </extensions>
      </trkpt>
      <trkpt lat="46.1333565785" lon="7.1367031726">
        <ele>617.38</ele>
        <time>2026-05-17T07:48:46.000Z</time>
        <extensions>
          <power>210</power>
          <gpxtpx:TrackPointExtension>
            <gpxtpx:atemp>19.4</gpxtpx:atemp>
            <gpxtpx:hr>153</gpxtpx:hr>
            <gpxtpx:cad>82</gpxtpx:cad>
          </gpxtpx:TrackPointExtension>
        </extensions>
      </trkpt>
      <trkpt lat="46.1333722077" lon="7.1367365693">
        <ele>617.59</ele>
        <time>2026-05-17T07:48:47.000Z</time>
        <extensions>
          <power>210</power>
          <gpxtpx:TrackPointExtension>
            <gpxtpx:atemp>19.4</gpxtpx:atemp>
            <gpxtpx:hr>153</gpxtpx:hr>
            <gpxtpx:cad>83</gpxtpx:cad>
          </gpxtpx:TrackPointExtension>
        </extensions>
      </trkpt>
      <trkpt lat="46.1333950716" lon="7.1367720091">
        <ele>617.79</ele>
        <time>2026-05-17T07:48:48.000Z</time>
        <extensions>
          <power>210</power>
          <gpxtpx:TrackPointExtension>
            <gpxtpx:atemp>19.4</gpxtpx:atemp>
            <gpxtpx:hr>153</gpxtpx:hr>
            <gpxtpx:cad>83</gpxtpx:cad>
          </gpxtpx:TrackPointExtension>
        </extensions>
      </trkpt>
      <trkpt lat="46.1334155513" lon="7.1368114595">
        <ele>618.00</ele>
        <time>2026-05-17T07:48:49.000Z</time>
        <extensions>
          <power>210</power>
          <gpxtpx:TrackPointExtension>
            <gpxtpx:atemp>19.4</gpxtpx:atemp>
            <gpxtpx:hr>153</gpxtpx:hr>
            <gpxtpx:cad>83</gpxtpx:cad>
          </gpxtpx:TrackPointExtension>
        </extensions>
      </trkpt>
      <trkpt lat="46.1334315588" lon="7.1368419956">
        <ele>618.21</ele>
        <time>2026-05-17T07:48:50.000Z</time>
        <extensions>
          <power>210</power>
          <gpxtpx:TrackPointExtension>
            <gpxtpx:atemp>19.4</gpxtpx:atemp>
            <gpxtpx:hr>154</gpxtpx:hr>
            <gpxtpx:cad>83</gpxtpx:cad>
          </gpxtpx:TrackPointExtension>
        </extensions>
      </trkpt>
      <trkpt lat="46.1334537231" lon="7.1368738953">
        <ele>618.41</ele>
        <time>2026-05-17T07:48:51.000Z</time>
        <extensions>
          <power>210</power>
          <gpxtpx:TrackPointExtension>
            <gpxtpx:atemp>19.4</gpxtpx:atemp>
            <gpxtpx:hr>154</gpxtpx:hr>
            <gpxtpx:cad>83</gpxtpx:cad>
          </gpxtpx:TrackPointExtension>
        </extensions>
      </trkpt>
      <trkpt lat="46.1334779482" lon="7.1369103426">
        <ele>618.62</ele>
        <time>2026-05-17T07:48:52.000Z</time>
        <extensions>
          <power>210</power>
          <gpxtpx:TrackPointExtension>
            <gpxtpx:atemp>19.4</gpxtpx:atemp>
            <gpxtpx:hr>154</gpxtpx:hr>
            <gpxtpx:cad>84</gpxtpx:cad>
          </gpxtpx:TrackPointExtension>
        </extensions>
      </trkpt>
      <trkpt lat="46.1334921495" lon="7.1369435538">
        <ele>618.83</ele>
        <time>2026-05-17T07:48:53.000Z</time>
        <extensions>
          <power>210</power>
          <gpxtpx:TrackPointExtension>
            <gpxtpx:atemp>19.4</gpxtpx:atemp>
            <gpxtpx:hr>154</gpxtpx:hr>
            <gpxtpx:cad>84</gpxtpx:cad>
          </gpxtpx:TrackPointExtension>
        </extensions>
      </trkpt>
      <trkpt lat="46.1335133638" lon="7.1369792435">
        <ele>619.04</ele>
        <time>2026-05-17T07:48:54.000Z</time>
        <extensions>
          <power>210</power>
          <gpxtpx:TrackPointExtension>
            <gpxtpx:atemp>19.4</gpxtpx:atemp>
            <gpxtpx:hr>154</gpxtpx:hr>
            <gpxtpx:cad>84</gpxtpx:cad>
          </gpxtpx:TrackPointExtension>
        </extensions>
      </trkpt>
      <trkpt lat="46.1335368119" lon="7.1370134635">
        <ele>619.26</ele>
        <time>2026-05-17T07:48:55.000Z</time>
        <extensions>
          <power>210</power>
          <gpxtpx:TrackPointExtension>
            <gpxtpx:atemp>19.4</gpxtpx:atemp>
            <gpxtpx:hr>155</gpxtpx:hr>
            <gpxtpx:cad>84</gpxtpx:cad>
          </gpxtpx:TrackPointExtension>
        </extensions>
      </trkpt>
      <trkpt lat="46.1335601391" lon="7.1370473341">
        <ele>619.47</ele>
        <time>2026-05-17T07:48:56.000Z</time>
        <extensions>
          <power>210</power>
          <gpxtpx:TrackPointExtension>
            <gpxtpx:atemp>19.4</gpxtpx:atemp>
            <gpxtpx:hr>155</gpxtpx:hr>
            <gpxtpx:cad>84</gpxtpx:cad>
          </gpxtpx:TrackPointExtension>
        </extensions>
      </trkpt>
      <trkpt lat="46.1335824600" lon="7.1370894882">
        <ele>619.68</ele>
        <time>2026-05-17T07:48:57.000Z</time>
        <extensions>
          <power>210</power>
          <gpxtpx:TrackPointExtension>
            <gpxtpx:atemp>19.4</gpxtpx:atemp>
            <gpxtpx:hr>155</gpxtpx:hr>
            <gpxtpx:cad>85</gpxtpx:cad>
          </gpxtpx:TrackPointExtension>
        </extensions>
      </trkpt>
      <trkpt lat="46.1336004560" lon="7.1371217478">
        <ele>619.90</ele>
        <time>2026-05-17T07:48:58.000Z</time>
        <extensions>
          <power>210</power>
          <gpxtpx:TrackPointExtension>
            <gpxtpx:atemp>19.4</gpxtpx:atemp>
            <gpxtpx:hr>155</gpxtpx:hr>
            <gpxtpx:cad>85</gpxtpx:cad>
          </gpxtpx:TrackPointExtension>
        </extensions>
      </trkpt>
      <trkpt lat="46.1336253253" lon="7.1371616547">
        <ele>620.11</ele>
        <time>2026-05-17T07:48:59.000Z</time>
        <extensions>
          <power>210</power>
          <gpxtpx:TrackPointExtension>
            <gpxtpx:atemp>19.4</gpxtpx:atemp>
            <gpxtpx:hr>156</gpxtpx:hr>
            <gpxtpx:cad>85</gpxtpx:cad>
          </gpxtpx:TrackPointExtension>
        </extensions>
      </trkpt>
      <trkpt lat="46.1336457768" lon="7.1371922594">
        <ele>620.33</ele>
        <time>2026-05-17T07:49:00.000Z</time>
        <extensions>
          <power>210</power>
          <gpxtpx:TrackPointExtension>
            <gpxtpx:atemp>19.4</gpxtpx:atemp>
            <gpxtpx:hr>156</gpxtpx:hr>
            <gpxtpx:cad>85</gpxtpx:cad>
          </gpxtpx:TrackPointExtension>
        </extensions>
      </trkpt>
      <trkpt lat="46.1336645965" lon="7.1372303821">
        <ele>620.55</ele>
        <time>2026-05-17T07:49:01.000Z</time>
        <extensions>
          <power>210</power>
          <gpxtpx:TrackPointExtension>
            <gpxtpx:atemp>19.4</gpxtpx:atemp>
            <gpxtpx:hr>156</gpxtpx:hr>
            <gpxtpx:cad>85</gpxtpx:cad>
          </gpxtpx:TrackPointExtension>
        </extensions>
      </trkpt>
      <trkpt lat="46.1336825705" lon="7.1372650770">
        <ele>620.77</ele>
        <time>2026-05-17T07:49:02.000Z</time>
        <extensions>
          <power>210</power>
          <gpxtpx:TrackPointExtension>
            <gpxtpx:atemp>19.4</gpxtpx:atemp>
            <gpxtpx:hr>156</gpxtpx:hr>
            <gpxtpx:cad>85</gpxtpx:cad>
          </gpxtpx:TrackPointExtension>
        </extensions>
      </trkpt>
      <trkpt lat="46.1337019826" lon="7.1373064010">
        <ele>620.99</ele>
        <time>2026-05-17T07:49:03.000Z</time>
        <extensions>
          <power>210</power>
          <gpxtpx:TrackPointExtension>
            <gpxtpx:atemp>19.4</gpxtpx:atemp>
            <gpxtpx:hr>156</gpxtpx:hr>
            <gpxtpx:cad>85</gpxtpx:cad>
          </gpxtpx:TrackPointExtension>
        </extensions>
      </trkpt>
      <trkpt lat="46.1337193220" lon="7.1373421964">
        <ele>621.21</ele>
        <time>2026-05-17T07:49:04.000Z</time>
        <extensions>
          <power>210</power>
          <gpxtpx:TrackPointExtension>
            <gpxtpx:atemp>19.4</gpxtpx:atemp>
            <gpxtpx:hr>157</gpxtpx:hr>
            <gpxtpx:cad>86</gpxtpx:cad>
          </gpxtpx:TrackPointExtension>
        </extensions>
      </trkpt>
      <trkpt lat="46.1337411307" lon="7.1373779773">
        <ele>621.43</ele>
        <time>2026-05-17T07:49:05.000Z</time>
        <extensions>
          <power>210</power>
          <gpxtpx:TrackPointExtension>
            <gpxtpx:atemp>19.4</gpxtpx:atemp>
            <gpxtpx:hr>157</gpxtpx:hr>
            <gpxtpx:cad>86</gpxtpx:cad>
          </gpxtpx:TrackPointExtension>
        </extensions>
      </trkpt>
      <trkpt lat="46.1337603428" lon="7.1374173748">
        <ele>621.65</ele>
        <time>2026-05-17T07:49:06.000Z</time>
        <extensions>
          <power>210</power>
          <gpxtpx:TrackPointExtension>
            <gpxtpx:atemp>19.4</gpxtpx:atemp>
            <gpxtpx:hr>157</gpxtpx:hr>
            <gpxtpx:cad>86</gpxtpx:cad>
          </gpxtpx:TrackPointExtension>
        </extensions>
      </trkpt>
      <trkpt lat="46.1337822955" lon="7.1374537241">
        <ele>621.88</ele>
        <time>2026-05-17T07:49:07.000Z</time>
        <extensions>
          <power>210</power>
          <gpxtpx:TrackPointExtension>
            <gpxtpx:atemp>19.4</gpxtpx:atemp>
            <gpxtpx:hr>157</gpxtpx:hr>
            <gpxtpx:cad>86</gpxtpx:cad>
          </gpxtpx:TrackPointExtension>
        </extensions>
      </trkpt>
      <trkpt lat="46.1338061752" lon="7.1374863317">
        <ele>622.10</ele>
        <time>2026-05-17T07:49:08.000Z</time>
        <extensions>
          <power>210</power>
          <gpxtpx:TrackPointExtension>
            <gpxtpx:atemp>19.4</gpxtpx:atemp>
            <gpxtpx:hr>158</gpxtpx:hr>
            <gpxtpx:cad>86</gpxtpx:cad>
          </gpxtpx:TrackPointExtension>
        </extensions>
      </trkpt>
      <trkpt lat="46.1338282225" lon="7.1375219840">
        <ele>622.33</ele>
        <time>2026-05-17T07:49:09.000Z</time>
        <extensions>
          <power>210</power>
          <gpxtpx:TrackPointExtension>
            <gpxtpx:atemp>19.4</gpxtpx:atemp>
            <gpxtpx:hr>158</gpxtpx:hr>
            <gpxtpx:cad>86</gpxtpx:cad>
          </gpxtpx:TrackPointExtension>
        </extensions>
      </trkpt>
      <trkpt lat="46.1338544217" lon="7.1375554525">
        <ele>622.56</ele>
        <time>2026-05-17T07:49:10.000Z</time>
        <extensions>
          <power>210</power>
          <gpxtpx:TrackPointExtension>
            <gpxtpx:atemp>19.4</gpxtpx:atemp>
            <gpxtpx:hr>158</gpxtpx:hr>
            <gpxtpx:cad>86</gpxtpx:cad>
          </gpxtpx:TrackPointExtension>
        </extensions>
      </trkpt>
      <trkpt lat="46.1338716512" lon="7.1375925793">
        <ele>622.78</ele>
        <time>2026-05-17T07:49:11.000Z</time>
        <extensions>
          <power>210</power>
          <gpxtpx:TrackPointExtension>
            <gpxtpx:atemp>19.4</gpxtpx:atemp>
            <gpxtpx:hr>158</gpxtpx:hr>
            <gpxtpx:cad>87</gpxtpx:cad>
          </gpxtpx:TrackPointExtension>
        </extensions>
      </trkpt>
      <trkpt lat="46.1338941851" lon="7.1376284101">
        <ele>623.01</ele>
        <time>2026-05-17T07:49:12.000Z</time>
        <extensions>
          <power>210</power>
          <gpxtpx:TrackPointExtension>
            <gpxtpx:atemp>19.4</gpxtpx:atemp>
            <gpxtpx:hr>158</gpxtpx:hr>
            <gpxtpx:cad>87</gpxtpx:cad>
          </gpxtpx:TrackPointExtension>
        </extensions>
      </trkpt>
      <trkpt lat="46.1339142732" lon="7.1376649723">
        <ele>623.24</ele>
        <time>2026-05-17T07:49:13.000Z</time>
        <extensions>
          <power>210</power>
          <gpxtpx:TrackPointExtension>
            <gpxtpx:atemp>19.4</gpxtpx:atemp>
            <gpxtpx:hr>159</gpxtpx:hr>
            <gpxtpx:cad>87</gpxtpx:cad>
          </gpxtpx:TrackPointExtension>
        </extensions>
      </trkpt>
      <trkpt lat="46.1339334280" lon="7.1376939949">
        <ele>623.48</ele>
        <time>2026-05-17T07:49:14.000Z</time>
        <extensions>
          <power>210</power>
          <gpxtpx:TrackPointExtension>
            <gpxtpx:atemp>19.4</gpxtpx:atemp>
            <gpxtpx:hr>159</gpxtpx:hr>
            <gpxtpx:cad>87</gpxtpx:cad>
          </gpxtpx:TrackPointExtension>
        </extensions>
      </trkpt>
    </trkseg>
    <trkseg>
      <trkpt lat="46.1339511179" lon="7.1377252361">
        <ele>623.71</ele>
        <time>2026-05-17T07:49:15.000Z</time>
        <extensions>
          <power>210</power>
          <gpxtpx:TrackPointExtension>
            <gpxtpx:atemp>19.4</gpxtpx:atemp>
            <gpxtpx:hr>159</gpxtpx:hr>
            <gpxtpx:cad>87</gpxtpx:cad>
          </gpxtpx:TrackPointExtension>
        </extensions>
      </trkpt>
      <trkpt lat="46.1339754271" lon="7.1377637903">
        <ele>623.94</ele>
        <time>2026-05-17T07:49:16.000Z</time>
        <extensions>
          <power>210</power>
          <gpxtpx:TrackPointExtension>
            <gpxtpx:atemp>19.4</gpxtpx:atemp>
            <gpxtpx:hr>159</gpxtpx:hr>
            <gpxtpx:cad>87</gpxtpx:cad>
          </gpxtpx:TrackPointExtension>
        </extensions>
      </trkpt>
      <trkpt lat="46.1339973963" lon="7.1378049625">
        <ele>624.18</ele>
        <time>2026-05-17T07:49:17.000Z</time>
        <extensions>
          <power>210</power>
          <gpxtpx:TrackPointExtension>
            <gpxtpx:atemp>19.4</gpxtpx:atemp>
            <gpxtpx:hr>159</gpxtpx:hr>
            <gpxtpx:cad>87</gpxtpx:cad>
          </gpxtpx:TrackPointExtension>
        </extensions>
      </trkpt>
      <trkpt lat="46.1340157736" lon="7.1378391108">
        <ele>624.41</ele>
        <time>2026-05-17T07:49:18.000Z</time>
        <extensions>
          <power>210</power>
          <gpxtpx:TrackPointExtension>
            <gpxtpx:atemp>19.4</gpxtpx:atemp>
            <gpxtpx:hr>160</gpxtpx:hr>
            <gpxtpx:cad>87</gpxtpx:cad>
          </gpxtpx:TrackPointExtension>
        </extensions>
      </trkpt>
      <trkpt lat="46.1340357020" lon="7.1378749852">
        <ele>624.65</ele>
        <time>2026-05-17T07:49:19.000Z</time>
        <extensions>
          <power>210</power>
          <gpxtpx:TrackPointExtension>
            <gpxtpx:atemp>19.4</gpxtpx:atemp>
            <gpxtpx:hr>160</gpxtpx:hr>
            <gpxtpx:cad>87</gpxtpx:cad>
          </gpxtpx:TrackPointExtension>
        </extensions>
      </trkpt>
      <trkpt lat="46.1340529375" lon="7.1379147193">
        <ele>624.89</ele>
        <time>2026-05-17T07:49:20.000Z</time>
        <extensions>
          <power>210</power>
          <gpxtpx:TrackPointExtension>
            <gpxtpx:atemp>19.4</gpxtpx:atemp>
            <gpxtpx:hr>160</gpxtpx:hr>
            <gpxtpx:cad>87</gpxtpx:cad>
          </gpxtpx:TrackPointExtension>
        </extensions>
      </trkpt>
      <trkpt lat="46.1340809663" lon="7.1379429774">
        <ele>625.13</ele>
        <time>2026-05-17T07:49:21.000Z</time>
        <extensions>
          <power>210</power>
          <gpxtpx:TrackPointExtension>
            <gpxtpx:atemp>19.5</gpxtpx:atemp>
            <gpxtpx:hr>160</gpxtpx:hr>
            <gpxtpx:cad>88</gpxtpx:cad>
          </gpxtpx:TrackPointExtension>
        </extensions>
      </trkpt>
      <trkpt lat="46.1341070371" lon="7.1379752641">
        <ele>625.37</ele>
        <time>2026-05-17T07:49:22.000Z</time>
        <extensions>
          <power>210</power>
          <gpxtpx:TrackPointExtension>
            <gpxtpx:atemp>19.5</gpxtpx:atemp>
            <gpxtpx:hr>161</gpxtpx:hr>
            <gpxtpx:cad>88</gpxtpx:cad>
          </gpxtpx:TrackPointExtension>
        </extensions>
      </trkpt>
      <trkpt lat="46.1341314526" lon="7.1380156011">
        <ele>625.61</ele>
        <time>2026-05-17T07:49:23.000Z</time>
        <extensions>
          <power>210</power>
          <gpxtpx:TrackPointExtension>
            <gpxtpx:atemp>19.5</gpxtpx:atemp>
            <gpxtpx:hr>161</gpxtpx:hr>
            <gpxtpx:cad>88</gpxtpx:cad>
          </gpxtpx:TrackPointExtension>
        </extensions>
      </trkpt>
      <trkpt lat="46.1341551575" lon="7.1380442549">
        <ele>625.85</ele>
        <time>2026-05-17T07:49:24.000Z</time>
        <extensions>
          <power>210</power>
          <gpxtpx:TrackPointExtension>
            <gpxtpx:atemp>19.5</gpxtpx:atemp>
            <gpxtpx:hr>161</gpxtpx:hr>
            <gpxtpx:cad>88</gpxtpx:cad>
          </gpxtpx:TrackPointExtension>
        </extensions>
      </trkpt>
      <trkpt lat="46.1341806889" lon="7.1380724362">
        <ele>626.09</ele>
        <time>2026-05-17T07:49:25.000Z</time>
        <extensions>
          <power>210</power>
          <gpxtpx:TrackPointExtension>
            <gpxtpx:atemp>19.5</gpxtpx:atemp>
            <gpxtpx:hr>161</gpxtpx:hr>
            <gpxtpx:cad>88</gpxtpx:cad>
          </gpxtpx:TrackPointExtension>
        </extensions>
      </trkpt>
      <trkpt lat="46.1341997632" lon="7.1381032755">
        <ele>626.34</ele>
        <time>2026-05-17T07:49:26.000Z</time>
        <extensions>
          <power>210</power>
          <gpxtpx:TrackPointExtension>
            <gpxtpx:atemp>19.5</gpxtpx:atemp>
            <gpxtpx:hr>161</gpxtpx:hr>
            <gpxtpx:cad>88</gpxtpx:cad>
          </gpxtpx:TrackPointExtension>
        </extensions>
      </trkpt>
      <trkpt lat="46.1342243151" lon="7.1381365931">
        <ele>626.58</ele>
        <time>2026-05-17T07:49:27.000Z</time>
        <extensions>
          <power>210</power>
          <gpxtpx:TrackPointExtension>
            <gpxtpx:atemp>19.5</gpxtpx:atemp>
            <gpxtpx:hr>162</gpxtpx:hr>
            <gpxtpx:cad>88</gpxtpx:cad>
          </gpxtpx:TrackPointExtension>
        </extensions>
      </trkpt>
      <trkpt lat="46.1342450416" lon="7.1381698449">
        <ele>626.83</ele>
        <time>2026-05-17T07:49:28.000Z</time>
        <extensions>
          <power>210</power>
          <gpxtpx:TrackPointExtension>
            <gpxtpx:atemp>19.5</gpxtpx:atemp>
            <gpxtpx:hr>162</gpxtpx:hr>
            <gpxtpx:cad>88</gpxtpx:cad>
          </gpxtpx:TrackPointExtension>
        </extensions>
      </trkpt>
      <trkpt lat="46.1342678854" lon="7.1381945661">
        <ele>627.08</ele>
        <time>2026-05-17T07:49:29.000Z</time>
        <extensions>
          <power>210</power>
          <gpxtpx:TrackPointExtension>
            <gpxtpx:atemp>19.5</gpxtpx:atemp>
            <gpxtpx:hr>162</gpxtpx:hr>
            <gpxtpx:cad>88</gpxtpx:cad>
          </gpxtpx:TrackPointExtension>
        </extensions>
      </trkpt>
      <trkpt lat="46.1342898171" lon="7.1382326831">
        <ele>627.33</ele>
        <time>2026-05-17T07:49:30.000Z</time>
        <extensions>
          <power>210</power>
          <gpxtpx:TrackPointExtension>
            <gpxtpx:atemp>19.5</gpxtpx:atemp>
            <gpxtpx:hr>162</gpxtpx:hr>
            <gpxtpx:cad>88</gpxtpx:cad>
          </gpxtpx:TrackPointExtension>
        </extensions>
      </trkpt>
      <trkpt lat="46.1343107701" lon="7.1382574349">
        <ele>627.58</ele>
        <time>2026-05-17T07:49:31.000Z</time>
        <extensions>
          <power>210</power>
          <gpxtpx:TrackPointExtension>
            <gpxtpx:atemp>19.5</gpxtpx:atemp>
            <gpxtpx:hr>162</gpxtpx:hr>
            <gpxtpx:cad>88</gpxtpx:cad>
          </gpxtpx:TrackPointExtension>
        </extensions>
      </trkpt>
      <trkpt lat="46.1343320773" lon="7.1382822841">
        <ele>627.83</ele>
        <time>2026-05-17T07:49:32.000Z</time>
        <extensions>
          <power>210</power>
          <gpxtpx:TrackPointExtension>
            <gpxtpx:atemp>19.5</gpxtpx:atemp>
            <gpxtpx:hr>162</gpxtpx:hr>
            <gpxtpx:cad>88</gpxtpx:cad>
          </gpxtpx:TrackPointExtension>
        </extensions>
      </trkpt>
      <trkpt lat="46.1343540958" lon="7.1383176188">
        <ele>628.08</ele>
        <time>2026-05-17T07:49:33.000Z</time>
        <extensions>
          <power>210</power>
          <gpxtpx:TrackPointExtension>
            <gpxtpx:atemp>19.5</gpxtpx:atemp>
            <gpxtpx:hr>163</gpxtpx:hr>
            <gpxtpx:cad>88</gpxtpx:cad>
          </gpxtpx:TrackPointExtension>
        </extensions>
      </trkpt>
      <trkpt lat="46.1343737454" lon="7.1383568677">
        <ele>628.33</ele>
        <time>2026-05-17T07:49:34.000Z</time>
        <extensions>
          <power>210</power>
          <gpxtpx:TrackPointExtension>
            <gpxtpx:atemp>19.5</gpxtpx:atemp>
            <gpxtpx:hr>163</gpxtpx:hr>
            <gpxtpx:cad>88</gpxtpx:cad>
          </gpxtpx:TrackPointExtension>
        </extensions>
      </trkpt>
      <trkpt lat="46.1344011453" lon="7.1383904394">
        <ele>628.59</ele>
        <time>2026-05-17T07:49:35.000Z</time>
        <extensions>
          <power>210</power>
          <gpxtpx:TrackPointExtension>
            <gpxtpx:atemp>19.5</gpxtpx:atemp>
            <gpxtpx:hr>163</gpxtpx:hr>
            <gpxtpx:cad>88</gpxtpx:cad>
          </gpxtpx:TrackPointExtension>
        </extensions>
      </trkpt>
      <trkpt lat="46.1344281975" lon="7.1384212919">
        <ele>628.84</ele>
        <time>2026-05-17T07:49:36.000Z</time>
        <extensions>
          <power>210</power>
          <gpxtpx:TrackPointExtension>
            <gpxtpx:atemp>19.5</gpxtpx:atemp>
            <gpxtpx:hr>163</gpxtpx:hr>
            <gpxtpx:cad>88</gpxtpx:cad>
          </gpxtpx:TrackPointExtension>
        </extensions>
      </trkpt>
      <trkpt lat="46.1344524444" lon="7.1384530919">
        <ele>629.10</ele>
        <time>2026-05-17T07:49:37.000Z</time>
        <extensions>
          <power>210</power>
          <gpxtpx:TrackPointExtension>
            <gpxtpx:atemp>19.5</gpxtpx:atemp>
            <gpxtpx:hr>163</gpxtpx:hr>
            <gpxtpx:cad>88</gpxtpx:cad>
          </gpxtpx:TrackPointExtension>
        </extensions>
      </trkpt>
      <trkpt lat="46.1344730506" lon="7.1384903848">
        <ele>629.36</ele>
        <time>2026-05-17T07:49:38.000Z</time>
        <extensions>
          <power>210</power>
          <gpxtpx:TrackPointExtension>
            <gpxtpx:atemp>19.5</gpxtpx:atemp>
            <gpxtpx:hr>164</gpxtpx:hr>
            <gpxtpx:cad>88</gpxtpx:cad>
          </gpxtpx:TrackPointExtension>
        </extensions>
      </trkpt>
      <trkpt lat="46.1344981426" lon="7.1385192504">
        <ele>629.61</ele>
        <time>2026-05-17T07:49:39.000Z</time>
        <extensions>
          <power>210</power>
          <gpxtpx:TrackPointExtension>
            <gpxtpx:atemp>19.5</gpxtpx:atemp>
            <gpxtpx:hr>164</gpxtpx:hr>
            <gpxtpx:cad>88</gpxtpx:cad>
          </gpxtpx:TrackPointExtension>
        </extensions>
      </trkpt>
      <trkpt lat="46.1345178758" lon="7.1385488095">
        <ele>629.87</ele>
        <time>2026-05-17T07:49:40.000Z</time>
        <extensions>
          <power>210</power>
          <gpxtpx:TrackPointExtension>
            <gpxtpx:atemp>19.5</gpxtpx:atemp>
            <gpxtpx:hr>164</gpxtpx:hr>
            <gpxtpx:cad>88</gpxtpx:cad>
          </gpxtpx:TrackPointExtension>
        </extensions>
      </trkpt>
      <trkpt lat="46.1345461255" lon="7.1385826604">
        <ele>630.13</ele>
        <time>2026-05-17T07:49:41.000Z</time>
        <extensions>
          <power>210</power>
          <gpxtpx:TrackPointExtension>
            <gpxtpx:atemp>19.5</gpxtpx:atemp>
            <gpxtpx:hr>164</gpxtpx:hr>
            <gpxtpx:cad>88</gpxtpx:cad>
          </gpxtpx:TrackPointExtension>
        </extensions>
      </trkpt>
      <trkpt lat="46.1345695380" lon="7.1386102282">
        <ele>630.39</ele>
        <time>2026-05-17T07:49:42.000Z</time>
        <extensions>
          <power>210</power>
          <gpxtpx:TrackPointExtension>
            <gpxtpx:atemp>19.5</gpxtpx:atemp>
            <gpxtpx:hr>164</gpxtpx:hr>
            <gpxtpx:cad>88</gpxtpx:cad>
          </gpxtpx:TrackPointExtension>
        </extensions>
      </trkpt>
      <trkpt lat="46.1345982616" lon="7.1386474727">
        <ele>630.66</ele>
        <time>2026-05-17T07:49:43.000Z</time>
        <extensions>
          <power>210</power>
          <gpxtpx:TrackPointExtension>
            <gpxtpx:atemp>19.5</gpxtpx:atemp>
            <gpxtpx:hr>164</gpxtpx:hr>
            <gpxtpx:cad>88</gpxtpx:cad>
          </gpxtpx:TrackPointExtension>
        </extensions>
      </trkpt>
      <trkpt lat="46.1346232526" lon="7.1386718466">
        <ele>630.92</ele>
        <time>2026-05-17T07:49:44.000Z</time>
        <extensions>
          <power>210</power>
          <gpxtpx:TrackPointExtension>
            <gpxtpx:atemp>19.5</gpxtpx:atemp>
            <gpxtpx:hr>165</gpxtpx:hr>
            <gpxtpx:cad>88</gpxtpx:cad>
          </gpxtpx:TrackPointExtension>
        </extensions>
      </trkpt>
      <trkpt lat="46.1346514732" lon="7.1387044794">
        <ele>631.18</ele>
        <time>2026-05-17T07:49:45.000Z</time>
        <extensions>
          <power>210</power>
          <gpxtpx:TrackPointExtension>
            <gpxtpx:atemp>19.5</gpxtpx:atemp>
            <gpxtpx:hr>165</gpxtpx:hr>
            <gpxtpx:cad>88</gpxtpx:cad>
          </gpxtpx:TrackPointExtension>
        </extensions>
      </trkpt>
      <trkpt lat="46.1346723592" lon="7.1387336440">
        <ele>631.45</ele>
        <time>2026-05-17T07:49:46.000Z</time>
        <extensions>
          <power>210</power>
          <gpxtpx:TrackPointExtension>
            <gpxtpx:atemp>19.5</gpxtpx:atemp>
            <gpxtpx:hr>165</gpxtpx:hr>
            <gpxtpx:cad>88</gpxtpx:cad>
          </gpxtpx:TrackPointExtension>
        </extensions>
      </trkpt>
      <trkpt lat="46.1346962626" lon="7.1387599138">
        <ele>631.71</ele>
        <time>2026-05-17T07:49:47.000Z</time>
        <extensions>
          <power>210</power>
          <gpxtpx:TrackPointExtension>
            <gpxtpx:atemp>19.5</gpxtpx:atemp>
            <gpxtpx:hr>165</gpxtpx:hr>
            <gpxtpx:cad>88</gpxtpx:cad>
          </gpxtpx:TrackPointExtension>
        </extensions>
      </trkpt>
      <trkpt lat="46.1347224328" lon="7.1387918362">
        <ele>631.98</ele>
        <time>2026-05-17T07:49:48.000Z</time>
        <extensions>
          <power>210</power>
          <gpxtpx:TrackPointExtension>
            <gpxtpx:atemp>19.5</gpxtpx:atemp>
            <gpxtpx:hr>165</gpxtpx:hr>
            <gpxtpx:cad>88</gpxtpx:cad>
          </gpxtpx:TrackPointExtension>
        </extensions>
      </trkpt>
      <trkpt lat="46.1347498353" lon="7.1388171314">
        <ele>632.25</ele>
        <time>2026-05-17T07:49:49.000Z</time>
        <extensions>
          <power>210</power>
          <gpxtpx:TrackPointExtension>
            <gpxtpx:atemp>19.5</gpxtpx:atemp>
            <gpxtpx:hr>165</gpxtpx:hr>
            <gpxtpx:cad>87</gpxtpx:cad>
          </gpxtpx:TrackPointExtension>
        </extensions>
      </trkpt>
      <trkpt lat="46.1347712827" lon="7.1388506301">
        <ele>632.52</ele>
        <time>2026-05-17T07:49:50.000Z</time>
        <extensions>
          <power>210</power>
          <gpxtpx:TrackPointExtension>
            <gpxtpx:atemp>19.5</gpxtpx:atemp>
            <gpxtpx:hr>166</gpxtpx:hr>
            <gpxtpx:cad>87</gpxtpx:cad>
          </gpxtpx:TrackPointExtension>
        </extensions>
      </trkpt>
      <trkpt lat="46.1347922984" lon="7.1388852130">
        <ele>632.79</ele>
        <time>2026-05-17T07:49:51.000Z</time>
        <extensions>
          <power>210</power>
          <gpxtpx:TrackPointExtension>
            <gpxtpx:atemp>19.5</gpxtpx:atemp>
            <gpxtpx:hr>166</gpxtpx:hr>
            <gpxtpx:cad>87</gpxtpx:cad>
          </gpxtpx:TrackPointExtension>
        </extensions>
      </trkpt>
      <trkpt lat="46.1348148809" lon="7.1389169345">
        <ele>633.06</ele>
        <time>2026-05-17T07:49:52.000Z</time>
        <extensions>
          <power>210</power>
          <gpxtpx:TrackPointExtension>
            <gpxtpx:atemp>19.5</gpxtpx:atemp>
            <gpxtpx:hr>166</gpxtpx:hr>
            <gpxtpx:cad>87</gpxtpx:cad>
          </gpxtpx:TrackPointExtension>
        </extensions>
      </trkpt>
      <trkpt lat="46.1348363771" lon="7.1389438644">
        <ele>633.33</ele>
        <time>2026-05-17T07:49:53.000Z</time>
        <extensions>
          <power>210</power>
          <gpxtpx:TrackPointExtension>
            <gpxtpx:atemp>19.5</gpxtpx:atemp>
            <gpxtpx:hr>166</gpxtpx:hr>
            <gpxtpx:cad>87</gpxtpx:cad>
          </gpxtpx:TrackPointExtension>
        </extensions>
      </trkpt>
      <trkpt lat="46.1348667714" lon="7.1389782848">
        <ele>633.60</ele>
        <time>2026-05-17T07:49:54.000Z</time>
        <extensions>
          <power>210</power>
          <gpxtpx:TrackPointExtension>
            <gpxtpx:atemp>19.5</gpxtpx:atemp>
            <gpxtpx:hr>166</gpxtpx:hr>
            <gpxtpx:cad>87</gpxtpx:cad>
          </gpxtpx:TrackPointExtension>
        </extensions>
      </trkpt>
      <trkpt lat="46.1348931137" lon="7.1390099443">
        <ele>633.87</ele>
        <time>2026-05-17T07:49:55.000Z</time>
        <extensions>
          <power>210</power>
          <gpxtpx:TrackPointExtension>
            <gpxtpx:atemp>19.5</gpxtpx:atemp>
            <gpxtpx:hr>166</gpxtpx:hr>
            <gpxtpx:cad>87</gpxtpx:cad>
          </gpxtpx:TrackPointExtension>
        </extensions>
      </trkpt>
      <trkpt lat="46.1349146775" lon="7.1390440521">
        <ele>634.15</ele>
        <time>2026-05-17T07:49:56.000Z</time>
        <extensions>
          <power>210</power>
          <gpxtpx:TrackPointExtension>
            <gpxtpx:atemp>19.5</gpxtpx:atemp>
            <gpxtpx:hr>166</gpxtpx:hr>
            <gpxtpx:cad>87</gpxtpx:cad>
          </gpxtpx:TrackPointExtension>
        </extensions>
      </trkpt>
      <trkpt lat="46.1349393528" lon="7.1390757078">
        <ele>634.42</ele>
        <time>2026-05-17T07:49:57.000Z</time>
        <extensions>
          <power>210</power>
          <gpxtpx:TrackPointExtension>
            <gpxtpx:atemp>19.5</gpxtpx:atemp>
            <gpxtpx:hr>167</gpxtpx:hr>
            <gpxtpx:cad>87</gpxtpx:cad>
          </gpxtpx:TrackPointExtension>
        </extensions>
      </trkpt>
      <trkpt lat="46.1349641350" lon="7.1391144831">
        <ele>634.70</ele>
        <time>2026-05-17T07:49:58.000Z</time>
        <extensions>
          <power>210</power>
          <gpxtpx:TrackPointExtension>
            <gpxtpx:atemp>19.5</gpxtpx:atemp>
            <gpxtpx:hr>167</gpxtpx:hr>
            <gpxtpx:cad>87</gpxtpx:cad>
          </gpxtpx:TrackPointExtension>
        </extensions>
      </trkpt>
      <trkpt lat="46.1349879647" lon="7.1391524742">
        <ele>634.98</ele>
        <time>2026-05-17T07:49:59.000Z</time>
        <extensions>
          <power>210</power>
          <gpxtpx:TrackPointExtension>
            <gpxtpx:atemp>19.5</gpxtpx:atemp>
            <gpxtpx:hr>167</gpxtpx:hr>
            <gpxtpx:cad>87</gpxtpx:cad>
          </gpxtpx:TrackPointExtension>
        </extensions>
      </trkpt>
      <trkpt lat="46.1350797095" lon="7.1392716941">
        <ele>634.30</ele>
        <time>2026-05-17T07:50:00.000Z</time>
        <extensions>
          <power>210</power>
          <gpxtpx:TrackPointExtension>
            <gpxtpx:atemp>19.5</gpxtpx:atemp>
            <gpxtpx:hr>125</gpxtpx:hr>
            <gpxtpx:cad>86</gpxtpx:cad>
          </gpxtpx:TrackPointExtension>
        </extensions>
      </trkpt>
      <trkpt lat="46.1351688702" lon="7.1393895382">
        <ele>633.62</ele>
        <time>2026-05-17T07:50:01.000Z</time>
        <extensions>
          <power>210</power>
          <gpxtpx:TrackPointExtension>
            <gpxtpx:atemp>19.5</gpxtpx:atemp>
            <gpxtpx:hr>126</gpxtpx:hr>
            <gpxtpx:cad>86</gpxtpx:cad>
          </gpxtpx:TrackPointExtension>
        </extensions>
      </trkpt>
      <trkpt lat="46.1352643326" lon="7.1395119254">
        <ele>632.94</ele>
        <time>2026-05-17T07:50:02.000Z</time>
        <extensions>
          <power>210</power>
          <gpxtpx:TrackPointExtension>
            <gpxtpx:atemp>19.5</gpxtpx:atemp>
            <gpxtpx:hr>126</gpxtpx:hr>
            <gpxtpx:cad>86</gpxtpx:cad>
          </gpxtpx:TrackPointExtension>
        </extensions>
      </trkpt>
      <trkpt lat="46.1353562173" lon="7.1396343208">
        <ele>632.26</ele>
        <time>2026-05-17T07:50:03.000Z</time>
        <extensions>
          <power>210</power>
          <gpxtpx:TrackPointExtension>
            <gpxtpx:atemp>19.5</gpxtpx:atemp>
            <gpxtpx:hr>126</gpxtpx:hr>
            <gpxtpx:cad>86</gpxtpx:cad>
          </gpxtpx:TrackPointExtension>
        </extensions>
      </trkpt>
      <trkpt lat="46.1354522824" lon="7.1397572312">
        <ele>631.58</ele>
        <time>2026-05-17T07:50:04.000Z</time>
        <extensions>
          <power>210</power>
          <gpxtpx:TrackPointExtension>
            <gpxtpx:atemp>19.5</gpxtpx:atemp>
            <gpxtpx:hr>126</gpxtpx:hr>
            <gpxtpx:cad>86</gpxtpx:cad>
          </gpxtpx:TrackPointExtension>
        </extensions>
      </trkpt>
      <trkpt lat="46.1355402185" lon="7.1398700650">
        <ele>630.90</ele>
        <time>2026-05-17T07:50:05.000Z</time>
        <extensions>
          <power>210</power>
          <gpxtpx:TrackPointExtension>
            <gpxtpx:atemp>19.5</gpxtpx:atemp>
            <gpxtpx:hr>126</gpxtpx:hr>
            <gpxtpx:cad>86</gpxtpx:cad>
          </gpxtpx:TrackPointExtension>
        </extensions>
      </trkpt>
      <trkpt lat="46.1356356017" lon="7.1399826351">
        <ele>630.22</ele>
        <time>2026-05-17T07:50:06.000Z</time>
        <extensions>
          <power>210</power>
          <gpxtpx:TrackPointExtension>
            <gpxtpx:atemp>19.5</gpxtpx:atemp>
            <gpxtpx:hr>126</gpxtpx:hr>
            <gpxtpx:cad>86</gpxtpx:cad>
          </gpxtpx:TrackPointExtension>
        </extensions>
      </trkpt>
      <trkpt lat="46.1357290629" lon="7.1400937079">
        <ele>629.54</ele>
        <time>2026-05-17T07:50:07.000Z</time>
        <extensions>
          <power>210</power>
          <gpxtpx:TrackPointExtension>
            <gpxtpx:atemp>19.5</gpxtpx:atemp>
            <gpxtpx:hr>126</gpxtpx:hr>
            <gpxtpx:cad>85</gpxtpx:cad>
          </gpxtpx:TrackPointExtension>
        </extensions>
      </trkpt>
      <trkpt lat="46.1358213098" lon="7.1402083172">
        <ele>628.86</ele>
        <time>2026-05-17T07:50:08.000Z</time>
        <extensions>
          <power>210</power>
          <gpxtpx:TrackPointExtension>
            <gpxtpx:atemp>19.5</gpxtpx:atemp>
            <gpxtpx:hr>126</gpxtpx:hr>
            <gpxtpx:cad>85</gpxtpx:cad>
          </gpxtpx:TrackPointExtension>
        </extensions>
      </trkpt>
      <trkpt lat="46.1359155572" lon="7.1403255016">
        <ele>628.18</ele>
        <time>2026-05-17T07:50:09.000Z</time>
        <extensions>
          <power>210</power>
          <gpxtpx:TrackPointExtension>
            <gpxtpx:atemp>19.5</gpxtpx:atemp>
            <gpxtpx:hr>126</gpxtpx:hr>
            <gpxtpx:cad>85</gpxtpx:cad>
          </gpxtpx:TrackPointExtension>
        </extensions>
      </trkpt>
      <trkpt lat="46.1360060973" lon="7.1404442371">
        <ele>627.50</ele>
        <time>2026-05-17T07:50:10.000Z</time>
        <extensions>
          <power>210</power>
          <gpxtpx:TrackPointExtension>
            <gpxtpx:atemp>19.5</gpxtpx:atemp>
            <gpxtpx:hr>126</gpxtpx:hr>
            <gpxtpx:cad>85</gpxtpx:cad>
          </gpxtpx:TrackPointExtension>
        </extensions>
      </trkpt>
      <trkpt lat="46.1361008150" lon="7.1405591836">
        <ele>626.82</ele>
        <time>2026-05-17T07:50:11.000Z</time>
        <extensions>
          <power>210</power>
          <gpxtpx:TrackPointExtension>
            <gpxtpx:atemp>19.5</gpxtpx:atemp>
            <gpxtpx:hr>126</gpxtpx:hr>
            <gpxtpx:cad>85</gpxtpx:cad>
          </gpxtpx:TrackPointExtension>
        </extensions>
      </trkpt>
      <trkpt lat="46.1361884062" lon="7.1406817655">
        <ele>626.14</ele>
        <time>2026-05-17T07:50:12.000Z</time>
        <extensions>
          <power>210</power>
          <gpxtpx:TrackPointExtension>
            <gpxtpx:atemp>19.5</gpxtpx:atemp>
            <gpxtpx:hr>126</gpxtpx:hr>
            <gpxtpx:cad>85</gpxtpx:cad>
          </gpxtpx:TrackPointExtension>
        </extensions>
      </trkpt>
      <trkpt lat="46.1362822468" lon="7.1408007272">
        <ele>625.46</ele>
        <time>2026-05-17T07:50:13.000Z</time>
        <extensions>
          <power>210</power>
          <gpxtpx:TrackPointExtension>
            <gpxtpx:atemp>19.5</gpxtpx:atemp>
            <gpxtpx:hr>126</gpxtpx:hr>
            <gpxtpx:cad>84</gpxtpx:cad>
          </gpxtpx:TrackPointExtension>
        </extensions>
      </trkpt>
      <trkpt lat="46.1363781157" lon="7.1409207833">
        <ele>624.77</ele>
        <time>2026-05-17T07:50:14.000Z</time>
        <extensions>
          <power>210</power>
          <gpxtpx:TrackPointExtension>
            <gpxtpx:atemp>19.5</gpxtpx:atemp>
            <gpxtpx:hr>126</gpxtpx:hr>
            <gpxtpx:cad>84</gpxtpx:cad>
          </gpxtpx:TrackPointExtension>
        </extensions>
      </trkpt>
      <trkpt lat="46.1364654735" lon="7.1410405997">
        <ele>624.09</ele>
        <time>2026-05-17T07:50:15.000Z</time>
        <extensions>
          <power>210</power>
          <gpxtpx:TrackPointExtension>
            <gpxtpx:atemp>19.5</gpxtpx:atemp>
            <gpxtpx:hr>126</gpxtpx:hr>
            <gpxtpx:cad>84</gpxtpx:cad>
          </gpxtpx:TrackPointExtension>
        </extensions>
      </trkpt>
      <trkpt lat="46.1365568372" lon="7.1411546970">
        <ele>623.41</ele>
        <time>2026-05-17T07:50:16.000Z</time>
        <extensions>
          <power>210</power>
          <gpxtpx:TrackPointExtension>
            <gpxtpx:atemp>19.5</gpxtpx:atemp>
            <gpxtpx:hr>126</gpxtpx:hr>
            <gpxtpx:cad>84</gpxtpx:cad>
          </gpxtpx:TrackPointExtension>
        </extensions>
      </trkpt>
      <trkpt lat="46.1366437626" lon="7.1412772035">
        <ele>622.73</ele>
        <time>2026-05-17T07:50:17.000Z</time>
        <extensions>
          <power>210</power>
          <gpxtpx:TrackPointExtension>
            <gpxtpx:atemp>19.5</gpxtpx:atemp>
            <gpxtpx:hr>126</gpxtpx:hr>
            <gpxtpx:cad>84</gpxtpx:cad>
          </gpxtpx:TrackPointExtension>
        </extensions>
      </trkpt>
      <trkpt lat="46.1367336559" lon="7.1413971324">
        <ele>622.04</ele>
        <time>2026-05-17T07:50:18.000Z</time>
        <extensions>
          <power>210</power>
          <gpxtpx:TrackPointExtension>
            <gpxtpx:atemp>19.5</gpxtpx:atemp>
            <gpxtpx:hr>126</gpxtpx:hr>
            <gpxtpx:cad>84</gpxtpx:cad>
          </gpxtpx:TrackPointExtension>
        </extensions>
      </trkpt>
      <trkpt lat="46.1368281819" lon="7.1415180950">
        <ele>621.36</ele>
        <time>2026-05-17T07:50:19.000Z</time>
        <extensions>
          <power>210</power>
          <gpxtpx:TrackPointExtension>
            <gpxtpx:atemp>19.5</gpxtpx:atemp>
            <gpxtpx:hr>126</gpxtpx:hr>
            <gpxtpx:cad>83</gpxtpx:cad>
          </gpxtpx:TrackPointExtension>
        </extensions>
      </trkpt>
      <trkpt lat="46.1369201123" lon="7.1416358038">
        <ele>620.68</ele>
        <time>2026-05-17T07:50:20.000Z</time>
        <extensions>
          <power>210</power>
          <gpxtpx:TrackPointExtension>
            <gpxtpx:atemp>19.5</gpxtpx:atemp>
            <gpxtpx:hr>126</gpxtpx:hr>
            <gpxtpx:cad>83</gpxtpx:cad>
          </gpxtpx:TrackPointExtension>
        </extensions>
      </trkpt>
      <trkpt lat="46.1370126820" lon="7.1417563560">
        <ele>620.00</ele>
        <time>2026-05-17T07:50:21.000Z</time>
        <extensions>
          <power>210</power>
          <gpxtpx:TrackPointExtension>
            <gpxtpx:atemp>19.5</gpxtpx:atemp>
            <gpxtpx:hr>126</gpxtpx:hr>
            <gpxtpx:cad>83</gpxtpx:cad>
          </gpxtpx:TrackPointExtension>
        </extensions>
      </trkpt>
      <trkpt lat="46.1371042667" lon="7.1418727655">
        <ele>619.31</ele>
        <time>2026-05-17T07:50:22.000Z</time>
        <extensions>
          <power>210</power>
          <gpxtpx:TrackPointExtension>
            <gpxtpx:atemp>19.5</gpxtpx:atemp>
            <gpxtpx:hr>126</gpxtpx:hr>
            <gpxtpx:cad>83</gpxtpx:cad>
          </gpxtpx:TrackPointExtension>
        </extensions>
      </trkpt>
      <trkpt lat="46.1371926450" lon="7.1419863103">
        <ele>618.63</ele>
        <time>2026-05-17T07:50:23.000Z</time>
        <extensions>
          <power>210</power>
          <gpxtpx:TrackPointExtension>
            <gpxtpx:atemp>19.5</gpxtpx:atemp>
            <gpxtpx:hr>126</gpxtpx:hr>
            <gpxtpx:cad>83</gpxtpx:cad>
          </gpxtpx:TrackPointExtension>
        </extensions>
      </trkpt>
      <trkpt lat="46.1372832921" lon="7.1420982658">
        <ele>617.95</ele>
        <time>2026-05-17T07:50:24.000Z</time>
        <extensions>
          <power>210</power>
          <gpxtpx:TrackPointExtension>
            <gpxtpx:atemp>19.5</gpxtpx:atemp>
            <gpxtpx:hr>126</gpxtpx:hr>
            <gpxtpx:cad>82</gpxtpx:cad>
          </gpxtpx:TrackPointExtension>
        </extensions>
      </trkpt>
      <trkpt lat="46.1373740752" lon="7.1422144949">
        <ele>617.27</ele>
        <time>2026-05-17T07:50:25.000Z</time>
        <extensions>
          <power>210</power>
          <gpxtpx:TrackPointExtension>
            <gpxtpx:atemp>19.5</gpxtpx:atemp>
            <gpxtpx:hr>126</gpxtpx:hr>
            <gpxtpx:cad>82</gpxtpx:cad>
          </gpxtpx:TrackPointExtension>
        </extensions>
      </trkpt>
      <trkpt lat="46.1374661254" lon="7.1423351199">
        <ele>616.59</ele>
        <time>2026-05-17T07:50:26.000Z</time>
        <extensions>
          <power>210</power>
          <gpxtpx:TrackPointExtension>
            <gpxtpx:atemp>19.5</gpxtpx:atemp>
            <gpxtpx:hr>126</gpxtpx:hr>
            <gpxtpx:cad>82</gpxtpx:cad>
          </gpxtpx:TrackPointExtension>
        </extensions>
      </trkpt>
      <trkpt lat="46.1375515393" lon="7.1424615070">
        <ele>615.90</ele>
        <time>2026-05-17T07:50:27.000Z</time>
        <extensions>
          <power>210</power>
          <gpxtpx:TrackPointExtension>
            <gpxtpx:atemp>19.5</gpxtpx:atemp>
            <gpxtpx:hr>126</gpxtpx:hr>
            <gpxtpx:cad>82</gpxtpx:cad>
          </gpxtpx:TrackPointExtension>
        </extensions>
      </trkpt>
      <trkpt lat="46.1376415960" lon="7.1425824922">
        <ele>615.22</ele>
        <time>2026-05-17T07:50:28.000Z</time>
        <extensions>
          <power>210</power>
          <gpxtpx:TrackPointExtension>
            <gpxtpx:atemp>19.5</gpxtpx:atemp>
            <gpxtpx:hr>126</gpxtpx:hr>
            <gpxtpx:cad>82</gpxtpx:cad>
          </gpxtpx:TrackPointExtension>
        </extensions>
      </trkpt>
      <trkpt lat="46.1377298846" lon="7.1426991909">
        <ele>614.54</ele>
        <time>2026-05-17T07:50:29.000Z</time>
        <extensions>
          <power>210</power>
          <gpxtpx:TrackPointExtension>
            <gpxtpx:atemp>19.5</gpxtpx:atemp>
            <gpxtpx:hr>126</gpxtpx:hr>
            <gpxtpx:cad>81</gpxtpx:cad>
          </gpxtpx:TrackPointExtension>
        </extensions>
      </trkpt>
      <trkpt lat="46.1378252571" lon="7.1428184266">
        <ele>613.86</ele>
        <time>2026-05-17T07:50:30.000Z</time>
        <extensions>
          <power>210</power>
          <gpxtpx:TrackPointExtension>
            <gpxtpx:atemp>19.5</gpxtpx:atemp>
            <gpxtpx:hr>126</gpxtpx:hr>
            <gpxtpx:cad>81</gpxtpx:cad>
          </gpxtpx:TrackPointExtension>
        </extensions>
      </trkpt>
      <trkpt lat="46.1379183687" lon="7.1429367382">
        <ele>613.18</ele>
        <time>2026-05-17T07:50:31.000Z</time>
        <extensions>
          <power>210</power>
          <gpxtpx:TrackPointExtension>
            <gpxtpx:atemp>19.5</gpxtpx:atemp>
            <gpxtpx:hr>126</gpxtpx:hr>
            <gpxtpx:cad>81</gpxtpx:cad>
          </gpxtpx:TrackPointExtension>
        </extensions>
      </trkpt>
      <trkpt lat="46.1380122012" lon="7.1430584163">
        <ele>612.50</ele>
        <time>2026-05-17T07:50:32.000Z</time>
        <extensions>
          <power>210</power>
          <gpxtpx:TrackPointExtension>
            <gpxtpx:atemp>19.5</gpxtpx:atemp>
            <gpxtpx:hr>126</gpxtpx:hr>
            <gpxtpx:cad>81</gpxtpx:cad>
          </gpxtpx:TrackPointExtension>
        </extensions>
      </trkpt>
      <trkpt lat="46.1381068655" lon="7.1431749441">
        <ele>611.82</ele>
        <time>2026-05-17T07:50:33.000Z</time>
        <extensions>
          <power>210</power>
          <gpxtpx:TrackPointExtension>
            <gpxtpx:atemp>19.5</gpxtpx:atemp>
            <gpxtpx:hr>126</gpxtpx:hr>
            <gpxtpx:cad>80</gpxtpx:cad>
          </gpxtpx:TrackPointExtension>
        </extensions>
      </trkpt>
      <trkpt lat="46.1381957890" lon="7.1433018577">
        <ele>611.13</ele>
        <time>2026-05-17T07:50:34.000Z</time>
        <extensions>
          <power>210</power>
          <gpxtpx:TrackPointExtension>
            <gpxtpx:atemp>19.5</gpxtpx:atemp>
            <gpxtpx:hr>126</gpxtpx:hr>
            <gpxtpx:cad>80</gpxtpx:cad>
          </gpxtpx:TrackPointExtension>
        </extensions>
      </trkpt>
      <trkpt lat="46.1382868043" lon="7.1434191279">
        <ele>610.45</ele>
        <time>2026-05-17T07:50:35.000Z</time>
        <extensions>
          <power>210</power>
          <gpxtpx:TrackPointExtension>
            <gpxtpx:atemp>19.5</gpxtpx:atemp>
            <gpxtpx:hr>126</gpxtpx:hr>
            <gpxtpx:cad>80</gpxtpx:cad>
          </gpxtpx:TrackPointExtension>
        </extensions>
      </trkpt>
      <trkpt lat="46.1383771298" lon="7.1435394592">
        <ele>609.78</ele>
        <time>2026-05-17T07:50:36.000Z</time>
        <extensions>
          <power>210</power>
          <gpxtpx:TrackPointExtension>
            <gpxtpx:atemp>19.5</gpxtpx:atemp>
            <gpxtpx:hr>126</gpxtpx:hr>
            <gpxtpx:cad>80</gpxtpx:cad>
          </gpxtpx:TrackPointExtension>
        </extensions>
      </trkpt>
      <trkpt lat="46.1384692164" lon="7.1436629775">
        <ele>609.10</ele>
        <time>2026-05-17T07:50:37.000Z</time>
        <extensions>
          <power>210</power>
          <gpxtpx:TrackPointExtension>
            <gpxtpx:atemp>19.5</gpxtpx:atemp>
            <gpxtpx:hr>126</gpxtpx:hr>
            <gpxtpx:cad>80</gpxtpx:cad>
          </gpxtpx:TrackPointExtension>
        </extensions>
      </trkpt>
      <trkpt lat="46.1385627328" lon="7.1437768738">
        <ele>608.42</ele>
        <time>2026-05-17T07:50:38.000Z</time>
        <extensions>
          <power>210</power>
          <gpxtpx:TrackPointExtension>
            <gpxtpx:atemp>19.5</gpxtpx:atemp>
            <gpxtpx:hr>126</gpxtpx:hr>
            <gpxtpx:cad>79</gpxtpx:cad>
          </gpxtpx:TrackPointExtension>
        </extensions>
      </trkpt>
      <trkpt lat="46.1386568280" lon="7.1438977873">
        <ele>607.74</ele>
        <time>2026-05-17T07:50:39.000Z</time>
        <extensions>
          <power>210</power>
          <gpxtpx:TrackPointExtension>
            <gpxtpx:atemp>19.5</gpxtpx:atemp>
            <gpxtpx:hr>126</gpxtpx:hr>
            <gpxtpx:cad>79</gpxtpx:cad>
          </gpxtpx:TrackPointExtension>
        </extensions>
      </trkpt>
      <trkpt lat="46.1387457257" lon="7.1440157772">
        <ele>607.06</ele>
        <time>2026-05-17T07:50:40.000Z</time>
        <extensions>
          <power>210</power>
          <gpxtpx:TrackPointExtension>
            <gpxtpx:atemp>19.6</gpxtpx:atemp>
            <gpxtpx:hr>126</gpxtpx:hr>
            <gpxtpx:cad>79</gpxtpx:cad>
          </gpxtpx:TrackPointExtension>
        </extensions>
      </trkpt>
      <trkpt lat="46.1388397798" lon="7.1441302543">
        <ele>606.38</ele>
        <time>2026-05-17T07:50:41.000Z</time>
        <extensions>
          <power>210</power>
          <gpxtpx:TrackPointExtension>
            <gpxtpx:atemp>19.6</gpxtpx:atemp>
            <gpxtpx:hr>126</gpxtpx:hr>
            <gpxtpx:cad>79</gpxtpx:cad>
          </gpxtpx:TrackPointExtension>
        </extensions>
      </trkpt>
      <trkpt lat="46.1389303760" lon="7.1442473621">
        <ele>605.71</ele>
        <time>2026-05-17T07:50:42.000Z</time>
        <extensions>
          <power>210</power>
          <gpxtpx:TrackPointExtension>
            <gpxtpx:atemp>19.6</gpxtpx:atemp>
            <gpxtpx:hr>126</gpxtpx:hr>
            <gpxtpx:cad>78</gpxtpx:cad>
          </gpxtpx:TrackPointExtension>
        </extensions>
      </trkpt>
      <trkpt lat="46.1390226218" lon="7.1443719124">
        <ele>605.03</ele>
        <time>2026-05-17T07:50:43.000Z</time>
        <extensions>
          <power>210</power>
          <gpxtpx:TrackPointExtension>
            <gpxtpx:atemp>19.6</gpxtpx:atemp>
            <gpxtpx:hr>126</gpxtpx:hr>
            <gpxtpx:cad>78</gpxtpx:cad>
          </gpxtpx:TrackPointExtension>
        </extensions>
      </trkpt>
      <trkpt lat="46.1391104515" lon="7.1444869157">
        <ele>604.35</ele>
        <time>2026-05-17T07:50:44.000Z</time>
        <extensions>
          <power>210</power>
          <gpxtpx:TrackPointExtension>
            <gpxtpx:atemp>19.6</gpxtpx:atemp>
            <gpxtpx:hr>126</gpxtpx:hr>
            <gpxtpx:cad>78</gpxtpx:cad>
          </gpxtpx:TrackPointExtension>
        </extensions>
      </trkpt>
      <trkpt lat="46.1391984446" lon="7.1446029820">
        <ele>603.68</ele>
        <time>2026-05-17T07:50:45.000Z</time>
        <extensions>
          <power>210</power>
          <gpxtpx:TrackPointExtension>
            <gpxtpx:atemp>19.6</gpxtpx:atemp>
            <gpxtpx:hr>126</gpxtpx:hr>
            <gpxtpx:cad>78</gpxtpx:cad>
          </gpxtpx:TrackPointExtension>
        </extensions>
      </trkpt>
      <trkpt lat="46.1392901298" lon="7.1447301693">
        <ele>603.00</ele>
        <time>2026-05-17T07:50:46.000Z</time>
        <extensions>
          <power>210</power>
          <gpxtpx:TrackPointExtension>
            <gpxtpx:atemp>19.6</gpxtpx:atemp>
            <gpxtpx:hr>126</gpxtpx:hr>
            <gpxtpx:cad>78</gpxtpx:cad>
          </gpxtpx:TrackPointExtension>
        </extensions>
      </trkpt>
      <trkpt lat="46.1393822025" lon="7.1448564085">
        <ele>602.33</ele>
        <time>2026-05-17T07:50:47.000Z</time>
        <extensions>
          <power>210</power>
          <gpxtpx:TrackPointExtension>
            <gpxtpx:atemp>19.6</gpxtpx:atemp>
            <gpxtpx:hr>126</gpxtpx:hr>
            <gpxtpx:cad>77</gpxtpx:cad>
          </gpxtpx:TrackPointExtension>
        </extensions>
      </trkpt>
      <trkpt lat="46.1394726828" lon="7.1449783453">
        <ele>601.65</ele>
        <time>2026-05-17T07:50:48.000Z</time>
        <extensions>
          <power>210</power>
          <gpxtpx:TrackPointExtension>
            <gpxtpx:atemp>19.6</gpxtpx:atemp>
            <gpxtpx:hr>126</gpxtpx:hr>
            <gpxtpx:cad>77</gpxtpx:cad>
          </gpxtpx:TrackPointExtension>
        </extensions>
      </trkpt>
      <trkpt lat="46.1395656361" lon="7.1450999536">
        <ele>600.98</ele>
        <time>2026-05-17T07:50:49.000Z</time>
        <extensions>
          <power>210</power>
          <gpxtpx:TrackPointExtension>
            <gpxtpx:atemp>19.6</gpxtpx:atemp>
            <gpxtpx:hr>126</gpxtpx:hr>
            <gpxtpx:cad>77</gpxtpx:cad>
          </gpxtpx:TrackPointExtension>
        </extensions>
      </trkpt>
      <trkpt lat="46.1396502487" lon="7.1452225302">
        <ele>600.31</ele>
        <time>2026-05-17T07:50:50.000Z</time>
        <extensions>
          <power>210</power>
          <gpxtpx:TrackPointExtension>
            <gpxtpx:atemp>19.6</gpxtpx:atemp>
            <gpxtpx:hr>125</gpxtpx:hr>
            <gpxtpx:cad>77</gpxtpx:cad>
          </gpxtpx:TrackPointExtension>
        </extensions>
      </trkpt>
      <trkpt lat="46.1397403118" lon="7.1453442406">
        <ele>599.64</ele>
        <time>2026-05-17T07:50:51.000Z</time>
        <extensions>
          <power>210</power>
          <gpxtpx:TrackPointExtension>
            <gpxtpx:atemp>19.6</gpxtpx:atemp>
            <gpxtpx:hr>125</gpxtpx:hr>
            <gpxtpx:cad>76</gpxtpx:cad>
          </gpxtpx:TrackPointExtension>
        </extensions>
      </trkpt>
      <trkpt lat="46.1398258561" lon="7.1454583658">
        <ele>598.96</ele>
        <time>2026-05-17T07:50:52.000Z</time>
        <extensions>
          <power>210</power>
          <gpxtpx:TrackPointExtension>
            <gpxtpx:atemp>19.6</gpxtpx:atemp>
            <gpxtpx:hr>125</gpxtpx:hr>
            <gpxtpx:cad>76</gpxtpx:cad>
          </gpxtpx:TrackPointExtension>
        </extensions>
      </trkpt>
      <trkpt lat="46.1399166778" lon="7.1455798145">
        <ele>598.29</ele>
        <time>2026-05-17T07:50:53.000Z</time>
        <extensions>
          <power>210</power>
          <gpxtpx:TrackPointExtension>
            <gpxtpx:atemp>19.6</gpxtpx:atemp>
            <gpxtpx:hr>125</gpxtpx:hr>
            <gpxtpx:cad>76</gpxtpx:cad>
          </gpxtpx:TrackPointExtension>
        </extensions>
      </trkpt>
      <trkpt lat="46.1400061754" lon="7.1456976010">
        <ele>597.62</ele>
        <time>2026-05-17T07:50:54.000Z</time>
        <extensions>
          <power>210</power>
          <gpxtpx:TrackPointExtension>
            <gpxtpx:atemp>19.6</gpxtpx:atemp>
            <gpxtpx:hr>125</gpxtpx:hr>
            <gpxtpx:cad>76</gpxtpx:cad>
          </gpxtpx:TrackPointExtension>
        </extensions>
      </trkpt>
      <trkpt lat="46.1400879925" lon="7.1458148310">
        <ele>596.95</ele>
        <time>2026-05-17T07:50:55.000Z</time>
        <extensions>
          <power>210</power>
          <gpxtpx:TrackPointExtension>
            <gpxtpx:atemp>19.6</gpxtpx:atemp>
            <gpxtpx:hr>125</gpxtpx:hr>
            <gpxtpx:cad>76</gpxtpx:cad>
          </gpxtpx:TrackPointExtension>
        </extensions>
      </trkpt>
      <trkpt lat="46.1401747379" lon="7.1459302361">
        <ele>596.29</ele>
        <time>2026-05-17T07:50:56.000Z</time>
        <extensions>
          <power>210</power>
          <gpxtpx:TrackPointExtension>
            <gpxtpx:atemp>19.6</gpxtpx:atemp>
            <gpxtpx:hr>125</gpxtpx:hr>
            <gpxtpx:cad>75</gpxtpx:cad>
          </gpxtpx:TrackPointExtension>
        </extensions>
      </trkpt>
      <trkpt lat="46.1402584743" lon="7.1460451878">
        <ele>595.62</ele>
        <time>2026-05-17T07:50:57.000Z</time>
        <extensions>
          <power>210</power>
          <gpxtpx:TrackPointExtension>
            <gpxtpx:atemp>19.6</gpxtpx:atemp>
            <gpxtpx:hr>125</gpxtpx:hr>
            <gpxtpx:cad>75</gpxtpx:cad>
          </gpxtpx:TrackPointExtension>
        </extensions>
      </trkpt>
      <trkpt lat="46.1403428372" lon="7.1461709158">
        <ele>594.95</ele>
        <time>2026-05-17T07:50:58.000Z</time>
        <extensions>
          <power>210</power>
          <gpxtpx:TrackPointExtension>
            <gpxtpx:atemp>19.6</gpxtpx:atemp>
            <gpxtpx:hr>125</gpxtpx:hr>
            <gpxtpx:cad>75</gpxtpx:cad>
          </gpxtpx:TrackPointExtension>
        </extensions>
      </trkpt>
      <trkpt lat="46.1404335018" lon="7.1462900655">
        <ele>594.28</ele>
        <time>2026-05-17T07:50:59.000Z</time>
        <extensions>
          <power>210</power>
          <gpxtpx:TrackPointExtension>
            <gpxtpx:atemp>19.6</gpxtpx:atemp>
            <gpxtpx:hr>125</gpxtpx:hr>
            <gpxtpx:cad>75</gpxtpx:cad>
          </gpxtpx:TrackPointExtension>
        </extensions>
      </trkpt>
      <trkpt lat="46.1405206498" lon="7.1464129762">
        <ele>593.62</ele>
        <time>2026-05-17T07:51:00.000Z</time>
        <extensions>
          <power>210</power>
          <gpxtpx:TrackPointExtension>
            <gpxtpx:atemp>19.6</gpxtpx:atemp>
            <gpxtpx:hr>125</gpxtpx:hr>
            <gpxtpx:cad>74</gpxtpx:cad>
          </gpxtpx:TrackPointExtension>
        </extensions>
      </trkpt>
      <trkpt lat="46.1406052757" lon="7.1465366737">
        <ele>592.95</ele>
        <time>2026-05-17T07:51:01.000Z</time>
        <extensions>
          <power>210</power>
          <gpxtpx:TrackPointExtension>
            <gpxtpx:atemp>19.6</gpxtpx:atemp>
            <gpxtpx:hr>125</gpxtpx:hr>
            <gpxtpx:cad>74</gpxtpx:cad>
          </gpxtpx:TrackPointExtension>
        </extensions>
      </trkpt>
      <trkpt lat="46.1406932819" lon="7.1466635380">
        <ele>592.29</ele>
        <time>2026-05-17T07:51:02.000Z</time>
        <extensions>
          <power>210</power>
          <gpxtpx:TrackPointExtension>
            <gpxtpx:atemp>19.6</gpxtpx:atemp>
            <gpxtpx:hr>125</gpxtpx:hr>
            <gpxtpx:cad>74</gpxtpx:cad>
          </gpxtpx:TrackPointExtension>
        </extensions>
      </trkpt>
      <trkpt lat="46.1407726668" lon="7.1467897839">
        <ele>591.63</ele>
        <time>2026-05-17T07:51:03.000Z</time>
        <extensions>
          <power>210</power>
          <gpxtpx:TrackPointExtension>
            <gpxtpx:atemp>19.6</gpxtpx:atemp>
            <gpxtpx:hr>125</gpxtpx:hr>
            <gpxtpx:cad>74</gpxtpx:cad>
          </gpxtpx:TrackPointExtension>
        </extensions>
      </trkpt>
      <trkpt lat="46.1408580546" lon="7.1469191692">
        <ele>590.96</ele>
        <time>2026-05-17T07:51:04.000Z</time>
        <extensions>
          <power>210</power>
          <gpxtpx:TrackPointExtension>
            <gpxtpx:atemp>19.6</gpxtpx:atemp>
            <gpxtpx:hr>125</gpxtpx:hr>
            <gpxtpx:cad>74</gpxtpx:cad>
          </gpxtpx:TrackPointExtension>
        </extensions>
      </trkpt>
      <trkpt lat="46.1409440293" lon="7.1470349534">
        <ele>590.30</ele>
        <time>2026-05-17T07:51:05.000Z</time>
        <extensions>
          <power>210</power>
          <gpxtpx:TrackPointExtension>
            <gpxtpx:atemp>19.6</gpxtpx:atemp>
            <gpxtpx:hr>125</gpxtpx:hr>
            <gpxtpx:cad>73</gpxtpx:cad>
          </gpxtpx:TrackPointExtension>
        </extensions>
      </trkpt>
      <trkpt lat="46.1410235058" lon="7.1471650120">
        <ele>589.64</ele>
        <time>2026-05-17T07:51:06.000Z</time>
        <extensions>
          <power>210</power>
          <gpxtpx:TrackPointExtension>
            <gpxtpx:atemp>19.6</gpxtpx:atemp>
            <gpxtpx:hr>125</gpxtpx:hr>
            <gpxtpx:cad>73</gpxtpx:cad>
          </gpxtpx:TrackPointExtension>
        </extensions>
      </trkpt>
      <trkpt lat="46.1411095015" lon="7.1472878149">
        <ele>588.98</ele>
        <time>2026-05-17T07:51:07.000Z</time>
        <extensions>
          <power>210</power>
          <gpxtpx:TrackPointExtension>
            <gpxtpx:atemp>19.6</gpxtpx:atemp>
            <gpxtpx:hr>125</gpxtpx:hr>
            <gpxtpx:cad>73</gpxtpx:cad>
          </gpxtpx:TrackPointExtension>
        </extensions>
      </trkpt>
      <trkpt lat="46.1411915204" lon="7.1474038869">
        <ele>588.32</ele>
        <time>2026-05-17T07:51:08.000Z</time>
        <extensions>
          <power>210</power>
          <gpxtpx:TrackPointExtension>
            <gpxtpx:atemp>19.6</gpxtpx:atemp>
            <gpxtpx:hr>125</gpxtpx:hr>
            <gpxtpx:cad>73</gpxtpx:cad>
          </gpxtpx:TrackPointExtension>
        </extensions>
      </trkpt>
      <trkpt lat="46.1412752150" lon="7.1475204397">
        <ele>587.66</ele>
        <time>2026-05-17T07:51:09.000Z</time>
        <extensions>
          <power>210</power>
          <gpxtpx:TrackPointExtension>
            <gpxtpx:atemp>19.6</gpxtpx:atemp>
            <gpxtpx:hr>124</gpxtpx:hr>
            <gpxtpx:cad>73</gpxtpx:cad>
          </gpxtpx:TrackPointExtension>
        </extensions>
      </trkpt>
      <trkpt lat="46.1413550219" lon="7.1476480744">
        <ele>587.01</ele>
        <time>2026-05-17T07:51:10.000Z</time>
        <extensions>
          <power>210</power>
          <gpxtpx:TrackPointExtension>
            <gpxtpx:atemp>19.6</gpxtpx:atemp>
            <gpxtpx:hr>124</gpxtpx:hr>
            <gpxtpx:cad>72</gpxtpx:cad>
          </gpxtpx:TrackPointExtension>
        </extensions>
      </trkpt>
      <trkpt lat="46.1414404839" lon="7.1477664499">
        <ele>586.35</ele>
        <time>2026-05-17T07:51:11.000Z</time>
        <extensions>
          <power>210</power>
          <gpxtpx:TrackPointExtension>
            <gpxtpx:atemp>19.6</gpxtpx:atemp>
            <gpxtpx:hr>124</gpxtpx:hr>
            <gpxtpx:cad>72</gpxtpx:cad>
          </gpxtpx:TrackPointExtension>
        </extensions>
      </trkpt>
      <trkpt lat="46.1415226666" lon="7.1478933354">
        <ele>585.69</ele>
        <time>2026-05-17T07:51:12.000Z</time>
        <extensions>
          <power>210</power>
          <gpxtpx:TrackPointExtension>
            <gpxtpx:atemp>19.6</gpxtpx:atemp>
            <gpxtpx:hr>124</gpxtpx:hr>
            <gpxtpx:cad>72</gpxtpx:cad>
          </gpxtpx:TrackPointExtension>
        </extensions>
      </trkpt>
      <trkpt lat="46.1416046569" lon="7.1480189966">
        <ele>585.04</ele>
        <time>2026-05-17T07:51:13.000Z</time>
        <extensions>
          <power>210</power>
          <gpxtpx:TrackPointExtension>
            <gpxtpx:atemp>19.6</gpxtpx:atemp>
            <gpxtpx:hr>124</gpxtpx:hr>
            <gpxtpx:cad>72</gpxtpx:cad>
          </gpxtpx:TrackPointExtension>
        </extensions>
      </trkpt>
      <trkpt lat="46.1416860222" lon="7.1481395524">
        <ele>584.38</ele>
        <time>2026-05-17T07:51:14.000Z</time>
        <extensions>
          <power>210</power>
          <gpxtpx:TrackPointExtension>
            <gpxtpx:atemp>19.6</gpxtpx:atemp>
            <gpxtpx:hr>124</gpxtpx:hr>
            <gpxtpx:cad>72</gpxtpx:cad>
          </gpxtpx:TrackPointExtension>
        </extensions>
      </trkpt>
      <trkpt lat="46.1417615663" lon="7.1482711408">
        <ele>583.73</ele>
        <time>2026-05-17T07:51:15.000Z</time>
        <extensions>
          <power>210</power>
          <gpxtpx:TrackPointExtension>
            <gpxtpx:atemp>19.6</gpxtpx:atemp>
            <gpxtpx:hr>124</gpxtpx:hr>
            <gpxtpx:cad>72</gpxtpx:cad>
          </gpxtpx:TrackPointExtension>
        </extensions>
      </trkpt>
      <trkpt lat="46.1418395994" lon="7.1483991106">
        <ele>583.08</ele>
        <time>2026-05-17T07:51:16.000Z</time>
        <extensions>
          <power>210</power>
          <gpxtpx:TrackPointExtension>
            <gpxtpx:atemp>19.6</gpxtpx:atemp>
            <gpxtpx:hr>124</gpxtpx:hr>
            <gpxtpx:cad>71</gpxtpx:cad>
          </gpxtpx:TrackPointExtension>
        </extensions>
      </trkpt>
      <trkpt lat="46.1419139901" lon="7.1485239612">
        <ele>582.43</ele>
        <time>2026-05-17T07:51:17.000Z</time>
        <extensions>
          <power>210</power>
          <gpxtpx:TrackPointExtension>
            <gpxtpx:atemp>19.6</gpxtpx:atemp>
            <gpxtpx:hr>124</gpxtpx:hr>
            <gpxtpx:cad>71</gpxtpx:cad>
          </gpxtpx:TrackPointExtension>
        </extensions>
      </trkpt>
      <trkpt lat="46.1419861479" lon="7.1486479077">
        <ele>581.78</ele>
        <time>2026-05-17T07:51:18.000Z</time>
        <extensions>
          <power>210</power>
          <gpxtpx:TrackPointExtension>
            <gpxtpx:atemp>19.6</gpxtpx:atemp>
            <gpxtpx:hr>124</gpxtpx:hr>
            <gpxtpx:cad>71</gpxtpx:cad>
          </gpxtpx:TrackPointExtension>
        </extensions>
      </trkpt>
      <trkpt lat="46.1420663487" lon="7.1487736167">
        <ele>581.13</ele>
        <time>2026-05-17T07:51:19.000Z</time>
        <extensions>
          <power>210</power>
          <gpxtpx:TrackPointExtension>
            <gpxtpx:atemp>19.6</gpxtpx:atemp>
            <gpxtpx:hr>124</gpxtpx:hr>
            <gpxtpx:cad>71</gpxtpx:cad>
          </gpxtpx:TrackPointExtension>
        </extensions>
      </trkpt>
      <trkpt lat="46.1421420530" lon="7.1488957253">
        <ele>580.48</ele>
        <time>2026-05-17T07:51:20.000Z</time>
        <extensions>
          <power>210</power>
          <gpxtpx:TrackPointExtension>
            <gpxtpx:atemp>19.6</gpxtpx:atemp>
            <gpxtpx:hr>124</gpxtpx:hr>
            <gpxtpx:cad>71</gpxtpx:cad>
          </gpxtpx:TrackPointExtension>
        </extensions>
      </trkpt>
      <trkpt lat="46.1422208605" lon="7.1490247280">
        <ele>579.83</ele>
        <time>2026-05-17T07:51:21.000Z</time>
        <extensions>
          <power>210</power>
          <gpxtpx:TrackPointExtension>
            <gpxtpx:atemp>19.6</gpxtpx:atemp>
            <gpxtpx:hr>124</gpxtpx:hr>
            <gpxtpx:cad>71</gpxtpx:cad>
          </gpxtpx:TrackPointExtension>
        </extensions>
      </trkpt>
      <trkpt lat="46.1422941687" lon="7.1491535012">
        <ele>579.18</ele>
        <time>2026-05-17T07:51:22.000Z</time>
        <extensions>
          <power>210</power>
          <gpxtpx:TrackPointExtension>
            <gpxtpx:atemp>19.6</gpxtpx:atemp>
            <gpxtpx:hr>124</gpxtpx:hr>
            <gpxtpx:cad>70</gpxtpx:cad>
          </gpxtpx:TrackPointExtension>
        </extensions>
      </trkpt>
      <trkpt lat="46.1423721389" lon="7.1492807538">
        <ele>578.54</ele>
        <time>2026-05-17T07:51:23.000Z</time>
        <extensions>
          <power>210</power>
          <gpxtpx:TrackPointExtension>
            <gpxtpx:atemp>19.6</gpxtpx:atemp>
            <gpxtpx:hr>123</gpxtpx:hr>
            <gpxtpx:cad>70</gpxtpx:cad>
          </gpxtpx:TrackPointExtension>
        </extensions>
      </trkpt>
      <trkpt lat="46.1424411603" lon="7.1494053235">
        <ele>577.89</ele>
        <time>2026-05-17T07:51:24.000Z</time>
        <extensions>
          <power>210</power>
          <gpxtpx:TrackPointExtension>
            <gpxtpx:atemp>19.6</gpxtpx:atemp>
            <gpxtpx:hr>123</gpxtpx:hr>
            <gpxtpx:cad>70</gpxtpx:cad>
          </gpxtpx:TrackPointExtension>
        </extensions>
      </trkpt>
      <trkpt lat="46.1425179884" lon="7.1495372677">
        <ele>577.25</ele>
        <time>2026-05-17T07:51:25.000Z</time>
        <extensions>
          <power>210</power>
          <gpxtpx:TrackPointExtension>
            <gpxtpx:atemp>19.6</gpxtpx:atemp>
            <gpxtpx:hr>123</gpxtpx:hr>
            <gpxtpx:cad>70</gpxtpx:cad>
          </gpxtpx:TrackPointExtension>
        </extensions>
      </trkpt>
      <trkpt lat="46.1425898325" lon="7.1496733888">
        <ele>576.60</ele>
        <time>2026-05-17T07:51:26.000Z</time>
        <extensions>
          <power>210</power>
          <gpxtpx:TrackPointExtension>
            <gpxtpx:atemp>19.6</gpxtpx:atemp>
            <gpxtpx:hr>123</gpxtpx:hr>
            <gpxtpx:cad>70</gpxtpx:cad>
          </gpxtpx:TrackPointExtension>
        </extensions>
      </trkpt>
      <trkpt lat="46.1426658387" lon="7.1498068857">
        <ele>575.96</ele>
        <time>2026-05-17T07:51:27.000Z</time>
        <extensions>
          <power>210</power>
          <gpxtpx:TrackPointExtension>
            <gpxtpx:atemp>19.6</gpxtpx:atemp>
            <gpxtpx:hr>123</gpxtpx:hr>
            <gpxtpx:cad>70</gpxtpx:cad>
          </gpxtpx:TrackPointExtension>
        </extensions>
      </trkpt>
      <trkpt lat="46.1427366285" lon="7.1499347838">
        <ele>575.32</ele>
        <time>2026-05-17T07:51:28.000Z</time>
        <extensions>
          <power>210</power>
          <gpxtpx:TrackPointExtension>
            <gpxtpx:atemp>19.6</gpxtpx:atemp>
            <gpxtpx:hr>123</gpxtpx:hr>
            <gpxtpx:cad>70</gpxtpx:cad>
          </gpxtpx:TrackPointExtension>
        </extensions>
      </trkpt>
      <trkpt lat="46.1428088160" lon="7.1500707089">
        <ele>574.68</ele>
        <time>2026-05-17T07:51:29.000Z</time>
        <extensions>
          <power>210</power>
          <gpxtpx:TrackPointExtension>
            <gpxtpx:atemp>19.6</gpxtpx:atemp>
            <gpxtpx:hr>123</gpxtpx:hr>
            <gpxtpx:cad>69</gpxtpx:cad>
          </gpxtpx:TrackPointExtension>
        </extensions>
      </trkpt>
      <trkpt lat="46.1428778645" lon="7.1502040496">
        <ele>574.04</ele>
        <time>2026-05-17T07:51:30.000Z</time>
        <extensions>
          <power>210</power>
          <gpxtpx:TrackPointExtension>
            <gpxtpx:atemp>19.6</gpxtpx:atemp>
            <gpxtpx:hr>123</gpxtpx:hr>
            <gpxtpx:cad>69</gpxtpx:cad>
          </gpxtpx:TrackPointExtension>
        </extensions>
      </trkpt>
      <trkpt lat="46.1429437063" lon="7.1503295979">
        <ele>573.40</ele>
        <time>2026-05-17T07:51:31.000Z</time>
        <extensions>
          <power>210</power>
          <gpxtpx:TrackPointExtension>
            <gpxtpx:atemp>19.6</gpxtpx:atemp>
            <gpxtpx:hr>123</gpxtpx:hr>
            <gpxtpx:cad>69</gpxtpx:cad>
          </gpxtpx:TrackPointExtension>
        </extensions>
      </trkpt>
      <trkpt lat="46.1430130193" lon="7.1504630270">
        <ele>572.76</ele>
        <time>2026-05-17T07:51:32.000Z</time>
        <extensions>
          <power>210</power>
          <gpxtpx:TrackPointExtension>
            <gpxtpx:atemp>19.6</gpxtpx:atemp>
            <gpxtpx:hr>123</gpxtpx:hr>
            <gpxtpx:cad>69</gpxtpx:cad>
          </gpxtpx:TrackPointExtension>
        </extensions>
      </trkpt>
      <trkpt lat="46.1430795648" lon="7.1505957149">
        <ele>572.12</ele>
        <time>2026-05-17T07:51:33.000Z</time>
        <extensions>
          <power>210</power>
          <gpxtpx:TrackPointExtension>
            <gpxtpx:atemp>19.6</gpxtpx:atemp>
            <gpxtpx:hr>123</gpxtpx:hr>
            <gpxtpx:cad>69</gpxtpx:cad>
          </gpxtpx:TrackPointExtension>
        </extensions>
      </trkpt>
      <trkpt lat="46.1431505063" lon="7.1507357958">
        <ele>571.49</ele>
        <time>2026-05-17T07:51:34.000Z</time>
        <extensions>
          <power>210</power>
          <gpxtpx:TrackPointExtension>
            <gpxtpx:atemp>19.6</gpxtpx:atemp>
            <gpxtpx:hr>122</gpxtpx:hr>
            <gpxtpx:cad>69</gpxtpx:cad>
          </gpxtpx:TrackPointExtension>
        </extensions>
      </trkpt>
      <trkpt lat="46.1432221574" lon="7.1508625346">
        <ele>570.85</ele>
        <time>2026-05-17T07:51:35.000Z</time>
        <extensions>
          <power>210</power>
          <gpxtpx:TrackPointExtension>
            <gpxtpx:atemp>19.6</gpxtpx:atemp>
            <gpxtpx:hr>122</gpxtpx:hr>
            <gpxtpx:cad>69</gpxtpx:cad>
          </gpxtpx:TrackPointExtension>
        </extensions>
      </trkpt>
      <trkpt lat="46.1432867777" lon="7.1509982741">
        <ele>570.21</ele>
        <time>2026-05-17T07:51:36.000Z</time>
        <extensions>
          <power>210</power>
          <gpxtpx:TrackPointExtension>
            <gpxtpx:atemp>19.6</gpxtpx:atemp>
            <gpxtpx:hr>122</gpxtpx:hr>
            <gpxtpx:cad>69</gpxtpx:cad>
          </gpxtpx:TrackPointExtension>
        </extensions>
      </trkpt>
      <trkpt lat="46.1433513045" lon="7.1511344758">
        <ele>569.58</ele>
        <time>2026-05-17T07:51:37.000Z</time>
        <extensions>
          <power>210</power>
          <gpxtpx:TrackPointExtension>
            <gpxtpx:atemp>19.6</gpxtpx:atemp>
            <gpxtpx:hr>122</gpxtpx:hr>
            <gpxtpx:cad>69</gpxtpx:cad>
          </gpxtpx:TrackPointExtension>
        </extensions>
      </trkpt>
      <trkpt lat="46.1434191384" lon="7.1512673627">
        <ele>568.95</ele>
        <time>2026-05-17T07:51:38.000Z</time>
        <extensions>
          <power>210</power>
          <gpxtpx:TrackPointExtension>
            <gpxtpx:atemp>19.6</gpxtpx:atemp>
            <gpxtpx:hr>122</gpxtpx:hr>
            <gpxtpx:cad>69</gpxtpx:cad>
          </gpxtpx:TrackPointExtension>
        </extensions>
      </trkpt>
      <trkpt lat="46.1434795096" lon="7.1514073290">
        <ele>568.31</ele>
        <time>2026-05-17T07:51:39.000Z</time>
        <extensions>
          <power>210</power>
          <gpxtpx:TrackPointExtension>
            <gpxtpx:atemp>19.6</gpxtpx:atemp>
            <gpxtpx:hr>122</gpxtpx:hr>
            <gpxtpx:cad>69</gpxtpx:cad>
          </gpxtpx:TrackPointExtension>
        </extensions>
      </trkpt>
      <trkpt lat="46.1435459389" lon="7.1515355230">
        <ele>567.68</ele>
        <time>2026-05-17T07:51:40.000Z</time>
        <extensions>
          <power>210</power>
          <gpxtpx:TrackPointExtension>
            <gpxtpx:atemp>19.6</gpxtpx:atemp>
            <gpxtpx:hr>122</gpxtpx:hr>
            <gpxtpx:cad>68</gpxtpx:cad>
          </gpxtpx:TrackPointExtension>
        </extensions>
      </trkpt>
      <trkpt lat="46.1435464161" lon="7.1515367015">
        <ele>567.68</ele>
        <time>2026-05-17T07:51:41.000Z</time>
        <extensions>
          <power>210</power>
          <gpxtpx:TrackPointExtension>
            <gpxtpx:atemp>19.6</gpxtpx:atemp>
            <gpxtpx:hr>102</gpxtpx:hr>
            <gpxtpx:cad>0</gpxtpx:cad>
          </gpxtpx:TrackPointExtension>
        </extensions>
      </trkpt>
      <trkpt lat="46.1435444462" lon="7.1515422772">
        <ele>567.68</ele>
        <time>2026-05-17T07:51:42.000Z</time>
        <extensions>
          <power>210</power>
          <gpxtpx:TrackPointExtension>
            <gpxtpx:atemp>19.6</gpxtpx:atemp>
            <gpxtpx:hr>102</gpxtpx:hr>
            <gpxtpx:cad>0</gpxtpx:cad>
          </gpxtpx:TrackPointExtension>
        </extensions>
      </trkpt>
      <trkpt lat="46.1435496471" lon="7.1515500463">
        <ele>567.68</ele>
        <time>2026-05-17T07:51:43.000Z</time>
        <extensions>
          <power>210</power>
          <gpxtpx:TrackPointExtension>
            <gpxtpx:atemp>19.6</gpxtpx:atemp>
            <gpxtpx:hr>102</gpxtpx:hr>
            <gpxtpx:cad>0</gpxtpx:cad>
          </gpxtpx:TrackPointExtension>
        </extensions>
      </trkpt>
      <trkpt lat="46.1435502035" lon="7.1515458580">
        <ele>567.68</ele>
        <time>2026-05-17T07:51:44.000Z</time>
        <extensions>
          <power>210</power>
          <gpxtpx:TrackPointExtension>
            <gpxtpx:atemp>19.6</gpxtpx:atemp>
            <gpxtpx:hr>102</gpxtpx:hr>
            <gpxtpx:cad>0</gpxtpx:cad>
          </gpxtpx:TrackPointExtension>
        </extensions>
      </trkpt>
      <trkpt lat="46.1435528899" lon="7.1515498105">
        <ele>567.68</ele>
        <time>2026-05-17T07:51:45.000Z</time>
        <extensions>
          <power>210</power>
          <gpxtpx:TrackPointExtension>
            <gpxtpx:atemp>19.6</gpxtpx:atemp>
            <gpxtpx:hr>101</gpxtpx:hr>
            <gpxtpx:cad>0</gpxtpx:cad>
          </gpxtpx:TrackPointExtension>
        </extensions>
      </trkpt>
      <trkpt lat="46.1435564889" lon="7.1515450608">
        <ele>567.68</ele>
        <time>2026-05-17T07:51:46.000Z</time>
        <extensions>
          <power>210</power>
          <gpxtpx:TrackPointExtension>
            <gpxtpx:atemp>19.6</gpxtpx:atemp>
            <gpxtpx:hr>101</gpxtpx:hr>
            <gpxtpx:cad>0</gpxtpx:cad>
          </gpxtpx:TrackPointExtension>
        </extensions>
      </trkpt>
      <trkpt lat="46.1435585539" lon="7.1515396067">
        <ele>567.68</ele>
        <time>2026-05-17T07:51:47.000Z</time>
        <extensions>
          <power>210</power>
          <gpxtpx:TrackPointExtension>
            <gpxtpx:atemp>19.6</gpxtpx:atemp>
            <gpxtpx:hr>101</gpxtpx:hr>
            <gpxtpx:cad>0</gpxtpx:cad>
          </gpxtpx:TrackPointExtension>
        </extensions>
      </trkpt>
      <trkpt lat="46.1435605125" lon="7.1515412417">
        <ele>567.68</ele>
        <time>2026-05-17T07:51:48.000Z</time>
        <extensions>
          <power>210</power>
          <gpxtpx:TrackPointExtension>
            <gpxtpx:atemp>19.6</gpxtpx:atemp>
            <gpxtpx:hr>101</gpxtpx:hr>
            <gpxtpx:cad>0</gpxtpx:cad>
          </gpxtpx:TrackPointExtension>
        </extensions>
      </trkpt>
      <trkpt lat="46.1435606241" lon="7.1515430375">
        <ele>567.68</ele>
        <time>2026-05-17T07:51:49.000Z</time>
        <extensions>
          <power>210</power>
          <gpxtpx:TrackPointExtension>
            <gpxtpx:atemp>19.6</gpxtpx:atemp>
            <gpxtpx:hr>101</gpxtpx:hr>
            <gpxtpx:cad>0</gpxtpx:cad>
          </gpxtpx:TrackPointExtension>
        </extensions>
      </trkpt>
      <trkpt lat="46.1435616299" lon="7.1515360190">
        <ele>567.68</ele>
        <time>2026-05-17T07:51:50.000Z</time>
        <extensions>
          <power>210</power>
          <gpxtpx:TrackPointExtension>
            <gpxtpx:atemp>19.6</gpxtpx:atemp>
            <gpxtpx:hr>101</gpxtpx:hr>
            <gpxtpx:cad>0</gpxtpx:cad>
          </gpxtpx:TrackPointExtension>
        </extensions>
      </trkpt>
      <trkpt lat="46.1455080709" lon="7.1577702180">
        <ele>541.53</ele>
        <time>2026-05-17T07:53:20.000Z</time>
        <extensions>
          <power>210</power>
          <gpxtpx:TrackPointExtension>
            <gpxtpx:atemp>19.8</gpxtpx:atemp>
            <gpxtpx:hr>114</gpxtpx:hr>
            <gpxtpx:cad>82</gpxtpx:cad>
          </gpxtpx:TrackPointExtension>
        </extensions>
      </trkpt>
      <trkpt lat="46.1455578928" lon="7.1579240235">
        <ele>540.87</ele>
        <time>2026-05-17T07:53:21.000Z</time>
        <extensions>
          <power>210</power>
          <gpxtpx:TrackPointExtension>
            <gpxtpx:atemp>19.8</gpxtpx:atemp>
            <gpxtpx:hr>114</gpxtpx:hr>
            <gpxtpx:cad>82</gpxtpx:cad>
          </gpxtpx:TrackPointExtension>
        </extensions>
      </trkpt>
      <trkpt lat="46.1456095070" lon="7.1580785076">
        <ele>540.21</ele>
        <time>2026-05-17T07:53:22.000Z</time>
        <extensions>
          <power>210</power>
          <gpxtpx:TrackPointExtension>
            <gpxtpx:atemp>19.8</gpxtpx:atemp>
            <gpxtpx:hr>114</gpxtpx:hr>
            <gpxtpx:cad>82</gpxtpx:cad>
          </gpxtpx:TrackPointExtension>
        </extensions>
      </trkpt>
      <trkpt lat="46.1456632678" lon="7.1582318345">
        <ele>539.56</ele>
        <time>2026-05-17T07:53:23.000Z</time>
        <extensions>
          <power>210</power>
          <gpxtpx:TrackPointExtension>
            <gpxtpx:atemp>19.8</gpxtpx:atemp>
            <gpxtpx:hr>114</gpxtpx:hr>
            <gpxtpx:cad>83</gpxtpx:cad>
          </gpxtpx:TrackPointExtension>
        </extensions>
      </trkpt>
      <trkpt lat="46.1457156223" lon="7.1583888399">
        <ele>538.90</ele>
        <time>2026-05-17T07:53:24.000Z</time>
        <extensions>
          <power>210</power>
          <gpxtpx:TrackPointExtension>
            <gpxtpx:atemp>19.8</gpxtpx:atemp>
            <gpxtpx:hr>114</gpxtpx:hr>
            <gpxtpx:cad>83</gpxtpx:cad>
          </gpxtpx:TrackPointExtension>
        </extensions>
      </trkpt>
      <trkpt lat="46.1457661156" lon="7.1585490183">
        <ele>538.24</ele>
        <time>2026-05-17T07:53:25.000Z</time>
        <extensions>
          <power>210</power>
          <gpxtpx:TrackPointExtension>
            <gpxtpx:atemp>19.8</gpxtpx:atemp>
            <gpxtpx:hr>114</gpxtpx:hr>
            <gpxtpx:cad>83</gpxtpx:cad>
          </gpxtpx:TrackPointExtension>
        </extensions>
      </trkpt>
      <trkpt lat="46.1458137829" lon="7.1587008977">
        <ele>537.58</ele>
        <time>2026-05-17T07:53:26.000Z</time>
        <extensions>
          <power>210</power>
          <gpxtpx:TrackPointExtension>
            <gpxtpx:atemp>19.8</gpxtpx:atemp>
            <gpxtpx:hr>114</gpxtpx:hr>
            <gpxtpx:cad>83</gpxtpx:cad>
          </gpxtpx:TrackPointExtension>
        </extensions>
      </trkpt>
      <trkpt lat="46.1458672336" lon="7.1588584450">
        <ele>536.92</ele>
        <time>2026-05-17T07:53:27.000Z</time>
        <extensions>
          <power>210</power>
          <gpxtpx:TrackPointExtension>
            <gpxtpx:atemp>19.8</gpxtpx:atemp>
            <gpxtpx:hr>114</gpxtpx:hr>
            <gpxtpx:cad>83</gpxtpx:cad>
          </gpxtpx:TrackPointExtension>
        </extensions>
      </trkpt>
      <trkpt lat="46.1459180124" lon="7.1590092638">
        <ele>536.26</ele>
        <time>2026-05-17T07:53:28.000Z</time>
        <extensions>
          <power>210</power>
          <gpxtpx:TrackPointExtension>
            <gpxtpx:atemp>19.8</gpxtpx:atemp>
            <gpxtpx:hr>114</gpxtpx:hr>
            <gpxtpx:cad>84</gpxtpx:cad>
          </gpxtpx:TrackPointExtension>
        </extensions>
      </trkpt>
      <trkpt lat="46.1459725626" lon="7.1591675110">
        <ele>535.60</ele>
        <time>2026-05-17T07:53:29.000Z</time>
        <extensions>
          <power>210</power>
          <gpxtpx:TrackPointExtension>
            <gpxtpx:atemp>19.8</gpxtpx:atemp>
            <gpxtpx:hr>114</gpxtpx:hr>
            <gpxtpx:cad>84</gpxtpx:cad>
          </gpxtpx:TrackPointExtension>
        </extensions>
      </trkpt>
      <trkpt lat="46.1460219182" lon="7.1593158499">
        <ele>534.93</ele>
        <time>2026-05-17T07:53:30.000Z</time>
        <extensions>
          <power>210</power>
          <gpxtpx:TrackPointExtension>
            <gpxtpx:atemp>19.8</gpxtpx:atemp>
            <gpxtpx:hr>114</gpxtpx:hr>
            <gpxtpx:cad>84</gpxtpx:cad>
          </gpxtpx:TrackPointExtension>
        </extensions>
      </trkpt>
      <trkpt lat="46.1460744634" lon="7.1594687144">
        <ele>534.27</ele>
        <time>2026-05-17T07:53:31.000Z</time>
        <extensions>
          <power>210</power>
          <gpxtpx:TrackPointExtension>
            <gpxtpx:atemp>19.8</gpxtpx:atemp>
            <gpxtpx:hr>114</gpxtpx:hr>
            <gpxtpx:cad>84</gpxtpx:cad>
          </gpxtpx:TrackPointExtension>
        </extensions>
      </trkpt>
      <trkpt lat="46.1461300045" lon="7.1596252692">
        <ele>533.61</ele>
        <time>2026-05-17T07:53:32.000Z</time>
        <extensions>
          <power>210</power>
          <gpxtpx:TrackPointExtension>
            <gpxtpx:atemp>19.8</gpxtpx:atemp>
            <gpxtpx:hr>114</gpxtpx:hr>
            <gpxtpx:cad>84</gpxtpx:cad>
          </gpxtpx:TrackPointExtension>
        </extensions>
      </trkpt>
      <trkpt lat="46.1461867972" lon="7.1597799420">
        <ele>532.94</ele>
        <time>2026-05-17T07:53:33.000Z</time>
        <extensions>
          <power>210</power>
          <gpxtpx:TrackPointExtension>
            <gpxtpx:atemp>19.8</gpxtpx:atemp>
            <gpxtpx:hr>114</gpxtpx:hr>
            <gpxtpx:cad>84</gpxtpx:cad>
          </gpxtpx:TrackPointExtension>
        </extensions>
      </trkpt>
      <trkpt lat="46.1462425842" lon="7.1599410434">
        <ele>532.27</ele>
        <time>2026-05-17T07:53:34.000Z</time>
        <extensions>
          <power>210</power>
          <gpxtpx:TrackPointExtension>
            <gpxtpx:atemp>19.8</gpxtpx:atemp>
            <gpxtpx:hr>114</gpxtpx:hr>
            <gpxtpx:cad>85</gpxtpx:cad>
          </gpxtpx:TrackPointExtension>
        </extensions>
      </trkpt>
      <trkpt lat="46.1462967034" lon="7.1600958939">
        <ele>531.61</ele>
        <time>2026-05-17T07:53:35.000Z</time>
        <extensions>
          <power>210</power>
          <gpxtpx:TrackPointExtension>
            <gpxtpx:atemp>19.8</gpxtpx:atemp>
            <gpxtpx:hr>114</gpxtpx:hr>
            <gpxtpx:cad>85</gpxtpx:cad>
          </gpxtpx:TrackPointExtension>
        </extensions>
      </trkpt>
      <trkpt lat="46.1463507022" lon="7.1602576289">
        <ele>530.94</ele>
        <time>2026-05-17T07:53:36.000Z</time>
        <extensions>
          <power>210</power>
          <gpxtpx:TrackPointExtension>
            <gpxtpx:atemp>19.8</gpxtpx:atemp>
            <gpxtpx:hr>114</gpxtpx:hr>
            <gpxtpx:cad>85</gpxtpx:cad>
          </gpxtpx:TrackPointExtension>
        </extensions>
      </trkpt>
      <trkpt lat="46.1464031006" lon="7.1604053865">
        <ele>530.27</ele>
        <time>2026-05-17T07:53:37.000Z</time>
        <extensions>
          <power>210</power>
          <gpxtpx:TrackPointExtension>
            <gpxtpx:atemp>19.8</gpxtpx:atemp>
            <gpxtpx:hr>114</gpxtpx:hr>
            <gpxtpx:cad>85</gpxtpx:cad>
          </gpxtpx:TrackPointExtension>
        </extensions>
      </trkpt>
      <trkpt lat="46.1464546714" lon="7.1605660752">
        <ele>529.60</ele>
        <time>2026-05-17T07:53:38.000Z</time>
        <extensions>
          <power>210</power>
          <gpxtpx:TrackPointExtension>
            <gpxtpx:atemp>19.8</gpxtpx:atemp>
            <gpxtpx:hr>114</gpxtpx:hr>
            <gpxtpx:cad>85</gpxtpx:cad>
          </gpxtpx:TrackPointExtension>
        </extensions>
      </trkpt>
      <trkpt lat="46.1465062628" lon="7.1607247449">
        <ele>528.93</ele>
        <time>2026-05-17T07:53:39.000Z</time>
        <extensions>
          <power>210</power>
          <gpxtpx:TrackPointExtension>
            <gpxtpx:atemp>19.8</gpxtpx:atemp>
            <gpxtpx:hr>114</gpxtpx:hr>
            <gpxtpx:cad>85</gpxtpx:cad>
          </gpxtpx:TrackPointExtension>
        </extensions>
      </trkpt>
      <trkpt lat="46.1465650139" lon="7.1608731905">
        <ele>528.26</ele>
        <time>2026-05-17T07:53:40.000Z</time>
        <extensions>
          <power>210</power>
          <gpxtpx:TrackPointExtension>
            <gpxtpx:atemp>19.8</gpxtpx:atemp>
            <gpxtpx:hr>114</gpxtpx:hr>
            <gpxtpx:cad>86</gpxtpx:cad>
          </gpxtpx:TrackPointExtension>
        </extensions>
      </trkpt>
      <trkpt lat="46.1466206650" lon="7.1610327115">
        <ele>527.59</ele>
        <time>2026-05-17T07:53:41.000Z</time>
        <extensions>
          <power>210</power>
          <gpxtpx:TrackPointExtension>
            <gpxtpx:atemp>19.8</gpxtpx:atemp>
            <gpxtpx:hr>114</gpxtpx:hr>
            <gpxtpx:cad>86</gpxtpx:cad>
          </gpxtpx:TrackPointExtension>
        </extensions>
      </trkpt>
      <trkpt lat="46.1466762427" lon="7.1611845508">
        <ele>526.92</ele>
        <time>2026-05-17T07:53:42.000Z</time>
        <extensions>
          <power>210</power>
          <gpxtpx:TrackPointExtension>
            <gpxtpx:atemp>19.8</gpxtpx:atemp>
            <gpxtpx:hr>114</gpxtpx:hr>
            <gpxtpx:cad>86</gpxtpx:cad>
          </gpxtpx:TrackPointExtension>
        </extensions>
      </trkpt>
      <trkpt lat="46.1467358981" lon="7.1613342941">
        <ele>526.25</ele>
        <time>2026-05-17T07:53:43.000Z</time>
        <extensions>
          <power>210</power>
          <gpxtpx:TrackPointExtension>
            <gpxtpx:atemp>19.8</gpxtpx:atemp>
            <gpxtpx:hr>114</gpxtpx:hr>
            <gpxtpx:cad>86</gpxtpx:cad>
          </gpxtpx:TrackPointExtension>
        </extensions>
      </trkpt>
      <trkpt lat="46.1467952062" lon="7.1614908975">
        <ele>525.57</ele>
        <time>2026-05-17T07:53:44.000Z</time>
        <extensions>
          <power>210</power>
          <gpxtpx:TrackPointExtension>
            <gpxtpx:atemp>19.8</gpxtpx:atemp>
            <gpxtpx:hr>114</gpxtpx:hr>
            <gpxtpx:cad>86</gpxtpx:cad>
          </gpxtpx:TrackPointExtension>
        </extensions>
      </trkpt>
      <trkpt lat="46.1468510523" lon="7.1616445723">
        <ele>524.90</ele>
        <time>2026-05-17T07:53:45.000Z</time>
        <extensions>
          <power>210</power>
          <gpxtpx:TrackPointExtension>
            <gpxtpx:atemp>19.8</gpxtpx:atemp>
            <gpxtpx:hr>114</gpxtpx:hr>
            <gpxtpx:cad>86</gpxtpx:cad>
          </gpxtpx:TrackPointExtension>
        </extensions>
      </trkpt>
      <trkpt lat="46.1469118055" lon="7.1618027600">
        <ele>524.23</ele>
        <time>2026-05-17T07:53:46.000Z</time>
        <extensions>
          <power>210</power>
          <gpxtpx:TrackPointExtension>
            <gpxtpx:atemp>19.8</gpxtpx:atemp>
            <gpxtpx:hr>114</gpxtpx:hr>
            <gpxtpx:cad>86</gpxtpx:cad>
          </gpxtpx:TrackPointExtension>
        </extensions>
      </trkpt>
      <trkpt lat="46.1469714331" lon="7.1619540338">
        <ele>523.55</ele>
        <time>2026-05-17T07:53:47.000Z</time>
        <extensions>
          <power>210</power>
          <gpxtpx:TrackPointExtension>
            <gpxtpx:atemp>19.8</gpxtpx:atemp>
            <gpxtpx:hr>114</gpxtpx:hr>
            <gpxtpx:cad>86</gpxtpx:cad>
          </gpxtpx:TrackPointExtension>
        </extensions>
      </trkpt>
      <trkpt lat="46.1470337949" lon="7.1621136106">
        <ele>522.88</ele>
        <time>2026-05-17T07:53:48.000Z</time>
        <extensions>
          <power>210</power>
          <gpxtpx:TrackPointExtension>
            <gpxtpx:atemp>19.8</gpxtpx:atemp>
            <gpxtpx:hr>114</gpxtpx:hr>
            <gpxtpx:cad>87</gpxtpx:cad>
          </gpxtpx:TrackPointExtension>
        </extensions>
      </trkpt>
      <trkpt lat="46.1470889291" lon="7.1622707411">
        <ele>522.20</ele>
        <time>2026-05-17T07:53:49.000Z</time>
        <extensions>
          <power>210</power>
          <gpxtpx:TrackPointExtension>
            <gpxtpx:atemp>19.8</gpxtpx:atemp>
            <gpxtpx:hr>114</gpxtpx:hr>
            <gpxtpx:cad>87</gpxtpx:cad>
          </gpxtpx:TrackPointExtension>
        </extensions>
      </trkpt>
      <trkpt lat="46.1471450714" lon="7.1624284865">
        <ele>521.52</ele>
        <time>2026-05-17T07:53:50.000Z</time>
        <extensions>
          <power>210</power>
          <gpxtpx:TrackPointExtension>
            <gpxtpx:atemp>19.8</gpxtpx:atemp>
            <gpxtpx:hr>114</gpxtpx:hr>
            <gpxtpx:cad>87</gpxtpx:cad>
          </gpxtpx:TrackPointExtension>
        </extensions>
      </trkpt>
      <trkpt lat="46.1472078166" lon="7.1625779662">
        <ele>520.85</ele>
        <time>2026-05-17T07:53:51.000Z</time>
        <extensions>
          <power>210</power>
          <gpxtpx:TrackPointExtension>
            <gpxtpx:atemp>19.8</gpxtpx:atemp>
            <gpxtpx:hr>114</gpxtpx:hr>
            <gpxtpx:cad>87</gpxtpx:cad>
          </gpxtpx:TrackPointExtension>
        </extensions>
      </trkpt>
      <trkpt lat="46.1472731737" lon="7.1627311299">
        <ele>520.17</ele>
        <time>2026-05-17T07:53:52.000Z</time>
        <extensions>
          <power>210</power>
          <gpxtpx:TrackPointExtension>
            <gpxtpx:atemp>19.8</gpxtpx:atemp>
            <gpxtpx:hr>114</gpxtpx:hr>
            <gpxtpx:cad>87</gpxtpx:cad>
          </gpxtpx:TrackPointExtension>
        </extensions>
      </trkpt>
      <trkpt lat="46.1473383553" lon="7.1628877713">
        <ele>519.49</ele>
        <time>2026-05-17T07:53:53.000Z</time>
        <extensions>
          <power>210</power>
          <gpxtpx:TrackPointExtension>
            <gpxtpx:atemp>19.8</gpxtpx:atemp>
            <gpxtpx:hr>114</gpxtpx:hr>
            <gpxtpx:cad>87</gpxtpx:cad>
          </gpxtpx:TrackPointExtension>
        </extensions>
      </trkpt>
      <trkpt lat="46.1473949829" lon="7.1630409900">
        <ele>518.81</ele>
        <time>2026-05-17T07:53:54.000Z</time>
        <extensions>
          <power>210</power>
          <gpxtpx:TrackPointExtension>
            <gpxtpx:atemp>19.8</gpxtpx:atemp>
            <gpxtpx:hr>114</gpxtpx:hr>
            <gpxtpx:cad>87</gpxtpx:cad>
          </gpxtpx:TrackPointExtension>
        </extensions>
      </trkpt>
      <trkpt lat="46.1474556364" lon="7.1631994905">
        <ele>518.13</ele>
        <time>2026-05-17T07:53:55.000Z</time>
        <extensions>
          <power>210</power>
          <gpxtpx:TrackPointExtension>
            <gpxtpx:atemp>19.8</gpxtpx:atemp>
            <gpxtpx:hr>114</gpxtpx:hr>
            <gpxtpx:cad>87</gpxtpx:cad>
          </gpxtpx:TrackPointExtension>
        </extensions>
      </trkpt>
      <trkpt lat="46.1475190259" lon="7.1633544617">
        <ele>517.45</ele>
        <time>2026-05-17T07:53:56.000Z</time>
        <extensions>
          <power>210</power>
          <gpxtpx:TrackPointExtension>
            <gpxtpx:atemp>19.8</gpxtpx:atemp>
            <gpxtpx:hr>114</gpxtpx:hr>
            <gpxtpx:cad>87</gpxtpx:cad>
          </gpxtpx:TrackPointExtension>
        </extensions>
      </trkpt>
      <trkpt lat="46.1475762476" lon="7.1635137599">
        <ele>516.78</ele>
        <time>2026-05-17T07:53:57.000Z</time>
        <extensions>
          <power>210</power>
          <gpxtpx:TrackPointExtension>
            <gpxtpx:atemp>19.8</gpxtpx:atemp>
            <gpxtpx:hr>114</gpxtpx:hr>
            <gpxtpx:cad>87</gpxtpx:cad>
          </gpxtpx:TrackPointExtension>
        </extensions>
      </trkpt>
      <trkpt lat="46.1476389661" lon="7.1636625216">
        <ele>516.10</ele>
        <time>2026-05-17T07:53:58.000Z</time>
        <extensions>
          <power>210</power>
          <gpxtpx:TrackPointExtension>
            <gpxtpx:atemp>19.8</gpxtpx:atemp>
            <gpxtpx:hr>114</gpxtpx:hr>
            <gpxtpx:cad>88</gpxtpx:cad>
          </gpxtpx:TrackPointExtension>
        </extensions>
      </trkpt>
      <trkpt lat="46.1477072944" lon="7.1638202788">
        <ele>515.42</ele>
        <time>2026-05-17T07:53:59.000Z</time>
        <extensions>
          <power>210</power>
          <gpxtpx:TrackPointExtension>
            <gpxtpx:atemp>19.8</gpxtpx:atemp>
            <gpxtpx:hr>115</gpxtpx:hr>
            <gpxtpx:cad>88</gpxtpx:cad>
          </gpxtpx:TrackPointExtension>
        </extensions>
      </trkpt>
      <trkpt lat="46.1477733009" lon="7.1639648282">
        <ele>514.73</ele>
        <time>2026-05-17T07:54:00.000Z</time>
        <extensions>
          <power>210</power>
          <gpxtpx:TrackPointExtension>
            <gpxtpx:atemp>19.8</gpxtpx:atemp>
            <gpxtpx:hr>115</gpxtpx:hr>
            <gpxtpx:cad>88</gpxtpx:cad>
          </gpxtpx:TrackPointExtension>
        </extensions>
      </trkpt>
      <trkpt lat="46.1478415180" lon="7.1641224638">
        <ele>514.05</ele>
        <time>2026-05-17T07:54:01.000Z</time>
        <extensions>
          <power>210</power>
          <gpxtpx:TrackPointExtension>
            <gpxtpx:atemp>19.8</gpxtpx:atemp>
            <gpxtpx:hr>115</gpxtpx:hr>
            <gpxtpx:cad>88</gpxtpx:cad>
          </gpxtpx:TrackPointExtension>
        </extensions>
      </trkpt>
      <trkpt lat="46.1479040853" lon="7.1642709753">
        <ele>513.37</ele>
        <time>2026-05-17T07:54:02.000Z</time>
        <extensions>
          <power>210</power>
          <gpxtpx:TrackPointExtension>
            <gpxtpx:atemp>19.8</gpxtpx:atemp>
            <gpxtpx:hr>115</gpxtpx:hr>
            <gpxtpx:cad>88</gpxtpx:cad>
          </gpxtpx:TrackPointExtension>
        </extensions>
      </trkpt>
      <trkpt lat="46.1479700169" lon="7.1644171126">
        <ele>512.69</ele>
        <time>2026-05-17T07:54:03.000Z</time>
        <extensions>
          <power>210</power>
          <gpxtpx:TrackPointExtension>
            <gpxtpx:atemp>19.8</gpxtpx:atemp>
            <gpxtpx:hr>115</gpxtpx:hr>
            <gpxtpx:cad>88</gpxtpx:cad>
          </gpxtpx:TrackPointExtension>
        </extensions>
      </trkpt>
      <trkpt lat="46.1480356242" lon="7.1645627417">
        <ele>512.01</ele>
        <time>2026-05-17T07:54:04.000Z</time>
        <extensions>
          <power>210</power>
          <gpxtpx:TrackPointExtension>
            <gpxtpx:atemp>19.8</gpxtpx:atemp>
            <gpxtpx:hr>115</gpxtpx:hr>
            <gpxtpx:cad>88</gpxtpx:cad>
          </gpxtpx:TrackPointExtension>
        </extensions>
      </trkpt>
      <trkpt lat="46.1481043018" lon="7.1647186551">
        <ele>511.33</ele>
        <time>2026-05-17T07:54:05.000Z</time>
        <extensions>
          <power>210</power>
          <gpxtpx:TrackPointExtension>
            <gpxtpx:atemp>19.8</gpxtpx:atemp>
            <gpxtpx:hr>115</gpxtpx:hr>
            <gpxtpx:cad>88</gpxtpx:cad>
          </gpxtpx:TrackPointExtension>
        </extensions>
      </trkpt>
      <trkpt lat="46.1481685206" lon="7.1648624277">
        <ele>510.65</ele>
        <time>2026-05-17T07:54:06.000Z</time>
        <extensions>
          <power>210</power>
          <gpxtpx:TrackPointExtension>
            <gpxtpx:atemp>19.8</gpxtpx:atemp>
            <gpxtpx:hr>115</gpxtpx:hr>
            <gpxtpx:cad>88</gpxtpx:cad>
          </gpxtpx:TrackPointExtension>
        </extensions>
      </trkpt>
      <trkpt lat="46.1482299461" lon="7.1650165276">
        <ele>509.96</ele>
        <time>2026-05-17T07:54:07.000Z</time>
        <extensions>
          <power>210</power>
          <gpxtpx:TrackPointExtension>
            <gpxtpx:atemp>19.8</gpxtpx:atemp>
            <gpxtpx:hr>115</gpxtpx:hr>
            <gpxtpx:cad>88</gpxtpx:cad>
          </gpxtpx:TrackPointExtension>
        </extensions>
      </trkpt>
      <trkpt lat="46.1482920189" lon="7.1651707340">
        <ele>509.28</ele>
        <time>2026-05-17T07:54:08.000Z</time>
        <extensions>
          <power>210</power>
          <gpxtpx:TrackPointExtension>
            <gpxtpx:atemp>19.8</gpxtpx:atemp>
            <gpxtpx:hr>115</gpxtpx:hr>
            <gpxtpx:cad>88</gpxtpx:cad>
          </gpxtpx:TrackPointExtension>
        </extensions>
      </trkpt>
      <trkpt lat="46.1483592299" lon="7.1653200512">
        <ele>508.60</ele>
        <time>2026-05-17T07:54:09.000Z</time>
        <extensions>
          <power>210</power>
          <gpxtpx:TrackPointExtension>
            <gpxtpx:atemp>19.8</gpxtpx:atemp>
            <gpxtpx:hr>115</gpxtpx:hr>
            <gpxtpx:cad>88</gpxtpx:cad>
          </gpxtpx:TrackPointExtension>
        </extensions>
      </trkpt>
      <trkpt lat="46.1484285897" lon="7.1654738463">
        <ele>507.92</ele>
        <time>2026-05-17T07:54:10.000Z</time>
        <extensions>
          <power>210</power>
          <gpxtpx:TrackPointExtension>
            <gpxtpx:atemp>19.8</gpxtpx:atemp>
            <gpxtpx:hr>115</gpxtpx:hr>
            <gpxtpx:cad>88</gpxtpx:cad>
          </gpxtpx:TrackPointExtension>
        </extensions>
      </trkpt>
      <trkpt lat="46.1484981621" lon="7.1656212350">
        <ele>507.23</ele>
        <time>2026-05-17T07:54:11.000Z</time>
        <extensions>
          <power>210</power>
          <gpxtpx:TrackPointExtension>
            <gpxtpx:atemp>19.8</gpxtpx:atemp>
            <gpxtpx:hr>115</gpxtpx:hr>
            <gpxtpx:cad>88</gpxtpx:cad>
          </gpxtpx:TrackPointExtension>
        </extensions>
      </trkpt>
      <trkpt lat="46.1485666325" lon="7.1657665712">
        <ele>506.55</ele>
        <time>2026-05-17T07:54:12.000Z</time>
        <extensions>
          <power>210</power>
          <gpxtpx:TrackPointExtension>
            <gpxtpx:atemp>19.8</gpxtpx:atemp>
            <gpxtpx:hr>115</gpxtpx:hr>
            <gpxtpx:cad>88</gpxtpx:cad>
          </gpxtpx:TrackPointExtension>
        </extensions>
      </trkpt>
      <trkpt lat="46.1486342797" lon="7.1659208481">
        <ele>505.87</ele>
        <time>2026-05-17T07:54:13.000Z</time>
        <extensions>
          <power>210</power>
          <gpxtpx:TrackPointExtension>
            <gpxtpx:atemp>19.8</gpxtpx:atemp>
            <gpxtpx:hr>115</gpxtpx:hr>
            <gpxtpx:cad>88</gpxtpx:cad>
          </gpxtpx:TrackPointExtension>
        </extensions>
      </trkpt>
      <trkpt lat="46.1487042157" lon="7.1660634395">
        <ele>505.19</ele>
        <time>2026-05-17T07:54:14.000Z</time>
        <extensions>
          <power>210</power>
          <gpxtpx:TrackPointExtension>
            <gpxtpx:atemp>19.8</gpxtpx:atemp>
            <gpxtpx:hr>115</gpxtpx:hr>
            <gpxtpx:cad>88</gpxtpx:cad>
          </gpxtpx:TrackPointExtension>
        </extensions>
      </trkpt>
      <trkpt lat="46.1487698302" lon="7.1662138159">
        <ele>504.51</ele>
        <time>2026-05-17T07:54:15.000Z</time>
        <extensions>
          <power>210</power>
          <gpxtpx:TrackPointExtension>
            <gpxtpx:atemp>19.8</gpxtpx:atemp>
            <gpxtpx:hr>115</gpxtpx:hr>
            <gpxtpx:cad>88</gpxtpx:cad>
          </gpxtpx:TrackPointExtension>
        </extensions>
      </trkpt>
      <trkpt lat="46.1488343444" lon="7.1663676374">
        <ele>503.82</ele>
        <time>2026-05-17T07:54:16.000Z</time>
        <extensions>
          <power>210</power>
          <gpxtpx:TrackPointExtension>
            <gpxtpx:atemp>19.8</gpxtpx:atemp>
            <gpxtpx:hr>115</gpxtpx:hr>
            <gpxtpx:cad>88</gpxtpx:cad>
          </gpxtpx:TrackPointExtension>
        </extensions>
      </trkpt>
      <trkpt lat="46.1488967153" lon="7.1665144101">
        <ele>503.14</ele>
        <time>2026-05-17T07:54:17.000Z</time>
        <extensions>
          <power>210</power>
          <gpxtpx:TrackPointExtension>
            <gpxtpx:atemp>19.8</gpxtpx:atemp>
            <gpxtpx:hr>115</gpxtpx:hr>
            <gpxtpx:cad>88</gpxtpx:cad>
          </gpxtpx:TrackPointExtension>
        </extensions>
      </trkpt>
      <trkpt lat="46.1489630650" lon="7.1666587626">
        <ele>502.46</ele>
        <time>2026-05-17T07:54:18.000Z</time>
        <extensions>
          <power>210</power>
          <gpxtpx:TrackPointExtension>
            <gpxtpx:atemp>19.8</gpxtpx:atemp>
            <gpxtpx:hr>116</gpxtpx:hr>
            <gpxtpx:cad>88</gpxtpx:cad>
          </gpxtpx:TrackPointExtension>
        </extensions>
      </trkpt>
      <trkpt lat="46.1490296938" lon="7.1668035867">
        <ele>501.78</ele>
        <time>2026-05-17T07:54:19.000Z</time>
        <extensions>
          <power>210</power>
          <gpxtpx:TrackPointExtension>
            <gpxtpx:atemp>19.8</gpxtpx:atemp>
            <gpxtpx:hr>116</gpxtpx:hr>
            <gpxtpx:cad>88</gpxtpx:cad>
          </gpxtpx:TrackPointExtension>
        </extensions>
      </trkpt>
      <trkpt lat="46.1491012374" lon="7.1669454560">
        <ele>501.09</ele>
        <time>2026-05-17T07:54:20.000Z</time>
        <extensions>
          <power>210</power>
          <gpxtpx:TrackPointExtension>
            <gpxtpx:atemp>19.8</gpxtpx:atemp>
            <gpxtpx:hr>116</gpxtpx:hr>
            <gpxtpx:cad>88</gpxtpx:cad>
          </gpxtpx:TrackPointExtension>
        </extensions>
      </trkpt>
      <trkpt lat="46.1491753023" lon="7.1670860471">
        <ele>500.41</ele>
        <time>2026-05-17T07:54:21.000Z</time>
        <extensions>
          <power>210</power>
          <gpxtpx:TrackPointExtension>
            <gpxtpx:atemp>19.8</gpxtpx:atemp>
            <gpxtpx:hr>116</gpxtpx:hr>
            <gpxtpx:cad>88</gpxtpx:cad>
          </gpxtpx:TrackPointExtension>
        </extensions>
      </trkpt>
      <trkpt lat="46.1492401116" lon="7.1672340912">
        <ele>499.73</ele>
        <time>2026-05-17T07:54:22.000Z</time>
        <extensions>
          <power>210</power>
          <gpxtpx:TrackPointExtension>
            <gpxtpx:atemp>19.8</gpxtpx:atemp>
            <gpxtpx:hr>116</gpxtpx:hr>
            <gpxtpx:cad>88</gpxtpx:cad>
          </gpxtpx:TrackPointExtension>
        </extensions>
      </trkpt>
      <trkpt lat="46.1493128054" lon="7.1673869730">
        <ele>499.05</ele>
        <time>2026-05-17T07:54:23.000Z</time>
        <extensions>
          <power>210</power>
          <gpxtpx:TrackPointExtension>
            <gpxtpx:atemp>19.8</gpxtpx:atemp>
            <gpxtpx:hr>116</gpxtpx:hr>
            <gpxtpx:cad>88</gpxtpx:cad>
          </gpxtpx:TrackPointExtension>
        </extensions>
      </trkpt>
      <trkpt lat="46.1493831283" lon="7.1675362191">
        <ele>498.37</ele>
        <time>2026-05-17T07:54:24.000Z</time>
        <extensions>
          <power>210</power>
          <gpxtpx:TrackPointExtension>
            <gpxtpx:atemp>19.8</gpxtpx:atemp>
            <gpxtpx:hr>116</gpxtpx:hr>
            <gpxtpx:cad>88</gpxtpx:cad>
          </gpxtpx:TrackPointExtension>
        </extensions>
      </trkpt>
      <trkpt lat="46.1494498929" lon="7.1676856123">
        <ele>497.69</ele>
        <time>2026-05-17T07:54:25.000Z</time>
        <extensions>
          <power>210</power>
          <gpxtpx:TrackPointExtension>
            <gpxtpx:atemp>19.8</gpxtpx:atemp>
            <gpxtpx:hr>116</gpxtpx:hr>
            <gpxtpx:cad>88</gpxtpx:cad>
          </gpxtpx:TrackPointExtension>
        </extensions>
      </trkpt>
      <trkpt lat="46.1495242225" lon="7.1678225221">
        <ele>497.01</ele>
        <time>2026-05-17T07:54:26.000Z</time>
        <extensions>
          <power>210</power>
          <gpxtpx:TrackPointExtension>
            <gpxtpx:atemp>19.8</gpxtpx:atemp>
            <gpxtpx:hr>116</gpxtpx:hr>
            <gpxtpx:cad>87</gpxtpx:cad>
          </gpxtpx:TrackPointExtension>
        </extensions>
      </trkpt>
      <trkpt lat="46.1495912524" lon="7.1679656452">
        <ele>496.33</ele>
        <time>2026-05-17T07:54:27.000Z</time>
        <extensions>
          <power>210</power>
          <gpxtpx:TrackPointExtension>
            <gpxtpx:atemp>19.8</gpxtpx:atemp>
            <gpxtpx:hr>116</gpxtpx:hr>
            <gpxtpx:cad>87</gpxtpx:cad>
          </gpxtpx:TrackPointExtension>
        </extensions>
      </trkpt>
      <trkpt lat="46.1496641118" lon="7.1681147709">
        <ele>495.65</ele>
        <time>2026-05-17T07:54:28.000Z</time>
        <extensions>
          <power>210</power>
          <gpxtpx:TrackPointExtension>
            <gpxtpx:atemp>19.8</gpxtpx:atemp>
            <gpxtpx:hr>116</gpxtpx:hr>
            <gpxtpx:cad>87</gpxtpx:cad>
          </gpxtpx:TrackPointExtension>
        </extensions>
      </trkpt>
      <trkpt lat="46.1497344059" lon="7.1682550176">
        <ele>494.97</ele>
        <time>2026-05-17T07:54:29.000Z</time>
        <extensions>
          <power>210</power>
          <gpxtpx:TrackPointExtension>
            <gpxtpx:atemp>19.8</gpxtpx:atemp>
            <gpxtpx:hr>116</gpxtpx:hr>
            <gpxtpx:cad>87</gpxtpx:cad>
          </gpxtpx:TrackPointExtension>
        </extensions>
      </trkpt>
      <trkpt lat="46.1498021702" lon="7.1683903597">
        <ele>494.29</ele>
        <time>2026-05-17T07:54:30.000Z</time>
        <extensions>
          <power>210</power>
          <gpxtpx:TrackPointExtension>
            <gpxtpx:atemp>19.8</gpxtpx:atemp>
            <gpxtpx:hr>116</gpxtpx:hr>
            <gpxtpx:cad>87</gpxtpx:cad>
          </gpxtpx:TrackPointExtension>
        </extensions>
      </trkpt>
      <trkpt lat="46.1498756917" lon="7.1685364293">
        <ele>493.61</ele>
        <time>2026-05-17T07:54:31.000Z</time>
        <extensions>
          <power>210</power>
          <gpxtpx:TrackPointExtension>
            <gpxtpx:atemp>19.8</gpxtpx:atemp>
            <gpxtpx:hr>117</gpxtpx:hr>
            <gpxtpx:cad>87</gpxtpx:cad>
          </gpxtpx:TrackPointExtension>
        </extensions>
      </trkpt>
      <trkpt lat="46.1499533874" lon="7.1686792205">
        <ele>492.93</ele>
        <time>2026-05-17T07:54:32.000Z</time>
        <extensions>
          <power>210</power>
          <gpxtpx:TrackPointExtension>
            <gpxtpx:atemp>19.8</gpxtpx:atemp>
            <gpxtpx:hr>117</gpxtpx:hr>
            <gpxtpx:cad>87</gpxtpx:cad>
          </gpxtpx:TrackPointExtension>
        </extensions>
      </trkpt>
      <trkpt lat="46.1500301501" lon="7.1688185137">
        <ele>492.25</ele>
        <time>2026-05-17T07:54:33.000Z</time>
        <extensions>
          <power>210</power>
          <gpxtpx:TrackPointExtension>
            <gpxtpx:atemp>19.8</gpxtpx:atemp>
            <gpxtpx:hr>117</gpxtpx:hr>
            <gpxtpx:cad>87</gpxtpx:cad>
          </gpxtpx:TrackPointExtension>
        </extensions>
      </trkpt>
      <trkpt lat="46.1501012413" lon="7.1689524053">
        <ele>491.58</ele>
        <time>2026-05-17T07:54:34.000Z</time>
        <extensions>
          <power>210</power>
          <gpxtpx:TrackPointExtension>
            <gpxtpx:atemp>19.8</gpxtpx:atemp>
            <gpxtpx:hr>117</gpxtpx:hr>
            <gpxtpx:cad>87</gpxtpx:cad>
          </gpxtpx:TrackPointExtension>
        </extensions>
      </trkpt>
      <trkpt lat="46.1501783924" lon="7.1690897931">
        <ele>490.90</ele>
        <time>2026-05-17T07:54:35.000Z</time>
        <extensions>
          <power>210</power>
          <gpxtpx:TrackPointExtension>
            <gpxtpx:atemp>19.8</gpxtpx:atemp>
            <gpxtpx:hr>117</gpxtpx:hr>
            <gpxtpx:cad>87</gpxtpx:cad>
          </gpxtpx:TrackPointExtension>
        </extensions>
      </trkpt>
      <trkpt lat="46.1502550132" lon="7.1692329078">
        <ele>490.22</ele>
        <time>2026-05-17T07:54:36.000Z</time>
        <extensions>
          <power>210</power>
          <gpxtpx:TrackPointExtension>
            <gpxtpx:atemp>19.8</gpxtpx:atemp>
            <gpxtpx:hr>117</gpxtpx:hr>
            <gpxtpx:cad>86</gpxtpx:cad>
          </gpxtpx:TrackPointExtension>
        </extensions>
      </trkpt>
      <trkpt lat="46.1503265926" lon="7.1693752377">
        <ele>489.55</ele>
        <time>2026-05-17T07:54:37.000Z</time>
        <extensions>
          <power>210</power>
          <gpxtpx:TrackPointExtension>
            <gpxtpx:atemp>19.8</gpxtpx:atemp>
            <gpxtpx:hr>117</gpxtpx:hr>
            <gpxtpx:cad>86</gpxtpx:cad>
          </gpxtpx:TrackPointExtension>
        </extensions>
      </trkpt>
      <trkpt lat="46.1503987773" lon="7.1695208145">
        <ele>488.87</ele>
        <time>2026-05-17T07:54:38.000Z</time>
        <extensions>
          <power>210</power>
          <gpxtpx:TrackPointExtension>
            <gpxtpx:atemp>19.8</gpxtpx:atemp>
            <gpxtpx:hr>117</gpxtpx:hr>
            <gpxtpx:cad>86</gpxtpx:cad>
          </gpxtpx:TrackPointExtension>
        </extensions>
      </trkpt>
      <trkpt lat="46.1504729300" lon="7.1696617656">
        <ele>488.20</ele>
        <time>2026-05-17T07:54:39.000Z</time>
        <extensions>
          <power>210</power>
          <gpxtpx:TrackPointExtension>
            <gpxtpx:atemp>19.8</gpxtpx:atemp>
            <gpxtpx:hr>117</gpxtpx:hr>
            <gpxtpx:cad>86</gpxtpx:cad>
          </gpxtpx:TrackPointExtension>
        </extensions>
      </trkpt>
      <trkpt lat="46.1505432964" lon="7.1697955286">
        <ele>487.52</ele>
        <time>2026-05-17T07:54:40.000Z</time>
        <extensions>
          <power>210</power>
          <gpxtpx:TrackPointExtension>
            <gpxtpx:atemp>19.9</gpxtpx:atemp>
            <gpxtpx:hr>117</gpxtpx:hr>
            <gpxtpx:cad>86</gpxtpx:cad>
          </gpxtpx:TrackPointExtension>
        </extensions>
      </trkpt>
      <trkpt lat="46.1506240865" lon="7.1699341056">
        <ele>486.85</ele>
        <time>2026-05-17T07:54:41.000Z</time>
        <extensions>
          <power>210</power>
          <gpxtpx:TrackPointExtension>
            <gpxtpx:atemp>19.9</gpxtpx:atemp>
            <gpxtpx:hr>117</gpxtpx:hr>
            <gpxtpx:cad>86</gpxtpx:cad>
          </gpxtpx:TrackPointExtension>
        </extensions>
      </trkpt>
      <trkpt lat="46.1506969619" lon="7.1700730375">
        <ele>486.18</ele>
        <time>2026-05-17T07:54:42.000Z</time>
        <extensions>
          <power>210</power>
          <gpxtpx:TrackPointExtension>
            <gpxtpx:atemp>19.9</gpxtpx:atemp>
            <gpxtpx:hr>117</gpxtpx:hr>
            <gpxtpx:cad>86</gpxtpx:cad>
          </gpxtpx:TrackPointExtension>
        </extensions>
      </trkpt>
      <trkpt lat="46.1507723361" lon="7.1702022860">
        <ele>485.50</ele>
        <time>2026-05-17T07:54:43.000Z</time>
        <extensions>
          <power>210</power>
          <gpxtpx:TrackPointExtension>
            <gpxtpx:atemp>19.9</gpxtpx:atemp>
            <gpxtpx:hr>118</gpxtpx:hr>
            <gpxtpx:cad>86</gpxtpx:cad>
          </gpxtpx:TrackPointExtension>
        </extensions>
      </trkpt>
      <trkpt lat="46.1508543394" lon="7.1703384423">
        <ele>484.83</ele>
        <time>2026-05-17T07:54:44.000Z</time>
        <extensions>
          <power>210</power>
          <gpxtpx:TrackPointExtension>
            <gpxtpx:atemp>19.9</gpxtpx:atemp>
            <gpxtpx:hr>118</gpxtpx:hr>
            <gpxtpx:cad>85</gpxtpx:cad>
          </gpxtpx:TrackPointExtension>
        </extensions>
      </trkpt>
      <trkpt lat="46.1509330385" lon="7.1704722550">
        <ele>484.16</ele>
        <time>2026-05-17T07:54:45.000Z</time>
        <extensions>
          <power>210</power>
          <gpxtpx:TrackPointExtension>
            <gpxtpx:atemp>19.9</gpxtpx:atemp>
            <gpxtpx:hr>118</gpxtpx:hr>
            <gpxtpx:cad>85</gpxtpx:cad>
          </gpxtpx:TrackPointExtension>
        </extensions>
      </trkpt>
      <trkpt lat="46.1510082537" lon="7.1705995660">
        <ele>483.49</ele>
        <time>2026-05-17T07:54:46.000Z</time>
        <extensions>
          <power>210</power>
          <gpxtpx:TrackPointExtension>
            <gpxtpx:atemp>19.9</gpxtpx:atemp>
            <gpxtpx:hr>118</gpxtpx:hr>
            <gpxtpx:cad>85</gpxtpx:cad>
          </gpxtpx:TrackPointExtension>
        </extensions>
      </trkpt>
      <trkpt lat="46.1510853031" lon="7.1707264171">
        <ele>482.82</ele>
        <time>2026-05-17T07:54:47.000Z</time>
        <extensions>
          <power>210</power>
          <gpxtpx:TrackPointExtension>
            <gpxtpx:atemp>19.9</gpxtpx:atemp>
            <gpxtpx:hr>118</gpxtpx:hr>
            <gpxtpx:cad>85</gpxtpx:cad>
          </gpxtpx:TrackPointExtension>
        </extensions>
      </trkpt>
      <trkpt lat="46.1511651112" lon="7.1708605868">
        <ele>482.15</ele>
        <time>2026-05-17T07:54:48.000Z</time>
        <extensions>
          <power>210</power>
          <gpxtpx:TrackPointExtension>
            <gpxtpx:atemp>19.9</gpxtpx:atemp>
            <gpxtpx:hr>118</gpxtpx:hr>
            <gpxtpx:cad>85</gpxtpx:cad>
          </gpxtpx:TrackPointExtension>
        </extensions>
      </trkpt>
      <trkpt lat="46.1512419538" lon="7.1709989052">
        <ele>481.48</ele>
        <time>2026-05-17T07:54:49.000Z</time>
        <extensions>
          <power>210</power>
          <gpxtpx:TrackPointExtension>
            <gpxtpx:atemp>19.9</gpxtpx:atemp>
            <gpxtpx:hr>118</gpxtpx:hr>
            <gpxtpx:cad>85</gpxtpx:cad>
          </gpxtpx:TrackPointExtension>
        </extensions>
      </trkpt>
      <trkpt lat="46.1513204604" lon="7.1711241551">
        <ele>480.82</ele>
        <time>2026-05-17T07:54:50.000Z</time>
        <extensions>
          <power>210</power>
          <gpxtpx:TrackPointExtension>
            <gpxtpx:atemp>19.9</gpxtpx:atemp>
            <gpxtpx:hr>118</gpxtpx:hr>
            <gpxtpx:cad>84</gpxtpx:cad>
          </gpxtpx:TrackPointExtension>
        </extensions>
      </trkpt>
      <trkpt lat="46.1514046714" lon="7.1712512293">
        <ele>480.15</ele>
        <time>2026-05-17T07:54:51.000Z</time>
        <extensions>
          <power>210</power>
          <gpxtpx:TrackPointExtension>
            <gpxtpx:atemp>19.9</gpxtpx:atemp>
            <gpxtpx:hr>118</gpxtpx:hr>
            <gpxtpx:cad>84</gpxtpx:cad>
          </gpxtpx:TrackPointExtension>
        </extensions>
      </trkpt>
      <trkpt lat="46.1514849801" lon="7.1713839168">
        <ele>479.48</ele>
        <time>2026-05-17T07:54:52.000Z</time>
        <extensions>
          <power>210</power>
          <gpxtpx:TrackPointExtension>
            <gpxtpx:atemp>19.9</gpxtpx:atemp>
            <gpxtpx:hr>118</gpxtpx:hr>
            <gpxtpx:cad>84</gpxtpx:cad>
          </gpxtpx:TrackPointExtension>
        </extensions>
      </trkpt>
      <trkpt lat="46.1515647317" lon="7.1715174155">
        <ele>478.82</ele>
        <time>2026-05-17T07:54:53.000Z</time>
        <extensions>
          <power>210</power>
          <gpxtpx:TrackPointExtension>
            <gpxtpx:atemp>19.9</gpxtpx:atemp>
            <gpxtpx:hr>119</gpxtpx:hr>
            <gpxtpx:cad>84</gpxtpx:cad>
          </gpxtpx:TrackPointExtension>
        </extensions>
      </trkpt>
      <trkpt lat="46.1516411992" lon="7.1716406485">
        <ele>478.15</ele>
        <time>2026-05-17T07:54:54.000Z</time>
        <extensions>
          <power>210</power>
          <gpxtpx:TrackPointExtension>
            <gpxtpx:atemp>19.9</gpxtpx:atemp>
            <gpxtpx:hr>119</gpxtpx:hr>
            <gpxtpx:cad>84</gpxtpx:cad>
          </gpxtpx:TrackPointExtension>
        </extensions>
      </trkpt>
      <trkpt lat="46.1517257156" lon="7.1717655812">
        <ele>477.49</ele>
        <time>2026-05-17T07:54:55.000Z</time>
        <extensions>
          <power>210</power>
          <gpxtpx:TrackPointExtension>
            <gpxtpx:atemp>19.9</gpxtpx:atemp>
            <gpxtpx:hr>119</gpxtpx:hr>
            <gpxtpx:cad>83</gpxtpx:cad>
          </gpxtpx:TrackPointExtension>
        </extensions>
      </trkpt>
      <trkpt lat="46.1518075839" lon="7.1718965884">
        <ele>476.83</ele>
        <time>2026-05-17T07:54:56.000Z</time>
        <extensions>
          <power>210</power>
          <gpxtpx:TrackPointExtension>
            <gpxtpx:atemp>19.9</gpxtpx:atemp>
            <gpxtpx:hr>119</gpxtpx:hr>
            <gpxtpx:cad>83</gpxtpx:cad>
          </gpxtpx:TrackPointExtension>
        </extensions>
      </trkpt>
      <trkpt lat="46.1518877711" lon="7.1720168052">
        <ele>476.16</ele>
        <time>2026-05-17T07:54:57.000Z</time>
        <extensions>
          <power>210</power>
          <gpxtpx:TrackPointExtension>
            <gpxtpx:atemp>19.9</gpxtpx:atemp>
            <gpxtpx:hr>119</gpxtpx:hr>
            <gpxtpx:cad>83</gpxtpx:cad>
          </gpxtpx:TrackPointExtension>
        </extensions>
      </trkpt>
      <trkpt lat="46.1519702616" lon="7.1721382212">
        <ele>475.50</ele>
        <time>2026-05-17T07:54:58.000Z</time>
        <extensions>
          <power>210</power>
          <gpxtpx:TrackPointExtension>
            <gpxtpx:atemp>19.9</gpxtpx:atemp>
            <gpxtpx:hr>119</gpxtpx:hr>
            <gpxtpx:cad>83</gpxtpx:cad>
          </gpxtpx:TrackPointExtension>
        </extensions>
      </trkpt>
      <trkpt lat="46.1520496816" lon="7.1722611797">
        <ele>474.84</ele>
        <time>2026-05-17T07:54:59.000Z</time>
        <extensions>
          <power>210</power>
          <gpxtpx:TrackPointExtension>
            <gpxtpx:atemp>19.9</gpxtpx:atemp>
            <gpxtpx:hr>119</gpxtpx:hr>
            <gpxtpx:cad>83</gpxtpx:cad>
          </gpxtpx:TrackPointExtension>
        </extensions>
      </trkpt>
      <trkpt lat="46.1521358563" lon="7.1723807048">
        <ele>474.18</ele>
        <time>2026-05-17T07:55:00.000Z</time>
        <extensions>
          <power>210</power>
          <gpxtpx:TrackPointExtension>
            <gpxtpx:atemp>19.9</gpxtpx:atemp>
            <gpxtpx:hr>119</gpxtpx:hr>
            <gpxtpx:cad>82</gpxtpx:cad>
          </gpxtpx:TrackPointExtension>
        </extensions>
      </trkpt>
      <trkpt lat="46.1522154078" lon="7.1725014498">
        <ele>473.52</ele>
        <time>2026-05-17T07:55:01.000Z</time>
        <extensions>
          <power>210</power>
          <gpxtpx:TrackPointExtension>
            <gpxtpx:atemp>19.9</gpxtpx:atemp>
            <gpxtpx:hr>119</gpxtpx:hr>
            <gpxtpx:cad>82</gpxtpx:cad>
          </gpxtpx:TrackPointExtension>
        </extensions>
      </trkpt>
      <trkpt lat="46.1522955512" lon="7.1726171367">
        <ele>472.87</ele>
        <time>2026-05-17T07:55:02.000Z</time>
        <extensions>
          <power>210</power>
          <gpxtpx:TrackPointExtension>
            <gpxtpx:atemp>19.9</gpxtpx:atemp>
            <gpxtpx:hr>119</gpxtpx:hr>
            <gpxtpx:cad>82</gpxtpx:cad>
          </gpxtpx:TrackPointExtension>
        </extensions>
      </trkpt>
      <trkpt lat="46.1523821416" lon="7.1727402144">
        <ele>472.21</ele>
        <time>2026-05-17T07:55:03.000Z</time>
        <extensions>
          <power>210</power>
          <gpxtpx:TrackPointExtension>
            <gpxtpx:atemp>19.9</gpxtpx:atemp>
            <gpxtpx:hr>120</gpxtpx:hr>
            <gpxtpx:cad>82</gpxtpx:cad>
          </gpxtpx:TrackPointExtension>
        </extensions>
      </trkpt>
      <trkpt lat="46.1524652351" lon="7.1728556064">
        <ele>471.55</ele>
        <time>2026-05-17T07:55:04.000Z</time>
        <extensions>
          <power>210</power>
          <gpxtpx:TrackPointExtension>
            <gpxtpx:atemp>19.9</gpxtpx:atemp>
            <gpxtpx:hr>120</gpxtpx:hr>
            <gpxtpx:cad>82</gpxtpx:cad>
          </gpxtpx:TrackPointExtension>
        </extensions>
      </trkpt>
      <trkpt lat="46.1525537919" lon="7.1729726568">
        <ele>470.90</ele>
        <time>2026-05-17T07:55:05.000Z</time>
        <extensions>
          <power>210</power>
          <gpxtpx:TrackPointExtension>
            <gpxtpx:atemp>19.9</gpxtpx:atemp>
            <gpxtpx:hr>120</gpxtpx:hr>
            <gpxtpx:cad>81</gpxtpx:cad>
          </gpxtpx:TrackPointExtension>
        </extensions>
      </trkpt>
      <trkpt lat="46.1526376821" lon="7.1730951175">
        <ele>470.24</ele>
        <time>2026-05-17T07:55:06.000Z</time>
        <extensions>
          <power>210</power>
          <gpxtpx:TrackPointExtension>
            <gpxtpx:atemp>19.9</gpxtpx:atemp>
            <gpxtpx:hr>120</gpxtpx:hr>
            <gpxtpx:cad>81</gpxtpx:cad>
          </gpxtpx:TrackPointExtension>
        </extensions>
      </trkpt>
      <trkpt lat="46.1527243966" lon="7.1732173803">
        <ele>469.59</ele>
        <time>2026-05-17T07:55:07.000Z</time>
        <extensions>
          <power>210</power>
          <gpxtpx:TrackPointExtension>
            <gpxtpx:atemp>19.9</gpxtpx:atemp>
            <gpxtpx:hr>120</gpxtpx:hr>
            <gpxtpx:cad>81</gpxtpx:cad>
          </gpxtpx:TrackPointExtension>
        </extensions>
      </trkpt>
      <trkpt lat="46.1528061407" lon="7.1733315777">
        <ele>468.94</ele>
        <time>2026-05-17T07:55:08.000Z</time>
        <extensions>
          <power>210</power>
          <gpxtpx:TrackPointExtension>
            <gpxtpx:atemp>19.9</gpxtpx:atemp>
            <gpxtpx:hr>120</gpxtpx:hr>
            <gpxtpx:cad>81</gpxtpx:cad>
          </gpxtpx:TrackPointExtension>
        </extensions>
      </trkpt>
      <trkpt lat="46.1528937015" lon="7.1734544540">
        <ele>468.29</ele>
        <time>2026-05-17T07:55:09.000Z</time>
        <extensions>
          <power>210</power>
          <gpxtpx:TrackPointExtension>
            <gpxtpx:atemp>19.9</gpxtpx:atemp>
            <gpxtpx:hr>120</gpxtpx:hr>
            <gpxtpx:cad>81</gpxtpx:cad>
          </gpxtpx:TrackPointExtension>
        </extensions>
      </trkpt>
      <trkpt lat="46.1529781829" lon="7.1735735123">
        <ele>467.63</ele>
        <time>2026-05-17T07:55:10.000Z</time>
        <extensions>
          <power>210</power>
          <gpxtpx:TrackPointExtension>
            <gpxtpx:atemp>19.9</gpxtpx:atemp>
            <gpxtpx:hr>120</gpxtpx:hr>
            <gpxtpx:cad>80</gpxtpx:cad>
          </gpxtpx:TrackPointExtension>
        </extensions>
      </trkpt>
      <trkpt lat="46.1530681014" lon="7.1736960609">
        <ele>466.98</ele>
        <time>2026-05-17T07:55:11.000Z</time>
        <extensions>
          <power>210</power>
          <gpxtpx:TrackPointExtension>
            <gpxtpx:atemp>19.9</gpxtpx:atemp>
            <gpxtpx:hr>120</gpxtpx:hr>
            <gpxtpx:cad>80</gpxtpx:cad>
          </gpxtpx:TrackPointExtension>
        </extensions>
      </trkpt>
      <trkpt lat="46.1531514596" lon="7.1738058723">
        <ele>466.33</ele>
        <time>2026-05-17T07:55:12.000Z</time>
        <extensions>
          <power>210</power>
          <gpxtpx:TrackPointExtension>
            <gpxtpx:atemp>19.9</gpxtpx:atemp>
            <gpxtpx:hr>120</gpxtpx:hr>
            <gpxtpx:cad>80</gpxtpx:cad>
          </gpxtpx:TrackPointExtension>
        </extensions>
      </trkpt>
      <trkpt lat="46.1532394292" lon="7.1739164926">
        <ele>465.69</ele>
        <time>2026-05-17T07:55:13.000Z</time>
        <extensions>
          <power>210</power>
          <gpxtpx:TrackPointExtension>
            <gpxtpx:atemp>19.9</gpxtpx:atemp>
            <gpxtpx:hr>121</gpxtpx:hr>
            <gpxtpx:cad>80</gpxtpx:cad>
          </gpxtpx:TrackPointExtension>
        </extensions>
      </trkpt>
      <trkpt lat="46.1533233173" lon="7.1740341360">
        <ele>465.04</ele>
        <time>2026-05-17T07:55:14.000Z</time>
        <extensions>
          <power>210</power>
          <gpxtpx:TrackPointExtension>
            <gpxtpx:atemp>19.9</gpxtpx:atemp>
            <gpxtpx:hr>121</gpxtpx:hr>
            <gpxtpx:cad>79</gpxtpx:cad>
          </gpxtpx:TrackPointExtension>
        </extensions>
      </trkpt>
      <trkpt lat="46.1534066955" lon="7.1741438799">
        <ele>464.39</ele>
        <time>2026-05-17T07:55:15.000Z</time>
        <extensions>
          <power>210</power>
          <gpxtpx:TrackPointExtension>
            <gpxtpx:atemp>19.9</gpxtpx:atemp>
            <gpxtpx:hr>121</gpxtpx:hr>
            <gpxtpx:cad>79</gpxtpx:cad>
          </gpxtpx:TrackPointExtension>
        </extensions>
      </trkpt>
      <trkpt lat="46.1534946338" lon="7.1742504032">
        <ele>463.75</ele>
        <time>2026-05-17T07:55:16.000Z</time>
        <extensions>
          <power>210</power>
          <gpxtpx:TrackPointExtension>
            <gpxtpx:atemp>19.9</gpxtpx:atemp>
            <gpxtpx:hr>121</gpxtpx:hr>
            <gpxtpx:cad>79</gpxtpx:cad>
          </gpxtpx:TrackPointExtension>
        </extensions>
      </trkpt>
      <trkpt lat="46.1535768533" lon="7.1743650465">
        <ele>463.10</ele>
        <time>2026-05-17T07:55:17.000Z</time>
        <extensions>
          <power>210</power>
          <gpxtpx:TrackPointExtension>
            <gpxtpx:atemp>19.9</gpxtpx:atemp>
            <gpxtpx:hr>121</gpxtpx:hr>
            <gpxtpx:cad>79</gpxtpx:cad>
          </gpxtpx:TrackPointExtension>
        </extensions>
      </trkpt>
      <trkpt lat="46.1536647463" lon="7.1744732717">
        <ele>462.46</ele>
        <time>2026-05-17T07:55:18.000Z</time>
        <extensions>
          <power>210</power>
          <gpxtpx:TrackPointExtension>
            <gpxtpx:atemp>19.9</gpxtpx:atemp>
            <gpxtpx:hr>121</gpxtpx:hr>
            <gpxtpx:cad>79</gpxtpx:cad>
          </gpxtpx:TrackPointExtension>
        </extensions>
      </trkpt>
      <trkpt lat="46.1537473739" lon="7.1745893832">
        <ele>461.81</ele>
        <time>2026-05-17T07:55:19.000Z</time>
        <extensions>
          <power>210</power>
          <gpxtpx:TrackPointExtension>
            <gpxtpx:atemp>19.9</gpxtpx:atemp>
            <gpxtpx:hr>121</gpxtpx:hr>
            <gpxtpx:cad>78</gpxtpx:cad>
          </gpxtpx:TrackPointExtension>
        </extensions>
      </trkpt>
      <trkpt lat="46.1538327809" lon="7.1747063057">
        <ele>461.17</ele>
        <time>2026-05-17T07:55:20.000Z</time>
        <extensions>
          <power>210</power>
          <gpxtpx:TrackPointExtension>
            <gpxtpx:atemp>19.9</gpxtpx:atemp>
            <gpxtpx:hr>121</gpxtpx:hr>
            <gpxtpx:cad>78</gpxtpx:cad>
          </gpxtpx:TrackPointExtension>
        </extensions>
      </trkpt>
      <trkpt lat="46.1539217443" lon="7.1748138469">
        <ele>460.53</ele>
        <time>2026-05-17T07:55:21.000Z</time>
        <extensions>
          <power>210</power>
          <gpxtpx:TrackPointExtension>
            <gpxtpx:atemp>19.9</gpxtpx:atemp>
            <gpxtpx:hr>121</gpxtpx:hr>
            <gpxtpx:cad>78</gpxtpx:cad>
          </gpxtpx:TrackPointExtension>
        </extensions>
      </trkpt>
      <trkpt lat="46.1540092528" lon="7.1749317439">
        <ele>459.89</ele>
        <time>2026-05-17T07:55:22.000Z</time>
        <extensions>
          <power>210</power>
          <gpxtpx:TrackPointExtension>
            <gpxtpx:atemp>19.9</gpxtpx:atemp>
            <gpxtpx:hr>121</gpxtpx:hr>
            <gpxtpx:cad>78</gpxtpx:cad>
          </gpxtpx:TrackPointExtension>
        </extensions>
      </trkpt>
      <trkpt lat="46.1540943790" lon="7.1750405299">
        <ele>459.25</ele>
        <time>2026-05-17T07:55:23.000Z</time>
        <extensions>
          <power>210</power>
          <gpxtpx:TrackPointExtension>
            <gpxtpx:atemp>19.9</gpxtpx:atemp>
            <gpxtpx:hr>121</gpxtpx:hr>
            <gpxtpx:cad>77</gpxtpx:cad>
          </gpxtpx:TrackPointExtension>
        </extensions>
      </trkpt>
      <trkpt lat="46.1541843413" lon="7.1751556735">
        <ele>458.61</ele>
        <time>2026-05-17T07:55:24.000Z</time>
        <extensions>
          <power>210</power>
          <gpxtpx:TrackPointExtension>
            <gpxtpx:atemp>19.9</gpxtpx:atemp>
            <gpxtpx:hr>122</gpxtpx:hr>
            <gpxtpx:cad>77</gpxtpx:cad>
          </gpxtpx:TrackPointExtension>
        </extensions>
      </trkpt>
      <trkpt lat="46.1542642402" lon="7.1752626888">
        <ele>457.97</ele>
        <time>2026-05-17T07:55:25.000Z</time>
        <extensions>
          <power>210</power>
          <gpxtpx:TrackPointExtension>
            <gpxtpx:atemp>19.9</gpxtpx:atemp>
            <gpxtpx:hr>122</gpxtpx:hr>
            <gpxtpx:cad>77</gpxtpx:cad>
          </gpxtpx:TrackPointExtension>
        </extensions>
      </trkpt>
      <trkpt lat="46.1543486124" lon="7.1753677506">
        <ele>457.34</ele>
        <time>2026-05-17T07:55:26.000Z</time>
        <extensions>
          <power>210</power>
          <gpxtpx:TrackPointExtension>
            <gpxtpx:atemp>19.9</gpxtpx:atemp>
            <gpxtpx:hr>122</gpxtpx:hr>
            <gpxtpx:cad>77</gpxtpx:cad>
          </gpxtpx:TrackPointExtension>
        </extensions>
      </trkpt>
      <trkpt lat="46.1544386787" lon="7.1754716787">
        <ele>456.70</ele>
        <time>2026-05-17T07:55:27.000Z</time>
        <extensions>
          <power>210</power>
          <gpxtpx:TrackPointExtension>
            <gpxtpx:atemp>19.9</gpxtpx:atemp>
            <gpxtpx:hr>122</gpxtpx:hr>
            <gpxtpx:cad>77</gpxtpx:cad>
          </gpxtpx:TrackPointExtension>
        </extensions>
      </trkpt>
      <trkpt lat="46.1545214746" lon="7.1755829024">
        <ele>456.06</ele>
        <time>2026-05-17T07:55:28.000Z</time>
        <extensions>
          <power>210</power>
          <gpxtpx:TrackPointExtension>
            <gpxtpx:atemp>19.9</gpxtpx:atemp>
            <gpxtpx:hr>122</gpxtpx:hr>
            <gpxtpx:cad>76</gpxtpx:cad>
          </gpxtpx:TrackPointExtension>
        </extensions>
      </trkpt>
      <trkpt lat="46.1546058846" lon="7.1756994421">
        <ele>455.43</ele>
        <time>2026-05-17T07:55:29.000Z</time>
        <extensions>
          <power>210</power>
          <gpxtpx:TrackPointExtension>
            <gpxtpx:atemp>19.9</gpxtpx:atemp>
            <gpxtpx:hr>122</gpxtpx:hr>
            <gpxtpx:cad>76</gpxtpx:cad>
          </gpxtpx:TrackPointExtension>
        </extensions>
      </trkpt>
      <trkpt lat="46.1546933715" lon="7.1758096735">
        <ele>454.80</ele>
        <time>2026-05-17T07:55:30.000Z</time>
        <extensions>
          <power>210</power>
          <gpxtpx:TrackPointExtension>
            <gpxtpx:atemp>19.9</gpxtpx:atemp>
            <gpxtpx:hr>122</gpxtpx:hr>
            <gpxtpx:cad>76</gpxtpx:cad>
          </gpxtpx:TrackPointExtension>
        </extensions>
      </trkpt>
      <trkpt lat="46.1547743540" lon="7.1759218482">
        <ele>454.16</ele>
        <time>2026-05-17T07:55:31.000Z</time>
        <extensions>
          <power>210</power>
          <gpxtpx:TrackPointExtension>
            <gpxtpx:atemp>19.9</gpxtpx:atemp>
            <gpxtpx:hr>122</gpxtpx:hr>
            <gpxtpx:cad>76</gpxtpx:cad>
          </gpxtpx:TrackPointExtension>
        </extensions>
      </trkpt>
      <trkpt lat="46.1548637253" lon="7.1760302041">
        <ele>453.53</ele>
        <time>2026-05-17T07:55:32.000Z</time>
        <extensions>
          <power>210</power>
          <gpxtpx:TrackPointExtension>
            <gpxtpx:atemp>19.9</gpxtpx:atemp>
            <gpxtpx:hr>122</gpxtpx:hr>
            <gpxtpx:cad>75</gpxtpx:cad>
          </gpxtpx:TrackPointExtension>
        </extensions>
      </trkpt>
      <trkpt lat="46.1549471897" lon="7.1761347449">
        <ele>452.90</ele>
        <time>2026-05-17T07:55:33.000Z</time>
        <extensions>
          <power>210</power>
          <gpxtpx:TrackPointExtension>
            <gpxtpx:atemp>19.9</gpxtpx:atemp>
            <gpxtpx:hr>122</gpxtpx:hr>
            <gpxtpx:cad>75</gpxtpx:cad>
          </gpxtpx:TrackPointExtension>
        </extensions>
      </trkpt>
      <trkpt lat="46.1550346821" lon="7.1762475452">
        <ele>452.27</ele>
        <time>2026-05-17T07:55:34.000Z</time>
        <extensions>
          <power>210</power>
          <gpxtpx:TrackPointExtension>
            <gpxtpx:atemp>19.9</gpxtpx:atemp>
            <gpxtpx:hr>123</gpxtpx:hr>
            <gpxtpx:cad>75</gpxtpx:cad>
          </gpxtpx:TrackPointExtension>
        </extensions>
      </trkpt>
      <trkpt lat="46.1551242628" lon="7.1763495206">
        <ele>451.64</ele>
        <time>2026-05-17T07:55:35.000Z</time>
        <extensions>
          <power>210</power>
          <gpxtpx:TrackPointExtension>
            <gpxtpx:atemp>19.9</gpxtpx:atemp>
            <gpxtpx:hr>123</gpxtpx:hr>
            <gpxtpx:cad>75</gpxtpx:cad>
          </gpxtpx:TrackPointExtension>
        </extensions>
      </trkpt>
      <trkpt lat="46.1552047218" lon="7.1764574218">
        <ele>451.01</ele>
        <time>2026-05-17T07:55:36.000Z</time>
        <extensions>
          <power>210</power>
          <gpxtpx:TrackPointExtension>
            <gpxtpx:atemp>19.9</gpxtpx:atemp>
            <gpxtpx:hr>123</gpxtpx:hr>
            <gpxtpx:cad>75</gpxtpx:cad>
          </gpxtpx:TrackPointExtension>
        </extensions>
      </trkpt>
      <trkpt lat="46.1552909312" lon="7.1765715677">
        <ele>450.38</ele>
        <time>2026-05-17T07:55:37.000Z</time>
        <extensions>
          <power>210</power>
          <gpxtpx:TrackPointExtension>
            <gpxtpx:atemp>19.9</gpxtpx:atemp>
            <gpxtpx:hr>123</gpxtpx:hr>
            <gpxtpx:cad>74</gpxtpx:cad>
          </gpxtpx:TrackPointExtension>
        </extensions>
      </trkpt>
      <trkpt lat="46.1553799393" lon="7.1766882559">
        <ele>449.75</ele>
        <time>2026-05-17T07:55:38.000Z</time>
        <extensions>
          <power>210</power>
          <gpxtpx:TrackPointExtension>
            <gpxtpx:atemp>19.9</gpxtpx:atemp>
            <gpxtpx:hr>123</gpxtpx:hr>
            <gpxtpx:cad>74</gpxtpx:cad>
          </gpxtpx:TrackPointExtension>
        </extensions>
      </trkpt>
      <trkpt lat="46.1554692286" lon="7.1767976895">
        <ele>449.12</ele>
        <time>2026-05-17T07:55:39.000Z</time>
        <extensions>
          <power>210</power>
          <gpxtpx:TrackPointExtension>
            <gpxtpx:atemp>19.9</gpxtpx:atemp>
            <gpxtpx:hr>123</gpxtpx:hr>
            <gpxtpx:cad>74</gpxtpx:cad>
          </gpxtpx:TrackPointExtension>
        </extensions>
      </trkpt>
      <trkpt lat="46.1555565055" lon="7.1769100454">
        <ele>448.49</ele>
        <time>2026-05-17T07:55:40.000Z</time>
        <extensions>
          <power>210</power>
          <gpxtpx:TrackPointExtension>
            <gpxtpx:atemp>19.9</gpxtpx:atemp>
            <gpxtpx:hr>123</gpxtpx:hr>
            <gpxtpx:cad>74</gpxtpx:cad>
          </gpxtpx:TrackPointExtension>
        </extensions>
      </trkpt>
      <trkpt lat="46.1556383694" lon="7.1770152147">
        <ele>447.87</ele>
        <time>2026-05-17T07:55:41.000Z</time>
        <extensions>
          <power>210</power>
          <gpxtpx:TrackPointExtension>
            <gpxtpx:atemp>19.9</gpxtpx:atemp>
            <gpxtpx:hr>123</gpxtpx:hr>
            <gpxtpx:cad>74</gpxtpx:cad>
          </gpxtpx:TrackPointExtension>
        </extensions>
      </trkpt>
      <trkpt lat="46.1557227500" lon="7.1771228917">
        <ele>447.24</ele>
        <time>2026-05-17T07:55:42.000Z</time>
        <extensions>
          <power>210</power>
          <gpxtpx:TrackPointExtension>
            <gpxtpx:atemp>19.9</gpxtpx:atemp>
            <gpxtpx:hr>123</gpxtpx:hr>
            <gpxtpx:cad>73</gpxtpx:cad>
          </gpxtpx:TrackPointExtension>
        </extensions>
      </trkpt>
      <trkpt lat="46.1558046778" lon="7.1772341324">
        <ele>446.62</ele>
        <time>2026-05-17T07:55:43.000Z</time>
        <extensions>
          <power>210</power>
          <gpxtpx:TrackPointExtension>
            <gpxtpx:atemp>19.9</gpxtpx:atemp>
            <gpxtpx:hr>123</gpxtpx:hr>
            <gpxtpx:cad>73</gpxtpx:cad>
          </gpxtpx:TrackPointExtension>
        </extensions>
      </trkpt>
      <trkpt lat="46.1558891040" lon="7.1773369312">
        <ele>445.99</ele>
        <time>2026-05-17T07:55:44.000Z</time>
        <extensions>
          <power>210</power>
          <gpxtpx:TrackPointExtension>
            <gpxtpx:atemp>19.9</gpxtpx:atemp>
            <gpxtpx:hr>123</gpxtpx:hr>
            <gpxtpx:cad>73</gpxtpx:cad>
          </gpxtpx:TrackPointExtension>
        </extensions>
      </trkpt>
      <trkpt lat="46.1559699687" lon="7.1774400591">
        <ele>445.37</ele>
        <time>2026-05-17T07:55:45.000Z</time>
        <extensions>
          <power>210</power>
          <gpxtpx:TrackPointExtension>
            <gpxtpx:atemp>19.9</gpxtpx:atemp>
            <gpxtpx:hr>123</gpxtpx:hr>
            <gpxtpx:cad>73</gpxtpx:cad>
          </gpxtpx:TrackPointExtension>
        </extensions>
      </trkpt>
      <trkpt lat="46.1560583194" lon="7.1775549966">
        <ele>444.74</ele>
        <time>2026-05-17T07:55:46.000Z</time>
        <extensions>
          <power>210</power>
          <gpxtpx:TrackPointExtension>
            <gpxtpx:atemp>19.9</gpxtpx:atemp>
            <gpxtpx:hr>124</gpxtpx:hr>
            <gpxtpx:cad>73</gpxtpx:cad>
          </gpxtpx:TrackPointExtension>
        </extensions>
      </trkpt>
      <trkpt lat="46.1561438001" lon="7.1776622619">
        <ele>444.12</ele>
        <time>2026-05-17T07:55:47.000Z</time>
        <extensions>
          <power>210</power>
          <gpxtpx:TrackPointExtension>
            <gpxtpx:atemp>19.9</gpxtpx:atemp>
            <gpxtpx:hr>124</gpxtpx:hr>
            <gpxtpx:cad>72</gpxtpx:cad>
          </gpxtpx:TrackPointExtension>
        </extensions>
      </trkpt>
      <trkpt lat="46.1562324385" lon="7.1777693656">
        <ele>443.50</ele>
        <time>2026-05-17T07:55:48.000Z</time>
        <extensions>
          <power>210</power>
          <gpxtpx:TrackPointExtension>
            <gpxtpx:atemp>19.9</gpxtpx:atemp>
            <gpxtpx:hr>124</gpxtpx:hr>
            <gpxtpx:cad>72</gpxtpx:cad>
          </gpxtpx:TrackPointExtension>
        </extensions>
      </trkpt>
      <trkpt lat="46.1563195233" lon="7.1778697079">
        <ele>442.88</ele>
        <time>2026-05-17T07:55:49.000Z</time>
        <extensions>
          <power>210</power>
          <gpxtpx:TrackPointExtension>
            <gpxtpx:atemp>19.9</gpxtpx:atemp>
            <gpxtpx:hr>124</gpxtpx:hr>
            <gpxtpx:cad>72</gpxtpx:cad>
          </gpxtpx:TrackPointExtension>
        </extensions>
      </trkpt>
      <trkpt lat="46.1564037832" lon="7.1779717334">
        <ele>442.25</ele>
        <time>2026-05-17T07:55:50.000Z</time>
        <extensions>
          <power>210</power>
          <gpxtpx:TrackPointExtension>
            <gpxtpx:atemp>19.9</gpxtpx:atemp>
            <gpxtpx:hr>124</gpxtpx:hr>
            <gpxtpx:cad>72</gpxtpx:cad>
          </gpxtpx:TrackPointExtension>
        </extensions>
      </trkpt>
      <trkpt lat="46.1564824747" lon="7.1780739417">
        <ele>441.63</ele>
        <time>2026-05-17T07:55:51.000Z</time>
        <extensions>
          <power>210</power>
          <gpxtpx:TrackPointExtension>
            <gpxtpx:atemp>19.9</gpxtpx:atemp>
            <gpxtpx:hr>124</gpxtpx:hr>
            <gpxtpx:cad>72</gpxtpx:cad>
          </gpxtpx:TrackPointExtension>
        </extensions>
      </trkpt>
      <trkpt lat="46.1565619159" lon="7.1781743517">
        <ele>441.01</ele>
        <time>2026-05-17T07:55:52.000Z</time>
        <extensions>
          <power>210</power>
          <gpxtpx:TrackPointExtension>
            <gpxtpx:atemp>19.9</gpxtpx:atemp>
            <gpxtpx:hr>124</gpxtpx:hr>
            <gpxtpx:cad>71</gpxtpx:cad>
          </gpxtpx:TrackPointExtension>
        </extensions>
      </trkpt>
      <trkpt lat="46.1566404080" lon="7.1782861791">
        <ele>440.39</ele>
        <time>2026-05-17T07:55:53.000Z</time>
        <extensions>
          <power>210</power>
          <gpxtpx:TrackPointExtension>
            <gpxtpx:atemp>19.9</gpxtpx:atemp>
            <gpxtpx:hr>124</gpxtpx:hr>
            <gpxtpx:cad>71</gpxtpx:cad>
          </gpxtpx:TrackPointExtension>
        </extensions>
      </trkpt>
      <trkpt lat="46.1567231023" lon="7.1783955909">
        <ele>439.77</ele>
        <time>2026-05-17T07:55:54.000Z</time>
        <extensions>
          <power>210</power>
          <gpxtpx:TrackPointExtension>
            <gpxtpx:atemp>19.9</gpxtpx:atemp>
            <gpxtpx:hr>124</gpxtpx:hr>
            <gpxtpx:cad>71</gpxtpx:cad>
          </gpxtpx:TrackPointExtension>
        </extensions>
      </trkpt>
      <trkpt lat="46.1568101543" lon="7.1785097989">
        <ele>439.15</ele>
        <time>2026-05-17T07:55:55.000Z</time>
        <extensions>
          <power>210</power>
          <gpxtpx:TrackPointExtension>
            <gpxtpx:atemp>19.9</gpxtpx:atemp>
            <gpxtpx:hr>124</gpxtpx:hr>
            <gpxtpx:cad>71</gpxtpx:cad>
          </gpxtpx:TrackPointExtension>
        </extensions>
      </trkpt>
      <trkpt lat="46.1568968437" lon="7.1786169106">
        <ele>438.53</ele>
        <time>2026-05-17T07:55:56.000Z</time>
        <extensions>
          <power>210</power>
          <gpxtpx:TrackPointExtension>
            <gpxtpx:atemp>19.9</gpxtpx:atemp>
            <gpxtpx:hr>124</gpxtpx:hr>
            <gpxtpx:cad>71</gpxtpx:cad>
          </gpxtpx:TrackPointExtension>
        </extensions>
      </trkpt>
      <trkpt lat="46.1569753816" lon="7.1787267572">
        <ele>437.91</ele>
        <time>2026-05-17T07:55:57.000Z</time>
        <extensions>
          <power>210</power>
          <gpxtpx:TrackPointExtension>
            <gpxtpx:atemp>19.9</gpxtpx:atemp>
            <gpxtpx:hr>124</gpxtpx:hr>
            <gpxtpx:cad>71</gpxtpx:cad>
          </gpxtpx:TrackPointExtension>
        </extensions>
      </trkpt>
      <trkpt lat="46.1570625390" lon="7.1788367271">
        <ele>437.29</ele>
        <time>2026-05-17T07:55:58.000Z</time>
        <extensions>
          <power>210</power>
          <gpxtpx:TrackPointExtension>
            <gpxtpx:atemp>19.9</gpxtpx:atemp>
            <gpxtpx:hr>124</gpxtpx:hr>
            <gpxtpx:cad>70</gpxtpx:cad>
          </gpxtpx:TrackPointExtension>
        </extensions>
      </trkpt>
      <trkpt lat="46.1571438933" lon="7.1789466583">
        <ele>436.67</ele>
        <time>2026-05-17T07:55:59.000Z</time>
        <extensions>
          <power>210</power>
          <gpxtpx:TrackPointExtension>
            <gpxtpx:atemp>19.9</gpxtpx:atemp>
            <gpxtpx:hr>125</gpxtpx:hr>
            <gpxtpx:cad>70</gpxtpx:cad>
          </gpxtpx:TrackPointExtension>
        </extensions>
      </trkpt>
      <trkpt lat="46.1572271856" lon="7.1790465768">
        <ele>436.06</ele>
        <time>2026-05-17T07:56:00.000Z</time>
        <extensions>
          <power>210</power>
          <gpxtpx:TrackPointExtension>
            <gpxtpx:atemp>19.9</gpxtpx:atemp>
            <gpxtpx:hr>125</gpxtpx:hr>
            <gpxtpx:cad>70</gpxtpx:cad>
          </gpxtpx:TrackPointExtension>
        </extensions>
      </trkpt>
      <trkpt lat="46.1573145836" lon="7.1791610623">
        <ele>435.44</ele>
        <time>2026-05-17T07:56:01.000Z</time>
        <extensions>
          <power>210</power>
          <gpxtpx:TrackPointExtension>
            <gpxtpx:atemp>20.0</gpxtpx:atemp>
            <gpxtpx:hr>125</gpxtpx:hr>
            <gpxtpx:cad>70</gpxtpx:cad>
          </gpxtpx:TrackPointExtension>
        </extensions>
      </trkpt>
      <trkpt lat="46.1573953007" lon="7.1792629051">
        <ele>434.82</ele>
        <time>2026-05-17T07:56:02.000Z</time>
        <extensions>
          <power>210</power>
          <gpxtpx:TrackPointExtension>
            <gpxtpx:atemp>20.0</gpxtpx:atemp>
            <gpxtpx:hr>125</gpxtpx:hr>
            <gpxtpx:cad>70</gpxtpx:cad>
          </gpxtpx:TrackPointExtension>
        </extensions>
      </trkpt>
      <trkpt lat="46.1574750409" lon="7.1793748497">
        <ele>434.20</ele>
        <time>2026-05-17T07:56:03.000Z</time>
        <extensions>
          <power>210</power>
          <gpxtpx:TrackPointExtension>
            <gpxtpx:atemp>20.0</gpxtpx:atemp>
            <gpxtpx:hr>125</gpxtpx:hr>
            <gpxtpx:cad>70</gpxtpx:cad>
          </gpxtpx:TrackPointExtension>
        </extensions>
      </trkpt>
      <trkpt lat="46.1575541299" lon="7.1794843883">
        <ele>433.58</ele>
        <time>2026-05-17T07:56:04.000Z</time>
        <extensions>
          <power>210</power>
          <gpxtpx:TrackPointExtension>
            <gpxtpx:atemp>20.0</gpxtpx:atemp>
            <gpxtpx:hr>125</gpxtpx:hr>
            <gpxtpx:cad>70</gpxtpx:cad>
          </gpxtpx:TrackPointExtension>
        </extensions>
      </trkpt>
      <trkpt lat="46.1576325125" lon="7.1795983213">
        <ele>432.97</ele>
        <time>2026-05-17T07:56:05.000Z</time>
        <extensions>
          <power>210</power>
          <gpxtpx:TrackPointExtension>
            <gpxtpx:atemp>20.0</gpxtpx:atemp>
            <gpxtpx:hr>125</gpxtpx:hr>
            <gpxtpx:cad>70</gpxtpx:cad>
          </gpxtpx:TrackPointExtension>
        </extensions>
      </trkpt>
      <trkpt lat="46.1577196947" lon="7.1797044210">
        <ele>432.35</ele>
        <time>2026-05-17T07:56:06.000Z</time>
        <extensions>
          <power>210</power>
          <gpxtpx:TrackPointExtension>
            <gpxtpx:atemp>20.0</gpxtpx:atemp>
            <gpxtpx:hr>125</gpxtpx:hr>
            <gpxtpx:cad>69</gpxtpx:cad>
          </gpxtpx:TrackPointExtension>
        </extensions>
      </trkpt>
      <trkpt lat="46.1577999317" lon="7.1798093092">
        <ele>431.73</ele>
        <time>2026-05-17T07:56:07.000Z</time>
        <extensions>
          <power>210</power>
          <gpxtpx:TrackPointExtension>
            <gpxtpx:atemp>20.0</gpxtpx:atemp>
            <gpxtpx:hr>125</gpxtpx:hr>
            <gpxtpx:cad>69</gpxtpx:cad>
          </gpxtpx:TrackPointExtension>
        </extensions>
      </trkpt>
      <trkpt lat="46.1578842778" lon="7.1799206601">
        <ele>431.11</ele>
        <time>2026-05-17T07:56:08.000Z</time>
        <extensions>
          <power>210</power>
          <gpxtpx:TrackPointExtension>
            <gpxtpx:atemp>20.0</gpxtpx:atemp>
            <gpxtpx:hr>125</gpxtpx:hr>
            <gpxtpx:cad>69</gpxtpx:cad>
          </gpxtpx:TrackPointExtension>
        </extensions>
      </trkpt>
      <trkpt lat="46.1579722025" lon="7.1800249078">
        <ele>430.50</ele>
        <time>2026-05-17T07:56:09.000Z</time>
        <extensions>
          <power>210</power>
          <gpxtpx:TrackPointExtension>
            <gpxtpx:atemp>20.0</gpxtpx:atemp>
            <gpxtpx:hr>125</gpxtpx:hr>
            <gpxtpx:cad>69</gpxtpx:cad>
          </gpxtpx:TrackPointExtension>
        </extensions>
      </trkpt>
      <trkpt lat="46.1580600704" lon="7.1801340136">
        <ele>429.88</ele>
        <time>2026-05-17T07:56:10.000Z</time>
        <extensions>
          <power>210</power>
          <gpxtpx:TrackPointExtension>
            <gpxtpx:atemp>20.0</gpxtpx:atemp>
            <gpxtpx:hr>125</gpxtpx:hr>
            <gpxtpx:cad>69</gpxtpx:cad>
          </gpxtpx:TrackPointExtension>
        </extensions>
      </trkpt>
      <trkpt lat="46.1581467248" lon="7.1802435398">
        <ele>429.26</ele>
        <time>2026-05-17T07:56:11.000Z</time>
        <extensions>
          <power>210</power>
          <gpxtpx:TrackPointExtension>
            <gpxtpx:atemp>20.0</gpxtpx:atemp>
            <gpxtpx:hr>125</gpxtpx:hr>
            <gpxtpx:cad>69</gpxtpx:cad>
          </gpxtpx:TrackPointExtension>
        </extensions>
      </trkpt>
      <trkpt lat="46.1582248666" lon="7.1803427108">
        <ele>428.64</ele>
        <time>2026-05-17T07:56:12.000Z</time>
        <extensions>
          <power>210</power>
          <gpxtpx:TrackPointExtension>
            <gpxtpx:atemp>20.0</gpxtpx:atemp>
            <gpxtpx:hr>125</gpxtpx:hr>
            <gpxtpx:cad>69</gpxtpx:cad>
          </gpxtpx:TrackPointExtension>
        </extensions>
      </trkpt>
      <trkpt lat="46.1583040038" lon="7.1804526034">
        <ele>428.03</ele>
        <time>2026-05-17T07:56:13.000Z</time>
        <extensions>
          <power>210</power>
          <gpxtpx:TrackPointExtension>
            <gpxtpx:atemp>20.0</gpxtpx:atemp>
            <gpxtpx:hr>125</gpxtpx:hr>
            <gpxtpx:cad>69</gpxtpx:cad>
          </gpxtpx:TrackPointExtension>
        </extensions>
      </trkpt>
      <trkpt lat="46.1583849486" lon="7.1805657779">
        <ele>427.41</ele>
        <time>2026-05-17T07:56:14.000Z</time>
        <extensions>
          <power>210</power>
          <gpxtpx:TrackPointExtension>
            <gpxtpx:atemp>20.0</gpxtpx:atemp>
            <gpxtpx:hr>125</gpxtpx:hr>
            <gpxtpx:cad>69</gpxtpx:cad>
          </gpxtpx:TrackPointExtension>
        </extensions>
      </trkpt>
      <trkpt lat="46.1584724649" lon="7.1806787729">
        <ele>426.79</ele>
        <time>2026-05-17T07:56:15.000Z</time>
        <extensions>
          <power>210</power>
          <gpxtpx:TrackPointExtension>
            <gpxtpx:atemp>20.0</gpxtpx:atemp>
            <gpxtpx:hr>125</gpxtpx:hr>
            <gpxtpx:cad>69</gpxtpx:cad>
          </gpxtpx:TrackPointExtension>
        </extensions>
      </trkpt>
      <trkpt lat="46.1585603095" lon="7.1807897084">
        <ele>426.17</ele>
        <time>2026-05-17T07:56:16.000Z</time>
        <extensions>
          <power>210</power>
          <gpxtpx:TrackPointExtension>
            <gpxtpx:atemp>20.0</gpxtpx:atemp>
            <gpxtpx:hr>125</gpxtpx:hr>
            <gpxtpx:cad>68</gpxtpx:cad>
          </gpxtpx:TrackPointExtension>
        </extensions>
      </trkpt>
      <trkpt lat="46.1586404217" lon="7.1808921569">
        <ele>425.55</ele>
        <time>2026-05-17T07:56:17.000Z</time>
        <extensions>
          <power>210</power>
          <gpxtpx:TrackPointExtension>
            <gpxtpx:atemp>20.0</gpxtpx:atemp>
            <gpxtpx:hr>125</gpxtpx:hr>
            <gpxtpx:cad>68</gpxtpx:cad>
          </gpxtpx:TrackPointExtension>
        </extensions>
      </trkpt>
      <trkpt lat="46.1587201851" lon="7.1810032154">
        <ele>424.93</ele>
        <time>2026-05-17T07:56:18.000Z</time>
        <extensions>
          <power>210</power>
          <gpxtpx:TrackPointExtension>
            <gpxtpx:atemp>20.0</gpxtpx:atemp>
            <gpxtpx:hr>126</gpxtpx:hr>
            <gpxtpx:cad>68</gpxtpx:cad>
          </gpxtpx:TrackPointExtension>
        </extensions>
      </trkpt>
      <trkpt lat="46.1588011041" lon="7.1811031073">
        <ele>424.32</ele>
        <time>2026-05-17T07:56:19.000Z</time>
        <extensions>
          <power>210</power>
          <gpxtpx:TrackPointExtension>
            <gpxtpx:atemp>20.0</gpxtpx:atemp>
            <gpxtpx:hr>126</gpxtpx:hr>
            <gpxtpx:cad>68</gpxtpx:cad>
          </gpxtpx:TrackPointExtension>
        </extensions>
      </trkpt>
      <trkpt lat="46.1588803124" lon="7.1812065388">
        <ele>423.70</ele>
        <time>2026-05-17T07:56:20.000Z</time>
        <extensions>
          <power>210</power>
          <gpxtpx:TrackPointExtension>
            <gpxtpx:atemp>20.0</gpxtpx:atemp>
            <gpxtpx:hr>126</gpxtpx:hr>
            <gpxtpx:cad>68</gpxtpx:cad>
          </gpxtpx:TrackPointExtension>
        </extensions>
      </trkpt>
      <trkpt lat="46.1589589157" lon="7.1813075232">
        <ele>423.08</ele>
        <time>2026-05-17T07:56:21.000Z</time>
        <extensions>
          <power>210</power>
          <gpxtpx:TrackPointExtension>
            <gpxtpx:atemp>20.0</gpxtpx:atemp>
            <gpxtpx:hr>126</gpxtpx:hr>
            <gpxtpx:cad>68</gpxtpx:cad>
          </gpxtpx:TrackPointExtension>
        </extensions>
      </trkpt>
      <trkpt lat="46.1590427187" lon="7.1814080228">
        <ele>422.46</ele>
        <time>2026-05-17T07:56:22.000Z</time>
        <extensions>
          <power>210</power>
          <gpxtpx:TrackPointExtension>
            <gpxtpx:atemp>20.0</gpxtpx:atemp>
            <gpxtpx:hr>126</gpxtpx:hr>
            <gpxtpx:cad>68</gpxtpx:cad>
          </gpxtpx:TrackPointExtension>
        </extensions>
      </trkpt>
      <trkpt lat="46.1591291418" lon="7.1815203157">
        <ele>421.84</ele>
        <time>2026-05-17T07:56:23.000Z</time>
        <extensions>
          <power>210</power>
          <gpxtpx:TrackPointExtension>
            <gpxtpx:atemp>20.0</gpxtpx:atemp>
            <gpxtpx:hr>126</gpxtpx:hr>
            <gpxtpx:cad>68</gpxtpx:cad>
          </gpxtpx:TrackPointExtension>
        </extensions>
      </trkpt>
      <trkpt lat="46.1592150107" lon="7.1816332191">
        <ele>421.22</ele>
        <time>2026-05-17T07:56:24.000Z</time>
        <extensions>
          <power>210</power>
          <gpxtpx:TrackPointExtension>
            <gpxtpx:atemp>20.0</gpxtpx:atemp>
            <gpxtpx:hr>126</gpxtpx:hr>
            <gpxtpx:cad>68</gpxtpx:cad>
          </gpxtpx:TrackPointExtension>
        </extensions>
      </trkpt>
      <trkpt lat="46.1592940596" lon="7.1817464957">
        <ele>420.60</ele>
        <time>2026-05-17T07:56:25.000Z</time>
        <extensions>
          <power>210</power>
          <gpxtpx:TrackPointExtension>
            <gpxtpx:atemp>20.0</gpxtpx:atemp>
            <gpxtpx:hr>126</gpxtpx:hr>
            <gpxtpx:cad>68</gpxtpx:cad>
          </gpxtpx:TrackPointExtension>
        </extensions>
      </trkpt>
      <trkpt lat="46.1593778103" lon="7.1818518226">
        <ele>419.98</ele>
        <time>2026-05-17T07:56:26.000Z</time>
        <extensions>
          <power>210</power>
          <gpxtpx:TrackPointExtension>
            <gpxtpx:atemp>20.0</gpxtpx:atemp>
            <gpxtpx:hr>126</gpxtpx:hr>
            <gpxtpx:cad>68</gpxtpx:cad>
          </gpxtpx:TrackPointExtension>
        </extensions>
      </trkpt>
      <trkpt lat="46.1594605095" lon="7.1819566812">
        <ele>419.36</ele>
        <time>2026-05-17T07:56:27.000Z</time>
        <extensions>
          <power>210</power>
          <gpxtpx:TrackPointExtension>
            <gpxtpx:atemp>20.0</gpxtpx:atemp>
            <gpxtpx:hr>126</gpxtpx:hr>
            <gpxtpx:cad>68</gpxtpx:cad>
          </gpxtpx:TrackPointExtension>
        </extensions>
      </trkpt>
      <trkpt lat="46.1595473326" lon="7.1820633445">
        <ele>418.74</ele>
        <time>2026-05-17T07:56:28.000Z</time>
        <extensions>
          <power>210</power>
          <gpxtpx:TrackPointExtension>
            <gpxtpx:atemp>20.0</gpxtpx:atemp>
            <gpxtpx:hr>126</gpxtpx:hr>
            <gpxtpx:cad>68</gpxtpx:cad>
          </gpxtpx:TrackPointExtension>
        </extensions>
      </trkpt>
      <trkpt lat="46.1596334292" lon="7.1821733117">
        <ele>418.11</ele>
        <time>2026-05-17T07:56:29.000Z</time>
        <extensions>
          <power>210</power>
          <gpxtpx:TrackPointExtension>
            <gpxtpx:atemp>20.0</gpxtpx:atemp>
            <gpxtpx:hr>126</gpxtpx:hr>
            <gpxtpx:cad>68</gpxtpx:cad>
          </gpxtpx:TrackPointExtension>
        </extensions>
      </trkpt>
      <trkpt lat="46.1597205261" lon="7.1822757092">
        <ele>417.49</ele>
        <time>2026-05-17T07:56:30.000Z</time>
        <extensions>
          <power>210</power>
          <gpxtpx:TrackPointExtension>
            <gpxtpx:atemp>20.0</gpxtpx:atemp>
            <gpxtpx:hr>126</gpxtpx:hr>
            <gpxtpx:cad>68</gpxtpx:cad>
          </gpxtpx:TrackPointExtension>
        </extensions>
      </trkpt>
      <trkpt lat="46.1597981454" lon="7.1823854481">
        <ele>416.87</ele>
        <time>2026-05-17T07:56:31.000Z</time>
        <extensions>
          <power>210</power>
          <gpxtpx:TrackPointExtension>
            <gpxtpx:atemp>20.0</gpxtpx:atemp>
            <gpxtpx:hr>126</gpxtpx:hr>
            <gpxtpx:cad>68</gpxtpx:cad>
          </gpxtpx:TrackPointExtension>
        </extensions>
      </trkpt>
      <trkpt lat="46.1598763267" lon="7.1824874587">
        <ele>416.24</ele>
        <time>2026-05-17T07:56:32.000Z</time>
        <extensions>
          <power>210</power>
          <gpxtpx:TrackPointExtension>
            <gpxtpx:atemp>20.0</gpxtpx:atemp>
            <gpxtpx:hr>126</gpxtpx:hr>
            <gpxtpx:cad>68</gpxtpx:cad>
          </gpxtpx:TrackPointExtension>
        </extensions>
      </trkpt>
      <trkpt lat="46.1599547426" lon="7.1826038178">
        <ele>415.62</ele>
        <time>2026-05-17T07:56:33.000Z</time>
        <extensions>
          <power>210</power>
          <gpxtpx:TrackPointExtension>
            <gpxtpx:atemp>20.0</gpxtpx:atemp>
            <gpxtpx:hr>126</gpxtpx:hr>
            <gpxtpx:cad>68</gpxtpx:cad>
          </gpxtpx:TrackPointExtension>
        </extensions>
      </trkpt>
      <trkpt lat="46.1600377096" lon="7.1827093769">
        <ele>415.00</ele>
        <time>2026-05-17T07:56:34.000Z</time>
        <extensions>
          <power>210</power>
          <gpxtpx:TrackPointExtension>
            <gpxtpx:atemp>20.0</gpxtpx:atemp>
            <gpxtpx:hr>126</gpxtpx:hr>
            <gpxtpx:cad>68</gpxtpx:cad>
          </gpxtpx:TrackPointExtension>
        </extensions>
      </trkpt>
      <trkpt lat="46.1601230356" lon="7.1828263907">
        <ele>414.37</ele>
        <time>2026-05-17T07:56:35.000Z</time>
        <extensions>
          <power>210</power>
          <gpxtpx:TrackPointExtension>
            <gpxtpx:atemp>20.0</gpxtpx:atemp>
            <gpxtpx:hr>126</gpxtpx:hr>
            <gpxtpx:cad>68</gpxtpx:cad>
          </gpxtpx:TrackPointExtension>
        </extensions>
      </trkpt>
      <trkpt lat="46.1602065625" lon="7.1829328515">
        <ele>413.74</ele>
        <time>2026-05-17T07:56:36.000Z</time>
        <extensions>
          <power>210</power>
          <gpxtpx:TrackPointExtension>
            <gpxtpx:atemp>20.0</gpxtpx:atemp>
            <gpxtpx:hr>126</gpxtpx:hr>
            <gpxtpx:cad>68</gpxtpx:cad>
          </gpxtpx:TrackPointExtension>
        </extensions>
      </trkpt>
      <trkpt lat="46.1602864485" lon="7.1830482070">
        <ele>413.12</ele>
        <time>2026-05-17T07:56:37.000Z</time>
        <extensions>
          <power>210</power>
          <gpxtpx:TrackPointExtension>
            <gpxtpx:atemp>20.0</gpxtpx:atemp>
            <gpxtpx:hr>126</gpxtpx:hr>
            <gpxtpx:cad>68</gpxtpx:cad>
          </gpxtpx:TrackPointExtension>
        </extensions>
      </trkpt>
      <trkpt lat="46.1603662176" lon="7.1831524314">
        <ele>412.49</ele>
        <time>2026-05-17T07:56:38.000Z</time>
        <extensions>
          <power>210</power>
          <gpxtpx:TrackPointExtension>
            <gpxtpx:atemp>20.0</gpxtpx:atemp>
            <gpxtpx:hr>126</gpxtpx:hr>
            <gpxtpx:cad>68</gpxtpx:cad>
          </gpxtpx:TrackPointExtension>
        </extensions>
      </trkpt>
      <trkpt lat="46.1604445934" lon="7.1832691853">
        <ele>411.86</ele>
        <time>2026-05-17T07:56:39.000Z</time>
        <extensions>
          <power>210</power>
          <gpxtpx:TrackPointExtension>
            <gpxtpx:atemp>20.0</gpxtpx:atemp>
            <gpxtpx:hr>126</gpxtpx:hr>
            <gpxtpx:cad>68</gpxtpx:cad>
          </gpxtpx:TrackPointExtension>
        </extensions>
      </trkpt>
      <trkpt lat="46.1605240809" lon="7.1833894114">
        <ele>411.24</ele>
        <time>2026-05-17T07:56:40.000Z</time>
        <extensions>
          <power>210</power>
          <gpxtpx:TrackPointExtension>
            <gpxtpx:atemp>20.0</gpxtpx:atemp>
            <gpxtpx:hr>126</gpxtpx:hr>
            <gpxtpx:cad>68</gpxtpx:cad>
          </gpxtpx:TrackPointExtension>
        </extensions>
      </trkpt>
      <trkpt lat="46.1606020889" lon="7.1835031506">
        <ele>410.61</ele>
        <time>2026-05-17T07:56:41.000Z</time>
        <extensions>
          <power>210</power>
          <gpxtpx:TrackPointExtension>
            <gpxtpx:atemp>20.0</gpxtpx:atemp>
            <gpxtpx:hr>126</gpxtpx:hr>
            <gpxtpx:cad>68</gpxtpx:cad>
          </gpxtpx:TrackPointExtension>
        </extensions>
      </trkpt>
      <trkpt lat="46.1606836647" lon="7.1836218650">
        <ele>409.98</ele>
        <time>2026-05-17T07:56:42.000Z</time>
        <extensions>
          <power>210</power>
          <gpxtpx:TrackPointExtension>
            <gpxtpx:atemp>20.0</gpxtpx:atemp>
            <gpxtpx:hr>126</gpxtpx:hr>
            <gpxtpx:cad>68</gpxtpx:cad>
          </gpxtpx:TrackPointExtension>
        </extensions>
      </trkpt>
      <trkpt lat="46.1607667352" lon="7.1837349166">
        <ele>409.35</ele>
        <time>2026-05-17T07:56:43.000Z</time>
        <extensions>
          <power>210</power>
          <gpxtpx:TrackPointExtension>
            <gpxtpx:atemp>20.0</gpxtpx:atemp>
            <gpxtpx:hr>126</gpxtpx:hr>
            <gpxtpx:cad>68</gpxtpx:cad>
          </gpxtpx:TrackPointExtension>
        </extensions>
      </trkpt>
      <trkpt lat="46.1608430379" lon="7.1838511030">
        <ele>408.72</ele>
        <time>2026-05-17T07:56:44.000Z</time>
        <extensions>
          <power>210</power>
          <gpxtpx:TrackPointExtension>
            <gpxtpx:atemp>20.0</gpxtpx:atemp>
            <gpxtpx:hr>126</gpxtpx:hr>
            <gpxtpx:cad>69</gpxtpx:cad>
          </gpxtpx:TrackPointExtension>
        </extensions>
      </trkpt>
      <trkpt lat="46.1609253799" lon="7.1839671001">
        <ele>408.09</ele>
        <time>2026-05-17T07:56:45.000Z</time>
        <extensions>
          <power>210</power>
          <gpxtpx:TrackPointExtension>
            <gpxtpx:atemp>20.0</gpxtpx:atemp>
            <gpxtpx:hr>126</gpxtpx:hr>
            <gpxtpx:cad>69</gpxtpx:cad>
          </gpxtpx:TrackPointExtension>
        </extensions>
      </trkpt>
      <trkpt lat="46.1610029225" lon="7.1840863460">
        <ele>407.45</ele>
        <time>2026-05-17T07:56:46.000Z</time>
        <extensions>
          <power>210</power>
          <gpxtpx:TrackPointExtension>
            <gpxtpx:atemp>20.0</gpxtpx:atemp>
            <gpxtpx:hr>126</gpxtpx:hr>
            <gpxtpx:cad>69</gpxtpx:cad>
          </gpxtpx:TrackPointExtension>
        </extensions>
      </trkpt>
      <trkpt lat="46.1610780178" lon="7.1841989561">
        <ele>406.82</ele>
        <time>2026-05-17T07:56:47.000Z</time>
        <extensions>
          <power>210</power>
          <gpxtpx:TrackPointExtension>
            <gpxtpx:atemp>20.0</gpxtpx:atemp>
            <gpxtpx:hr>126</gpxtpx:hr>
            <gpxtpx:cad>69</gpxtpx:cad>
          </gpxtpx:TrackPointExtension>
        </extensions>
      </trkpt>
      <trkpt lat="46.1611588640" lon="7.1843215362">
        <ele>406.19</ele>
        <time>2026-05-17T07:56:48.000Z</time>
        <extensions>
          <power>210</power>
          <gpxtpx:TrackPointExtension>
            <gpxtpx:atemp>20.0</gpxtpx:atemp>
            <gpxtpx:hr>126</gpxtpx:hr>
            <gpxtpx:cad>69</gpxtpx:cad>
          </gpxtpx:TrackPointExtension>
        </extensions>
      </trkpt>
      <trkpt lat="46.1612383545" lon="7.1844429406">
        <ele>405.55</ele>
        <time>2026-05-17T07:56:49.000Z</time>
        <extensions>
          <power>210</power>
          <gpxtpx:TrackPointExtension>
            <gpxtpx:atemp>20.0</gpxtpx:atemp>
            <gpxtpx:hr>126</gpxtpx:hr>
            <gpxtpx:cad>69</gpxtpx:cad>
          </gpxtpx:TrackPointExtension>
        </extensions>
      </trkpt>
      <trkpt lat="46.1613181822" lon="7.1845651473">
        <ele>404.92</ele>
        <time>2026-05-17T07:56:50.000Z</time>
        <extensions>
          <power>210</power>
          <gpxtpx:TrackPointExtension>
            <gpxtpx:atemp>20.0</gpxtpx:atemp>
            <gpxtpx:hr>126</gpxtpx:hr>
            <gpxtpx:cad>69</gpxtpx:cad>
          </gpxtpx:TrackPointExtension>
        </extensions>
      </trkpt>
      <trkpt lat="46.1613929998" lon="7.1846871165">
        <ele>404.28</ele>
        <time>2026-05-17T07:56:51.000Z</time>
        <extensions>
          <power>210</power>
          <gpxtpx:TrackPointExtension>
            <gpxtpx:atemp>20.0</gpxtpx:atemp>
            <gpxtpx:hr>126</gpxtpx:hr>
            <gpxtpx:cad>69</gpxtpx:cad>
          </gpxtpx:TrackPointExtension>
        </extensions>
      </trkpt>
      <trkpt lat="46.1614706953" lon="7.1848058143">
        <ele>403.64</ele>
        <time>2026-05-17T07:56:52.000Z</time>
        <extensions>
          <power>210</power>
          <gpxtpx:TrackPointExtension>
            <gpxtpx:atemp>20.0</gpxtpx:atemp>
            <gpxtpx:hr>126</gpxtpx:hr>
            <gpxtpx:cad>69</gpxtpx:cad>
          </gpxtpx:TrackPointExtension>
        </extensions>
      </trkpt>
      <trkpt lat="46.1615446817" lon="7.1849258551">
        <ele>403.01</ele>
        <time>2026-05-17T07:56:53.000Z</time>
        <extensions>
          <power>210</power>
          <gpxtpx:TrackPointExtension>
            <gpxtpx:atemp>20.0</gpxtpx:atemp>
            <gpxtpx:hr>126</gpxtpx:hr>
            <gpxtpx:cad>69</gpxtpx:cad>
          </gpxtpx:TrackPointExtension>
        </extensions>
      </trkpt>
      <trkpt lat="46.1616181740" lon="7.1850542864">
        <ele>402.37</ele>
        <time>2026-05-17T07:56:54.000Z</time>
        <extensions>
          <power>210</power>
          <gpxtpx:TrackPointExtension>
            <gpxtpx:atemp>20.0</gpxtpx:atemp>
            <gpxtpx:hr>126</gpxtpx:hr>
            <gpxtpx:cad>69</gpxtpx:cad>
          </gpxtpx:TrackPointExtension>
        </extensions>
      </trkpt>
      <trkpt lat="46.1616942899" lon="7.1851826164">
        <ele>401.73</ele>
        <time>2026-05-17T07:56:55.000Z</time>
        <extensions>
          <power>210</power>
          <gpxtpx:TrackPointExtension>
            <gpxtpx:atemp>20.0</gpxtpx:atemp>
            <gpxtpx:hr>126</gpxtpx:hr>
            <gpxtpx:cad>70</gpxtpx:cad>
          </gpxtpx:TrackPointExtension>
        </extensions>
      </trkpt>
      <trkpt lat="46.1617748220" lon="7.1853124213">
        <ele>401.09</ele>
        <time>2026-05-17T07:56:56.000Z</time>
        <extensions>
          <power>210</power>
          <gpxtpx:TrackPointExtension>
            <gpxtpx:atemp>20.0</gpxtpx:atemp>
            <gpxtpx:hr>126</gpxtpx:hr>
            <gpxtpx:cad>70</gpxtpx:cad>
          </gpxtpx:TrackPointExtension>
        </extensions>
      </trkpt>
      <trkpt lat="46.1618567051" lon="7.1854401881">
        <ele>400.45</ele>
        <time>2026-05-17T07:56:57.000Z</time>
        <extensions>
          <power>210</power>
          <gpxtpx:TrackPointExtension>
            <gpxtpx:atemp>20.0</gpxtpx:atemp>
            <gpxtpx:hr>126</gpxtpx:hr>
            <gpxtpx:cad>70</gpxtpx:cad>
          </gpxtpx:TrackPointExtension>
        </extensions>
      </trkpt>
      <trkpt lat="46.1619317434" lon="7.1855649324">
        <ele>399.80</ele>
        <time>2026-05-17T07:56:58.000Z</time>
        <extensions>
          <power>210</power>
          <gpxtpx:TrackPointExtension>
            <gpxtpx:atemp>20.0</gpxtpx:atemp>
            <gpxtpx:hr>126</gpxtpx:hr>
            <gpxtpx:cad>70</gpxtpx:cad>
          </gpxtpx:TrackPointExtension>
        </extensions>
      </trkpt>
      <trkpt lat="46.1620033384" lon="7.1856886013">
        <ele>399.16</ele>
        <time>2026-05-17T07:56:59.000Z</time>
        <extensions>
          <power>210</power>
          <gpxtpx:TrackPointExtension>
            <gpxtpx:atemp>20.0</gpxtpx:atemp>
            <gpxtpx:hr>126</gpxtpx:hr>
            <gpxtpx:cad>70</gpxtpx:cad>
          </gpxtpx:TrackPointExtension>
        </extensions>
      </trkpt>
      <trkpt lat="46.1620769030" lon="7.1858102367">
        <ele>398.52</ele>
        <time>2026-05-17T07:57:00.000Z</time>
        <extensions>
          <power>210</power>
          <gpxtpx:TrackPointExtension>
            <gpxtpx:atemp>20.0</gpxtpx:atemp>
            <gpxtpx:hr>126</gpxtpx:hr>
            <gpxtpx:cad>70</gpxtpx:cad>
          </gpxtpx:TrackPointExtension>
        </extensions>
      </trkpt>
      <trkpt lat="46.1621532412" lon="7.1859414839">
        <ele>397.87</ele>
        <time>2026-05-17T07:57:01.000Z</time>
        <extensions>
          <power>210</power>
          <gpxtpx:TrackPointExtension>
            <gpxtpx:atemp>20.0</gpxtpx:atemp>
            <gpxtpx:hr>126</gpxtpx:hr>
            <gpxtpx:cad>70</gpxtpx:cad>
          </gpxtpx:TrackPointExtension>
        </extensions>
      </trkpt>
      <trkpt lat="46.1622234061" lon="7.1860647168">
        <ele>397.23</ele>
        <time>2026-05-17T07:57:02.000Z</time>
        <extensions>
          <power>210</power>
          <gpxtpx:TrackPointExtension>
            <gpxtpx:atemp>20.0</gpxtpx:atemp>
            <gpxtpx:hr>126</gpxtpx:hr>
            <gpxtpx:cad>71</gpxtpx:cad>
          </gpxtpx:TrackPointExtension>
        </extensions>
      </trkpt>
      <trkpt lat="46.1623017709" lon="7.1861903611">
        <ele>396.58</ele>
        <time>2026-05-17T07:57:03.000Z</time>
        <extensions>
          <power>210</power>
          <gpxtpx:TrackPointExtension>
            <gpxtpx:atemp>20.0</gpxtpx:atemp>
            <gpxtpx:hr>126</gpxtpx:hr>
            <gpxtpx:cad>71</gpxtpx:cad>
          </gpxtpx:TrackPointExtension>
        </extensions>
      </trkpt>
      <trkpt lat="46.1623751364" lon="7.1863230219">
        <ele>395.94</ele>
        <time>2026-05-17T07:57:04.000Z</time>
        <extensions>
          <power>210</power>
          <gpxtpx:TrackPointExtension>
            <gpxtpx:atemp>20.0</gpxtpx:atemp>
            <gpxtpx:hr>126</gpxtpx:hr>
            <gpxtpx:cad>71</gpxtpx:cad>
          </gpxtpx:TrackPointExtension>
        </extensions>
      </trkpt>
      <trkpt lat="46.1624442190" lon="7.1864538388">
        <ele>395.29</ele>
        <time>2026-05-17T07:57:05.000Z</time>
        <extensions>
          <power>210</power>
          <gpxtpx:TrackPointExtension>
            <gpxtpx:atemp>20.0</gpxtpx:atemp>
            <gpxtpx:hr>126</gpxtpx:hr>
            <gpxtpx:cad>71</gpxtpx:cad>
          </gpxtpx:TrackPointExtension>
        </extensions>
      </trkpt>
      <trkpt lat="46.1625200246" lon="7.1865868487">
        <ele>394.64</ele>
        <time>2026-05-17T07:57:06.000Z</time>
        <extensions>
          <power>210</power>
          <gpxtpx:TrackPointExtension>
            <gpxtpx:atemp>20.0</gpxtpx:atemp>
            <gpxtpx:hr>126</gpxtpx:hr>
            <gpxtpx:cad>71</gpxtpx:cad>
          </gpxtpx:TrackPointExtension>
        </extensions>
      </trkpt>
      <trkpt lat="46.1625972161" lon="7.1867159817">
        <ele>393.99</ele>
        <time>2026-05-17T07:57:07.000Z</time>
        <extensions>
          <power>210</power>
          <gpxtpx:TrackPointExtension>
            <gpxtpx:atemp>20.0</gpxtpx:atemp>
            <gpxtpx:hr>125</gpxtpx:hr>
            <gpxtpx:cad>71</gpxtpx:cad>
          </gpxtpx:TrackPointExtension>
        </extensions>
      </trkpt>
      <trkpt lat="46.1626650930" lon="7.1868537314">
        <ele>393.34</ele>
        <time>2026-05-17T07:57:08.000Z</time>
        <extensions>
          <power>210</power>
          <gpxtpx:TrackPointExtension>
            <gpxtpx:atemp>20.0</gpxtpx:atemp>
            <gpxtpx:hr>125</gpxtpx:hr>
            <gpxtpx:cad>72</gpxtpx:cad>
          </gpxtpx:TrackPointExtension>
        </extensions>
      </trkpt>
      <trkpt lat="46.1627370897" lon="7.1869797364">
        <ele>392.69</ele>
        <time>2026-05-17T07:57:09.000Z</time>
        <extensions>
          <power>210</power>
          <gpxtpx:TrackPointExtension>
            <gpxtpx:atemp>20.0</gpxtpx:atemp>
            <gpxtpx:hr>125</gpxtpx:hr>
            <gpxtpx:cad>72</gpxtpx:cad>
          </gpxtpx:TrackPointExtension>
        </extensions>
      </trkpt>
      <trkpt lat="46.1628145178" lon="7.1871141610">
        <ele>392.03</ele>
        <time>2026-05-17T07:57:10.000Z</time>
        <extensions>
          <power>210</power>
          <gpxtpx:TrackPointExtension>
            <gpxtpx:atemp>20.0</gpxtpx:atemp>
            <gpxtpx:hr>125</gpxtpx:hr>
            <gpxtpx:cad>72</gpxtpx:cad>
          </gpxtpx:TrackPointExtension>
        </extensions>
      </trkpt>
      <trkpt lat="46.1628916162" lon="7.1872488337">
        <ele>391.38</ele>
        <time>2026-05-17T07:57:11.000Z</time>
        <extensions>
          <power>210</power>
          <gpxtpx:TrackPointExtension>
            <gpxtpx:atemp>20.0</gpxtpx:atemp>
            <gpxtpx:hr>125</gpxtpx:hr>
            <gpxtpx:cad>72</gpxtpx:cad>
          </gpxtpx:TrackPointExtension>
        </extensions>
      </trkpt>
      <trkpt lat="46.1629647854" lon="7.1873802578">
        <ele>390.73</ele>
        <time>2026-05-17T07:57:12.000Z</time>
        <extensions>
          <power>210</power>
          <gpxtpx:TrackPointExtension>
            <gpxtpx:atemp>20.0</gpxtpx:atemp>
            <gpxtpx:hr>125</gpxtpx:hr>
            <gpxtpx:cad>72</gpxtpx:cad>
          </gpxtpx:TrackPointExtension>
        </extensions>
      </trkpt>
      <trkpt lat="46.1630374776" lon="7.1875179917">
        <ele>390.07</ele>
        <time>2026-05-17T07:57:13.000Z</time>
        <extensions>
          <power>210</power>
          <gpxtpx:TrackPointExtension>
            <gpxtpx:atemp>20.0</gpxtpx:atemp>
            <gpxtpx:hr>125</gpxtpx:hr>
            <gpxtpx:cad>72</gpxtpx:cad>
          </gpxtpx:TrackPointExtension>
        </extensions>
      </trkpt>
      <trkpt lat="46.1631084232" lon="7.1876612243">
        <ele>389.42</ele>
        <time>2026-05-17T07:57:14.000Z</time>
        <extensions>
          <power>210</power>
          <gpxtpx:TrackPointExtension>
            <gpxtpx:atemp>20.0</gpxtpx:atemp>
            <gpxtpx:hr>125</gpxtpx:hr>
            <gpxtpx:cad>73</gpxtpx:cad>
          </gpxtpx:TrackPointExtension>
        </extensions>
      </trkpt>
      <trkpt lat="46.1631844751" lon="7.1877920355">
        <ele>388.76</ele>
        <time>2026-05-17T07:57:15.000Z</time>
        <extensions>
          <power>210</power>
          <gpxtpx:TrackPointExtension>
            <gpxtpx:atemp>20.0</gpxtpx:atemp>
            <gpxtpx:hr>125</gpxtpx:hr>
            <gpxtpx:cad>73</gpxtpx:cad>
          </gpxtpx:TrackPointExtension>
        </extensions>
      </trkpt>
      <trkpt lat="46.1632549551" lon="7.1879283692">
        <ele>388.10</ele>
        <time>2026-05-17T07:57:16.000Z</time>
        <extensions>
          <power>210</power>
          <gpxtpx:TrackPointExtension>
            <gpxtpx:atemp>20.0</gpxtpx:atemp>
            <gpxtpx:hr>125</gpxtpx:hr>
            <gpxtpx:cad>73</gpxtpx:cad>
          </gpxtpx:TrackPointExtension>
        </extensions>
      </trkpt>
      <trkpt lat="46.1633249562" lon="7.1880695227">
        <ele>387.44</ele>
        <time>2026-05-17T07:57:17.000Z</time>
        <extensions>
          <power>210</power>
          <gpxtpx:TrackPointExtension>
            <gpxtpx:atemp>20.0</gpxtpx:atemp>
            <gpxtpx:hr>125</gpxtpx:hr>
            <gpxtpx:cad>73</gpxtpx:cad>
          </gpxtpx:TrackPointExtension>
        </extensions>
      </trkpt>
      <trkpt lat="46.1633993146" lon="7.1882109820">
        <ele>386.78</ele>
        <time>2026-05-17T07:57:18.000Z</time>
        <extensions>
          <power>210</power>
          <gpxtpx:TrackPointExtension>
            <gpxtpx:atemp>20.0</gpxtpx:atemp>
            <gpxtpx:hr>125</gpxtpx:hr>
            <gpxtpx:cad>73</gpxtpx:cad>
          </gpxtpx:TrackPointExtension>
        </extensions>
      </trkpt>
      <trkpt lat="46.1634694647" lon="7.1883438857">
        <ele>386.12</ele>
        <time>2026-05-17T07:57:19.000Z</time>
        <extensions>
          <power>210</power>
          <gpxtpx:TrackPointExtension>
            <gpxtpx:atemp>20.0</gpxtpx:atemp>
            <gpxtpx:hr>125</gpxtpx:hr>
            <gpxtpx:cad>74</gpxtpx:cad>
          </gpxtpx:TrackPointExtension>
        </extensions>
      </trkpt>
      <trkpt lat="46.1635421241" lon="7.1884897356">
        <ele>385.46</ele>
        <time>2026-05-17T07:57:20.000Z</time>
        <extensions>
          <power>210</power>
          <gpxtpx:TrackPointExtension>
            <gpxtpx:atemp>20.1</gpxtpx:atemp>
            <gpxtpx:hr>125</gpxtpx:hr>
            <gpxtpx:cad>74</gpxtpx:cad>
          </gpxtpx:TrackPointExtension>
        </extensions>
      </trkpt>
      <trkpt lat="46.1636065417" lon="7.1886303554">
        <ele>384.80</ele>
        <time>2026-05-17T07:57:21.000Z</time>
        <extensions>
          <power>210</power>
          <gpxtpx:TrackPointExtension>
            <gpxtpx:atemp>20.1</gpxtpx:atemp>
            <gpxtpx:hr>125</gpxtpx:hr>
            <gpxtpx:cad>74</gpxtpx:cad>
          </gpxtpx:TrackPointExtension>
        </extensions>
      </trkpt>
      <trkpt lat="46.1636786063" lon="7.1887753206">
        <ele>384.14</ele>
        <time>2026-05-17T07:57:22.000Z</time>
        <extensions>
          <power>210</power>
          <gpxtpx:TrackPointExtension>
            <gpxtpx:atemp>20.1</gpxtpx:atemp>
            <gpxtpx:hr>125</gpxtpx:hr>
            <gpxtpx:cad>74</gpxtpx:cad>
          </gpxtpx:TrackPointExtension>
        </extensions>
      </trkpt>
      <trkpt lat="46.1637493508" lon="7.1889220382">
        <ele>383.48</ele>
        <time>2026-05-17T07:57:23.000Z</time>
        <extensions>
          <power>210</power>
          <gpxtpx:TrackPointExtension>
            <gpxtpx:atemp>20.1</gpxtpx:atemp>
            <gpxtpx:hr>125</gpxtpx:hr>
            <gpxtpx:cad>74</gpxtpx:cad>
          </gpxtpx:TrackPointExtension>
        </extensions>
      </trkpt>
      <trkpt lat="46.1638200002" lon="7.1890685422">
        <ele>382.81</ele>
        <time>2026-05-17T07:57:24.000Z</time>
        <extensions>
          <power>210</power>
          <gpxtpx:TrackPointExtension>
            <gpxtpx:atemp>20.1</gpxtpx:atemp>
            <gpxtpx:hr>125</gpxtpx:hr>
            <gpxtpx:cad>75</gpxtpx:cad>
          </gpxtpx:TrackPointExtension>
        </extensions>
      </trkpt>
      <trkpt lat="46.1638874346" lon="7.1892094959">
        <ele>382.15</ele>
        <time>2026-05-17T07:57:25.000Z</time>
        <extensions>
          <power>210</power>
          <gpxtpx:TrackPointExtension>
            <gpxtpx:atemp>20.1</gpxtpx:atemp>
            <gpxtpx:hr>125</gpxtpx:hr>
            <gpxtpx:cad>75</gpxtpx:cad>
          </gpxtpx:TrackPointExtension>
        </extensions>
      </trkpt>
      <trkpt lat="46.1639540946" lon="7.1893580182">
        <ele>381.48</ele>
        <time>2026-05-17T07:57:26.000Z</time>
        <extensions>
          <power>210</power>
          <gpxtpx:TrackPointExtension>
            <gpxtpx:atemp>20.1</gpxtpx:atemp>
            <gpxtpx:hr>124</gpxtpx:hr>
            <gpxtpx:cad>75</gpxtpx:cad>
          </gpxtpx:TrackPointExtension>
        </extensions>
      </trkpt>
      <trkpt lat="46.1640250334" lon="7.1894975225">
        <ele>380.82</ele>
        <time>2026-05-17T07:57:27.000Z</time>
        <extensions>
          <power>210</power>
          <gpxtpx:TrackPointExtension>
            <gpxtpx:atemp>20.1</gpxtpx:atemp>
            <gpxtpx:hr>124</gpxtpx:hr>
            <gpxtpx:cad>75</gpxtpx:cad>
          </gpxtpx:TrackPointExtension>
        </extensions>
      </trkpt>
      <trkpt lat="46.1640879236" lon="7.1896328389">
        <ele>380.15</ele>
        <time>2026-05-17T07:57:28.000Z</time>
        <extensions>
          <power>210</power>
          <gpxtpx:TrackPointExtension>
            <gpxtpx:atemp>20.1</gpxtpx:atemp>
            <gpxtpx:hr>124</gpxtpx:hr>
            <gpxtpx:cad>76</gpxtpx:cad>
          </gpxtpx:TrackPointExtension>
        </extensions>
      </trkpt>
      <trkpt lat="46.1641524518" lon="7.1897804096">
        <ele>379.48</ele>
        <time>2026-05-17T07:57:29.000Z</time>
        <extensions>
          <power>210</power>
          <gpxtpx:TrackPointExtension>
            <gpxtpx:atemp>20.1</gpxtpx:atemp>
            <gpxtpx:hr>124</gpxtpx:hr>
            <gpxtpx:cad>76</gpxtpx:cad>
          </gpxtpx:TrackPointExtension>
        </extensions>
      </trkpt>
      <trkpt lat="46.1642205057" lon="7.1899280222">
        <ele>378.81</ele>
        <time>2026-05-17T07:57:30.000Z</time>
        <extensions>
          <power>210</power>
          <gpxtpx:TrackPointExtension>
            <gpxtpx:atemp>20.1</gpxtpx:atemp>
            <gpxtpx:hr>124</gpxtpx:hr>
            <gpxtpx:cad>76</gpxtpx:cad>
          </gpxtpx:TrackPointExtension>
        </extensions>
      </trkpt>
      <trkpt lat="46.1642872901" lon="7.1900694024">
        <ele>378.14</ele>
        <time>2026-05-17T07:57:31.000Z</time>
        <extensions>
          <power>210</power>
          <gpxtpx:TrackPointExtension>
            <gpxtpx:atemp>20.1</gpxtpx:atemp>
            <gpxtpx:hr>124</gpxtpx:hr>
            <gpxtpx:cad>76</gpxtpx:cad>
          </gpxtpx:TrackPointExtension>
        </extensions>
      </trkpt>
      <trkpt lat="46.1643583939" lon="7.1902163326">
        <ele>377.47</ele>
        <time>2026-05-17T07:57:32.000Z</time>
        <extensions>
          <power>210</power>
          <gpxtpx:TrackPointExtension>
            <gpxtpx:atemp>20.1</gpxtpx:atemp>
            <gpxtpx:hr>124</gpxtpx:hr>
            <gpxtpx:cad>76</gpxtpx:cad>
          </gpxtpx:TrackPointExtension>
        </extensions>
      </trkpt>
      <trkpt lat="46.1644291556" lon="7.1903658186">
        <ele>376.80</ele>
        <time>2026-05-17T07:57:33.000Z</time>
        <extensions>
          <power>210</power>
          <gpxtpx:TrackPointExtension>
            <gpxtpx:atemp>20.1</gpxtpx:atemp>
            <gpxtpx:hr>124</gpxtpx:hr>
            <gpxtpx:cad>77</gpxtpx:cad>
          </gpxtpx:TrackPointExtension>
        </extensions>
      </trkpt>
      <trkpt lat="46.1644942500" lon="7.1905171138">
        <ele>376.13</ele>
        <time>2026-05-17T07:57:34.000Z</time>
        <extensions>
          <power>210</power>
          <gpxtpx:TrackPointExtension>
            <gpxtpx:atemp>20.1</gpxtpx:atemp>
            <gpxtpx:hr>124</gpxtpx:hr>
            <gpxtpx:cad>77</gpxtpx:cad>
          </gpxtpx:TrackPointExtension>
        </extensions>
      </trkpt>
      <trkpt lat="46.1645631774" lon="7.1906663974">
        <ele>375.46</ele>
        <time>2026-05-17T07:57:35.000Z</time>
        <extensions>
          <power>210</power>
          <gpxtpx:TrackPointExtension>
            <gpxtpx:atemp>20.1</gpxtpx:atemp>
            <gpxtpx:hr>124</gpxtpx:hr>
            <gpxtpx:cad>77</gpxtpx:cad>
          </gpxtpx:TrackPointExtension>
        </extensions>
      </trkpt>
      <trkpt lat="46.1646256902" lon="7.1908190426">
        <ele>374.78</ele>
        <time>2026-05-17T07:57:36.000Z</time>
        <extensions>
          <power>210</power>
          <gpxtpx:TrackPointExtension>
            <gpxtpx:atemp>20.1</gpxtpx:atemp>
            <gpxtpx:hr>124</gpxtpx:hr>
            <gpxtpx:cad>77</gpxtpx:cad>
          </gpxtpx:TrackPointExtension>
        </extensions>
      </trkpt>
      <trkpt lat="46.1646909347" lon="7.1909650419">
        <ele>374.11</ele>
        <time>2026-05-17T07:57:37.000Z</time>
        <extensions>
          <power>210</power>
          <gpxtpx:TrackPointExtension>
            <gpxtpx:atemp>20.1</gpxtpx:atemp>
            <gpxtpx:hr>124</gpxtpx:hr>
            <gpxtpx:cad>78</gpxtpx:cad>
          </gpxtpx:TrackPointExtension>
        </extensions>
      </trkpt>
      <trkpt lat="46.1647549959" lon="7.1911042641">
        <ele>373.44</ele>
        <time>2026-05-17T07:57:38.000Z</time>
        <extensions>
          <power>210</power>
          <gpxtpx:TrackPointExtension>
            <gpxtpx:atemp>20.1</gpxtpx:atemp>
            <gpxtpx:hr>124</gpxtpx:hr>
            <gpxtpx:cad>78</gpxtpx:cad>
          </gpxtpx:TrackPointExtension>
        </extensions>
      </trkpt>
      <trkpt lat="46.1648252149" lon="7.1912467112">
        <ele>372.76</ele>
        <time>2026-05-17T07:57:39.000Z</time>
        <extensions>
          <power>210</power>
          <gpxtpx:TrackPointExtension>
            <gpxtpx:atemp>20.1</gpxtpx:atemp>
            <gpxtpx:hr>124</gpxtpx:hr>
            <gpxtpx:cad>78</gpxtpx:cad>
          </gpxtpx:TrackPointExtension>
        </extensions>
      </trkpt>
      <trkpt lat="46.1648890135" lon="7.1913990828">
        <ele>372.09</ele>
        <time>2026-05-17T07:57:40.000Z</time>
        <extensions>
          <power>210</power>
          <gpxtpx:TrackPointExtension>
            <gpxtpx:atemp>20.1</gpxtpx:atemp>
            <gpxtpx:hr>123</gpxtpx:hr>
            <gpxtpx:cad>78</gpxtpx:cad>
          </gpxtpx:TrackPointExtension>
        </extensions>
      </trkpt>
      <trkpt lat="46.1649592918" lon="7.1915437546">
        <ele>371.41</ele>
        <time>2026-05-17T07:57:41.000Z</time>
        <extensions>
          <power>210</power>
          <gpxtpx:TrackPointExtension>
            <gpxtpx:atemp>20.1</gpxtpx:atemp>
            <gpxtpx:hr>123</gpxtpx:hr>
            <gpxtpx:cad>79</gpxtpx:cad>
          </gpxtpx:TrackPointExtension>
        </extensions>
      </trkpt>
      <trkpt lat="46.1650259777" lon="7.1916952300">
        <ele>370.74</ele>
        <time>2026-05-17T07:57:42.000Z</time>
        <extensions>
          <power>210</power>
          <gpxtpx:TrackPointExtension>
            <gpxtpx:atemp>20.1</gpxtpx:atemp>
            <gpxtpx:hr>123</gpxtpx:hr>
            <gpxtpx:cad>79</gpxtpx:cad>
          </gpxtpx:TrackPointExtension>
        </extensions>
      </trkpt>
      <trkpt lat="46.1650874302" lon="7.1918472805">
        <ele>370.06</ele>
        <time>2026-05-17T07:57:43.000Z</time>
        <extensions>
          <power>210</power>
          <gpxtpx:TrackPointExtension>
            <gpxtpx:atemp>20.1</gpxtpx:atemp>
            <gpxtpx:hr>123</gpxtpx:hr>
            <gpxtpx:cad>79</gpxtpx:cad>
          </gpxtpx:TrackPointExtension>
        </extensions>
      </trkpt>
      <trkpt lat="46.1651565851" lon="7.1919960283">
        <ele>369.38</ele>
        <time>2026-05-17T07:57:44.000Z</time>
        <extensions>
          <power>210</power>
          <gpxtpx:TrackPointExtension>
            <gpxtpx:atemp>20.1</gpxtpx:atemp>
            <gpxtpx:hr>123</gpxtpx:hr>
            <gpxtpx:cad>79</gpxtpx:cad>
          </gpxtpx:TrackPointExtension>
        </extensions>
      </trkpt>
      <trkpt lat="46.1652252846" lon="7.1921512450">
        <ele>368.70</ele>
        <time>2026-05-17T07:57:45.000Z</time>
        <extensions>
          <power>210</power>
          <gpxtpx:TrackPointExtension>
            <gpxtpx:atemp>20.1</gpxtpx:atemp>
            <gpxtpx:hr>123</gpxtpx:hr>
            <gpxtpx:cad>79</gpxtpx:cad>
          </gpxtpx:TrackPointExtension>
        </extensions>
      </trkpt>
      <trkpt lat="46.1652918859" lon="7.1922946062">
        <ele>368.03</ele>
        <time>2026-05-17T07:57:46.000Z</time>
        <extensions>
          <power>210</power>
          <gpxtpx:TrackPointExtension>
            <gpxtpx:atemp>20.1</gpxtpx:atemp>
            <gpxtpx:hr>123</gpxtpx:hr>
            <gpxtpx:cad>80</gpxtpx:cad>
          </gpxtpx:TrackPointExtension>
        </extensions>
      </trkpt>
      <trkpt lat="46.1653514720" lon="7.1924406536">
        <ele>367.35</ele>
        <time>2026-05-17T07:57:47.000Z</time>
        <extensions>
          <power>210</power>
          <gpxtpx:TrackPointExtension>
            <gpxtpx:atemp>20.1</gpxtpx:atemp>
            <gpxtpx:hr>123</gpxtpx:hr>
            <gpxtpx:cad>80</gpxtpx:cad>
          </gpxtpx:TrackPointExtension>
        </extensions>
      </trkpt>
      <trkpt lat="46.1654152071" lon="7.1925921594">
        <ele>366.67</ele>
        <time>2026-05-17T07:57:48.000Z</time>
        <extensions>
          <power>210</power>
          <gpxtpx:TrackPointExtension>
            <gpxtpx:atemp>20.1</gpxtpx:atemp>
            <gpxtpx:hr>123</gpxtpx:hr>
            <gpxtpx:cad>80</gpxtpx:cad>
          </gpxtpx:TrackPointExtension>
        </extensions>
      </trkpt>
      <trkpt lat="46.1654820893" lon="7.1927417930">
        <ele>365.99</ele>
        <time>2026-05-17T07:57:49.000Z</time>
        <extensions>
          <power>210</power>
          <gpxtpx:TrackPointExtension>
            <gpxtpx:atemp>20.1</gpxtpx:atemp>
            <gpxtpx:hr>123</gpxtpx:hr>
            <gpxtpx:cad>80</gpxtpx:cad>
          </gpxtpx:TrackPointExtension>
        </extensions>
      </trkpt>
      <trkpt lat="46.1655498435" lon="7.1928964400">
        <ele>365.31</ele>
        <time>2026-05-17T07:57:50.000Z</time>
        <extensions>
          <power>210</power>
          <gpxtpx:TrackPointExtension>
            <gpxtpx:atemp>20.1</gpxtpx:atemp>
            <gpxtpx:hr>123</gpxtpx:hr>
            <gpxtpx:cad>81</gpxtpx:cad>
          </gpxtpx:TrackPointExtension>
        </extensions>
      </trkpt>
      <trkpt lat="46.1656083386" lon="7.1930490551">
        <ele>364.63</ele>
        <time>2026-05-17T07:57:51.000Z</time>
        <extensions>
          <power>210</power>
          <gpxtpx:TrackPointExtension>
            <gpxtpx:atemp>20.1</gpxtpx:atemp>
            <gpxtpx:hr>122</gpxtpx:hr>
            <gpxtpx:cad>81</gpxtpx:cad>
          </gpxtpx:TrackPointExtension>
        </extensions>
      </trkpt>
      <trkpt lat="46.1656717223" lon="7.1931964912">
        <ele>363.95</ele>
        <time>2026-05-17T07:57:52.000Z</time>
        <extensions>
          <power>210</power>
          <gpxtpx:TrackPointExtension>
            <gpxtpx:atemp>20.1</gpxtpx:atemp>
            <gpxtpx:hr>122</gpxtpx:hr>
            <gpxtpx:cad>81</gpxtpx:cad>
          </gpxtpx:TrackPointExtension>
        </extensions>
      </trkpt>
      <trkpt lat="46.1657348000" lon="7.1933503766">
        <ele>363.27</ele>
        <time>2026-05-17T07:57:53.000Z</time>
        <extensions>
          <power>210</power>
          <gpxtpx:TrackPointExtension>
            <gpxtpx:atemp>20.1</gpxtpx:atemp>
            <gpxtpx:hr>122</gpxtpx:hr>
            <gpxtpx:cad>81</gpxtpx:cad>
          </gpxtpx:TrackPointExtension>
        </extensions>
      </trkpt>
      <trkpt lat="46.1658014431" lon="7.1935034684">
        <ele>362.59</ele>
        <time>2026-05-17T07:57:54.000Z</time>
        <extensions>
          <power>210</power>
          <gpxtpx:TrackPointExtension>
            <gpxtpx:atemp>20.1</gpxtpx:atemp>
            <gpxtpx:hr>122</gpxtpx:hr>
            <gpxtpx:cad>81</gpxtpx:cad>
          </gpxtpx:TrackPointExtension>
        </extensions>
      </trkpt>
      <trkpt lat="46.1658684343" lon="7.1936591138">
        <ele>361.91</ele>
        <time>2026-05-17T07:57:55.000Z</time>
        <extensions>
          <power>210</power>
          <gpxtpx:TrackPointExtension>
            <gpxtpx:atemp>20.1</gpxtpx:atemp>
            <gpxtpx:hr>122</gpxtpx:hr>
            <gpxtpx:cad>82</gpxtpx:cad>
          </gpxtpx:TrackPointExtension>
        </extensions>
      </trkpt>
      <trkpt lat="46.1659322028" lon="7.1938153589">
        <ele>361.23</ele>
        <time>2026-05-17T07:57:56.000Z</time>
        <extensions>
          <power>210</power>
          <gpxtpx:TrackPointExtension>
            <gpxtpx:atemp>20.1</gpxtpx:atemp>
            <gpxtpx:hr>122</gpxtpx:hr>
            <gpxtpx:cad>82</gpxtpx:cad>
          </gpxtpx:TrackPointExtension>
        </extensions>
      </trkpt>
      <trkpt lat="46.1659942573" lon="7.1939641424">
        <ele>360.54</ele>
        <time>2026-05-17T07:57:57.000Z</time>
        <extensions>
          <power>210</power>
          <gpxtpx:TrackPointExtension>
            <gpxtpx:atemp>20.1</gpxtpx:atemp>
            <gpxtpx:hr>122</gpxtpx:hr>
            <gpxtpx:cad>82</gpxtpx:cad>
          </gpxtpx:TrackPointExtension>
        </extensions>
      </trkpt>
      <trkpt lat="46.1660571645" lon="7.1941235300">
        <ele>359.86</ele>
        <time>2026-05-17T07:57:58.000Z</time>
        <extensions>
          <power>210</power>
          <gpxtpx:TrackPointExtension>
            <gpxtpx:atemp>20.1</gpxtpx:atemp>
            <gpxtpx:hr>122</gpxtpx:hr>
            <gpxtpx:cad>82</gpxtpx:cad>
          </gpxtpx:TrackPointExtension>
        </extensions>
      </trkpt>
      <trkpt lat="46.1661154640" lon="7.1942793476">
        <ele>359.18</ele>
        <time>2026-05-17T07:57:59.000Z</time>
        <extensions>
          <power>210</power>
          <gpxtpx:TrackPointExtension>
            <gpxtpx:atemp>20.1</gpxtpx:atemp>
            <gpxtpx:hr>122</gpxtpx:hr>
            <gpxtpx:cad>82</gpxtpx:cad>
          </gpxtpx:TrackPointExtension>
        </extensions>
      </trkpt>
      <trkpt lat="46.1661730625" lon="7.1944404423">
        <ele>358.50</ele>
        <time>2026-05-17T07:58:00.000Z</time>
        <extensions>
          <power>210</power>
          <gpxtpx:TrackPointExtension>
            <gpxtpx:atemp>20.1</gpxtpx:atemp>
            <gpxtpx:hr>122</gpxtpx:hr>
            <gpxtpx:cad>83</gpxtpx:cad>
          </gpxtpx:TrackPointExtension>
        </extensions>
      </trkpt>
      <trkpt lat="46.1662340930" lon="7.1945946564">
        <ele>357.82</ele>
        <time>2026-05-17T07:58:01.000Z</time>
        <extensions>
          <power>210</power>
          <gpxtpx:TrackPointExtension>
            <gpxtpx:atemp>20.1</gpxtpx:atemp>
            <gpxtpx:hr>122</gpxtpx:hr>
            <gpxtpx:cad>83</gpxtpx:cad>
          </gpxtpx:TrackPointExtension>
        </extensions>
      </trkpt>
      <trkpt lat="46.1662978284" lon="7.1947538646">
        <ele>357.13</ele>
        <time>2026-05-17T07:58:02.000Z</time>
        <extensions>
          <power>210</power>
          <gpxtpx:TrackPointExtension>
            <gpxtpx:atemp>20.1</gpxtpx:atemp>
            <gpxtpx:hr>121</gpxtpx:hr>
            <gpxtpx:cad>83</gpxtpx:cad>
          </gpxtpx:TrackPointExtension>
        </extensions>
      </trkpt>
      <trkpt lat="46.1663536195" lon="7.1949058711">
        <ele>356.45</ele>
        <time>2026-05-17T07:58:03.000Z</time>
        <extensions>
          <power>210</power>
          <gpxtpx:TrackPointExtension>
            <gpxtpx:atemp>20.1</gpxtpx:atemp>
            <gpxtpx:hr>121</gpxtpx:hr>
            <gpxtpx:cad>83</gpxtpx:cad>
          </gpxtpx:TrackPointExtension>
        </extensions>
      </trkpt>
      <trkpt lat="46.1664132893" lon="7.1950685549">
        <ele>355.77</ele>
        <time>2026-05-17T07:58:04.000Z</time>
        <extensions>
          <power>210</power>
          <gpxtpx:TrackPointExtension>
            <gpxtpx:atemp>20.1</gpxtpx:atemp>
            <gpxtpx:hr>121</gpxtpx:hr>
            <gpxtpx:cad>83</gpxtpx:cad>
          </gpxtpx:TrackPointExtension>
        </extensions>
      </trkpt>
      <trkpt lat="46.1664711680" lon="7.1952193362">
        <ele>355.09</ele>
        <time>2026-05-17T07:58:05.000Z</time>
        <extensions>
          <power>210</power>
          <gpxtpx:TrackPointExtension>
            <gpxtpx:atemp>20.1</gpxtpx:atemp>
            <gpxtpx:hr>121</gpxtpx:hr>
            <gpxtpx:cad>84</gpxtpx:cad>
          </gpxtpx:TrackPointExtension>
        </extensions>
      </trkpt>
      <trkpt lat="46.1665263266" lon="7.1953800683">
        <ele>354.40</ele>
        <time>2026-05-17T07:58:06.000Z</time>
        <extensions>
          <power>210</power>
          <gpxtpx:TrackPointExtension>
            <gpxtpx:atemp>20.1</gpxtpx:atemp>
            <gpxtpx:hr>121</gpxtpx:hr>
            <gpxtpx:cad>84</gpxtpx:cad>
          </gpxtpx:TrackPointExtension>
        </extensions>
      </trkpt>
      <trkpt lat="46.1665818658" lon="7.1955386637">
        <ele>353.72</ele>
        <time>2026-05-17T07:58:07.000Z</time>
        <extensions>
          <power>210</power>
          <gpxtpx:TrackPointExtension>
            <gpxtpx:atemp>20.1</gpxtpx:atemp>
            <gpxtpx:hr>121</gpxtpx:hr>
            <gpxtpx:cad>84</gpxtpx:cad>
          </gpxtpx:TrackPointExtension>
        </extensions>
      </trkpt>
      <trkpt lat="46.1666425522" lon="7.1956906245">
        <ele>353.04</ele>
        <time>2026-05-17T07:58:08.000Z</time>
        <extensions>
          <power>210</power>
          <gpxtpx:TrackPointExtension>
            <gpxtpx:atemp>20.1</gpxtpx:atemp>
            <gpxtpx:hr>121</gpxtpx:hr>
            <gpxtpx:cad>84</gpxtpx:cad>
          </gpxtpx:TrackPointExtension>
        </extensions>
      </trkpt>
      <trkpt lat="46.1666993719" lon="7.1958484122">
        <ele>352.36</ele>
        <time>2026-05-17T07:58:09.000Z</time>
        <extensions>
          <power>210</power>
          <gpxtpx:TrackPointExtension>
            <gpxtpx:atemp>20.1</gpxtpx:atemp>
            <gpxtpx:hr>121</gpxtpx:hr>
            <gpxtpx:cad>84</gpxtpx:cad>
          </gpxtpx:TrackPointExtension>
        </extensions>
      </trkpt>
      <trkpt lat="46.1667522231" lon="7.1960124641">
        <ele>351.67</ele>
        <time>2026-05-17T07:58:10.000Z</time>
        <extensions>
          <power>210</power>
          <gpxtpx:TrackPointExtension>
            <gpxtpx:atemp>20.1</gpxtpx:atemp>
            <gpxtpx:hr>121</gpxtpx:hr>
            <gpxtpx:cad>85</gpxtpx:cad>
          </gpxtpx:TrackPointExtension>
        </extensions>
      </trkpt>
      <trkpt lat="46.1668116162" lon="7.1961663386">
        <ele>350.99</ele>
        <time>2026-05-17T07:58:11.000Z</time>
        <extensions>
          <power>210</power>
          <gpxtpx:TrackPointExtension>
            <gpxtpx:atemp>20.1</gpxtpx:atemp>
            <gpxtpx:hr>121</gpxtpx:hr>
            <gpxtpx:cad>85</gpxtpx:cad>
          </gpxtpx:TrackPointExtension>
        </extensions>
      </trkpt>
      <trkpt lat="46.1668707628" lon="7.1963209912">
        <ele>350.31</ele>
        <time>2026-05-17T07:58:12.000Z</time>
        <extensions>
          <power>210</power>
          <gpxtpx:TrackPointExtension>
            <gpxtpx:atemp>20.1</gpxtpx:atemp>
            <gpxtpx:hr>120</gpxtpx:hr>
            <gpxtpx:cad>85</gpxtpx:cad>
          </gpxtpx:TrackPointExtension>
        </extensions>
      </trkpt>
      <trkpt lat="46.1669309044" lon="7.1964836126">
        <ele>349.63</ele>
        <time>2026-05-17T07:58:13.000Z</time>
        <extensions>
          <power>210</power>
          <gpxtpx:TrackPointExtension>
            <gpxtpx:atemp>20.1</gpxtpx:atemp>
            <gpxtpx:hr>120</gpxtpx:hr>
            <gpxtpx:cad>85</gpxtpx:cad>
          </gpxtpx:TrackPointExtension>
        </extensions>
      </trkpt>
      <trkpt lat="46.1669845554" lon="7.1966360201">
        <ele>348.95</ele>
        <time>2026-05-17T07:58:14.000Z</time>
        <extensions>
          <power>210</power>
          <gpxtpx:TrackPointExtension>
            <gpxtpx:atemp>20.1</gpxtpx:atemp>
            <gpxtpx:hr>120</gpxtpx:hr>
            <gpxtpx:cad>85</gpxtpx:cad>
          </gpxtpx:TrackPointExtension>
        </extensions>
      </trkpt>
      <trkpt lat="46.1670434601" lon="7.1967894219">
        <ele>348.26</ele>
        <time>2026-05-17T07:58:15.000Z</time>
        <extensions>
          <power>210</power>
          <gpxtpx:TrackPointExtension>
            <gpxtpx:atemp>20.1</gpxtpx:atemp>
            <gpxtpx:hr>120</gpxtpx:hr>
            <gpxtpx:cad>85</gpxtpx:cad>
          </gpxtpx:TrackPointExtension>
        </extensions>
      </trkpt>
      <trkpt lat="46.1670939408" lon="7.1969505483">
        <ele>347.58</ele>
        <time>2026-05-17T07:58:16.000Z</time>
        <extensions>
          <power>210</power>
          <gpxtpx:TrackPointExtension>
            <gpxtpx:atemp>20.1</gpxtpx:atemp>
            <gpxtpx:hr>120</gpxtpx:hr>
            <gpxtpx:cad>85</gpxtpx:cad>
          </gpxtpx:TrackPointExtension>
        </extensions>
      </trkpt>
      <trkpt lat="46.1671483946" lon="7.1971103513">
        <ele>346.90</ele>
        <time>2026-05-17T07:58:17.000Z</time>
        <extensions>
          <power>210</power>
          <gpxtpx:TrackPointExtension>
            <gpxtpx:atemp>20.1</gpxtpx:atemp>
            <gpxtpx:hr>120</gpxtpx:hr>
            <gpxtpx:cad>86</gpxtpx:cad>
          </gpxtpx:TrackPointExtension>
        </extensions>
      </trkpt>
      <trkpt lat="46.1672023467" lon="7.1972705688">
        <ele>346.22</ele>
        <time>2026-05-17T07:58:18.000Z</time>
        <extensions>
          <power>210</power>
          <gpxtpx:TrackPointExtension>
            <gpxtpx:atemp>20.1</gpxtpx:atemp>
            <gpxtpx:hr>120</gpxtpx:hr>
            <gpxtpx:cad>86</gpxtpx:cad>
          </gpxtpx:TrackPointExtension>
        </extensions>
      </trkpt>
      <trkpt lat="46.1672581276" lon="7.1974350651">
        <ele>345.54</ele>
        <time>2026-05-17T07:58:19.000Z</time>
        <extensions>
          <power>210</power>
          <gpxtpx:TrackPointExtension>
            <gpxtpx:atemp>20.1</gpxtpx:atemp>
            <gpxtpx:hr>120</gpxtpx:hr>
            <gpxtpx:cad>86</gpxtpx:cad>
          </gpxtpx:TrackPointExtension>
        </extensions>
      </trkpt>
      <trkpt lat="46.1673095891" lon="7.1976013933">
        <ele>344.86</ele>
        <time>2026-05-17T07:58:20.000Z</time>
        <extensions>
          <power>210</power>
          <gpxtpx:TrackPointExtension>
            <gpxtpx:atemp>20.1</gpxtpx:atemp>
            <gpxtpx:hr>120</gpxtpx:hr>
            <gpxtpx:cad>86</gpxtpx:cad>
          </gpxtpx:TrackPointExtension>
        </extensions>
      </trkpt>
      <trkpt lat="46.1673584720" lon="7.1977667068">
        <ele>344.18</ele>
        <time>2026-05-17T07:58:21.000Z</time>
        <extensions>
          <power>210</power>
          <gpxtpx:TrackPointExtension>
            <gpxtpx:atemp>20.1</gpxtpx:atemp>
            <gpxtpx:hr>120</gpxtpx:hr>
            <gpxtpx:cad>86</gpxtpx:cad>
          </gpxtpx:TrackPointExtension>
        </extensions>
      </trkpt>
      <trkpt lat="46.1674106049" lon="7.1979221088">
        <ele>343.50</ele>
        <time>2026-05-17T07:58:22.000Z</time>
        <extensions>
          <power>210</power>
          <gpxtpx:TrackPointExtension>
            <gpxtpx:atemp>20.1</gpxtpx:atemp>
            <gpxtpx:hr>119</gpxtpx:hr>
            <gpxtpx:cad>86</gpxtpx:cad>
          </gpxtpx:TrackPointExtension>
        </extensions>
      </trkpt>
      <trkpt lat="46.1674637001" lon="7.1980800577">
        <ele>342.82</ele>
        <time>2026-05-17T07:58:23.000Z</time>
        <extensions>
          <power>210</power>
          <gpxtpx:TrackPointExtension>
            <gpxtpx:atemp>20.1</gpxtpx:atemp>
            <gpxtpx:hr>119</gpxtpx:hr>
            <gpxtpx:cad>86</gpxtpx:cad>
          </gpxtpx:TrackPointExtension>
        </extensions>
      </trkpt>
      <trkpt lat="46.1675114542" lon="7.1982478341">
        <ele>342.14</ele>
        <time>2026-05-17T07:58:24.000Z</time>
        <extensions>
          <power>210</power>
          <gpxtpx:TrackPointExtension>
            <gpxtpx:atemp>20.1</gpxtpx:atemp>
            <gpxtpx:hr>119</gpxtpx:hr>
            <gpxtpx:cad>87</gpxtpx:cad>
          </gpxtpx:TrackPointExtension>
        </extensions>
      </trkpt>
      <trkpt lat="46.1675612479" lon="7.1984044605">
        <ele>341.47</ele>
        <time>2026-05-17T07:58:25.000Z</time>
        <extensions>
          <power>210</power>
          <gpxtpx:TrackPointExtension>
            <gpxtpx:atemp>20.1</gpxtpx:atemp>
            <gpxtpx:hr>119</gpxtpx:hr>
            <gpxtpx:cad>87</gpxtpx:cad>
          </gpxtpx:TrackPointExtension>
        </extensions>
      </trkpt>
      <trkpt lat="46.1676108276" lon="7.1985693025">
        <ele>340.79</ele>
        <time>2026-05-17T07:58:26.000Z</time>
        <extensions>
          <power>210</power>
          <gpxtpx:TrackPointExtension>
            <gpxtpx:atemp>20.1</gpxtpx:atemp>
            <gpxtpx:hr>119</gpxtpx:hr>
            <gpxtpx:cad>87</gpxtpx:cad>
          </gpxtpx:TrackPointExtension>
        </extensions>
      </trkpt>
      <trkpt lat="46.1676553305" lon="7.1987371902">
        <ele>340.11</ele>
        <time>2026-05-17T07:58:27.000Z</time>
        <extensions>
          <power>210</power>
          <gpxtpx:TrackPointExtension>
            <gpxtpx:atemp>20.1</gpxtpx:atemp>
            <gpxtpx:hr>119</gpxtpx:hr>
            <gpxtpx:cad>87</gpxtpx:cad>
          </gpxtpx:TrackPointExtension>
        </extensions>
      </trkpt>
      <trkpt lat="46.1677029315" lon="7.1988940057">
        <ele>339.44</ele>
        <time>2026-05-17T07:58:28.000Z</time>
        <extensions>
          <power>210</power>
          <gpxtpx:TrackPointExtension>
            <gpxtpx:atemp>20.1</gpxtpx:atemp>
            <gpxtpx:hr>119</gpxtpx:hr>
            <gpxtpx:cad>87</gpxtpx:cad>
          </gpxtpx:TrackPointExtension>
        </extensions>
      </trkpt>
      <trkpt lat="46.1677498591" lon="7.1990583506">
        <ele>338.76</ele>
        <time>2026-05-17T07:58:29.000Z</time>
        <extensions>
          <power>210</power>
          <gpxtpx:TrackPointExtension>
            <gpxtpx:atemp>20.1</gpxtpx:atemp>
            <gpxtpx:hr>119</gpxtpx:hr>
            <gpxtpx:cad>87</gpxtpx:cad>
          </gpxtpx:TrackPointExtension>
        </extensions>
      </trkpt>
      <trkpt lat="46.1678021294" lon="7.1992119560">
        <ele>338.08</ele>
        <time>2026-05-17T07:58:30.000Z</time>
        <extensions>
          <power>210</power>
          <gpxtpx:TrackPointExtension>
            <gpxtpx:atemp>20.1</gpxtpx:atemp>
            <gpxtpx:hr>119</gpxtpx:hr>
            <gpxtpx:cad>87</gpxtpx:cad>
          </gpxtpx:TrackPointExtension>
        </extensions>
      </trkpt>
      <trkpt lat="46.1678548255" lon="7.1993658509">
        <ele>337.41</ele>
        <time>2026-05-17T07:58:31.000Z</time>
        <extensions>
          <power>210</power>
          <gpxtpx:TrackPointExtension>
            <gpxtpx:atemp>20.1</gpxtpx:atemp>
            <gpxtpx:hr>119</gpxtpx:hr>
            <gpxtpx:cad>87</gpxtpx:cad>
          </gpxtpx:TrackPointExtension>
        </extensions>
      </trkpt>
      <trkpt lat="46.1679077747" lon="7.1995207014">
        <ele>336.73</ele>
        <time>2026-05-17T07:58:32.000Z</time>
        <extensions>
          <power>210</power>
          <gpxtpx:TrackPointExtension>
            <gpxtpx:atemp>20.1</gpxtpx:atemp>
            <gpxtpx:hr>118</gpxtpx:hr>
            <gpxtpx:cad>87</gpxtpx:cad>
          </gpxtpx:TrackPointExtension>
        </extensions>
      </trkpt>
      <trkpt lat="46.1679541415" lon="7.1996756779">
        <ele>336.06</ele>
        <time>2026-05-17T07:58:33.000Z</time>
        <extensions>
          <power>210</power>
          <gpxtpx:TrackPointExtension>
            <gpxtpx:atemp>20.1</gpxtpx:atemp>
            <gpxtpx:hr>118</gpxtpx:hr>
            <gpxtpx:cad>87</gpxtpx:cad>
          </gpxtpx:TrackPointExtension>
        </extensions>
      </trkpt>
      <trkpt lat="46.1680018639" lon="7.1998417813">
        <ele>335.39</ele>
        <time>2026-05-17T07:58:34.000Z</time>
        <extensions>
          <power>210</power>
          <gpxtpx:TrackPointExtension>
            <gpxtpx:atemp>20.1</gpxtpx:atemp>
            <gpxtpx:hr>118</gpxtpx:hr>
            <gpxtpx:cad>88</gpxtpx:cad>
          </gpxtpx:TrackPointExtension>
        </extensions>
      </trkpt>
      <trkpt lat="46.1680452252" lon="7.2000095034">
        <ele>334.71</ele>
        <time>2026-05-17T07:58:35.000Z</time>
        <extensions>
          <power>210</power>
          <gpxtpx:TrackPointExtension>
            <gpxtpx:atemp>20.1</gpxtpx:atemp>
            <gpxtpx:hr>118</gpxtpx:hr>
            <gpxtpx:cad>88</gpxtpx:cad>
          </gpxtpx:TrackPointExtension>
        </extensions>
      </trkpt>
      <trkpt lat="46.1680922502" lon="7.2001756112">
        <ele>334.04</ele>
        <time>2026-05-17T07:58:36.000Z</time>
        <extensions>
          <power>210</power>
          <gpxtpx:TrackPointExtension>
            <gpxtpx:atemp>20.1</gpxtpx:atemp>
            <gpxtpx:hr>118</gpxtpx:hr>
            <gpxtpx:cad>88</gpxtpx:cad>
          </gpxtpx:TrackPointExtension>
        </extensions>
      </trkpt>
      <trkpt lat="46.1681363631" lon="7.2003378152">
        <ele>333.37</ele>
        <time>2026-05-17T07:58:37.000Z</time>
        <extensions>
          <power>210</power>
          <gpxtpx:TrackPointExtension>
            <gpxtpx:atemp>20.1</gpxtpx:atemp>
            <gpxtpx:hr>118</gpxtpx:hr>
            <gpxtpx:cad>88</gpxtpx:cad>
          </gpxtpx:TrackPointExtension>
        </extensions>
      </trkpt>
      <trkpt lat="46.1681831965" lon="7.2005045950">
        <ele>332.70</ele>
        <time>2026-05-17T07:58:38.000Z</time>
        <extensions>
          <power>210</power>
          <gpxtpx:TrackPointExtension>
            <gpxtpx:atemp>20.1</gpxtpx:atemp>
            <gpxtpx:hr>118</gpxtpx:hr>
            <gpxtpx:cad>88</gpxtpx:cad>
          </gpxtpx:TrackPointExtension>
        </extensions>
      </trkpt>
      <trkpt lat="46.1682341691" lon="7.2006698828">
        <ele>332.03</ele>
        <time>2026-05-17T07:58:39.000Z</time>
        <extensions>
          <power>210</power>
          <gpxtpx:TrackPointExtension>
            <gpxtpx:atemp>20.1</gpxtpx:atemp>
            <gpxtpx:hr>118</gpxtpx:hr>
            <gpxtpx:cad>88</gpxtpx:cad>
          </gpxtpx:TrackPointExtension>
        </extensions>
      </trkpt>
      <trkpt lat="46.1682792194" lon="7.2008334102">
        <ele>331.36</ele>
        <time>2026-05-17T07:58:40.000Z</time>
        <extensions>
          <power>210</power>
          <gpxtpx:TrackPointExtension>
            <gpxtpx:atemp>20.1</gpxtpx:atemp>
            <gpxtpx:hr>118</gpxtpx:hr>
            <gpxtpx:cad>88</gpxtpx:cad>
          </gpxtpx:TrackPointExtension>
        </extensions>
      </trkpt>
      <trkpt lat="46.1683280316" lon="7.2009882866">
        <ele>330.69</ele>
        <time>2026-05-17T07:58:41.000Z</time>
        <extensions>
          <power>210</power>
          <gpxtpx:TrackPointExtension>
            <gpxtpx:atemp>20.2</gpxtpx:atemp>
            <gpxtpx:hr>118</gpxtpx:hr>
            <gpxtpx:cad>88</gpxtpx:cad>
          </gpxtpx:TrackPointExtension>
        </extensions>
      </trkpt>
      <trkpt lat="46.1683760679" lon="7.2011448194">
        <ele>330.02</ele>
        <time>2026-05-17T07:58:42.000Z</time>
        <extensions>
          <power>210</power>
          <gpxtpx:TrackPointExtension>
            <gpxtpx:atemp>20.2</gpxtpx:atemp>
            <gpxtpx:hr>118</gpxtpx:hr>
            <gpxtpx:cad>88</gpxtpx:cad>
          </gpxtpx:TrackPointExtension>
        </extensions>
      </trkpt>
      <trkpt lat="46.1684204944" lon="7.2013113374">
        <ele>329.36</ele>
        <time>2026-05-17T07:58:43.000Z</time>
        <extensions>
          <power>210</power>
          <gpxtpx:TrackPointExtension>
            <gpxtpx:atemp>20.2</gpxtpx:atemp>
            <gpxtpx:hr>117</gpxtpx:hr>
            <gpxtpx:cad>88</gpxtpx:cad>
          </gpxtpx:TrackPointExtension>
        </extensions>
      </trkpt>
      <trkpt lat="46.1684629522" lon="7.2014725227">
        <ele>328.69</ele>
        <time>2026-05-17T07:58:44.000Z</time>
        <extensions>
          <power>210</power>
          <gpxtpx:TrackPointExtension>
            <gpxtpx:atemp>20.2</gpxtpx:atemp>
            <gpxtpx:hr>117</gpxtpx:hr>
            <gpxtpx:cad>88</gpxtpx:cad>
          </gpxtpx:TrackPointExtension>
        </extensions>
      </trkpt>
      <trkpt lat="46.1685133001" lon="7.2016283984">
        <ele>328.02</ele>
        <time>2026-05-17T07:58:45.000Z</time>
        <extensions>
          <power>210</power>
          <gpxtpx:TrackPointExtension>
            <gpxtpx:atemp>20.2</gpxtpx:atemp>
            <gpxtpx:hr>117</gpxtpx:hr>
            <gpxtpx:cad>88</gpxtpx:cad>
          </gpxtpx:TrackPointExtension>
        </extensions>
      </trkpt>
      <trkpt lat="46.1685655554" lon="7.2017936658">
        <ele>327.36</ele>
        <time>2026-05-17T07:58:46.000Z</time>
        <extensions>
          <power>210</power>
          <gpxtpx:TrackPointExtension>
            <gpxtpx:atemp>20.2</gpxtpx:atemp>
            <gpxtpx:hr>117</gpxtpx:hr>
            <gpxtpx:cad>88</gpxtpx:cad>
          </gpxtpx:TrackPointExtension>
        </extensions>
      </trkpt>
      <trkpt lat="46.1686115994" lon="7.2019520109">
        <ele>326.70</ele>
        <time>2026-05-17T07:58:47.000Z</time>
        <extensions>
          <power>210</power>
          <gpxtpx:TrackPointExtension>
            <gpxtpx:atemp>20.2</gpxtpx:atemp>
            <gpxtpx:hr>117</gpxtpx:hr>
            <gpxtpx:cad>88</gpxtpx:cad>
          </gpxtpx:TrackPointExtension>
        </extensions>
      </trkpt>
      <trkpt lat="46.1686625967" lon="7.2021039036">
        <ele>326.03</ele>
        <time>2026-05-17T07:58:48.000Z</time>
        <extensions>
          <power>210</power>
          <gpxtpx:TrackPointExtension>
            <gpxtpx:atemp>20.2</gpxtpx:atemp>
            <gpxtpx:hr>117</gpxtpx:hr>
            <gpxtpx:cad>88</gpxtpx:cad>
          </gpxtpx:TrackPointExtension>
        </extensions>
      </trkpt>
      <trkpt lat="46.1687097089" lon="7.2022632931">
        <ele>325.37</ele>
        <time>2026-05-17T07:58:49.000Z</time>
        <extensions>
          <power>210</power>
          <gpxtpx:TrackPointExtension>
            <gpxtpx:atemp>20.2</gpxtpx:atemp>
            <gpxtpx:hr>117</gpxtpx:hr>
            <gpxtpx:cad>88</gpxtpx:cad>
          </gpxtpx:TrackPointExtension>
        </extensions>
      </trkpt>
      <trkpt lat="46.1687536827" lon="7.2024208774">
        <ele>324.71</ele>
        <time>2026-05-17T07:58:50.000Z</time>
        <extensions>
          <power>210</power>
          <gpxtpx:TrackPointExtension>
            <gpxtpx:atemp>20.2</gpxtpx:atemp>
            <gpxtpx:hr>117</gpxtpx:hr>
            <gpxtpx:cad>88</gpxtpx:cad>
          </gpxtpx:TrackPointExtension>
        </extensions>
      </trkpt>
      <trkpt lat="46.1687976517" lon="7.2025774805">
        <ele>324.05</ele>
        <time>2026-05-17T07:58:51.000Z</time>
        <extensions>
          <power>210</power>
          <gpxtpx:TrackPointExtension>
            <gpxtpx:atemp>20.2</gpxtpx:atemp>
            <gpxtpx:hr>117</gpxtpx:hr>
            <gpxtpx:cad>88</gpxtpx:cad>
          </gpxtpx:TrackPointExtension>
        </extensions>
      </trkpt>
      <trkpt lat="46.1688449868" lon="7.2027345799">
        <ele>323.39</ele>
        <time>2026-05-17T07:58:52.000Z</time>
        <extensions>
          <power>210</power>
          <gpxtpx:TrackPointExtension>
            <gpxtpx:atemp>20.2</gpxtpx:atemp>
            <gpxtpx:hr>117</gpxtpx:hr>
            <gpxtpx:cad>88</gpxtpx:cad>
          </gpxtpx:TrackPointExtension>
        </extensions>
      </trkpt>
      <trkpt lat="46.1688908877" lon="7.2028901316">
        <ele>322.73</ele>
        <time>2026-05-17T07:58:53.000Z</time>
        <extensions>
          <power>210</power>
          <gpxtpx:TrackPointExtension>
            <gpxtpx:atemp>20.2</gpxtpx:atemp>
            <gpxtpx:hr>117</gpxtpx:hr>
            <gpxtpx:cad>88</gpxtpx:cad>
          </gpxtpx:TrackPointExtension>
        </extensions>
      </trkpt>
      <trkpt lat="46.1689437036" lon="7.2030512242">
        <ele>322.07</ele>
        <time>2026-05-17T07:58:54.000Z</time>
        <extensions>
          <power>210</power>
          <gpxtpx:TrackPointExtension>
            <gpxtpx:atemp>20.2</gpxtpx:atemp>
            <gpxtpx:hr>116</gpxtpx:hr>
            <gpxtpx:cad>88</gpxtpx:cad>
          </gpxtpx:TrackPointExtension>
        </extensions>
      </trkpt>
      <trkpt lat="46.1689937112" lon="7.2032035096">
        <ele>321.41</ele>
        <time>2026-05-17T07:58:55.000Z</time>
        <extensions>
          <power>210</power>
          <gpxtpx:TrackPointExtension>
            <gpxtpx:atemp>20.2</gpxtpx:atemp>
            <gpxtpx:hr>116</gpxtpx:hr>
            <gpxtpx:cad>88</gpxtpx:cad>
          </gpxtpx:TrackPointExtension>
        </extensions>
      </trkpt>
      <trkpt lat="46.1690462027" lon="7.2033530086">
        <ele>320.76</ele>
        <time>2026-05-17T07:58:56.000Z</time>
        <extensions>
          <power>210</power>
          <gpxtpx:TrackPointExtension>
            <gpxtpx:atemp>20.2</gpxtpx:atemp>
            <gpxtpx:hr>116</gpxtpx:hr>
            <gpxtpx:cad>88</gpxtpx:cad>
          </gpxtpx:TrackPointExtension>
        </extensions>
      </trkpt>
      <trkpt lat="46.1690942112" lon="7.2035130130">
        <ele>320.10</ele>
        <time>2026-05-17T07:58:57.000Z</time>
        <extensions>
          <power>210</power>
          <gpxtpx:TrackPointExtension>
            <gpxtpx:atemp>20.2</gpxtpx:atemp>
            <gpxtpx:hr>116</gpxtpx:hr>
            <gpxtpx:cad>88</gpxtpx:cad>
          </gpxtpx:TrackPointExtension>
        </extensions>
      </trkpt>
      <trkpt lat="46.1691388139" lon="7.2036679257">
        <ele>319.45</ele>
        <time>2026-05-17T07:58:58.000Z</time>
        <extensions>
          <power>210</power>
          <gpxtpx:TrackPointExtension>
            <gpxtpx:atemp>20.2</gpxtpx:atemp>
            <gpxtpx:hr>116</gpxtpx:hr>
            <gpxtpx:cad>88</gpxtpx:cad>
          </gpxtpx:TrackPointExtension>
        </extensions>
      </trkpt>
      <trkpt lat="46.1691859919" lon="7.2038260200">
        <ele>318.79</ele>
        <time>2026-05-17T07:58:59.000Z</time>
        <extensions>
          <power>210</power>
          <gpxtpx:TrackPointExtension>
            <gpxtpx:atemp>20.2</gpxtpx:atemp>
            <gpxtpx:hr>116</gpxtpx:hr>
            <gpxtpx:cad>88</gpxtpx:cad>
          </gpxtpx:TrackPointExtension>
        </extensions>
      </trkpt>
      <trkpt lat="46.1692317078" lon="7.2039855399">
        <ele>318.14</ele>
        <time>2026-05-17T07:59:00.000Z</time>
        <extensions>
          <power>210</power>
          <gpxtpx:TrackPointExtension>
            <gpxtpx:atemp>20.2</gpxtpx:atemp>
            <gpxtpx:hr>116</gpxtpx:hr>
            <gpxtpx:cad>88</gpxtpx:cad>
          </gpxtpx:TrackPointExtension>
        </extensions>
      </trkpt>
      <trkpt lat="46.1692814419" lon="7.2041356700">
        <ele>317.49</ele>
        <time>2026-05-17T07:59:01.000Z</time>
        <extensions>
          <power>210</power>
          <gpxtpx:TrackPointExtension>
            <gpxtpx:atemp>20.2</gpxtpx:atemp>
            <gpxtpx:hr>116</gpxtpx:hr>
            <gpxtpx:cad>88</gpxtpx:cad>
          </gpxtpx:TrackPointExtension>
        </extensions>
      </trkpt>
      <trkpt lat="46.1693256800" lon="7.2042841384">
        <ele>316.83</ele>
        <time>2026-05-17T07:59:02.000Z</time>
        <extensions>
          <power>210</power>
          <gpxtpx:TrackPointExtension>
            <gpxtpx:atemp>20.2</gpxtpx:atemp>
            <gpxtpx:hr>116</gpxtpx:hr>
            <gpxtpx:cad>87</gpxtpx:cad>
          </gpxtpx:TrackPointExtension>
        </extensions>
      </trkpt>
      <trkpt lat="46.1693787505" lon="7.2044339961">
        <ele>316.18</ele>
        <time>2026-05-17T07:59:03.000Z</time>
        <extensions>
          <power>210</power>
          <gpxtpx:TrackPointExtension>
            <gpxtpx:atemp>20.2</gpxtpx:atemp>
            <gpxtpx:hr>116</gpxtpx:hr>
            <gpxtpx:cad>87</gpxtpx:cad>
          </gpxtpx:TrackPointExtension>
        </extensions>
      </trkpt>
      <trkpt lat="46.1694277968" lon="7.2045920256">
        <ele>315.53</ele>
        <time>2026-05-17T07:59:04.000Z</time>
        <extensions>
          <power>210</power>
          <gpxtpx:TrackPointExtension>
            <gpxtpx:atemp>20.2</gpxtpx:atemp>
            <gpxtpx:hr>116</gpxtpx:hr>
            <gpxtpx:cad>87</gpxtpx:cad>
          </gpxtpx:TrackPointExtension>
        </extensions>
      </trkpt>
      <trkpt lat="46.1694732379" lon="7.2047393654">
        <ele>314.89</ele>
        <time>2026-05-17T07:59:05.000Z</time>
        <extensions>
          <power>210</power>
          <gpxtpx:TrackPointExtension>
            <gpxtpx:atemp>20.2</gpxtpx:atemp>
            <gpxtpx:hr>116</gpxtpx:hr>
            <gpxtpx:cad>87</gpxtpx:cad>
          </gpxtpx:TrackPointExtension>
        </extensions>
      </trkpt>
      <trkpt lat="46.1695230425" lon="7.2048907489">
        <ele>314.24</ele>
        <time>2026-05-17T07:59:06.000Z</time>
        <extensions>
          <power>210</power>
          <gpxtpx:TrackPointExtension>
            <gpxtpx:atemp>20.2</gpxtpx:atemp>
            <gpxtpx:hr>116</gpxtpx:hr>
            <gpxtpx:cad>87</gpxtpx:cad>
          </gpxtpx:TrackPointExtension>
        </extensions>
      </trkpt>
      <trkpt lat="46.1695761846" lon="7.2050439357">
        <ele>313.59</ele>
        <time>2026-05-17T07:59:07.000Z</time>
        <extensions>
          <power>210</power>
          <gpxtpx:TrackPointExtension>
            <gpxtpx:atemp>20.2</gpxtpx:atemp>
            <gpxtpx:hr>116</gpxtpx:hr>
            <gpxtpx:cad>87</gpxtpx:cad>
          </gpxtpx:TrackPointExtension>
        </extensions>
      </trkpt>
      <trkpt lat="46.1696245488" lon="7.2051988988">
        <ele>312.94</ele>
        <time>2026-05-17T07:59:08.000Z</time>
        <extensions>
          <power>210</power>
          <gpxtpx:TrackPointExtension>
            <gpxtpx:atemp>20.2</gpxtpx:atemp>
            <gpxtpx:hr>115</gpxtpx:hr>
            <gpxtpx:cad>87</gpxtpx:cad>
          </gpxtpx:TrackPointExtension>
        </extensions>
      </trkpt>
      <trkpt lat="46.1696775768" lon="7.2053482093">
        <ele>312.30</ele>
        <time>2026-05-17T07:59:09.000Z</time>
        <extensions>
          <power>210</power>
          <gpxtpx:TrackPointExtension>
            <gpxtpx:atemp>20.2</gpxtpx:atemp>
            <gpxtpx:hr>115</gpxtpx:hr>
            <gpxtpx:cad>87</gpxtpx:cad>
          </gpxtpx:TrackPointExtension>
        </extensions>
      </trkpt>
      <trkpt lat="46.1697259889" lon="7.2055059812">
        <ele>311.66</ele>
        <time>2026-05-17T07:59:10.000Z</time>
        <extensions>
          <power>210</power>
          <gpxtpx:TrackPointExtension>
            <gpxtpx:atemp>20.2</gpxtpx:atemp>
            <gpxtpx:hr>115</gpxtpx:hr>
            <gpxtpx:cad>87</gpxtpx:cad>
          </gpxtpx:TrackPointExtension>
        </extensions>
      </trkpt>
      <trkpt lat="46.1697777449" lon="7.2056527449">
        <ele>311.01</ele>
        <time>2026-05-17T07:59:11.000Z</time>
        <extensions>
          <power>210</power>
          <gpxtpx:TrackPointExtension>
            <gpxtpx:atemp>20.2</gpxtpx:atemp>
            <gpxtpx:hr>115</gpxtpx:hr>
            <gpxtpx:cad>87</gpxtpx:cad>
          </gpxtpx:TrackPointExtension>
        </extensions>
      </trkpt>
      <trkpt lat="46.1698253689" lon="7.2058024075">
        <ele>310.37</ele>
        <time>2026-05-17T07:59:12.000Z</time>
        <extensions>
          <power>210</power>
          <gpxtpx:TrackPointExtension>
            <gpxtpx:atemp>20.2</gpxtpx:atemp>
            <gpxtpx:hr>115</gpxtpx:hr>
            <gpxtpx:cad>87</gpxtpx:cad>
          </gpxtpx:TrackPointExtension>
        </extensions>
      </trkpt>
      <trkpt lat="46.1698763212" lon="7.2059524433">
        <ele>309.73</ele>
        <time>2026-05-17T07:59:13.000Z</time>
        <extensions>
          <power>210</power>
          <gpxtpx:TrackPointExtension>
            <gpxtpx:atemp>20.2</gpxtpx:atemp>
            <gpxtpx:hr>115</gpxtpx:hr>
            <gpxtpx:cad>86</gpxtpx:cad>
          </gpxtpx:TrackPointExtension>
        </extensions>
      </trkpt>
      <trkpt lat="46.1699332793" lon="7.2060981317">
        <ele>309.09</ele>
        <time>2026-05-17T07:59:14.000Z</time>
        <extensions>
          <power>210</power>
          <gpxtpx:TrackPointExtension>
            <gpxtpx:atemp>20.2</gpxtpx:atemp>
            <gpxtpx:hr>115</gpxtpx:hr>
            <gpxtpx:cad>86</gpxtpx:cad>
          </gpxtpx:TrackPointExtension>
        </extensions>
      </trkpt>
      <trkpt lat="46.1699864722" lon="7.2062523726">
        <ele>308.45</ele>
        <time>2026-05-17T07:59:15.000Z</time>
        <extensions>
          <power>210</power>
          <gpxtpx:TrackPointExtension>
            <gpxtpx:atemp>20.2</gpxtpx:atemp>
            <gpxtpx:hr>115</gpxtpx:hr>
            <gpxtpx:cad>86</gpxtpx:cad>
          </gpxtpx:TrackPointExtension>
        </extensions>
      </trkpt>
      <trkpt lat="46.1700346465" lon="7.2064036350">
        <ele>307.81</ele>
        <time>2026-05-17T07:59:16.000Z</time>
        <extensions>
          <power>210</power>
          <gpxtpx:TrackPointExtension>
            <gpxtpx:atemp>20.2</gpxtpx:atemp>
            <gpxtpx:hr>115</gpxtpx:hr>
            <gpxtpx:cad>86</gpxtpx:cad>
          </gpxtpx:TrackPointExtension>
        </extensions>
      </trkpt>
      <trkpt lat="46.1700904030" lon="7.2065460447">
        <ele>307.17</ele>
        <time>2026-05-17T07:59:17.000Z</time>
        <extensions>
          <power>210</power>
          <gpxtpx:TrackPointExtension>
            <gpxtpx:atemp>20.2</gpxtpx:atemp>
            <gpxtpx:hr>115</gpxtpx:hr>
            <gpxtpx:cad>86</gpxtpx:cad>
          </gpxtpx:TrackPointExtension>
        </extensions>
      </trkpt>
      <trkpt lat="46.1701467190" lon="7.2066931851">
        <ele>306.53</ele>
        <time>2026-05-17T07:59:18.000Z</time>
        <extensions>
          <power>210</power>
          <gpxtpx:TrackPointExtension>
            <gpxtpx:atemp>20.2</gpxtpx:atemp>
            <gpxtpx:hr>115</gpxtpx:hr>
            <gpxtpx:cad>86</gpxtpx:cad>
          </gpxtpx:TrackPointExtension>
        </extensions>
      </trkpt>
      <trkpt lat="46.1701996231" lon="7.2068465075">
        <ele>305.89</ele>
        <time>2026-05-17T07:59:19.000Z</time>
        <extensions>
          <power>210</power>
          <gpxtpx:TrackPointExtension>
            <gpxtpx:atemp>20.2</gpxtpx:atemp>
            <gpxtpx:hr>115</gpxtpx:hr>
            <gpxtpx:cad>86</gpxtpx:cad>
          </gpxtpx:TrackPointExtension>
        </extensions>
      </trkpt>
      <trkpt lat="46.1702521485" lon="7.2069863809">
        <ele>305.26</ele>
        <time>2026-05-17T07:59:20.000Z</time>
        <extensions>
          <power>210</power>
          <gpxtpx:TrackPointExtension>
            <gpxtpx:atemp>20.2</gpxtpx:atemp>
            <gpxtpx:hr>115</gpxtpx:hr>
            <gpxtpx:cad>85</gpxtpx:cad>
          </gpxtpx:TrackPointExtension>
        </extensions>
      </trkpt>
      <trkpt lat="46.1703021502" lon="7.2071315069">
        <ele>304.62</ele>
        <time>2026-05-17T07:59:21.000Z</time>
        <extensions>
          <power>210</power>
          <gpxtpx:TrackPointExtension>
            <gpxtpx:atemp>20.2</gpxtpx:atemp>
            <gpxtpx:hr>115</gpxtpx:hr>
            <gpxtpx:cad>85</gpxtpx:cad>
          </gpxtpx:TrackPointExtension>
        </extensions>
      </trkpt>
      <trkpt lat="46.1703588807" lon="7.2072714580">
        <ele>303.99</ele>
        <time>2026-05-17T07:59:22.000Z</time>
        <extensions>
          <power>210</power>
          <gpxtpx:TrackPointExtension>
            <gpxtpx:atemp>20.2</gpxtpx:atemp>
            <gpxtpx:hr>115</gpxtpx:hr>
            <gpxtpx:cad>85</gpxtpx:cad>
          </gpxtpx:TrackPointExtension>
        </extensions>
      </trkpt>
      <trkpt lat="46.1704122021" lon="7.2074113001">
        <ele>303.35</ele>
        <time>2026-05-17T07:59:23.000Z</time>
        <extensions>
          <power>210</power>
          <gpxtpx:TrackPointExtension>
            <gpxtpx:atemp>20.2</gpxtpx:atemp>
            <gpxtpx:hr>115</gpxtpx:hr>
            <gpxtpx:cad>85</gpxtpx:cad>
          </gpxtpx:TrackPointExtension>
        </extensions>
      </trkpt>
      <trkpt lat="46.1704619852" lon="7.2075508098">
        <ele>302.72</ele>
        <time>2026-05-17T07:59:24.000Z</time>
        <extensions>
          <power>210</power>
          <gpxtpx:TrackPointExtension>
            <gpxtpx:atemp>20.2</gpxtpx:atemp>
            <gpxtpx:hr>115</gpxtpx:hr>
            <gpxtpx:cad>85</gpxtpx:cad>
          </gpxtpx:TrackPointExtension>
        </extensions>
      </trkpt>
      <trkpt lat="46.1705108579" lon="7.2076976330">
        <ele>302.09</ele>
        <time>2026-05-17T07:59:25.000Z</time>
        <extensions>
          <power>210</power>
          <gpxtpx:TrackPointExtension>
            <gpxtpx:atemp>20.2</gpxtpx:atemp>
            <gpxtpx:hr>115</gpxtpx:hr>
            <gpxtpx:cad>85</gpxtpx:cad>
          </gpxtpx:TrackPointExtension>
        </extensions>
      </trkpt>
      <trkpt lat="46.1705678021" lon="7.2078409042">
        <ele>301.46</ele>
        <time>2026-05-17T07:59:26.000Z</time>
        <extensions>
          <power>210</power>
          <gpxtpx:TrackPointExtension>
            <gpxtpx:atemp>20.2</gpxtpx:atemp>
            <gpxtpx:hr>115</gpxtpx:hr>
            <gpxtpx:cad>84</gpxtpx:cad>
          </gpxtpx:TrackPointExtension>
        </extensions>
      </trkpt>
      <trkpt lat="46.1706245110" lon="7.2079927228">
        <ele>300.83</ele>
        <time>2026-05-17T07:59:27.000Z</time>
        <extensions>
          <power>210</power>
          <gpxtpx:TrackPointExtension>
            <gpxtpx:atemp>20.2</gpxtpx:atemp>
            <gpxtpx:hr>114</gpxtpx:hr>
            <gpxtpx:cad>84</gpxtpx:cad>
          </gpxtpx:TrackPointExtension>
        </extensions>
      </trkpt>
      <trkpt lat="46.1706746706" lon="7.2081446728">
        <ele>300.20</ele>
        <time>2026-05-17T07:59:28.000Z</time>
        <extensions>
          <power>210</power>
          <gpxtpx:TrackPointExtension>
            <gpxtpx:atemp>20.2</gpxtpx:atemp>
            <gpxtpx:hr>114</gpxtpx:hr>
            <gpxtpx:cad>84</gpxtpx:cad>
          </gpxtpx:TrackPointExtension>
        </extensions>
      </trkpt>
      <trkpt lat="46.1707273426" lon="7.2082833020">
        <ele>299.57</ele>
        <time>2026-05-17T07:59:29.000Z</time>
        <extensions>
          <power>210</power>
          <gpxtpx:TrackPointExtension>
            <gpxtpx:atemp>20.2</gpxtpx:atemp>
            <gpxtpx:hr>114</gpxtpx:hr>
            <gpxtpx:cad>84</gpxtpx:cad>
          </gpxtpx:TrackPointExtension>
        </extensions>
      </trkpt>
      <trkpt lat="46.1707829901" lon="7.2084233870">
        <ele>298.94</ele>
        <time>2026-05-17T07:59:30.000Z</time>
        <extensions>
          <power>210</power>
          <gpxtpx:TrackPointExtension>
            <gpxtpx:atemp>20.2</gpxtpx:atemp>
            <gpxtpx:hr>114</gpxtpx:hr>
            <gpxtpx:cad>84</gpxtpx:cad>
          </gpxtpx:TrackPointExtension>
        </extensions>
      </trkpt>
      <trkpt lat="46.1708390531" lon="7.2085609350">
        <ele>298.31</ele>
        <time>2026-05-17T07:59:31.000Z</time>
        <extensions>
          <power>210</power>
          <gpxtpx:TrackPointExtension>
            <gpxtpx:atemp>20.2</gpxtpx:atemp>
            <gpxtpx:hr>114</gpxtpx:hr>
            <gpxtpx:cad>84</gpxtpx:cad>
          </gpxtpx:TrackPointExtension>
        </extensions>
      </trkpt>
      <trkpt lat="46.1708959531" lon="7.2087120261">
        <ele>297.68</ele>
        <time>2026-05-17T07:59:32.000Z</time>
        <extensions>
          <power>210</power>
          <gpxtpx:TrackPointExtension>
            <gpxtpx:atemp>20.2</gpxtpx:atemp>
            <gpxtpx:hr>114</gpxtpx:hr>
            <gpxtpx:cad>83</gpxtpx:cad>
          </gpxtpx:TrackPointExtension>
        </extensions>
      </trkpt>
      <trkpt lat="46.1709536265" lon="7.2088605027">
        <ele>297.06</ele>
        <time>2026-05-17T07:59:33.000Z</time>
        <extensions>
          <power>210</power>
          <gpxtpx:TrackPointExtension>
            <gpxtpx:atemp>20.2</gpxtpx:atemp>
            <gpxtpx:hr>114</gpxtpx:hr>
            <gpxtpx:cad>83</gpxtpx:cad>
          </gpxtpx:TrackPointExtension>
        </extensions>
      </trkpt>
      <trkpt lat="46.1710106348" lon="7.2090057932">
        <ele>296.43</ele>
        <time>2026-05-17T07:59:34.000Z</time>
        <extensions>
          <power>210</power>
          <gpxtpx:TrackPointExtension>
            <gpxtpx:atemp>20.2</gpxtpx:atemp>
            <gpxtpx:hr>114</gpxtpx:hr>
            <gpxtpx:cad>83</gpxtpx:cad>
          </gpxtpx:TrackPointExtension>
        </extensions>
      </trkpt>
      <trkpt lat="46.1710642425" lon="7.2091516489">
        <ele>295.80</ele>
        <time>2026-05-17T07:59:35.000Z</time>
        <extensions>
          <power>210</power>
          <gpxtpx:TrackPointExtension>
            <gpxtpx:atemp>20.2</gpxtpx:atemp>
            <gpxtpx:hr>114</gpxtpx:hr>
            <gpxtpx:cad>83</gpxtpx:cad>
          </gpxtpx:TrackPointExtension>
        </extensions>
      </trkpt>
      <trkpt lat="46.1711177189" lon="7.2092897305">
        <ele>295.18</ele>
        <time>2026-05-17T07:59:36.000Z</time>
        <extensions>
          <power>210</power>
          <gpxtpx:TrackPointExtension>
            <gpxtpx:atemp>20.2</gpxtpx:atemp>
            <gpxtpx:hr>114</gpxtpx:hr>
            <gpxtpx:cad>83</gpxtpx:cad>
          </gpxtpx:TrackPointExtension>
        </extensions>
      </trkpt>
      <trkpt lat="46.1711722728" lon="7.2094378213">
        <ele>294.55</ele>
        <time>2026-05-17T07:59:37.000Z</time>
        <extensions>
          <power>210</power>
          <gpxtpx:TrackPointExtension>
            <gpxtpx:atemp>20.2</gpxtpx:atemp>
            <gpxtpx:hr>114</gpxtpx:hr>
            <gpxtpx:cad>82</gpxtpx:cad>
          </gpxtpx:TrackPointExtension>
        </extensions>
      </trkpt>
      <trkpt lat="46.1712231741" lon="7.2095841564">
        <ele>293.93</ele>
        <time>2026-05-17T07:59:38.000Z</time>
        <extensions>
          <power>210</power>
          <gpxtpx:TrackPointExtension>
            <gpxtpx:atemp>20.2</gpxtpx:atemp>
            <gpxtpx:hr>114</gpxtpx:hr>
            <gpxtpx:cad>82</gpxtpx:cad>
          </gpxtpx:TrackPointExtension>
        </extensions>
      </trkpt>
      <trkpt lat="46.1712728801" lon="7.2097296278">
        <ele>293.31</ele>
        <time>2026-05-17T07:59:39.000Z</time>
        <extensions>
          <power>210</power>
          <gpxtpx:TrackPointExtension>
            <gpxtpx:atemp>20.2</gpxtpx:atemp>
            <gpxtpx:hr>114</gpxtpx:hr>
            <gpxtpx:cad>82</gpxtpx:cad>
          </gpxtpx:TrackPointExtension>
        </extensions>
      </trkpt>
      <trkpt lat="46.1713295316" lon="7.2098770086">
        <ele>292.68</ele>
        <time>2026-05-17T07:59:40.000Z</time>
        <extensions>
          <power>210</power>
          <gpxtpx:TrackPointExtension>
            <gpxtpx:atemp>20.2</gpxtpx:atemp>
            <gpxtpx:hr>114</gpxtpx:hr>
            <gpxtpx:cad>82</gpxtpx:cad>
          </gpxtpx:TrackPointExtension>
        </extensions>
      </trkpt>
      <trkpt lat="46.1713843828" lon="7.2100124808">
        <ele>292.06</ele>
        <time>2026-05-17T07:59:41.000Z</time>
        <extensions>
          <power>210</power>
          <gpxtpx:TrackPointExtension>
            <gpxtpx:atemp>20.2</gpxtpx:atemp>
            <gpxtpx:hr>114</gpxtpx:hr>
            <gpxtpx:cad>82</gpxtpx:cad>
          </gpxtpx:TrackPointExtension>
        </extensions>
      </trkpt>
      <trkpt lat="46.1714435523" lon="7.2101599214">
        <ele>291.44</ele>
        <time>2026-05-17T07:59:42.000Z</time>
        <extensions>
          <power>210</power>
          <gpxtpx:TrackPointExtension>
            <gpxtpx:atemp>20.2</gpxtpx:atemp>
            <gpxtpx:hr>114</gpxtpx:hr>
            <gpxtpx:cad>81</gpxtpx:cad>
          </gpxtpx:TrackPointExtension>
        </extensions>
      </trkpt>
      <trkpt lat="46.1715032633" lon="7.2102930773">
        <ele>290.82</ele>
        <time>2026-05-17T07:59:43.000Z</time>
        <extensions>
          <power>210</power>
          <gpxtpx:TrackPointExtension>
            <gpxtpx:atemp>20.2</gpxtpx:atemp>
            <gpxtpx:hr>114</gpxtpx:hr>
            <gpxtpx:cad>81</gpxtpx:cad>
          </gpxtpx:TrackPointExtension>
        </extensions>
      </trkpt>
      <trkpt lat="46.1715625305" lon="7.2104320026">
        <ele>290.20</ele>
        <time>2026-05-17T07:59:44.000Z</time>
        <extensions>
          <power>210</power>
          <gpxtpx:TrackPointExtension>
            <gpxtpx:atemp>20.2</gpxtpx:atemp>
            <gpxtpx:hr>114</gpxtpx:hr>
            <gpxtpx:cad>81</gpxtpx:cad>
          </gpxtpx:TrackPointExtension>
        </extensions>
      </trkpt>
      <trkpt lat="46.1716123770" lon="7.2105667810">
        <ele>289.58</ele>
        <time>2026-05-17T07:59:45.000Z</time>
        <extensions>
          <power>210</power>
          <gpxtpx:TrackPointExtension>
            <gpxtpx:atemp>20.2</gpxtpx:atemp>
            <gpxtpx:hr>114</gpxtpx:hr>
            <gpxtpx:cad>81</gpxtpx:cad>
          </gpxtpx:TrackPointExtension>
        </extensions>
      </trkpt>
      <trkpt lat="46.1716693428" lon="7.2107021046">
        <ele>288.96</ele>
        <time>2026-05-17T07:59:46.000Z</time>
        <extensions>
          <power>210</power>
          <gpxtpx:TrackPointExtension>
            <gpxtpx:atemp>20.2</gpxtpx:atemp>
            <gpxtpx:hr>114</gpxtpx:hr>
            <gpxtpx:cad>80</gpxtpx:cad>
          </gpxtpx:TrackPointExtension>
        </extensions>
      </trkpt>
      <trkpt lat="46.1717198599" lon="7.2108354906">
        <ele>288.34</ele>
        <time>2026-05-17T07:59:47.000Z</time>
        <extensions>
          <power>210</power>
          <gpxtpx:TrackPointExtension>
            <gpxtpx:atemp>20.2</gpxtpx:atemp>
            <gpxtpx:hr>114</gpxtpx:hr>
            <gpxtpx:cad>80</gpxtpx:cad>
          </gpxtpx:TrackPointExtension>
        </extensions>
      </trkpt>
      <trkpt lat="46.1717767050" lon="7.2109726667">
        <ele>287.72</ele>
        <time>2026-05-17T07:59:48.000Z</time>
        <extensions>
          <power>210</power>
          <gpxtpx:TrackPointExtension>
            <gpxtpx:atemp>20.2</gpxtpx:atemp>
            <gpxtpx:hr>114</gpxtpx:hr>
            <gpxtpx:cad>80</gpxtpx:cad>
          </gpxtpx:TrackPointExtension>
        </extensions>
      </trkpt>
      <trkpt lat="46.1718307984" lon="7.2111171488">
        <ele>287.10</ele>
        <time>2026-05-17T07:59:49.000Z</time>
        <extensions>
          <power>210</power>
          <gpxtpx:TrackPointExtension>
            <gpxtpx:atemp>20.2</gpxtpx:atemp>
            <gpxtpx:hr>114</gpxtpx:hr>
            <gpxtpx:cad>80</gpxtpx:cad>
          </gpxtpx:TrackPointExtension>
        </extensions>
      </trkpt>
      <trkpt lat="46.1718824472" lon="7.2112538701">
        <ele>286.48</ele>
        <time>2026-05-17T07:59:50.000Z</time>
        <extensions>
          <power>210</power>
          <gpxtpx:TrackPointExtension>
            <gpxtpx:atemp>20.2</gpxtpx:atemp>
            <gpxtpx:hr>114</gpxtpx:hr>
            <gpxtpx:cad>80</gpxtpx:cad>
          </gpxtpx:TrackPointExtension>
        </extensions>
      </trkpt>
      <trkpt lat="46.1719439016" lon="7.2113997016">
        <ele>285.86</ele>
        <time>2026-05-17T07:59:51.000Z</time>
        <extensions>
          <power>210</power>
          <gpxtpx:TrackPointExtension>
            <gpxtpx:atemp>20.2</gpxtpx:atemp>
            <gpxtpx:hr>114</gpxtpx:hr>
            <gpxtpx:cad>79</gpxtpx:cad>
          </gpxtpx:TrackPointExtension>
        </extensions>
      </trkpt>
      <trkpt lat="46.1719997050" lon="7.2115389842">
        <ele>285.24</ele>
        <time>2026-05-17T07:59:52.000Z</time>
        <extensions>
          <power>210</power>
          <gpxtpx:TrackPointExtension>
            <gpxtpx:atemp>20.2</gpxtpx:atemp>
            <gpxtpx:hr>114</gpxtpx:hr>
            <gpxtpx:cad>79</gpxtpx:cad>
          </gpxtpx:TrackPointExtension>
        </extensions>
      </trkpt>
      <trkpt lat="46.1720612566" lon="7.2116830296">
        <ele>284.62</ele>
        <time>2026-05-17T07:59:53.000Z</time>
        <extensions>
          <power>210</power>
          <gpxtpx:TrackPointExtension>
            <gpxtpx:atemp>20.2</gpxtpx:atemp>
            <gpxtpx:hr>114</gpxtpx:hr>
            <gpxtpx:cad>79</gpxtpx:cad>
          </gpxtpx:TrackPointExtension>
        </extensions>
      </trkpt>
      <trkpt lat="46.1721137841" lon="7.2118233272">
        <ele>284.00</ele>
        <time>2026-05-17T07:59:54.000Z</time>
        <extensions>
          <power>210</power>
          <gpxtpx:TrackPointExtension>
            <gpxtpx:atemp>20.2</gpxtpx:atemp>
            <gpxtpx:hr>114</gpxtpx:hr>
            <gpxtpx:cad>79</gpxtpx:cad>
          </gpxtpx:TrackPointExtension>
        </extensions>
      </trkpt>
      <trkpt lat="46.1721754375" lon="7.2119595265">
        <ele>283.39</ele>
        <time>2026-05-17T07:59:55.000Z</time>
        <extensions>
          <power>210</power>
          <gpxtpx:TrackPointExtension>
            <gpxtpx:atemp>20.2</gpxtpx:atemp>
            <gpxtpx:hr>114</gpxtpx:hr>
            <gpxtpx:cad>78</gpxtpx:cad>
          </gpxtpx:TrackPointExtension>
        </extensions>
      </trkpt>
      <trkpt lat="46.1722308820" lon="7.2120921524">
        <ele>282.77</ele>
        <time>2026-05-17T07:59:56.000Z</time>
        <extensions>
          <power>210</power>
          <gpxtpx:TrackPointExtension>
            <gpxtpx:atemp>20.2</gpxtpx:atemp>
            <gpxtpx:hr>114</gpxtpx:hr>
            <gpxtpx:cad>78</gpxtpx:cad>
          </gpxtpx:TrackPointExtension>
        </extensions>
      </trkpt>
      <trkpt lat="46.1722945105" lon="7.2122310428">
        <ele>282.15</ele>
        <time>2026-05-17T07:59:57.000Z</time>
        <extensions>
          <power>210</power>
          <gpxtpx:TrackPointExtension>
            <gpxtpx:atemp>20.2</gpxtpx:atemp>
            <gpxtpx:hr>114</gpxtpx:hr>
            <gpxtpx:cad>78</gpxtpx:cad>
          </gpxtpx:TrackPointExtension>
        </extensions>
      </trkpt>
      <trkpt lat="46.1723525964" lon="7.2123734162">
        <ele>281.53</ele>
        <time>2026-05-17T07:59:58.000Z</time>
        <extensions>
          <power>210</power>
          <gpxtpx:TrackPointExtension>
            <gpxtpx:atemp>20.2</gpxtpx:atemp>
            <gpxtpx:hr>114</gpxtpx:hr>
            <gpxtpx:cad>78</gpxtpx:cad>
          </gpxtpx:TrackPointExtension>
        </extensions>
      </trkpt>
      <trkpt lat="46.1724120556" lon="7.2125076308">
        <ele>280.92</ele>
        <time>2026-05-17T07:59:59.000Z</time>
        <extensions>
          <power>210</power>
          <gpxtpx:TrackPointExtension>
            <gpxtpx:atemp>20.2</gpxtpx:atemp>
            <gpxtpx:hr>114</gpxtpx:hr>
            <gpxtpx:cad>78</gpxtpx:cad>
          </gpxtpx:TrackPointExtension>
        </extensions>
      </trkpt>
      <trkpt lat="46.1724522258" lon="7.2125880877">
        <ele>280.99</ele>
        <time>2026-05-17T08:00:00.000Z</time>
        <extensions>
          <power>210</power>
          <gpxtpx:TrackPointExtension>
            <gpxtpx:atemp>20.3</gpxtpx:atemp>
            <gpxtpx:hr>120</gpxtpx:hr>
            <gpxtpx:cad>77</gpxtpx:cad>
          </gpxtpx:TrackPointExtension>
        </extensions>
      </trkpt>
      <trkpt lat="46.1724887609" lon="7.2126673123">
        <ele>281.07</ele>
        <time>2026-05-17T08:00:01.000Z</time>
        <extensions>
          <power>210</power>
          <gpxtpx:TrackPointExtension>
            <gpxtpx:atemp>20.3</gpxtpx:atemp>
            <gpxtpx:hr>120</gpxtpx:hr>
            <gpxtpx:cad>77</gpxtpx:cad>
          </gpxtpx:TrackPointExtension>
        </extensions>
      </trkpt>
      <trkpt lat="46.1725266558" lon="7.2127427574">
        <ele>281.14</ele>
        <time>2026-05-17T08:00:02.000Z</time>
        <extensions>
          <power>210</power>
          <gpxtpx:TrackPointExtension>
            <gpxtpx:atemp>20.3</gpxtpx:atemp>
            <gpxtpx:hr>120</gpxtpx:hr>
            <gpxtpx:cad>77</gpxtpx:cad>
          </gpxtpx:TrackPointExtension>
        </extensions>
      </trkpt>
      <trkpt lat="46.1725643959" lon="7.2128198445">
        <ele>281.22</ele>
        <time>2026-05-17T08:00:03.000Z</time>
        <extensions>
          <power>210</power>
          <gpxtpx:TrackPointExtension>
            <gpxtpx:atemp>20.3</gpxtpx:atemp>
            <gpxtpx:hr>120</gpxtpx:hr>
            <gpxtpx:cad>77</gpxtpx:cad>
          </gpxtpx:TrackPointExtension>
        </extensions>
      </trkpt>
      <trkpt lat="46.1726005578" lon="7.2129066124">
        <ele>281.30</ele>
        <time>2026-05-17T08:00:04.000Z</time>
        <extensions>
          <power>210</power>
          <gpxtpx:TrackPointExtension>
            <gpxtpx:atemp>20.3</gpxtpx:atemp>
            <gpxtpx:hr>120</gpxtpx:hr>
            <gpxtpx:cad>76</gpxtpx:cad>
          </gpxtpx:TrackPointExtension>
        </extensions>
      </trkpt>
      <trkpt lat="46.1726387270" lon="7.2129818962">
        <ele>281.37</ele>
        <time>2026-05-17T08:00:05.000Z</time>
        <extensions>
          <power>210</power>
          <gpxtpx:TrackPointExtension>
            <gpxtpx:atemp>20.3</gpxtpx:atemp>
            <gpxtpx:hr>120</gpxtpx:hr>
            <gpxtpx:cad>76</gpxtpx:cad>
          </gpxtpx:TrackPointExtension>
        </extensions>
      </trkpt>
      <trkpt lat="46.1726782400" lon="7.2130688704">
        <ele>281.45</ele>
        <time>2026-05-17T08:00:06.000Z</time>
        <extensions>
          <power>210</power>
          <gpxtpx:TrackPointExtension>
            <gpxtpx:atemp>20.3</gpxtpx:atemp>
            <gpxtpx:hr>120</gpxtpx:hr>
            <gpxtpx:cad>76</gpxtpx:cad>
          </gpxtpx:TrackPointExtension>
        </extensions>
      </trkpt>
      <trkpt lat="46.1727196921" lon="7.2131478276">
        <ele>281.52</ele>
        <time>2026-05-17T08:00:07.000Z</time>
        <extensions>
          <power>210</power>
          <gpxtpx:TrackPointExtension>
            <gpxtpx:atemp>20.3</gpxtpx:atemp>
            <gpxtpx:hr>120</gpxtpx:hr>
            <gpxtpx:cad>76</gpxtpx:cad>
          </gpxtpx:TrackPointExtension>
        </extensions>
      </trkpt>
      <trkpt lat="46.1727554557" lon="7.2132330604">
        <ele>281.60</ele>
        <time>2026-05-17T08:00:08.000Z</time>
        <extensions>
          <power>210</power>
          <gpxtpx:TrackPointExtension>
            <gpxtpx:atemp>20.3</gpxtpx:atemp>
            <gpxtpx:hr>120</gpxtpx:hr>
            <gpxtpx:cad>76</gpxtpx:cad>
          </gpxtpx:TrackPointExtension>
        </extensions>
      </trkpt>
      <trkpt lat="46.1727977206" lon="7.2133102581">
        <ele>281.68</ele>
        <time>2026-05-17T08:00:09.000Z</time>
        <extensions>
          <power>210</power>
          <gpxtpx:TrackPointExtension>
            <gpxtpx:atemp>20.3</gpxtpx:atemp>
            <gpxtpx:hr>120</gpxtpx:hr>
            <gpxtpx:cad>75</gpxtpx:cad>
          </gpxtpx:TrackPointExtension>
        </extensions>
      </trkpt>
      <trkpt lat="46.1728330930" lon="7.2133833678">
        <ele>281.75</ele>
        <time>2026-05-17T08:00:10.000Z</time>
        <extensions>
          <power>210</power>
          <gpxtpx:TrackPointExtension>
            <gpxtpx:atemp>20.3</gpxtpx:atemp>
            <gpxtpx:hr>120</gpxtpx:hr>
            <gpxtpx:cad>75</gpxtpx:cad>
          </gpxtpx:TrackPointExtension>
        </extensions>
      </trkpt>
      <trkpt lat="46.1728680159" lon="7.2134568353">
        <ele>281.83</ele>
        <time>2026-05-17T08:00:11.000Z</time>
        <extensions>
          <power>210</power>
          <gpxtpx:TrackPointExtension>
            <gpxtpx:atemp>20.3</gpxtpx:atemp>
            <gpxtpx:hr>120</gpxtpx:hr>
            <gpxtpx:cad>75</gpxtpx:cad>
          </gpxtpx:TrackPointExtension>
        </extensions>
      </trkpt>
      <trkpt lat="46.1729113649" lon="7.2135335397">
        <ele>281.90</ele>
        <time>2026-05-17T08:00:12.000Z</time>
        <extensions>
          <power>210</power>
          <gpxtpx:TrackPointExtension>
            <gpxtpx:atemp>20.3</gpxtpx:atemp>
            <gpxtpx:hr>120</gpxtpx:hr>
            <gpxtpx:cad>75</gpxtpx:cad>
          </gpxtpx:TrackPointExtension>
        </extensions>
      </trkpt>
      <trkpt lat="46.1729554087" lon="7.2136115705">
        <ele>281.98</ele>
        <time>2026-05-17T08:00:13.000Z</time>
        <extensions>
          <power>210</power>
          <gpxtpx:TrackPointExtension>
            <gpxtpx:atemp>20.3</gpxtpx:atemp>
            <gpxtpx:hr>120</gpxtpx:hr>
            <gpxtpx:cad>74</gpxtpx:cad>
          </gpxtpx:TrackPointExtension>
        </extensions>
      </trkpt>
      <trkpt lat="46.1729956550" lon="7.2136947082">
        <ele>282.06</ele>
        <time>2026-05-17T08:00:14.000Z</time>
        <extensions>
          <power>210</power>
          <gpxtpx:TrackPointExtension>
            <gpxtpx:atemp>20.3</gpxtpx:atemp>
            <gpxtpx:hr>120</gpxtpx:hr>
            <gpxtpx:cad>74</gpxtpx:cad>
          </gpxtpx:TrackPointExtension>
        </extensions>
      </trkpt>
      <trkpt lat="46.1730326939" lon="7.2137730301">
        <ele>282.13</ele>
        <time>2026-05-17T08:00:15.000Z</time>
        <extensions>
          <power>210</power>
          <gpxtpx:TrackPointExtension>
            <gpxtpx:atemp>20.3</gpxtpx:atemp>
            <gpxtpx:hr>120</gpxtpx:hr>
            <gpxtpx:cad>74</gpxtpx:cad>
          </gpxtpx:TrackPointExtension>
        </extensions>
      </trkpt>
      <trkpt lat="46.1730783968" lon="7.2138532002">
        <ele>282.21</ele>
        <time>2026-05-17T08:00:16.000Z</time>
        <extensions>
          <power>210</power>
          <gpxtpx:TrackPointExtension>
            <gpxtpx:atemp>20.3</gpxtpx:atemp>
            <gpxtpx:hr>120</gpxtpx:hr>
            <gpxtpx:cad>74</gpxtpx:cad>
          </gpxtpx:TrackPointExtension>
        </extensions>
      </trkpt>
      <trkpt lat="46.1731151778" lon="7.2139383513">
        <ele>282.28</ele>
        <time>2026-05-17T08:00:17.000Z</time>
        <extensions>
          <power>210</power>
          <gpxtpx:TrackPointExtension>
            <gpxtpx:atemp>20.3</gpxtpx:atemp>
            <gpxtpx:hr>120</gpxtpx:hr>
            <gpxtpx:cad>74</gpxtpx:cad>
          </gpxtpx:TrackPointExtension>
        </extensions>
      </trkpt>
      <trkpt lat="46.1731537747" lon="7.2140096414">
        <ele>282.36</ele>
        <time>2026-05-17T08:00:18.000Z</time>
        <extensions>
          <power>210</power>
          <gpxtpx:TrackPointExtension>
            <gpxtpx:atemp>20.3</gpxtpx:atemp>
            <gpxtpx:hr>120</gpxtpx:hr>
            <gpxtpx:cad>73</gpxtpx:cad>
          </gpxtpx:TrackPointExtension>
        </extensions>
      </trkpt>
      <trkpt lat="46.1732005192" lon="7.2140838894">
        <ele>282.44</ele>
        <time>2026-05-17T08:00:19.000Z</time>
        <extensions>
          <power>210</power>
          <gpxtpx:TrackPointExtension>
            <gpxtpx:atemp>20.3</gpxtpx:atemp>
            <gpxtpx:hr>120</gpxtpx:hr>
            <gpxtpx:cad>73</gpxtpx:cad>
          </gpxtpx:TrackPointExtension>
        </extensions>
      </trkpt>
      <trkpt lat="46.1732473358" lon="7.2141587504">
        <ele>282.51</ele>
        <time>2026-05-17T08:00:20.000Z</time>
        <extensions>
          <power>210</power>
          <gpxtpx:TrackPointExtension>
            <gpxtpx:atemp>20.3</gpxtpx:atemp>
            <gpxtpx:hr>120</gpxtpx:hr>
            <gpxtpx:cad>73</gpxtpx:cad>
          </gpxtpx:TrackPointExtension>
        </extensions>
      </trkpt>
      <trkpt lat="46.1732850277" lon="7.2142367567">
        <ele>282.59</ele>
        <time>2026-05-17T08:00:21.000Z</time>
        <extensions>
          <power>210</power>
          <gpxtpx:TrackPointExtension>
            <gpxtpx:atemp>20.3</gpxtpx:atemp>
            <gpxtpx:hr>120</gpxtpx:hr>
            <gpxtpx:cad>73</gpxtpx:cad>
          </gpxtpx:TrackPointExtension>
        </extensions>
      </trkpt>
      <trkpt lat="46.1733246044" lon="7.2143217230">
        <ele>282.67</ele>
        <time>2026-05-17T08:00:22.000Z</time>
        <extensions>
          <power>210</power>
          <gpxtpx:TrackPointExtension>
            <gpxtpx:atemp>20.3</gpxtpx:atemp>
            <gpxtpx:hr>120</gpxtpx:hr>
            <gpxtpx:cad>73</gpxtpx:cad>
          </gpxtpx:TrackPointExtension>
        </extensions>
      </trkpt>
      <trkpt lat="46.1733680152" lon="7.2143915120">
        <ele>282.74</ele>
        <time>2026-05-17T08:00:23.000Z</time>
        <extensions>
          <power>210</power>
          <gpxtpx:TrackPointExtension>
            <gpxtpx:atemp>20.3</gpxtpx:atemp>
            <gpxtpx:hr>120</gpxtpx:hr>
            <gpxtpx:cad>72</gpxtpx:cad>
          </gpxtpx:TrackPointExtension>
        </extensions>
      </trkpt>
      <trkpt lat="46.1734145915" lon="7.2144635076">
        <ele>282.82</ele>
        <time>2026-05-17T08:00:24.000Z</time>
        <extensions>
          <power>210</power>
          <gpxtpx:TrackPointExtension>
            <gpxtpx:atemp>20.3</gpxtpx:atemp>
            <gpxtpx:hr>121</gpxtpx:hr>
            <gpxtpx:cad>72</gpxtpx:cad>
          </gpxtpx:TrackPointExtension>
        </extensions>
      </trkpt>
      <trkpt lat="46.1734534380" lon="7.2145350841">
        <ele>282.90</ele>
        <time>2026-05-17T08:00:25.000Z</time>
        <extensions>
          <power>210</power>
          <gpxtpx:TrackPointExtension>
            <gpxtpx:atemp>20.3</gpxtpx:atemp>
            <gpxtpx:hr>121</gpxtpx:hr>
            <gpxtpx:cad>72</gpxtpx:cad>
          </gpxtpx:TrackPointExtension>
        </extensions>
      </trkpt>
      <trkpt lat="46.1734995467" lon="7.2146116290">
        <ele>282.97</ele>
        <time>2026-05-17T08:00:26.000Z</time>
        <extensions>
          <power>210</power>
          <gpxtpx:TrackPointExtension>
            <gpxtpx:atemp>20.3</gpxtpx:atemp>
            <gpxtpx:hr>121</gpxtpx:hr>
            <gpxtpx:cad>72</gpxtpx:cad>
          </gpxtpx:TrackPointExtension>
        </extensions>
      </trkpt>
      <trkpt lat="46.1735426895" lon="7.2146827635">
        <ele>283.05</ele>
        <time>2026-05-17T08:00:27.000Z</time>
        <extensions>
          <power>210</power>
          <gpxtpx:TrackPointExtension>
            <gpxtpx:atemp>20.3</gpxtpx:atemp>
            <gpxtpx:hr>121</gpxtpx:hr>
            <gpxtpx:cad>72</gpxtpx:cad>
          </gpxtpx:TrackPointExtension>
        </extensions>
      </trkpt>
      <trkpt lat="46.1735922406" lon="7.2147640056">
        <ele>283.13</ele>
        <time>2026-05-17T08:00:28.000Z</time>
        <extensions>
          <power>210</power>
          <gpxtpx:TrackPointExtension>
            <gpxtpx:atemp>20.3</gpxtpx:atemp>
            <gpxtpx:hr>121</gpxtpx:hr>
            <gpxtpx:cad>72</gpxtpx:cad>
          </gpxtpx:TrackPointExtension>
        </extensions>
      </trkpt>
      <trkpt lat="46.1736386225" lon="7.2148365748">
        <ele>283.21</ele>
        <time>2026-05-17T08:00:29.000Z</time>
        <extensions>
          <power>210</power>
          <gpxtpx:TrackPointExtension>
            <gpxtpx:atemp>20.3</gpxtpx:atemp>
            <gpxtpx:hr>121</gpxtpx:hr>
            <gpxtpx:cad>71</gpxtpx:cad>
          </gpxtpx:TrackPointExtension>
        </extensions>
      </trkpt>
      <trkpt lat="46.1736805246" lon="7.2149052265">
        <ele>283.28</ele>
        <time>2026-05-17T08:00:30.000Z</time>
        <extensions>
          <power>210</power>
          <gpxtpx:TrackPointExtension>
            <gpxtpx:atemp>20.3</gpxtpx:atemp>
            <gpxtpx:hr>121</gpxtpx:hr>
            <gpxtpx:cad>71</gpxtpx:cad>
          </gpxtpx:TrackPointExtension>
        </extensions>
      </trkpt>
      <trkpt lat="46.1737269364" lon="7.2149749144">
        <ele>283.36</ele>
        <time>2026-05-17T08:00:31.000Z</time>
        <extensions>
          <power>210</power>
          <gpxtpx:TrackPointExtension>
            <gpxtpx:atemp>20.3</gpxtpx:atemp>
            <gpxtpx:hr>121</gpxtpx:hr>
            <gpxtpx:cad>71</gpxtpx:cad>
          </gpxtpx:TrackPointExtension>
        </extensions>
      </trkpt>
      <trkpt lat="46.1737680999" lon="7.2150522614">
        <ele>283.44</ele>
        <time>2026-05-17T08:00:32.000Z</time>
        <extensions>
          <power>210</power>
          <gpxtpx:TrackPointExtension>
            <gpxtpx:atemp>20.3</gpxtpx:atemp>
            <gpxtpx:hr>121</gpxtpx:hr>
            <gpxtpx:cad>71</gpxtpx:cad>
          </gpxtpx:TrackPointExtension>
        </extensions>
      </trkpt>
      <trkpt lat="46.1738198099" lon="7.2151308404">
        <ele>283.51</ele>
        <time>2026-05-17T08:00:33.000Z</time>
        <extensions>
          <power>210</power>
          <gpxtpx:TrackPointExtension>
            <gpxtpx:atemp>20.3</gpxtpx:atemp>
            <gpxtpx:hr>121</gpxtpx:hr>
            <gpxtpx:cad>71</gpxtpx:cad>
          </gpxtpx:TrackPointExtension>
        </extensions>
      </trkpt>
      <trkpt lat="46.1738684523" lon="7.2152099576">
        <ele>283.59</ele>
        <time>2026-05-17T08:00:34.000Z</time>
        <extensions>
          <power>210</power>
          <gpxtpx:TrackPointExtension>
            <gpxtpx:atemp>20.3</gpxtpx:atemp>
            <gpxtpx:hr>121</gpxtpx:hr>
            <gpxtpx:cad>71</gpxtpx:cad>
          </gpxtpx:TrackPointExtension>
        </extensions>
      </trkpt>
      <trkpt lat="46.1739206234" lon="7.2152871672">
        <ele>283.67</ele>
        <time>2026-05-17T08:00:35.000Z</time>
        <extensions>
          <power>210</power>
          <gpxtpx:TrackPointExtension>
            <gpxtpx:atemp>20.3</gpxtpx:atemp>
            <gpxtpx:hr>121</gpxtpx:hr>
            <gpxtpx:cad>70</gpxtpx:cad>
          </gpxtpx:TrackPointExtension>
        </extensions>
      </trkpt>
      <trkpt lat="46.1739632893" lon="7.2153687971">
        <ele>283.75</ele>
        <time>2026-05-17T08:00:36.000Z</time>
        <extensions>
          <power>210</power>
          <gpxtpx:TrackPointExtension>
            <gpxtpx:atemp>20.3</gpxtpx:atemp>
            <gpxtpx:hr>121</gpxtpx:hr>
            <gpxtpx:cad>70</gpxtpx:cad>
          </gpxtpx:TrackPointExtension>
        </extensions>
      </trkpt>
      <trkpt lat="46.1740070822" lon="7.2154354521">
        <ele>283.82</ele>
        <time>2026-05-17T08:00:37.000Z</time>
        <extensions>
          <power>210</power>
          <gpxtpx:TrackPointExtension>
            <gpxtpx:atemp>20.3</gpxtpx:atemp>
            <gpxtpx:hr>121</gpxtpx:hr>
            <gpxtpx:cad>70</gpxtpx:cad>
          </gpxtpx:TrackPointExtension>
        </extensions>
      </trkpt>
      <trkpt lat="46.1740576140" lon="7.2155146268">
        <ele>283.90</ele>
        <time>2026-05-17T08:00:38.000Z</time>
        <extensions>
          <power>210</power>
          <gpxtpx:TrackPointExtension>
            <gpxtpx:atemp>20.3</gpxtpx:atemp>
            <gpxtpx:hr>121</gpxtpx:hr>
            <gpxtpx:cad>70</gpxtpx:cad>
          </gpxtpx:TrackPointExtension>
        </extensions>
      </trkpt>
      <trkpt lat="46.1741072740" lon="7.2155896002">
        <ele>283.98</ele>
        <time>2026-05-17T08:00:39.000Z</time>
        <extensions>
          <power>210</power>
          <gpxtpx:TrackPointExtension>
            <gpxtpx:atemp>20.3</gpxtpx:atemp>
            <gpxtpx:hr>121</gpxtpx:hr>
            <gpxtpx:cad>70</gpxtpx:cad>
          </gpxtpx:TrackPointExtension>
        </extensions>
      </trkpt>
      <trkpt lat="46.1741591331" lon="7.2156572589">
        <ele>284.06</ele>
        <time>2026-05-17T08:00:40.000Z</time>
        <extensions>
          <power>210</power>
          <gpxtpx:TrackPointExtension>
            <gpxtpx:atemp>20.3</gpxtpx:atemp>
            <gpxtpx:hr>122</gpxtpx:hr>
            <gpxtpx:cad>70</gpxtpx:cad>
          </gpxtpx:TrackPointExtension>
        </extensions>
      </trkpt>
      <trkpt lat="46.1742027892" lon="7.2157378384">
        <ele>284.14</ele>
        <time>2026-05-17T08:00:41.000Z</time>
        <extensions>
          <power>210</power>
          <gpxtpx:TrackPointExtension>
            <gpxtpx:atemp>20.3</gpxtpx:atemp>
            <gpxtpx:hr>122</gpxtpx:hr>
            <gpxtpx:cad>70</gpxtpx:cad>
          </gpxtpx:TrackPointExtension>
        </extensions>
      </trkpt>
      <trkpt lat="46.1742538452" lon="7.2158062142">
        <ele>284.21</ele>
        <time>2026-05-17T08:00:42.000Z</time>
        <extensions>
          <power>210</power>
          <gpxtpx:TrackPointExtension>
            <gpxtpx:atemp>20.3</gpxtpx:atemp>
            <gpxtpx:hr>122</gpxtpx:hr>
            <gpxtpx:cad>69</gpxtpx:cad>
          </gpxtpx:TrackPointExtension>
        </extensions>
      </trkpt>
      <trkpt lat="46.1743061602" lon="7.2158770183">
        <ele>284.29</ele>
        <time>2026-05-17T08:00:43.000Z</time>
        <extensions>
          <power>210</power>
          <gpxtpx:TrackPointExtension>
            <gpxtpx:atemp>20.3</gpxtpx:atemp>
            <gpxtpx:hr>122</gpxtpx:hr>
            <gpxtpx:cad>69</gpxtpx:cad>
          </gpxtpx:TrackPointExtension>
        </extensions>
      </trkpt>
      <trkpt lat="46.1743500264" lon="7.2159475206">
        <ele>284.37</ele>
        <time>2026-05-17T08:00:44.000Z</time>
        <extensions>
          <power>210</power>
          <gpxtpx:TrackPointExtension>
            <gpxtpx:atemp>20.3</gpxtpx:atemp>
            <gpxtpx:hr>122</gpxtpx:hr>
            <gpxtpx:cad>69</gpxtpx:cad>
          </gpxtpx:TrackPointExtension>
        </extensions>
      </trkpt>
      <trkpt lat="46.1743992204" lon="7.2160254560">
        <ele>284.45</ele>
        <time>2026-05-17T08:00:45.000Z</time>
        <extensions>
          <power>210</power>
          <gpxtpx:TrackPointExtension>
            <gpxtpx:atemp>20.3</gpxtpx:atemp>
            <gpxtpx:hr>122</gpxtpx:hr>
            <gpxtpx:cad>69</gpxtpx:cad>
          </gpxtpx:TrackPointExtension>
        </extensions>
      </trkpt>
      <trkpt lat="46.1744523655" lon="7.2161051403">
        <ele>284.53</ele>
        <time>2026-05-17T08:00:46.000Z</time>
        <extensions>
          <power>210</power>
          <gpxtpx:TrackPointExtension>
            <gpxtpx:atemp>20.3</gpxtpx:atemp>
            <gpxtpx:hr>122</gpxtpx:hr>
            <gpxtpx:cad>69</gpxtpx:cad>
          </gpxtpx:TrackPointExtension>
        </extensions>
      </trkpt>
      <trkpt lat="46.1745065754" lon="7.2161826297">
        <ele>284.61</ele>
        <time>2026-05-17T08:00:47.000Z</time>
        <extensions>
          <power>210</power>
          <gpxtpx:TrackPointExtension>
            <gpxtpx:atemp>20.3</gpxtpx:atemp>
            <gpxtpx:hr>122</gpxtpx:hr>
            <gpxtpx:cad>69</gpxtpx:cad>
          </gpxtpx:TrackPointExtension>
        </extensions>
      </trkpt>
      <trkpt lat="46.1745563399" lon="7.2162614099">
        <ele>284.69</ele>
        <time>2026-05-17T08:00:48.000Z</time>
        <extensions>
          <power>210</power>
          <gpxtpx:TrackPointExtension>
            <gpxtpx:atemp>20.3</gpxtpx:atemp>
            <gpxtpx:hr>122</gpxtpx:hr>
            <gpxtpx:cad>69</gpxtpx:cad>
          </gpxtpx:TrackPointExtension>
        </extensions>
      </trkpt>
      <trkpt lat="46.1746070578" lon="7.2163297206">
        <ele>284.76</ele>
        <time>2026-05-17T08:00:49.000Z</time>
        <extensions>
          <power>210</power>
          <gpxtpx:TrackPointExtension>
            <gpxtpx:atemp>20.3</gpxtpx:atemp>
            <gpxtpx:hr>122</gpxtpx:hr>
            <gpxtpx:cad>69</gpxtpx:cad>
          </gpxtpx:TrackPointExtension>
        </extensions>
      </trkpt>
      <trkpt lat="46.1746607289" lon="7.2163972453">
        <ele>284.84</ele>
        <time>2026-05-17T08:00:50.000Z</time>
        <extensions>
          <power>210</power>
          <gpxtpx:TrackPointExtension>
            <gpxtpx:atemp>20.3</gpxtpx:atemp>
            <gpxtpx:hr>122</gpxtpx:hr>
            <gpxtpx:cad>69</gpxtpx:cad>
          </gpxtpx:TrackPointExtension>
        </extensions>
      </trkpt>
      <trkpt lat="46.1747086686" lon="7.2164746546">
        <ele>284.92</ele>
        <time>2026-05-17T08:00:51.000Z</time>
        <extensions>
          <power>210</power>
          <gpxtpx:TrackPointExtension>
            <gpxtpx:atemp>20.3</gpxtpx:atemp>
            <gpxtpx:hr>122</gpxtpx:hr>
            <gpxtpx:cad>69</gpxtpx:cad>
          </gpxtpx:TrackPointExtension>
        </extensions>
      </trkpt>
      <trkpt lat="46.1747540671" lon="7.2165509614">
        <ele>285.00</ele>
        <time>2026-05-17T08:00:52.000Z</time>
        <extensions>
          <power>210</power>
          <gpxtpx:TrackPointExtension>
            <gpxtpx:atemp>20.3</gpxtpx:atemp>
            <gpxtpx:hr>122</gpxtpx:hr>
            <gpxtpx:cad>69</gpxtpx:cad>
          </gpxtpx:TrackPointExtension>
        </extensions>
      </trkpt>
      <trkpt lat="46.1748009697" lon="7.2166239182">
        <ele>285.08</ele>
        <time>2026-05-17T08:00:53.000Z</time>
        <extensions>
          <power>210</power>
          <gpxtpx:TrackPointExtension>
            <gpxtpx:atemp>20.3</gpxtpx:atemp>
            <gpxtpx:hr>123</gpxtpx:hr>
            <gpxtpx:cad>68</gpxtpx:cad>
          </gpxtpx:TrackPointExtension>
        </extensions>
      </trkpt>
      <trkpt lat="46.1748548608" lon="7.2166967247">
        <ele>285.16</ele>
        <time>2026-05-17T08:00:54.000Z</time>
        <extensions>
          <power>210</power>
          <gpxtpx:TrackPointExtension>
            <gpxtpx:atemp>20.3</gpxtpx:atemp>
            <gpxtpx:hr>123</gpxtpx:hr>
            <gpxtpx:cad>68</gpxtpx:cad>
          </gpxtpx:TrackPointExtension>
        </extensions>
      </trkpt>
      <trkpt lat="46.1749095850" lon="7.2167627158">
        <ele>285.24</ele>
        <time>2026-05-17T08:00:55.000Z</time>
        <extensions>
          <power>210</power>
          <gpxtpx:TrackPointExtension>
            <gpxtpx:atemp>20.3</gpxtpx:atemp>
            <gpxtpx:hr>123</gpxtpx:hr>
            <gpxtpx:cad>68</gpxtpx:cad>
          </gpxtpx:TrackPointExtension>
        </extensions>
      </trkpt>
      <trkpt lat="46.1749553119" lon="7.2168309654">
        <ele>285.32</ele>
        <time>2026-05-17T08:00:56.000Z</time>
        <extensions>
          <power>210</power>
          <gpxtpx:TrackPointExtension>
            <gpxtpx:atemp>20.3</gpxtpx:atemp>
            <gpxtpx:hr>123</gpxtpx:hr>
            <gpxtpx:cad>68</gpxtpx:cad>
          </gpxtpx:TrackPointExtension>
        </extensions>
      </trkpt>
      <trkpt lat="46.1750055995" lon="7.2169014541">
        <ele>285.40</ele>
        <time>2026-05-17T08:00:57.000Z</time>
        <extensions>
          <power>210</power>
          <gpxtpx:TrackPointExtension>
            <gpxtpx:atemp>20.3</gpxtpx:atemp>
            <gpxtpx:hr>123</gpxtpx:hr>
            <gpxtpx:cad>68</gpxtpx:cad>
          </gpxtpx:TrackPointExtension>
        </extensions>
      </trkpt>
      <trkpt lat="46.1750564177" lon="7.2169738627">
        <ele>285.48</ele>
        <time>2026-05-17T08:00:58.000Z</time>
        <extensions>
          <power>210</power>
          <gpxtpx:TrackPointExtension>
            <gpxtpx:atemp>20.3</gpxtpx:atemp>
            <gpxtpx:hr>123</gpxtpx:hr>
            <gpxtpx:cad>68</gpxtpx:cad>
          </gpxtpx:TrackPointExtension>
        </extensions>
      </trkpt>
      <trkpt lat="46.1751130077" lon="7.2170427633">
        <ele>285.56</ele>
        <time>2026-05-17T08:00:59.000Z</time>
        <extensions>
          <power>210</power>
          <gpxtpx:TrackPointExtension>
            <gpxtpx:atemp>20.3</gpxtpx:atemp>
            <gpxtpx:hr>123</gpxtpx:hr>
            <gpxtpx:cad>68</gpxtpx:cad>
          </gpxtpx:TrackPointExtension>
        </extensions>
      </trkpt>
      <trkpt lat="46.1751618489" lon="7.2171126412">
        <ele>285.64</ele>
        <time>2026-05-17T08:01:00.000Z</time>
        <extensions>
          <power>210</power>
          <gpxtpx:TrackPointExtension>
            <gpxtpx:atemp>20.3</gpxtpx:atemp>
            <gpxtpx:hr>123</gpxtpx:hr>
            <gpxtpx:cad>68</gpxtpx:cad>
          </gpxtpx:TrackPointExtension>
        </extensions>
      </trkpt>
      <trkpt lat="46.1752109216" lon="7.2171873854">
        <ele>285.72</ele>
        <time>2026-05-17T08:01:01.000Z</time>
        <extensions>
          <power>210</power>
          <gpxtpx:TrackPointExtension>
            <gpxtpx:atemp>20.3</gpxtpx:atemp>
            <gpxtpx:hr>123</gpxtpx:hr>
            <gpxtpx:cad>68</gpxtpx:cad>
          </gpxtpx:TrackPointExtension>
        </extensions>
      </trkpt>
      <trkpt lat="46.1752591778" lon="7.2172580170">
        <ele>285.80</ele>
        <time>2026-05-17T08:01:02.000Z</time>
        <extensions>
          <power>210</power>
          <gpxtpx:TrackPointExtension>
            <gpxtpx:atemp>20.3</gpxtpx:atemp>
            <gpxtpx:hr>123</gpxtpx:hr>
            <gpxtpx:cad>68</gpxtpx:cad>
          </gpxtpx:TrackPointExtension>
        </extensions>
      </trkpt>
      <trkpt lat="46.1753076887" lon="7.2173271611">
        <ele>285.88</ele>
        <time>2026-05-17T08:01:03.000Z</time>
        <extensions>
          <power>210</power>
          <gpxtpx:TrackPointExtension>
            <gpxtpx:atemp>20.3</gpxtpx:atemp>
            <gpxtpx:hr>123</gpxtpx:hr>
            <gpxtpx:cad>68</gpxtpx:cad>
          </gpxtpx:TrackPointExtension>
        </extensions>
      </trkpt>
      <trkpt lat="46.1753589602" lon="7.2173933763">
        <ele>285.96</ele>
        <time>2026-05-17T08:01:04.000Z</time>
        <extensions>
          <power>210</power>
          <gpxtpx:TrackPointExtension>
            <gpxtpx:atemp>20.3</gpxtpx:atemp>
            <gpxtpx:hr>124</gpxtpx:hr>
            <gpxtpx:cad>68</gpxtpx:cad>
          </gpxtpx:TrackPointExtension>
        </extensions>
      </trkpt>
      <trkpt lat="46.1754090296" lon="7.2174628477">
        <ele>286.04</ele>
        <time>2026-05-17T08:01:05.000Z</time>
        <extensions>
          <power>210</power>
          <gpxtpx:TrackPointExtension>
            <gpxtpx:atemp>20.3</gpxtpx:atemp>
            <gpxtpx:hr>124</gpxtpx:hr>
            <gpxtpx:cad>68</gpxtpx:cad>
          </gpxtpx:TrackPointExtension>
        </extensions>
      </trkpt>
      <trkpt lat="46.1754626807" lon="7.2175360816">
        <ele>286.12</ele>
        <time>2026-05-17T08:01:06.000Z</time>
        <extensions>
          <power>210</power>
          <gpxtpx:TrackPointExtension>
            <gpxtpx:atemp>20.3</gpxtpx:atemp>
            <gpxtpx:hr>124</gpxtpx:hr>
            <gpxtpx:cad>68</gpxtpx:cad>
          </gpxtpx:TrackPointExtension>
        </extensions>
      </trkpt>
      <trkpt lat="46.1755145678" lon="7.2176025043">
        <ele>286.20</ele>
        <time>2026-05-17T08:01:07.000Z</time>
        <extensions>
          <power>210</power>
          <gpxtpx:TrackPointExtension>
            <gpxtpx:atemp>20.3</gpxtpx:atemp>
            <gpxtpx:hr>124</gpxtpx:hr>
            <gpxtpx:cad>68</gpxtpx:cad>
          </gpxtpx:TrackPointExtension>
        </extensions>
      </trkpt>
      <trkpt lat="46.1755631828" lon="7.2176754998">
        <ele>286.28</ele>
        <time>2026-05-17T08:01:08.000Z</time>
        <extensions>
          <power>210</power>
          <gpxtpx:TrackPointExtension>
            <gpxtpx:atemp>20.3</gpxtpx:atemp>
            <gpxtpx:hr>124</gpxtpx:hr>
            <gpxtpx:cad>68</gpxtpx:cad>
          </gpxtpx:TrackPointExtension>
        </extensions>
      </trkpt>
      <trkpt lat="46.1756190295" lon="7.2177466874">
        <ele>286.36</ele>
        <time>2026-05-17T08:01:09.000Z</time>
        <extensions>
          <power>210</power>
          <gpxtpx:TrackPointExtension>
            <gpxtpx:atemp>20.3</gpxtpx:atemp>
            <gpxtpx:hr>124</gpxtpx:hr>
            <gpxtpx:cad>68</gpxtpx:cad>
          </gpxtpx:TrackPointExtension>
        </extensions>
      </trkpt>
      <trkpt lat="46.1756755232" lon="7.2178122151">
        <ele>286.44</ele>
        <time>2026-05-17T08:01:10.000Z</time>
        <extensions>
          <power>210</power>
          <gpxtpx:TrackPointExtension>
            <gpxtpx:atemp>20.3</gpxtpx:atemp>
            <gpxtpx:hr>124</gpxtpx:hr>
            <gpxtpx:cad>68</gpxtpx:cad>
          </gpxtpx:TrackPointExtension>
        </extensions>
      </trkpt>
      <trkpt lat="46.1757332083" lon="7.2178776268">
        <ele>286.53</ele>
        <time>2026-05-17T08:01:11.000Z</time>
        <extensions>
          <power>210</power>
          <gpxtpx:TrackPointExtension>
            <gpxtpx:atemp>20.3</gpxtpx:atemp>
            <gpxtpx:hr>124</gpxtpx:hr>
            <gpxtpx:cad>68</gpxtpx:cad>
          </gpxtpx:TrackPointExtension>
        </extensions>
      </trkpt>
      <trkpt lat="46.1757898845" lon="7.2179462145">
        <ele>286.61</ele>
        <time>2026-05-17T08:01:12.000Z</time>
        <extensions>
          <power>210</power>
          <gpxtpx:TrackPointExtension>
            <gpxtpx:atemp>20.3</gpxtpx:atemp>
            <gpxtpx:hr>124</gpxtpx:hr>
            <gpxtpx:cad>68</gpxtpx:cad>
          </gpxtpx:TrackPointExtension>
        </extensions>
      </trkpt>
      <trkpt lat="46.1758396296" lon="7.2180213676">
        <ele>286.69</ele>
        <time>2026-05-17T08:01:13.000Z</time>
        <extensions>
          <power>210</power>
          <gpxtpx:TrackPointExtension>
            <gpxtpx:atemp>20.3</gpxtpx:atemp>
            <gpxtpx:hr>124</gpxtpx:hr>
            <gpxtpx:cad>68</gpxtpx:cad>
          </gpxtpx:TrackPointExtension>
        </extensions>
      </trkpt>
      <trkpt lat="46.1758966060" lon="7.2180978359">
        <ele>286.77</ele>
        <time>2026-05-17T08:01:14.000Z</time>
        <extensions>
          <power>210</power>
          <gpxtpx:TrackPointExtension>
            <gpxtpx:atemp>20.3</gpxtpx:atemp>
            <gpxtpx:hr>125</gpxtpx:hr>
            <gpxtpx:cad>68</gpxtpx:cad>
          </gpxtpx:TrackPointExtension>
        </extensions>
      </trkpt>
      <trkpt lat="46.1759517557" lon="7.2181765274">
        <ele>286.85</ele>
        <time>2026-05-17T08:01:15.000Z</time>
        <extensions>
          <power>210</power>
          <gpxtpx:TrackPointExtension>
            <gpxtpx:atemp>20.3</gpxtpx:atemp>
            <gpxtpx:hr>125</gpxtpx:hr>
            <gpxtpx:cad>68</gpxtpx:cad>
          </gpxtpx:TrackPointExtension>
        </extensions>
      </trkpt>
      <trkpt lat="46.1760006309" lon="7.2182476036">
        <ele>286.93</ele>
        <time>2026-05-17T08:01:16.000Z</time>
        <extensions>
          <power>210</power>
          <gpxtpx:TrackPointExtension>
            <gpxtpx:atemp>20.3</gpxtpx:atemp>
            <gpxtpx:hr>125</gpxtpx:hr>
            <gpxtpx:cad>68</gpxtpx:cad>
          </gpxtpx:TrackPointExtension>
        </extensions>
      </trkpt>
      <trkpt lat="46.1760522378" lon="7.2183230790">
        <ele>287.01</ele>
        <time>2026-05-17T08:01:17.000Z</time>
        <extensions>
          <power>210</power>
          <gpxtpx:TrackPointExtension>
            <gpxtpx:atemp>20.3</gpxtpx:atemp>
            <gpxtpx:hr>125</gpxtpx:hr>
            <gpxtpx:cad>68</gpxtpx:cad>
          </gpxtpx:TrackPointExtension>
        </extensions>
      </trkpt>
      <trkpt lat="46.1761102820" lon="7.2183972207">
        <ele>287.10</ele>
        <time>2026-05-17T08:01:18.000Z</time>
        <extensions>
          <power>210</power>
          <gpxtpx:TrackPointExtension>
            <gpxtpx:atemp>20.3</gpxtpx:atemp>
            <gpxtpx:hr>125</gpxtpx:hr>
            <gpxtpx:cad>68</gpxtpx:cad>
          </gpxtpx:TrackPointExtension>
        </extensions>
      </trkpt>
      <trkpt lat="46.1761589899" lon="7.2184711595">
        <ele>287.18</ele>
        <time>2026-05-17T08:01:19.000Z</time>
        <extensions>
          <power>210</power>
          <gpxtpx:TrackPointExtension>
            <gpxtpx:atemp>20.3</gpxtpx:atemp>
            <gpxtpx:hr>125</gpxtpx:hr>
            <gpxtpx:cad>68</gpxtpx:cad>
          </gpxtpx:TrackPointExtension>
        </extensions>
      </trkpt>
      <trkpt lat="46.1762178119" lon="7.2185379683">
        <ele>287.26</ele>
        <time>2026-05-17T08:01:20.000Z</time>
        <extensions>
          <power>210</power>
          <gpxtpx:TrackPointExtension>
            <gpxtpx:atemp>20.4</gpxtpx:atemp>
            <gpxtpx:hr>125</gpxtpx:hr>
            <gpxtpx:cad>68</gpxtpx:cad>
          </gpxtpx:TrackPointExtension>
        </extensions>
      </trkpt>
      <trkpt lat="46.1762775317" lon="7.2186089063">
        <ele>287.34</ele>
        <time>2026-05-17T08:01:21.000Z</time>
        <extensions>
          <power>210</power>
          <gpxtpx:TrackPointExtension>
            <gpxtpx:atemp>20.4</gpxtpx:atemp>
            <gpxtpx:hr>125</gpxtpx:hr>
            <gpxtpx:cad>69</gpxtpx:cad>
          </gpxtpx:TrackPointExtension>
        </extensions>
      </trkpt>
      <trkpt lat="46.1763357254" lon="7.2186883629">
        <ele>287.43</ele>
        <time>2026-05-17T08:01:22.000Z</time>
        <extensions>
          <power>210</power>
          <gpxtpx:TrackPointExtension>
            <gpxtpx:atemp>20.4</gpxtpx:atemp>
            <gpxtpx:hr>125</gpxtpx:hr>
            <gpxtpx:cad>69</gpxtpx:cad>
          </gpxtpx:TrackPointExtension>
        </extensions>
      </trkpt>
      <trkpt lat="46.1763922739" lon="7.2187596314">
        <ele>287.51</ele>
        <time>2026-05-17T08:01:23.000Z</time>
        <extensions>
          <power>210</power>
          <gpxtpx:TrackPointExtension>
            <gpxtpx:atemp>20.4</gpxtpx:atemp>
            <gpxtpx:hr>125</gpxtpx:hr>
            <gpxtpx:cad>69</gpxtpx:cad>
          </gpxtpx:TrackPointExtension>
        </extensions>
      </trkpt>
      <trkpt lat="46.1764523830" lon="7.2188304226">
        <ele>287.59</ele>
        <time>2026-05-17T08:01:24.000Z</time>
        <extensions>
          <power>210</power>
          <gpxtpx:TrackPointExtension>
            <gpxtpx:atemp>20.4</gpxtpx:atemp>
            <gpxtpx:hr>126</gpxtpx:hr>
            <gpxtpx:cad>69</gpxtpx:cad>
          </gpxtpx:TrackPointExtension>
        </extensions>
      </trkpt>
      <trkpt lat="46.1765040527" lon="7.2189075257">
        <ele>287.67</ele>
        <time>2026-05-17T08:01:25.000Z</time>
        <extensions>
          <power>210</power>
          <gpxtpx:TrackPointExtension>
            <gpxtpx:atemp>20.4</gpxtpx:atemp>
            <gpxtpx:hr>126</gpxtpx:hr>
            <gpxtpx:cad>69</gpxtpx:cad>
          </gpxtpx:TrackPointExtension>
        </extensions>
      </trkpt>
      <trkpt lat="46.1765605143" lon="7.2189854309">
        <ele>287.76</ele>
        <time>2026-05-17T08:01:26.000Z</time>
        <extensions>
          <power>210</power>
          <gpxtpx:TrackPointExtension>
            <gpxtpx:atemp>20.4</gpxtpx:atemp>
            <gpxtpx:hr>126</gpxtpx:hr>
            <gpxtpx:cad>69</gpxtpx:cad>
          </gpxtpx:TrackPointExtension>
        </extensions>
      </trkpt>
      <trkpt lat="46.1766131836" lon="7.2190623539">
        <ele>287.84</ele>
        <time>2026-05-17T08:01:27.000Z</time>
        <extensions>
          <power>210</power>
          <gpxtpx:TrackPointExtension>
            <gpxtpx:atemp>20.4</gpxtpx:atemp>
            <gpxtpx:hr>126</gpxtpx:hr>
            <gpxtpx:cad>69</gpxtpx:cad>
          </gpxtpx:TrackPointExtension>
        </extensions>
      </trkpt>
      <trkpt lat="46.1766732106" lon="7.2191331060">
        <ele>287.92</ele>
        <time>2026-05-17T08:01:28.000Z</time>
        <extensions>
          <power>210</power>
          <gpxtpx:TrackPointExtension>
            <gpxtpx:atemp>20.4</gpxtpx:atemp>
            <gpxtpx:hr>126</gpxtpx:hr>
            <gpxtpx:cad>69</gpxtpx:cad>
          </gpxtpx:TrackPointExtension>
        </extensions>
      </trkpt>
      <trkpt lat="46.1767289885" lon="7.2192040891">
        <ele>288.00</ele>
        <time>2026-05-17T08:01:29.000Z</time>
        <extensions>
          <power>210</power>
          <gpxtpx:TrackPointExtension>
            <gpxtpx:atemp>20.4</gpxtpx:atemp>
            <gpxtpx:hr>126</gpxtpx:hr>
            <gpxtpx:cad>69</gpxtpx:cad>
          </gpxtpx:TrackPointExtension>
        </extensions>
      </trkpt>
      <trkpt lat="46.1767899141" lon="7.2192688241">
        <ele>288.09</ele>
        <time>2026-05-17T08:01:30.000Z</time>
        <extensions>
          <power>210</power>
          <gpxtpx:TrackPointExtension>
            <gpxtpx:atemp>20.4</gpxtpx:atemp>
            <gpxtpx:hr>126</gpxtpx:hr>
            <gpxtpx:cad>69</gpxtpx:cad>
          </gpxtpx:TrackPointExtension>
        </extensions>
      </trkpt>
      <trkpt lat="46.1768511216" lon="7.2193421918">
        <ele>288.17</ele>
        <time>2026-05-17T08:01:31.000Z</time>
        <extensions>
          <power>210</power>
          <gpxtpx:TrackPointExtension>
            <gpxtpx:atemp>20.4</gpxtpx:atemp>
            <gpxtpx:hr>126</gpxtpx:hr>
            <gpxtpx:cad>70</gpxtpx:cad>
          </gpxtpx:TrackPointExtension>
        </extensions>
      </trkpt>
      <trkpt lat="46.1769060947" lon="7.2194087896">
        <ele>288.25</ele>
        <time>2026-05-17T08:01:32.000Z</time>
        <extensions>
          <power>210</power>
          <gpxtpx:TrackPointExtension>
            <gpxtpx:atemp>20.4</gpxtpx:atemp>
            <gpxtpx:hr>126</gpxtpx:hr>
            <gpxtpx:cad>70</gpxtpx:cad>
          </gpxtpx:TrackPointExtension>
        </extensions>
      </trkpt>
      <trkpt lat="46.1769651476" lon="7.2194772811">
        <ele>288.34</ele>
        <time>2026-05-17T08:01:33.000Z</time>
        <extensions>
          <power>210</power>
          <gpxtpx:TrackPointExtension>
            <gpxtpx:atemp>20.4</gpxtpx:atemp>
            <gpxtpx:hr>126</gpxtpx:hr>
            <gpxtpx:cad>70</gpxtpx:cad>
          </gpxtpx:TrackPointExtension>
        </extensions>
      </trkpt>
      <trkpt lat="46.1770229773" lon="7.2195463564">
        <ele>288.42</ele>
        <time>2026-05-17T08:01:34.000Z</time>
        <extensions>
          <power>210</power>
          <gpxtpx:TrackPointExtension>
            <gpxtpx:atemp>20.4</gpxtpx:atemp>
            <gpxtpx:hr>127</gpxtpx:hr>
            <gpxtpx:cad>70</gpxtpx:cad>
          </gpxtpx:TrackPointExtension>
        </extensions>
      </trkpt>
      <trkpt lat="46.1770791714" lon="7.2196234361">
        <ele>288.50</ele>
        <time>2026-05-17T08:01:35.000Z</time>
        <extensions>
          <power>210</power>
          <gpxtpx:TrackPointExtension>
            <gpxtpx:atemp>20.4</gpxtpx:atemp>
            <gpxtpx:hr>127</gpxtpx:hr>
            <gpxtpx:cad>70</gpxtpx:cad>
          </gpxtpx:TrackPointExtension>
        </extensions>
      </trkpt>
      <trkpt lat="46.1771356034" lon="7.2196930356">
        <ele>288.59</ele>
        <time>2026-05-17T08:01:36.000Z</time>
        <extensions>
          <power>210</power>
          <gpxtpx:TrackPointExtension>
            <gpxtpx:atemp>20.4</gpxtpx:atemp>
            <gpxtpx:hr>127</gpxtpx:hr>
            <gpxtpx:cad>70</gpxtpx:cad>
          </gpxtpx:TrackPointExtension>
        </extensions>
      </trkpt>
      <trkpt lat="46.1771947244" lon="7.2197652669">
        <ele>288.67</ele>
        <time>2026-05-17T08:01:37.000Z</time>
        <extensions>
          <power>210</power>
          <gpxtpx:TrackPointExtension>
            <gpxtpx:atemp>20.4</gpxtpx:atemp>
            <gpxtpx:hr>127</gpxtpx:hr>
            <gpxtpx:cad>70</gpxtpx:cad>
          </gpxtpx:TrackPointExtension>
        </extensions>
      </trkpt>
      <trkpt lat="46.1772528394" lon="7.2198408792">
        <ele>288.75</ele>
        <time>2026-05-17T08:01:38.000Z</time>
        <extensions>
          <power>210</power>
          <gpxtpx:TrackPointExtension>
            <gpxtpx:atemp>20.4</gpxtpx:atemp>
            <gpxtpx:hr>127</gpxtpx:hr>
            <gpxtpx:cad>71</gpxtpx:cad>
          </gpxtpx:TrackPointExtension>
        </extensions>
      </trkpt>
      <trkpt lat="46.1773137763" lon="7.2199132122">
        <ele>288.84</ele>
        <time>2026-05-17T08:01:39.000Z</time>
        <extensions>
          <power>210</power>
          <gpxtpx:TrackPointExtension>
            <gpxtpx:atemp>20.4</gpxtpx:atemp>
            <gpxtpx:hr>127</gpxtpx:hr>
            <gpxtpx:cad>71</gpxtpx:cad>
          </gpxtpx:TrackPointExtension>
        </extensions>
      </trkpt>
      <trkpt lat="46.1773659694" lon="7.2199895629">
        <ele>288.92</ele>
        <time>2026-05-17T08:01:40.000Z</time>
        <extensions>
          <power>210</power>
          <gpxtpx:TrackPointExtension>
            <gpxtpx:atemp>20.4</gpxtpx:atemp>
            <gpxtpx:hr>127</gpxtpx:hr>
            <gpxtpx:cad>71</gpxtpx:cad>
          </gpxtpx:TrackPointExtension>
        </extensions>
      </trkpt>
      <trkpt lat="46.1774187103" lon="7.2200526362">
        <ele>289.00</ele>
        <time>2026-05-17T08:01:41.000Z</time>
        <extensions>
          <power>210</power>
          <gpxtpx:TrackPointExtension>
            <gpxtpx:atemp>20.4</gpxtpx:atemp>
            <gpxtpx:hr>127</gpxtpx:hr>
            <gpxtpx:cad>71</gpxtpx:cad>
          </gpxtpx:TrackPointExtension>
        </extensions>
      </trkpt>
      <trkpt lat="46.1774742476" lon="7.2201188828">
        <ele>289.09</ele>
        <time>2026-05-17T08:01:42.000Z</time>
        <extensions>
          <power>210</power>
          <gpxtpx:TrackPointExtension>
            <gpxtpx:atemp>20.4</gpxtpx:atemp>
            <gpxtpx:hr>127</gpxtpx:hr>
            <gpxtpx:cad>71</gpxtpx:cad>
          </gpxtpx:TrackPointExtension>
        </extensions>
      </trkpt>
      <trkpt lat="46.1775266202" lon="7.2201931092">
        <ele>289.17</ele>
        <time>2026-05-17T08:01:43.000Z</time>
        <extensions>
          <power>210</power>
          <gpxtpx:TrackPointExtension>
            <gpxtpx:atemp>20.4</gpxtpx:atemp>
            <gpxtpx:hr>127</gpxtpx:hr>
            <gpxtpx:cad>71</gpxtpx:cad>
          </gpxtpx:TrackPointExtension>
        </extensions>
      </trkpt>
      <trkpt lat="46.1775869176" lon="7.2202560583">
        <ele>289.25</ele>
        <time>2026-05-17T08:01:44.000Z</time>
        <extensions>
          <power>210</power>
          <gpxtpx:TrackPointExtension>
            <gpxtpx:atemp>20.4</gpxtpx:atemp>
            <gpxtpx:hr>127</gpxtpx:hr>
            <gpxtpx:cad>71</gpxtpx:cad>
          </gpxtpx:TrackPointExtension>
        </extensions>
      </trkpt>
      <trkpt lat="46.1776392479" lon="7.2203330666">
        <ele>289.34</ele>
        <time>2026-05-17T08:01:45.000Z</time>
        <extensions>
          <power>210</power>
          <gpxtpx:TrackPointExtension>
            <gpxtpx:atemp>20.4</gpxtpx:atemp>
            <gpxtpx:hr>128</gpxtpx:hr>
            <gpxtpx:cad>72</gpxtpx:cad>
          </gpxtpx:TrackPointExtension>
        </extensions>
      </trkpt>
      <trkpt lat="46.1776958072" lon="7.2203963411">
        <ele>289.42</ele>
        <time>2026-05-17T08:01:46.000Z</time>
        <extensions>
          <power>210</power>
          <gpxtpx:TrackPointExtension>
            <gpxtpx:atemp>20.4</gpxtpx:atemp>
            <gpxtpx:hr>128</gpxtpx:hr>
            <gpxtpx:cad>72</gpxtpx:cad>
          </gpxtpx:TrackPointExtension>
        </extensions>
      </trkpt>
      <trkpt lat="46.1777503513" lon="7.2204627533">
        <ele>289.51</ele>
        <time>2026-05-17T08:01:47.000Z</time>
        <extensions>
          <power>210</power>
          <gpxtpx:TrackPointExtension>
            <gpxtpx:atemp>20.4</gpxtpx:atemp>
            <gpxtpx:hr>128</gpxtpx:hr>
            <gpxtpx:cad>72</gpxtpx:cad>
          </gpxtpx:TrackPointExtension>
        </extensions>
      </trkpt>
      <trkpt lat="46.1778108716" lon="7.2205255081">
        <ele>289.59</ele>
        <time>2026-05-17T08:01:48.000Z</time>
        <extensions>
          <power>210</power>
          <gpxtpx:TrackPointExtension>
            <gpxtpx:atemp>20.4</gpxtpx:atemp>
            <gpxtpx:hr>128</gpxtpx:hr>
            <gpxtpx:cad>72</gpxtpx:cad>
          </gpxtpx:TrackPointExtension>
        </extensions>
      </trkpt>
      <trkpt lat="46.1778726100" lon="7.2205915729">
        <ele>289.67</ele>
        <time>2026-05-17T08:01:49.000Z</time>
        <extensions>
          <power>210</power>
          <gpxtpx:TrackPointExtension>
            <gpxtpx:atemp>20.4</gpxtpx:atemp>
            <gpxtpx:hr>128</gpxtpx:hr>
            <gpxtpx:cad>72</gpxtpx:cad>
          </gpxtpx:TrackPointExtension>
        </extensions>
      </trkpt>
      <trkpt lat="46.1779326177" lon="7.2206623717">
        <ele>289.76</ele>
        <time>2026-05-17T08:01:50.000Z</time>
        <extensions>
          <power>210</power>
          <gpxtpx:TrackPointExtension>
            <gpxtpx:atemp>20.4</gpxtpx:atemp>
            <gpxtpx:hr>128</gpxtpx:hr>
            <gpxtpx:cad>73</gpxtpx:cad>
          </gpxtpx:TrackPointExtension>
        </extensions>
      </trkpt>
      <trkpt lat="46.1779863233" lon="7.2207270304">
        <ele>289.84</ele>
        <time>2026-05-17T08:01:51.000Z</time>
        <extensions>
          <power>210</power>
          <gpxtpx:TrackPointExtension>
            <gpxtpx:atemp>20.4</gpxtpx:atemp>
            <gpxtpx:hr>128</gpxtpx:hr>
            <gpxtpx:cad>73</gpxtpx:cad>
          </gpxtpx:TrackPointExtension>
        </extensions>
      </trkpt>
      <trkpt lat="46.1780470910" lon="7.2207984488">
        <ele>289.92</ele>
        <time>2026-05-17T08:01:52.000Z</time>
        <extensions>
          <power>210</power>
          <gpxtpx:TrackPointExtension>
            <gpxtpx:atemp>20.4</gpxtpx:atemp>
            <gpxtpx:hr>128</gpxtpx:hr>
            <gpxtpx:cad>73</gpxtpx:cad>
          </gpxtpx:TrackPointExtension>
        </extensions>
      </trkpt>
      <trkpt lat="46.1781054843" lon="7.2208657883">
        <ele>290.01</ele>
        <time>2026-05-17T08:01:53.000Z</time>
        <extensions>
          <power>210</power>
          <gpxtpx:TrackPointExtension>
            <gpxtpx:atemp>20.4</gpxtpx:atemp>
            <gpxtpx:hr>128</gpxtpx:hr>
            <gpxtpx:cad>73</gpxtpx:cad>
          </gpxtpx:TrackPointExtension>
        </extensions>
      </trkpt>
      <trkpt lat="46.1781614278" lon="7.2209396450">
        <ele>290.09</ele>
        <time>2026-05-17T08:01:54.000Z</time>
        <extensions>
          <power>210</power>
          <gpxtpx:TrackPointExtension>
            <gpxtpx:atemp>20.4</gpxtpx:atemp>
            <gpxtpx:hr>128</gpxtpx:hr>
            <gpxtpx:cad>73</gpxtpx:cad>
          </gpxtpx:TrackPointExtension>
        </extensions>
      </trkpt>
      <trkpt lat="46.1782233582" lon="7.2210054563">
        <ele>290.18</ele>
        <time>2026-05-17T08:01:55.000Z</time>
        <extensions>
          <power>210</power>
          <gpxtpx:TrackPointExtension>
            <gpxtpx:atemp>20.4</gpxtpx:atemp>
            <gpxtpx:hr>129</gpxtpx:hr>
            <gpxtpx:cad>74</gpxtpx:cad>
          </gpxtpx:TrackPointExtension>
        </extensions>
      </trkpt>
      <trkpt lat="46.1782791150" lon="7.2210816859">
        <ele>290.26</ele>
        <time>2026-05-17T08:01:56.000Z</time>
        <extensions>
          <power>210</power>
          <gpxtpx:TrackPointExtension>
            <gpxtpx:atemp>20.4</gpxtpx:atemp>
            <gpxtpx:hr>129</gpxtpx:hr>
            <gpxtpx:cad>74</gpxtpx:cad>
          </gpxtpx:TrackPointExtension>
        </extensions>
      </trkpt>
      <trkpt lat="46.1783390484" lon="7.2211517372">
        <ele>290.34</ele>
        <time>2026-05-17T08:01:57.000Z</time>
        <extensions>
          <power>210</power>
          <gpxtpx:TrackPointExtension>
            <gpxtpx:atemp>20.4</gpxtpx:atemp>
            <gpxtpx:hr>129</gpxtpx:hr>
            <gpxtpx:cad>74</gpxtpx:cad>
          </gpxtpx:TrackPointExtension>
        </extensions>
      </trkpt>
      <trkpt lat="46.1783923297" lon="7.2212261738">
        <ele>290.43</ele>
        <time>2026-05-17T08:01:58.000Z</time>
        <extensions>
          <power>210</power>
          <gpxtpx:TrackPointExtension>
            <gpxtpx:atemp>20.4</gpxtpx:atemp>
            <gpxtpx:hr>129</gpxtpx:hr>
            <gpxtpx:cad>74</gpxtpx:cad>
          </gpxtpx:TrackPointExtension>
        </extensions>
      </trkpt>
      <trkpt lat="46.1784530204" lon="7.2212905551">
        <ele>290.51</ele>
        <time>2026-05-17T08:01:59.000Z</time>
        <extensions>
          <power>210</power>
          <gpxtpx:TrackPointExtension>
            <gpxtpx:atemp>20.4</gpxtpx:atemp>
            <gpxtpx:hr>129</gpxtpx:hr>
            <gpxtpx:cad>74</gpxtpx:cad>
          </gpxtpx:TrackPointExtension>
        </extensions>
      </trkpt>
      <trkpt lat="46.1785109399" lon="7.2213592626">
        <ele>290.60</ele>
        <time>2026-05-17T08:02:00.000Z</time>
        <extensions>
          <power>210</power>
          <gpxtpx:TrackPointExtension>
            <gpxtpx:atemp>20.4</gpxtpx:atemp>
            <gpxtpx:hr>129</gpxtpx:hr>
            <gpxtpx:cad>75</gpxtpx:cad>
          </gpxtpx:TrackPointExtension>
        </extensions>
      </trkpt>
      <trkpt lat="46.1785678302" lon="7.2214281989">
        <ele>290.68</ele>
        <time>2026-05-17T08:02:01.000Z</time>
        <extensions>
          <power>210</power>
          <gpxtpx:TrackPointExtension>
            <gpxtpx:atemp>20.4</gpxtpx:atemp>
            <gpxtpx:hr>129</gpxtpx:hr>
            <gpxtpx:cad>75</gpxtpx:cad>
          </gpxtpx:TrackPointExtension>
        </extensions>
      </trkpt>
      <trkpt lat="46.1786215684" lon="7.2214931711">
        <ele>290.76</ele>
        <time>2026-05-17T08:02:02.000Z</time>
        <extensions>
          <power>210</power>
          <gpxtpx:TrackPointExtension>
            <gpxtpx:atemp>20.4</gpxtpx:atemp>
            <gpxtpx:hr>129</gpxtpx:hr>
            <gpxtpx:cad>75</gpxtpx:cad>
          </gpxtpx:TrackPointExtension>
        </extensions>
      </trkpt>
      <trkpt lat="46.1786772911" lon="7.2215711693">
        <ele>290.85</ele>
        <time>2026-05-17T08:02:03.000Z</time>
        <extensions>
          <power>210</power>
          <gpxtpx:TrackPointExtension>
            <gpxtpx:atemp>20.4</gpxtpx:atemp>
            <gpxtpx:hr>129</gpxtpx:hr>
            <gpxtpx:cad>75</gpxtpx:cad>
          </gpxtpx:TrackPointExtension>
        </extensions>
      </trkpt>
      <trkpt lat="46.1787304352" lon="7.2216432627">
        <ele>290.93</ele>
        <time>2026-05-17T08:02:04.000Z</time>
        <extensions>
          <power>210</power>
          <gpxtpx:TrackPointExtension>
            <gpxtpx:atemp>20.4</gpxtpx:atemp>
            <gpxtpx:hr>129</gpxtpx:hr>
            <gpxtpx:cad>75</gpxtpx:cad>
          </gpxtpx:TrackPointExtension>
        </extensions>
      </trkpt>
      <trkpt lat="46.1787894976" lon="7.2217092497">
        <ele>291.02</ele>
        <time>2026-05-17T08:02:05.000Z</time>
        <extensions>
          <power>210</power>
          <gpxtpx:TrackPointExtension>
            <gpxtpx:atemp>20.4</gpxtpx:atemp>
            <gpxtpx:hr>129</gpxtpx:hr>
            <gpxtpx:cad>76</gpxtpx:cad>
          </gpxtpx:TrackPointExtension>
        </extensions>
      </trkpt>
      <trkpt lat="46.1788510538" lon="7.2217781565">
        <ele>291.10</ele>
        <time>2026-05-17T08:02:06.000Z</time>
        <extensions>
          <power>210</power>
          <gpxtpx:TrackPointExtension>
            <gpxtpx:atemp>20.4</gpxtpx:atemp>
            <gpxtpx:hr>129</gpxtpx:hr>
            <gpxtpx:cad>76</gpxtpx:cad>
          </gpxtpx:TrackPointExtension>
        </extensions>
      </trkpt>
      <trkpt lat="46.1789088116" lon="7.2218477395">
        <ele>291.18</ele>
        <time>2026-05-17T08:02:07.000Z</time>
        <extensions>
          <power>210</power>
          <gpxtpx:TrackPointExtension>
            <gpxtpx:atemp>20.4</gpxtpx:atemp>
            <gpxtpx:hr>129</gpxtpx:hr>
            <gpxtpx:cad>76</gpxtpx:cad>
          </gpxtpx:TrackPointExtension>
        </extensions>
      </trkpt>
      <trkpt lat="46.1789653415" lon="7.2219250307">
        <ele>291.27</ele>
        <time>2026-05-17T08:02:08.000Z</time>
        <extensions>
          <power>210</power>
          <gpxtpx:TrackPointExtension>
            <gpxtpx:atemp>20.4</gpxtpx:atemp>
            <gpxtpx:hr>130</gpxtpx:hr>
            <gpxtpx:cad>76</gpxtpx:cad>
          </gpxtpx:TrackPointExtension>
        </extensions>
      </trkpt>
      <trkpt lat="46.1790242024" lon="7.2220024111">
        <ele>291.35</ele>
        <time>2026-05-17T08:02:09.000Z</time>
        <extensions>
          <power>210</power>
          <gpxtpx:TrackPointExtension>
            <gpxtpx:atemp>20.4</gpxtpx:atemp>
            <gpxtpx:hr>130</gpxtpx:hr>
            <gpxtpx:cad>77</gpxtpx:cad>
          </gpxtpx:TrackPointExtension>
        </extensions>
      </trkpt>
      <trkpt lat="46.1790761228" lon="7.2220687013">
        <ele>291.44</ele>
        <time>2026-05-17T08:02:10.000Z</time>
        <extensions>
          <power>210</power>
          <gpxtpx:TrackPointExtension>
            <gpxtpx:atemp>20.4</gpxtpx:atemp>
            <gpxtpx:hr>130</gpxtpx:hr>
            <gpxtpx:cad>77</gpxtpx:cad>
          </gpxtpx:TrackPointExtension>
        </extensions>
      </trkpt>
      <trkpt lat="46.1791273256" lon="7.2221396297">
        <ele>291.52</ele>
        <time>2026-05-17T08:02:11.000Z</time>
        <extensions>
          <power>210</power>
          <gpxtpx:TrackPointExtension>
            <gpxtpx:atemp>20.4</gpxtpx:atemp>
            <gpxtpx:hr>130</gpxtpx:hr>
            <gpxtpx:cad>77</gpxtpx:cad>
          </gpxtpx:TrackPointExtension>
        </extensions>
      </trkpt>
      <trkpt lat="46.1791859264" lon="7.2222101095">
        <ele>291.60</ele>
        <time>2026-05-17T08:02:12.000Z</time>
        <extensions>
          <power>210</power>
          <gpxtpx:TrackPointExtension>
            <gpxtpx:atemp>20.4</gpxtpx:atemp>
            <gpxtpx:hr>130</gpxtpx:hr>
            <gpxtpx:cad>77</gpxtpx:cad>
          </gpxtpx:TrackPointExtension>
        </extensions>
      </trkpt>
      <trkpt lat="46.1792455291" lon="7.2222859968">
        <ele>291.69</ele>
        <time>2026-05-17T08:02:13.000Z</time>
        <extensions>
          <power>210</power>
          <gpxtpx:TrackPointExtension>
            <gpxtpx:atemp>20.4</gpxtpx:atemp>
            <gpxtpx:hr>130</gpxtpx:hr>
            <gpxtpx:cad>77</gpxtpx:cad>
          </gpxtpx:TrackPointExtension>
        </extensions>
      </trkpt>
      <trkpt lat="46.1793000729" lon="7.2223645946">
        <ele>291.77</ele>
        <time>2026-05-17T08:02:14.000Z</time>
        <extensions>
          <power>210</power>
          <gpxtpx:TrackPointExtension>
            <gpxtpx:atemp>20.4</gpxtpx:atemp>
            <gpxtpx:hr>130</gpxtpx:hr>
            <gpxtpx:cad>78</gpxtpx:cad>
          </gpxtpx:TrackPointExtension>
        </extensions>
      </trkpt>
      <trkpt lat="46.1793536831" lon="7.2224337315">
        <ele>291.85</ele>
        <time>2026-05-17T08:02:15.000Z</time>
        <extensions>
          <power>210</power>
          <gpxtpx:TrackPointExtension>
            <gpxtpx:atemp>20.4</gpxtpx:atemp>
            <gpxtpx:hr>130</gpxtpx:hr>
            <gpxtpx:cad>78</gpxtpx:cad>
          </gpxtpx:TrackPointExtension>
        </extensions>
      </trkpt>
      <trkpt lat="46.1794125855" lon="7.2225154979">
        <ele>291.94</ele>
        <time>2026-05-17T08:02:16.000Z</time>
        <extensions>
          <power>210</power>
          <gpxtpx:TrackPointExtension>
            <gpxtpx:atemp>20.4</gpxtpx:atemp>
            <gpxtpx:hr>130</gpxtpx:hr>
            <gpxtpx:cad>78</gpxtpx:cad>
          </gpxtpx:TrackPointExtension>
        </extensions>
      </trkpt>
      <trkpt lat="46.1794642628" lon="7.2225822658">
        <ele>292.02</ele>
        <time>2026-05-17T08:02:17.000Z</time>
        <extensions>
          <power>210</power>
          <gpxtpx:TrackPointExtension>
            <gpxtpx:atemp>20.4</gpxtpx:atemp>
            <gpxtpx:hr>130</gpxtpx:hr>
            <gpxtpx:cad>78</gpxtpx:cad>
          </gpxtpx:TrackPointExtension>
        </extensions>
      </trkpt>
      <trkpt lat="46.1795236509" lon="7.2226582568">
        <ele>292.10</ele>
        <time>2026-05-17T08:02:18.000Z</time>
        <extensions>
          <power>210</power>
          <gpxtpx:TrackPointExtension>
            <gpxtpx:atemp>20.4</gpxtpx:atemp>
            <gpxtpx:hr>130</gpxtpx:hr>
            <gpxtpx:cad>79</gpxtpx:cad>
          </gpxtpx:TrackPointExtension>
        </extensions>
      </trkpt>
      <trkpt lat="46.1795739091" lon="7.2227346841">
        <ele>292.19</ele>
        <time>2026-05-17T08:02:19.000Z</time>
        <extensions>
          <power>210</power>
          <gpxtpx:TrackPointExtension>
            <gpxtpx:atemp>20.4</gpxtpx:atemp>
            <gpxtpx:hr>130</gpxtpx:hr>
            <gpxtpx:cad>79</gpxtpx:cad>
          </gpxtpx:TrackPointExtension>
        </extensions>
      </trkpt>
      <trkpt lat="46.1796322640" lon="7.2228072963">
        <ele>292.27</ele>
        <time>2026-05-17T08:02:20.000Z</time>
        <extensions>
          <power>210</power>
          <gpxtpx:TrackPointExtension>
            <gpxtpx:atemp>20.4</gpxtpx:atemp>
            <gpxtpx:hr>130</gpxtpx:hr>
            <gpxtpx:cad>79</gpxtpx:cad>
          </gpxtpx:TrackPointExtension>
        </extensions>
      </trkpt>
      <trkpt lat="46.1796874221" lon="7.2228772736">
        <ele>292.35</ele>
        <time>2026-05-17T08:02:21.000Z</time>
        <extensions>
          <power>210</power>
          <gpxtpx:TrackPointExtension>
            <gpxtpx:atemp>20.4</gpxtpx:atemp>
            <gpxtpx:hr>130</gpxtpx:hr>
            <gpxtpx:cad>79</gpxtpx:cad>
          </gpxtpx:TrackPointExtension>
        </extensions>
      </trkpt>
      <trkpt lat="46.1797458220" lon="7.2229510722">
        <ele>292.44</ele>
        <time>2026-05-17T08:02:22.000Z</time>
        <extensions>
          <power>210</power>
          <gpxtpx:TrackPointExtension>
            <gpxtpx:atemp>20.4</gpxtpx:atemp>
            <gpxtpx:hr>131</gpxtpx:hr>
            <gpxtpx:cad>80</gpxtpx:cad>
          </gpxtpx:TrackPointExtension>
        </extensions>
      </trkpt>
      <trkpt lat="46.1797961086" lon="7.2230267944">
        <ele>292.52</ele>
        <time>2026-05-17T08:02:23.000Z</time>
        <extensions>
          <power>210</power>
          <gpxtpx:TrackPointExtension>
            <gpxtpx:atemp>20.4</gpxtpx:atemp>
            <gpxtpx:hr>131</gpxtpx:hr>
            <gpxtpx:cad>80</gpxtpx:cad>
          </gpxtpx:TrackPointExtension>
        </extensions>
      </trkpt>
      <trkpt lat="46.1798446888" lon="7.2230985911">
        <ele>292.60</ele>
        <time>2026-05-17T08:02:24.000Z</time>
        <extensions>
          <power>210</power>
          <gpxtpx:TrackPointExtension>
            <gpxtpx:atemp>20.4</gpxtpx:atemp>
            <gpxtpx:hr>131</gpxtpx:hr>
            <gpxtpx:cad>80</gpxtpx:cad>
          </gpxtpx:TrackPointExtension>
        </extensions>
      </trkpt>
      <trkpt lat="46.1798998692" lon="7.2231710788">
        <ele>292.69</ele>
        <time>2026-05-17T08:02:25.000Z</time>
        <extensions>
          <power>210</power>
          <gpxtpx:TrackPointExtension>
            <gpxtpx:atemp>20.4</gpxtpx:atemp>
            <gpxtpx:hr>131</gpxtpx:hr>
            <gpxtpx:cad>80</gpxtpx:cad>
          </gpxtpx:TrackPointExtension>
        </extensions>
      </trkpt>
      <trkpt lat="46.1799478785" lon="7.2232521278">
        <ele>292.77</ele>
        <time>2026-05-17T08:02:26.000Z</time>
        <extensions>
          <power>210</power>
          <gpxtpx:TrackPointExtension>
            <gpxtpx:atemp>20.4</gpxtpx:atemp>
            <gpxtpx:hr>131</gpxtpx:hr>
            <gpxtpx:cad>80</gpxtpx:cad>
          </gpxtpx:TrackPointExtension>
        </extensions>
      </trkpt>
      <trkpt lat="46.1799955570" lon="7.2233295812">
        <ele>292.85</ele>
        <time>2026-05-17T08:02:27.000Z</time>
        <extensions>
          <power>210</power>
          <gpxtpx:TrackPointExtension>
            <gpxtpx:atemp>20.4</gpxtpx:atemp>
            <gpxtpx:hr>131</gpxtpx:hr>
            <gpxtpx:cad>81</gpxtpx:cad>
          </gpxtpx:TrackPointExtension>
        </extensions>
      </trkpt>
      <trkpt lat="46.1800503003" lon="7.2234029854">
        <ele>292.94</ele>
        <time>2026-05-17T08:02:28.000Z</time>
        <extensions>
          <power>210</power>
          <gpxtpx:TrackPointExtension>
            <gpxtpx:atemp>20.4</gpxtpx:atemp>
            <gpxtpx:hr>131</gpxtpx:hr>
            <gpxtpx:cad>81</gpxtpx:cad>
          </gpxtpx:TrackPointExtension>
        </extensions>
      </trkpt>
      <trkpt lat="46.1801035958" lon="7.2234833278">
        <ele>293.02</ele>
        <time>2026-05-17T08:02:29.000Z</time>
        <extensions>
          <power>210</power>
          <gpxtpx:TrackPointExtension>
            <gpxtpx:atemp>20.4</gpxtpx:atemp>
            <gpxtpx:hr>131</gpxtpx:hr>
            <gpxtpx:cad>81</gpxtpx:cad>
          </gpxtpx:TrackPointExtension>
        </extensions>
      </trkpt>
      <trkpt lat="46.1801530158" lon="7.2235611444">
        <ele>293.10</ele>
        <time>2026-05-17T08:02:30.000Z</time>
        <extensions>
          <power>210</power>
          <gpxtpx:TrackPointExtension>
            <gpxtpx:atemp>20.4</gpxtpx:atemp>
            <gpxtpx:hr>131</gpxtpx:hr>
            <gpxtpx:cad>81</gpxtpx:cad>
          </gpxtpx:TrackPointExtension>
        </extensions>
      </trkpt>
      <trkpt lat="46.1802003790" lon="7.2236335555">
        <ele>293.18</ele>
        <time>2026-05-17T08:02:31.000Z</time>
        <extensions>
          <power>210</power>
          <gpxtpx:TrackPointExtension>
            <gpxtpx:atemp>20.4</gpxtpx:atemp>
            <gpxtpx:hr>131</gpxtpx:hr>
            <gpxtpx:cad>82</gpxtpx:cad>
          </gpxtpx:TrackPointExtension>
        </extensions>
      </trkpt>
      <trkpt lat="46.1802530291" lon="7.2237170784">
        <ele>293.27</ele>
        <time>2026-05-17T08:02:32.000Z</time>
        <extensions>
          <power>210</power>
          <gpxtpx:TrackPointExtension>
            <gpxtpx:atemp>20.4</gpxtpx:atemp>
            <gpxtpx:hr>131</gpxtpx:hr>
            <gpxtpx:cad>82</gpxtpx:cad>
          </gpxtpx:TrackPointExtension>
        </extensions>
      </trkpt>
      <trkpt lat="46.1802988849" lon="7.2237965685">
        <ele>293.35</ele>
        <time>2026-05-17T08:02:33.000Z</time>
        <extensions>
          <power>210</power>
          <gpxtpx:TrackPointExtension>
            <gpxtpx:atemp>20.4</gpxtpx:atemp>
            <gpxtpx:hr>131</gpxtpx:hr>
            <gpxtpx:cad>82</gpxtpx:cad>
          </gpxtpx:TrackPointExtension>
        </extensions>
      </trkpt>
      <trkpt lat="46.1803515219" lon="7.2238703158">
        <ele>293.43</ele>
        <time>2026-05-17T08:02:34.000Z</time>
        <extensions>
          <power>210</power>
          <gpxtpx:TrackPointExtension>
            <gpxtpx:atemp>20.4</gpxtpx:atemp>
            <gpxtpx:hr>131</gpxtpx:hr>
            <gpxtpx:cad>82</gpxtpx:cad>
          </gpxtpx:TrackPointExtension>
        </extensions>
      </trkpt>
      <trkpt lat="46.1804056740" lon="7.2239471230">
        <ele>293.51</ele>
        <time>2026-05-17T08:02:35.000Z</time>
        <extensions>
          <power>210</power>
          <gpxtpx:TrackPointExtension>
            <gpxtpx:atemp>20.4</gpxtpx:atemp>
            <gpxtpx:hr>131</gpxtpx:hr>
            <gpxtpx:cad>82</gpxtpx:cad>
          </gpxtpx:TrackPointExtension>
        </extensions>
      </trkpt>
      <trkpt lat="46.1804507370" lon="7.2240306032">
        <ele>293.59</ele>
        <time>2026-05-17T08:02:36.000Z</time>
        <extensions>
          <power>210</power>
          <gpxtpx:TrackPointExtension>
            <gpxtpx:atemp>20.4</gpxtpx:atemp>
            <gpxtpx:hr>131</gpxtpx:hr>
            <gpxtpx:cad>83</gpxtpx:cad>
          </gpxtpx:TrackPointExtension>
        </extensions>
      </trkpt>
      <trkpt lat="46.1804989635" lon="7.2241116485">
        <ele>293.68</ele>
        <time>2026-05-17T08:02:37.000Z</time>
        <extensions>
          <power>210</power>
          <gpxtpx:TrackPointExtension>
            <gpxtpx:atemp>20.4</gpxtpx:atemp>
            <gpxtpx:hr>131</gpxtpx:hr>
            <gpxtpx:cad>83</gpxtpx:cad>
          </gpxtpx:TrackPointExtension>
        </extensions>
      </trkpt>
      <trkpt lat="46.1805470740" lon="7.2241862812">
        <ele>293.76</ele>
        <time>2026-05-17T08:02:38.000Z</time>
        <extensions>
          <power>210</power>
          <gpxtpx:TrackPointExtension>
            <gpxtpx:atemp>20.4</gpxtpx:atemp>
            <gpxtpx:hr>131</gpxtpx:hr>
            <gpxtpx:cad>83</gpxtpx:cad>
          </gpxtpx:TrackPointExtension>
        </extensions>
      </trkpt>
      <trkpt lat="46.1805965997" lon="7.2242699635">
        <ele>293.84</ele>
        <time>2026-05-17T08:02:39.000Z</time>
        <extensions>
          <power>210</power>
          <gpxtpx:TrackPointExtension>
            <gpxtpx:atemp>20.4</gpxtpx:atemp>
            <gpxtpx:hr>131</gpxtpx:hr>
            <gpxtpx:cad>83</gpxtpx:cad>
          </gpxtpx:TrackPointExtension>
        </extensions>
      </trkpt>
      <trkpt lat="46.1806489753" lon="7.2243437214">
        <ele>293.92</ele>
        <time>2026-05-17T08:02:40.000Z</time>
        <extensions>
          <power>210</power>
          <gpxtpx:TrackPointExtension>
            <gpxtpx:atemp>20.4</gpxtpx:atemp>
            <gpxtpx:hr>131</gpxtpx:hr>
            <gpxtpx:cad>83</gpxtpx:cad>
          </gpxtpx:TrackPointExtension>
        </extensions>
      </trkpt>
      <trkpt lat="46.1806933588" lon="7.2244284254">
        <ele>294.00</ele>
        <time>2026-05-17T08:02:41.000Z</time>
        <extensions>
          <power>210</power>
          <gpxtpx:TrackPointExtension>
            <gpxtpx:atemp>20.5</gpxtpx:atemp>
            <gpxtpx:hr>131</gpxtpx:hr>
            <gpxtpx:cad>84</gpxtpx:cad>
          </gpxtpx:TrackPointExtension>
        </extensions>
      </trkpt>
      <trkpt lat="46.1807440090" lon="7.2245062825">
        <ele>294.08</ele>
        <time>2026-05-17T08:02:42.000Z</time>
        <extensions>
          <power>210</power>
          <gpxtpx:TrackPointExtension>
            <gpxtpx:atemp>20.5</gpxtpx:atemp>
            <gpxtpx:hr>131</gpxtpx:hr>
            <gpxtpx:cad>84</gpxtpx:cad>
          </gpxtpx:TrackPointExtension>
        </extensions>
      </trkpt>
      <trkpt lat="46.1807875032" lon="7.2245919115">
        <ele>294.17</ele>
        <time>2026-05-17T08:02:43.000Z</time>
        <extensions>
          <power>210</power>
          <gpxtpx:TrackPointExtension>
            <gpxtpx:atemp>20.5</gpxtpx:atemp>
            <gpxtpx:hr>131</gpxtpx:hr>
            <gpxtpx:cad>84</gpxtpx:cad>
          </gpxtpx:TrackPointExtension>
        </extensions>
      </trkpt>
      <trkpt lat="46.1808318651" lon="7.2246744284">
        <ele>294.25</ele>
        <time>2026-05-17T08:02:44.000Z</time>
        <extensions>
          <power>210</power>
          <gpxtpx:TrackPointExtension>
            <gpxtpx:atemp>20.5</gpxtpx:atemp>
            <gpxtpx:hr>131</gpxtpx:hr>
            <gpxtpx:cad>84</gpxtpx:cad>
          </gpxtpx:TrackPointExtension>
        </extensions>
      </trkpt>
      <trkpt lat="46.1808779979" lon="7.2247547145">
        <ele>294.33</ele>
        <time>2026-05-17T08:02:45.000Z</time>
        <extensions>
          <power>210</power>
          <gpxtpx:TrackPointExtension>
            <gpxtpx:atemp>20.5</gpxtpx:atemp>
            <gpxtpx:hr>131</gpxtpx:hr>
            <gpxtpx:cad>84</gpxtpx:cad>
          </gpxtpx:TrackPointExtension>
        </extensions>
      </trkpt>
      <trkpt lat="46.1809205963" lon="7.2248275382">
        <ele>294.41</ele>
        <time>2026-05-17T08:02:46.000Z</time>
        <extensions>
          <power>210</power>
          <gpxtpx:TrackPointExtension>
            <gpxtpx:atemp>20.5</gpxtpx:atemp>
            <gpxtpx:hr>131</gpxtpx:hr>
            <gpxtpx:cad>84</gpxtpx:cad>
          </gpxtpx:TrackPointExtension>
        </extensions>
      </trkpt>
      <trkpt lat="46.1809653777" lon="7.2249043684">
        <ele>294.49</ele>
        <time>2026-05-17T08:02:47.000Z</time>
        <extensions>
          <power>210</power>
          <gpxtpx:TrackPointExtension>
            <gpxtpx:atemp>20.5</gpxtpx:atemp>
            <gpxtpx:hr>132</gpxtpx:hr>
            <gpxtpx:cad>85</gpxtpx:cad>
          </gpxtpx:TrackPointExtension>
        </extensions>
      </trkpt>
      <trkpt lat="46.1810159990" lon="7.2249849182">
        <ele>294.57</ele>
        <time>2026-05-17T08:02:48.000Z</time>
        <extensions>
          <power>210</power>
          <gpxtpx:TrackPointExtension>
            <gpxtpx:atemp>20.5</gpxtpx:atemp>
            <gpxtpx:hr>132</gpxtpx:hr>
            <gpxtpx:cad>85</gpxtpx:cad>
          </gpxtpx:TrackPointExtension>
        </extensions>
      </trkpt>
      <trkpt lat="46.1810607086" lon="7.2250645097">
        <ele>294.65</ele>
        <time>2026-05-17T08:02:49.000Z</time>
        <extensions>
          <power>210</power>
          <gpxtpx:TrackPointExtension>
            <gpxtpx:atemp>20.5</gpxtpx:atemp>
            <gpxtpx:hr>132</gpxtpx:hr>
            <gpxtpx:cad>85</gpxtpx:cad>
          </gpxtpx:TrackPointExtension>
        </extensions>
      </trkpt>
      <trkpt lat="46.1811074653" lon="7.2251459616">
        <ele>294.73</ele>
        <time>2026-05-17T08:02:50.000Z</time>
        <extensions>
          <power>210</power>
          <gpxtpx:TrackPointExtension>
            <gpxtpx:atemp>20.5</gpxtpx:atemp>
            <gpxtpx:hr>132</gpxtpx:hr>
            <gpxtpx:cad>85</gpxtpx:cad>
          </gpxtpx:TrackPointExtension>
        </extensions>
      </trkpt>
      <trkpt lat="46.1811577785" lon="7.2252240226">
        <ele>294.81</ele>
        <time>2026-05-17T08:02:51.000Z</time>
        <extensions>
          <power>210</power>
          <gpxtpx:TrackPointExtension>
            <gpxtpx:atemp>20.5</gpxtpx:atemp>
            <gpxtpx:hr>132</gpxtpx:hr>
            <gpxtpx:cad>85</gpxtpx:cad>
          </gpxtpx:TrackPointExtension>
        </extensions>
      </trkpt>
      <trkpt lat="46.1812047090" lon="7.2253050191">
        <ele>294.89</ele>
        <time>2026-05-17T08:02:52.000Z</time>
        <extensions>
          <power>210</power>
          <gpxtpx:TrackPointExtension>
            <gpxtpx:atemp>20.5</gpxtpx:atemp>
            <gpxtpx:hr>132</gpxtpx:hr>
            <gpxtpx:cad>85</gpxtpx:cad>
          </gpxtpx:TrackPointExtension>
        </extensions>
      </trkpt>
      <trkpt lat="46.1812493485" lon="7.2253850870">
        <ele>294.97</ele>
        <time>2026-05-17T08:02:53.000Z</time>
        <extensions>
          <power>210</power>
          <gpxtpx:TrackPointExtension>
            <gpxtpx:atemp>20.5</gpxtpx:atemp>
            <gpxtpx:hr>132</gpxtpx:hr>
            <gpxtpx:cad>86</gpxtpx:cad>
          </gpxtpx:TrackPointExtension>
        </extensions>
      </trkpt>
      <trkpt lat="46.1812964857" lon="7.2254718040">
        <ele>295.05</ele>
        <time>2026-05-17T08:02:54.000Z</time>
        <extensions>
          <power>210</power>
          <gpxtpx:TrackPointExtension>
            <gpxtpx:atemp>20.5</gpxtpx:atemp>
            <gpxtpx:hr>132</gpxtpx:hr>
            <gpxtpx:cad>86</gpxtpx:cad>
          </gpxtpx:TrackPointExtension>
        </extensions>
      </trkpt>
      <trkpt lat="46.1813368547" lon="7.2255477042">
        <ele>295.13</ele>
        <time>2026-05-17T08:02:55.000Z</time>
        <extensions>
          <power>210</power>
          <gpxtpx:TrackPointExtension>
            <gpxtpx:atemp>20.5</gpxtpx:atemp>
            <gpxtpx:hr>132</gpxtpx:hr>
            <gpxtpx:cad>86</gpxtpx:cad>
          </gpxtpx:TrackPointExtension>
        </extensions>
      </trkpt>
      <trkpt lat="46.1813855686" lon="7.2256309025">
        <ele>295.21</ele>
        <time>2026-05-17T08:02:56.000Z</time>
        <extensions>
          <power>210</power>
          <gpxtpx:TrackPointExtension>
            <gpxtpx:atemp>20.5</gpxtpx:atemp>
            <gpxtpx:hr>132</gpxtpx:hr>
            <gpxtpx:cad>86</gpxtpx:cad>
          </gpxtpx:TrackPointExtension>
        </extensions>
      </trkpt>
      <trkpt lat="46.1814331840" lon="7.2257065623">
        <ele>295.29</ele>
        <time>2026-05-17T08:02:57.000Z</time>
        <extensions>
          <power>210</power>
          <gpxtpx:TrackPointExtension>
            <gpxtpx:atemp>20.5</gpxtpx:atemp>
            <gpxtpx:hr>132</gpxtpx:hr>
            <gpxtpx:cad>86</gpxtpx:cad>
          </gpxtpx:TrackPointExtension>
        </extensions>
      </trkpt>
      <trkpt lat="46.1814775962" lon="7.2257850821">
        <ele>295.37</ele>
        <time>2026-05-17T08:02:58.000Z</time>
        <extensions>
          <power>210</power>
          <gpxtpx:TrackPointExtension>
            <gpxtpx:atemp>20.5</gpxtpx:atemp>
            <gpxtpx:hr>132</gpxtpx:hr>
            <gpxtpx:cad>86</gpxtpx:cad>
          </gpxtpx:TrackPointExtension>
        </extensions>
      </trkpt>
      <trkpt lat="46.1815267416" lon="7.2258614911">
        <ele>295.45</ele>
        <time>2026-05-17T08:02:59.000Z</time>
        <extensions>
          <power>210</power>
          <gpxtpx:TrackPointExtension>
            <gpxtpx:atemp>20.5</gpxtpx:atemp>
            <gpxtpx:hr>132</gpxtpx:hr>
            <gpxtpx:cad>86</gpxtpx:cad>
          </gpxtpx:TrackPointExtension>
        </extensions>
      </trkpt>
      <trkpt lat="46.1815656077" lon="7.2259412623">
        <ele>295.53</ele>
        <time>2026-05-17T08:03:00.000Z</time>
        <extensions>
          <power>210</power>
          <gpxtpx:TrackPointExtension>
            <gpxtpx:atemp>20.5</gpxtpx:atemp>
            <gpxtpx:hr>132</gpxtpx:hr>
            <gpxtpx:cad>87</gpxtpx:cad>
          </gpxtpx:TrackPointExtension>
        </extensions>
      </trkpt>
      <trkpt lat="46.1816142241" lon="7.2260184492">
        <ele>295.61</ele>
        <time>2026-05-17T08:03:01.000Z</time>
        <extensions>
          <power>210</power>
          <gpxtpx:TrackPointExtension>
            <gpxtpx:atemp>20.5</gpxtpx:atemp>
            <gpxtpx:hr>132</gpxtpx:hr>
            <gpxtpx:cad>87</gpxtpx:cad>
          </gpxtpx:TrackPointExtension>
        </extensions>
      </trkpt>
      <trkpt lat="46.1816610543" lon="7.2261069188">
        <ele>295.69</ele>
        <time>2026-05-17T08:03:02.000Z</time>
        <extensions>
          <power>210</power>
          <gpxtpx:TrackPointExtension>
            <gpxtpx:atemp>20.5</gpxtpx:atemp>
            <gpxtpx:hr>132</gpxtpx:hr>
            <gpxtpx:cad>87</gpxtpx:cad>
          </gpxtpx:TrackPointExtension>
        </extensions>
      </trkpt>
      <trkpt lat="46.1816998699" lon="7.2261916420">
        <ele>295.77</ele>
        <time>2026-05-17T08:03:03.000Z</time>
        <extensions>
          <power>210</power>
          <gpxtpx:TrackPointExtension>
            <gpxtpx:atemp>20.5</gpxtpx:atemp>
            <gpxtpx:hr>132</gpxtpx:hr>
            <gpxtpx:cad>87</gpxtpx:cad>
          </gpxtpx:TrackPointExtension>
        </extensions>
      </trkpt>
      <trkpt lat="46.1817464839" lon="7.2262801727">
        <ele>295.85</ele>
        <time>2026-05-17T08:03:04.000Z</time>
        <extensions>
          <power>210</power>
          <gpxtpx:TrackPointExtension>
            <gpxtpx:atemp>20.5</gpxtpx:atemp>
            <gpxtpx:hr>132</gpxtpx:hr>
            <gpxtpx:cad>87</gpxtpx:cad>
          </gpxtpx:TrackPointExtension>
        </extensions>
      </trkpt>
      <trkpt lat="46.1817850760" lon="7.2263613506">
        <ele>295.93</ele>
        <time>2026-05-17T08:03:05.000Z</time>
        <extensions>
          <power>210</power>
          <gpxtpx:TrackPointExtension>
            <gpxtpx:atemp>20.5</gpxtpx:atemp>
            <gpxtpx:hr>132</gpxtpx:hr>
            <gpxtpx:cad>87</gpxtpx:cad>
          </gpxtpx:TrackPointExtension>
        </extensions>
      </trkpt>
      <trkpt lat="46.1818279315" lon="7.2264497214">
        <ele>296.01</ele>
        <time>2026-05-17T08:03:06.000Z</time>
        <extensions>
          <power>210</power>
          <gpxtpx:TrackPointExtension>
            <gpxtpx:atemp>20.5</gpxtpx:atemp>
            <gpxtpx:hr>132</gpxtpx:hr>
            <gpxtpx:cad>87</gpxtpx:cad>
          </gpxtpx:TrackPointExtension>
        </extensions>
      </trkpt>
      <trkpt lat="46.1818713313" lon="7.2265354541">
        <ele>296.09</ele>
        <time>2026-05-17T08:03:07.000Z</time>
        <extensions>
          <power>210</power>
          <gpxtpx:TrackPointExtension>
            <gpxtpx:atemp>20.5</gpxtpx:atemp>
            <gpxtpx:hr>132</gpxtpx:hr>
            <gpxtpx:cad>87</gpxtpx:cad>
          </gpxtpx:TrackPointExtension>
        </extensions>
      </trkpt>
      <trkpt lat="46.1819121665" lon="7.2266123079">
        <ele>296.17</ele>
        <time>2026-05-17T08:03:08.000Z</time>
        <extensions>
          <power>210</power>
          <gpxtpx:TrackPointExtension>
            <gpxtpx:atemp>20.5</gpxtpx:atemp>
            <gpxtpx:hr>132</gpxtpx:hr>
            <gpxtpx:cad>87</gpxtpx:cad>
          </gpxtpx:TrackPointExtension>
        </extensions>
      </trkpt>
      <trkpt lat="46.1819586070" lon="7.2266893667">
        <ele>296.24</ele>
        <time>2026-05-17T08:03:09.000Z</time>
        <extensions>
          <power>210</power>
          <gpxtpx:TrackPointExtension>
            <gpxtpx:atemp>20.5</gpxtpx:atemp>
            <gpxtpx:hr>132</gpxtpx:hr>
            <gpxtpx:cad>87</gpxtpx:cad>
          </gpxtpx:TrackPointExtension>
        </extensions>
      </trkpt>
      <trkpt lat="46.1820036098" lon="7.2267760343">
        <ele>296.32</ele>
        <time>2026-05-17T08:03:10.000Z</time>
        <extensions>
          <power>210</power>
          <gpxtpx:TrackPointExtension>
            <gpxtpx:atemp>20.5</gpxtpx:atemp>
            <gpxtpx:hr>132</gpxtpx:hr>
            <gpxtpx:cad>87</gpxtpx:cad>
          </gpxtpx:TrackPointExtension>
        </extensions>
      </trkpt>
      <trkpt lat="46.1820503618" lon="7.2268572366">
        <ele>296.40</ele>
        <time>2026-05-17T08:03:11.000Z</time>
        <extensions>
          <power>210</power>
          <gpxtpx:TrackPointExtension>
            <gpxtpx:atemp>20.5</gpxtpx:atemp>
            <gpxtpx:hr>132</gpxtpx:hr>
            <gpxtpx:cad>88</gpxtpx:cad>
          </gpxtpx:TrackPointExtension>
        </extensions>
      </trkpt>
      <trkpt lat="46.1820960450" lon="7.2269326917">
        <ele>296.48</ele>
        <time>2026-05-17T08:03:12.000Z</time>
        <extensions>
          <power>210</power>
          <gpxtpx:TrackPointExtension>
            <gpxtpx:atemp>20.5</gpxtpx:atemp>
            <gpxtpx:hr>131</gpxtpx:hr>
            <gpxtpx:cad>88</gpxtpx:cad>
          </gpxtpx:TrackPointExtension>
        </extensions>
      </trkpt>
      <trkpt lat="46.1821386363" lon="7.2270144354">
        <ele>296.56</ele>
        <time>2026-05-17T08:03:13.000Z</time>
        <extensions>
          <power>210</power>
          <gpxtpx:TrackPointExtension>
            <gpxtpx:atemp>20.5</gpxtpx:atemp>
            <gpxtpx:hr>131</gpxtpx:hr>
            <gpxtpx:cad>88</gpxtpx:cad>
          </gpxtpx:TrackPointExtension>
        </extensions>
      </trkpt>
      <trkpt lat="46.1821788678" lon="7.2270891017">
        <ele>296.64</ele>
        <time>2026-05-17T08:03:14.000Z</time>
        <extensions>
          <power>210</power>
          <gpxtpx:TrackPointExtension>
            <gpxtpx:atemp>20.5</gpxtpx:atemp>
            <gpxtpx:hr>131</gpxtpx:hr>
            <gpxtpx:cad>88</gpxtpx:cad>
          </gpxtpx:TrackPointExtension>
        </extensions>
      </trkpt>
      <trkpt lat="46.1822244823" lon="7.2271726533">
        <ele>296.71</ele>
        <time>2026-05-17T08:03:15.000Z</time>
        <extensions>
          <power>210</power>
          <gpxtpx:TrackPointExtension>
            <gpxtpx:atemp>20.5</gpxtpx:atemp>
            <gpxtpx:hr>131</gpxtpx:hr>
            <gpxtpx:cad>88</gpxtpx:cad>
          </gpxtpx:TrackPointExtension>
        </extensions>
      </trkpt>
      <trkpt lat="46.1822687120" lon="7.2272582906">
        <ele>296.79</ele>
        <time>2026-05-17T08:03:16.000Z</time>
        <extensions>
          <power>210</power>
          <gpxtpx:TrackPointExtension>
            <gpxtpx:atemp>20.5</gpxtpx:atemp>
            <gpxtpx:hr>131</gpxtpx:hr>
            <gpxtpx:cad>88</gpxtpx:cad>
          </gpxtpx:TrackPointExtension>
        </extensions>
      </trkpt>
      <trkpt lat="46.1823117527" lon="7.2273462450">
        <ele>296.87</ele>
        <time>2026-05-17T08:03:17.000Z</time>
        <extensions>
          <power>210</power>
          <gpxtpx:TrackPointExtension>
            <gpxtpx:atemp>20.5</gpxtpx:atemp>
            <gpxtpx:hr>131</gpxtpx:hr>
            <gpxtpx:cad>88</gpxtpx:cad>
          </gpxtpx:TrackPointExtension>
        </extensions>
      </trkpt>
      <trkpt lat="46.1823540275" lon="7.2274244396">
        <ele>296.95</ele>
        <time>2026-05-17T08:03:18.000Z</time>
        <extensions>
          <power>210</power>
          <gpxtpx:TrackPointExtension>
            <gpxtpx:atemp>20.5</gpxtpx:atemp>
            <gpxtpx:hr>131</gpxtpx:hr>
            <gpxtpx:cad>88</gpxtpx:cad>
          </gpxtpx:TrackPointExtension>
        </extensions>
      </trkpt>
      <trkpt lat="46.1823923047" lon="7.2275124795">
        <ele>297.03</ele>
        <time>2026-05-17T08:03:19.000Z</time>
        <extensions>
          <power>210</power>
          <gpxtpx:TrackPointExtension>
            <gpxtpx:atemp>20.5</gpxtpx:atemp>
            <gpxtpx:hr>131</gpxtpx:hr>
            <gpxtpx:cad>88</gpxtpx:cad>
          </gpxtpx:TrackPointExtension>
        </extensions>
      </trkpt>
      <trkpt lat="46.1824349349" lon="7.2275885282">
        <ele>297.10</ele>
        <time>2026-05-17T08:03:20.000Z</time>
        <extensions>
          <power>210</power>
          <gpxtpx:TrackPointExtension>
            <gpxtpx:atemp>20.5</gpxtpx:atemp>
            <gpxtpx:hr>131</gpxtpx:hr>
            <gpxtpx:cad>88</gpxtpx:cad>
          </gpxtpx:TrackPointExtension>
        </extensions>
      </trkpt>
      <trkpt lat="46.1824744570" lon="7.2276736849">
        <ele>297.18</ele>
        <time>2026-05-17T08:03:21.000Z</time>
        <extensions>
          <power>210</power>
          <gpxtpx:TrackPointExtension>
            <gpxtpx:atemp>20.5</gpxtpx:atemp>
            <gpxtpx:hr>131</gpxtpx:hr>
            <gpxtpx:cad>88</gpxtpx:cad>
          </gpxtpx:TrackPointExtension>
        </extensions>
      </trkpt>
      <trkpt lat="46.1825134667" lon="7.2277609384">
        <ele>297.26</ele>
        <time>2026-05-17T08:03:22.000Z</time>
        <extensions>
          <power>210</power>
          <gpxtpx:TrackPointExtension>
            <gpxtpx:atemp>20.5</gpxtpx:atemp>
            <gpxtpx:hr>131</gpxtpx:hr>
            <gpxtpx:cad>88</gpxtpx:cad>
          </gpxtpx:TrackPointExtension>
        </extensions>
      </trkpt>
      <trkpt lat="46.1825539946" lon="7.2278488788">
        <ele>297.34</ele>
        <time>2026-05-17T08:03:23.000Z</time>
        <extensions>
          <power>210</power>
          <gpxtpx:TrackPointExtension>
            <gpxtpx:atemp>20.5</gpxtpx:atemp>
            <gpxtpx:hr>131</gpxtpx:hr>
            <gpxtpx:cad>88</gpxtpx:cad>
          </gpxtpx:TrackPointExtension>
        </extensions>
      </trkpt>
      <trkpt lat="46.1825911880" lon="7.2279267771">
        <ele>297.41</ele>
        <time>2026-05-17T08:03:24.000Z</time>
        <extensions>
          <power>210</power>
          <gpxtpx:TrackPointExtension>
            <gpxtpx:atemp>20.5</gpxtpx:atemp>
            <gpxtpx:hr>131</gpxtpx:hr>
            <gpxtpx:cad>88</gpxtpx:cad>
          </gpxtpx:TrackPointExtension>
        </extensions>
      </trkpt>
      <trkpt lat="46.1826329334" lon="7.2280105583">
        <ele>297.49</ele>
        <time>2026-05-17T08:03:25.000Z</time>
        <extensions>
          <power>210</power>
          <gpxtpx:TrackPointExtension>
            <gpxtpx:atemp>20.5</gpxtpx:atemp>
            <gpxtpx:hr>131</gpxtpx:hr>
            <gpxtpx:cad>88</gpxtpx:cad>
          </gpxtpx:TrackPointExtension>
        </extensions>
      </trkpt>
      <trkpt lat="46.1826658647" lon="7.2281017211">
        <ele>297.57</ele>
        <time>2026-05-17T08:03:26.000Z</time>
        <extensions>
          <power>210</power>
          <gpxtpx:TrackPointExtension>
            <gpxtpx:atemp>20.5</gpxtpx:atemp>
            <gpxtpx:hr>131</gpxtpx:hr>
            <gpxtpx:cad>88</gpxtpx:cad>
          </gpxtpx:TrackPointExtension>
        </extensions>
      </trkpt>
      <trkpt lat="46.1827063889" lon="7.2281841847">
        <ele>297.64</ele>
        <time>2026-05-17T08:03:27.000Z</time>
        <extensions>
          <power>210</power>
          <gpxtpx:TrackPointExtension>
            <gpxtpx:atemp>20.5</gpxtpx:atemp>
            <gpxtpx:hr>131</gpxtpx:hr>
            <gpxtpx:cad>88</gpxtpx:cad>
          </gpxtpx:TrackPointExtension>
        </extensions>
      </trkpt>
      <trkpt lat="46.1827385280" lon="7.2282646600">
        <ele>297.72</ele>
        <time>2026-05-17T08:03:28.000Z</time>
        <extensions>
          <power>210</power>
          <gpxtpx:TrackPointExtension>
            <gpxtpx:atemp>20.5</gpxtpx:atemp>
            <gpxtpx:hr>131</gpxtpx:hr>
            <gpxtpx:cad>88</gpxtpx:cad>
          </gpxtpx:TrackPointExtension>
        </extensions>
      </trkpt>
      <trkpt lat="46.1827752059" lon="7.2283455663">
        <ele>297.80</ele>
        <time>2026-05-17T08:03:29.000Z</time>
        <extensions>
          <power>210</power>
          <gpxtpx:TrackPointExtension>
            <gpxtpx:atemp>20.5</gpxtpx:atemp>
            <gpxtpx:hr>131</gpxtpx:hr>
            <gpxtpx:cad>88</gpxtpx:cad>
          </gpxtpx:TrackPointExtension>
        </extensions>
      </trkpt>
      <trkpt lat="46.1828152004" lon="7.2284295568">
        <ele>297.87</ele>
        <time>2026-05-17T08:03:30.000Z</time>
        <extensions>
          <power>210</power>
          <gpxtpx:TrackPointExtension>
            <gpxtpx:atemp>20.5</gpxtpx:atemp>
            <gpxtpx:hr>131</gpxtpx:hr>
            <gpxtpx:cad>88</gpxtpx:cad>
          </gpxtpx:TrackPointExtension>
        </extensions>
      </trkpt>
      <trkpt lat="46.1828563174" lon="7.2285216370">
        <ele>297.95</ele>
        <time>2026-05-17T08:03:31.000Z</time>
        <extensions>
          <power>210</power>
          <gpxtpx:TrackPointExtension>
            <gpxtpx:atemp>20.5</gpxtpx:atemp>
            <gpxtpx:hr>131</gpxtpx:hr>
            <gpxtpx:cad>88</gpxtpx:cad>
          </gpxtpx:TrackPointExtension>
        </extensions>
      </trkpt>
      <trkpt lat="46.1828911507" lon="7.2285997986">
        <ele>298.03</ele>
        <time>2026-05-17T08:03:32.000Z</time>
        <extensions>
          <power>210</power>
          <gpxtpx:TrackPointExtension>
            <gpxtpx:atemp>20.5</gpxtpx:atemp>
            <gpxtpx:hr>131</gpxtpx:hr>
            <gpxtpx:cad>88</gpxtpx:cad>
          </gpxtpx:TrackPointExtension>
        </extensions>
      </trkpt>
      <trkpt lat="46.1829223147" lon="7.2286893288">
        <ele>298.10</ele>
        <time>2026-05-17T08:03:33.000Z</time>
        <extensions>
          <power>210</power>
          <gpxtpx:TrackPointExtension>
            <gpxtpx:atemp>20.5</gpxtpx:atemp>
            <gpxtpx:hr>131</gpxtpx:hr>
            <gpxtpx:cad>88</gpxtpx:cad>
          </gpxtpx:TrackPointExtension>
        </extensions>
      </trkpt>
      <trkpt lat="46.1829593150" lon="7.2287802833">
        <ele>298.18</ele>
        <time>2026-05-17T08:03:34.000Z</time>
        <extensions>
          <power>210</power>
          <gpxtpx:TrackPointExtension>
            <gpxtpx:atemp>20.5</gpxtpx:atemp>
            <gpxtpx:hr>131</gpxtpx:hr>
            <gpxtpx:cad>88</gpxtpx:cad>
          </gpxtpx:TrackPointExtension>
        </extensions>
      </trkpt>
      <trkpt lat="46.1829961604" lon="7.2288636243">
        <ele>298.26</ele>
        <time>2026-05-17T08:03:35.000Z</time>
        <extensions>
          <power>210</power>
          <gpxtpx:TrackPointExtension>
            <gpxtpx:atemp>20.5</gpxtpx:atemp>
            <gpxtpx:hr>131</gpxtpx:hr>
            <gpxtpx:cad>88</gpxtpx:cad>
          </gpxtpx:TrackPointExtension>
        </extensions>
      </trkpt>
      <trkpt lat="46.1830359947" lon="7.2289419295">
        <ele>298.33</ele>
        <time>2026-05-17T08:03:36.000Z</time>
        <extensions>
          <power>210</power>
          <gpxtpx:TrackPointExtension>
            <gpxtpx:atemp>20.5</gpxtpx:atemp>
            <gpxtpx:hr>131</gpxtpx:hr>
            <gpxtpx:cad>88</gpxtpx:cad>
          </gpxtpx:TrackPointExtension>
        </extensions>
      </trkpt>
      <trkpt lat="46.1830700098" lon="7.2290328073">
        <ele>298.41</ele>
        <time>2026-05-17T08:03:37.000Z</time>
        <extensions>
          <power>210</power>
          <gpxtpx:TrackPointExtension>
            <gpxtpx:atemp>20.5</gpxtpx:atemp>
            <gpxtpx:hr>130</gpxtpx:hr>
            <gpxtpx:cad>88</gpxtpx:cad>
          </gpxtpx:TrackPointExtension>
        </extensions>
      </trkpt>
      <trkpt lat="46.1831075425" lon="7.2291238578">
        <ele>298.49</ele>
        <time>2026-05-17T08:03:38.000Z</time>
        <extensions>
          <power>210</power>
          <gpxtpx:TrackPointExtension>
            <gpxtpx:atemp>20.5</gpxtpx:atemp>
            <gpxtpx:hr>130</gpxtpx:hr>
            <gpxtpx:cad>88</gpxtpx:cad>
          </gpxtpx:TrackPointExtension>
        </extensions>
      </trkpt>
      <trkpt lat="46.1831404537" lon="7.2292136819">
        <ele>298.56</ele>
        <time>2026-05-17T08:03:39.000Z</time>
        <extensions>
          <power>210</power>
          <gpxtpx:TrackPointExtension>
            <gpxtpx:atemp>20.5</gpxtpx:atemp>
            <gpxtpx:hr>130</gpxtpx:hr>
            <gpxtpx:cad>87</gpxtpx:cad>
          </gpxtpx:TrackPointExtension>
        </extensions>
      </trkpt>
      <trkpt lat="46.1831748095" lon="7.2293009957">
        <ele>298.64</ele>
        <time>2026-05-17T08:03:40.000Z</time>
        <extensions>
          <power>210</power>
          <gpxtpx:TrackPointExtension>
            <gpxtpx:atemp>20.5</gpxtpx:atemp>
            <gpxtpx:hr>130</gpxtpx:hr>
            <gpxtpx:cad>87</gpxtpx:cad>
          </gpxtpx:TrackPointExtension>
        </extensions>
      </trkpt>
      <trkpt lat="46.1832096860" lon="7.2293844160">
        <ele>298.72</ele>
        <time>2026-05-17T08:03:41.000Z</time>
        <extensions>
          <power>210</power>
          <gpxtpx:TrackPointExtension>
            <gpxtpx:atemp>20.5</gpxtpx:atemp>
            <gpxtpx:hr>130</gpxtpx:hr>
            <gpxtpx:cad>87</gpxtpx:cad>
          </gpxtpx:TrackPointExtension>
        </extensions>
      </trkpt>
      <trkpt lat="46.1832478719" lon="7.2294684462">
        <ele>298.79</ele>
        <time>2026-05-17T08:03:42.000Z</time>
        <extensions>
          <power>210</power>
          <gpxtpx:TrackPointExtension>
            <gpxtpx:atemp>20.5</gpxtpx:atemp>
            <gpxtpx:hr>130</gpxtpx:hr>
            <gpxtpx:cad>87</gpxtpx:cad>
          </gpxtpx:TrackPointExtension>
        </extensions>
      </trkpt>
      <trkpt lat="46.1832845541" lon="7.2295526265">
        <ele>298.87</ele>
        <time>2026-05-17T08:03:43.000Z</time>
        <extensions>
          <power>210</power>
          <gpxtpx:TrackPointExtension>
            <gpxtpx:atemp>20.5</gpxtpx:atemp>
            <gpxtpx:hr>130</gpxtpx:hr>
            <gpxtpx:cad>87</gpxtpx:cad>
          </gpxtpx:TrackPointExtension>
        </extensions>
      </trkpt>
      <trkpt lat="46.1833194809" lon="7.2296399303">
        <ele>298.94</ele>
        <time>2026-05-17T08:03:44.000Z</time>
        <extensions>
          <power>210</power>
          <gpxtpx:TrackPointExtension>
            <gpxtpx:atemp>20.5</gpxtpx:atemp>
            <gpxtpx:hr>130</gpxtpx:hr>
            <gpxtpx:cad>87</gpxtpx:cad>
          </gpxtpx:TrackPointExtension>
        </extensions>
      </trkpt>
      <trkpt lat="46.1833519185" lon="7.2297263204">
        <ele>299.02</ele>
        <time>2026-05-17T08:03:45.000Z</time>
        <extensions>
          <power>210</power>
          <gpxtpx:TrackPointExtension>
            <gpxtpx:atemp>20.5</gpxtpx:atemp>
            <gpxtpx:hr>130</gpxtpx:hr>
            <gpxtpx:cad>87</gpxtpx:cad>
          </gpxtpx:TrackPointExtension>
        </extensions>
      </trkpt>
      <trkpt lat="46.1833881105" lon="7.2298181878">
        <ele>299.10</ele>
        <time>2026-05-17T08:03:46.000Z</time>
        <extensions>
          <power>210</power>
          <gpxtpx:TrackPointExtension>
            <gpxtpx:atemp>20.5</gpxtpx:atemp>
            <gpxtpx:hr>130</gpxtpx:hr>
            <gpxtpx:cad>87</gpxtpx:cad>
          </gpxtpx:TrackPointExtension>
        </extensions>
      </trkpt>
      <trkpt lat="46.1834186309" lon="7.2298991879">
        <ele>299.17</ele>
        <time>2026-05-17T08:03:47.000Z</time>
        <extensions>
          <power>210</power>
          <gpxtpx:TrackPointExtension>
            <gpxtpx:atemp>20.5</gpxtpx:atemp>
            <gpxtpx:hr>130</gpxtpx:hr>
            <gpxtpx:cad>87</gpxtpx:cad>
          </gpxtpx:TrackPointExtension>
        </extensions>
      </trkpt>
      <trkpt lat="46.1834476089" lon="7.2299898838">
        <ele>299.25</ele>
        <time>2026-05-17T08:03:48.000Z</time>
        <extensions>
          <power>210</power>
          <gpxtpx:TrackPointExtension>
            <gpxtpx:atemp>20.5</gpxtpx:atemp>
            <gpxtpx:hr>130</gpxtpx:hr>
            <gpxtpx:cad>87</gpxtpx:cad>
          </gpxtpx:TrackPointExtension>
        </extensions>
      </trkpt>
      <trkpt lat="46.1834814188" lon="7.2300782319">
        <ele>299.32</ele>
        <time>2026-05-17T08:03:49.000Z</time>
        <extensions>
          <power>210</power>
          <gpxtpx:TrackPointExtension>
            <gpxtpx:atemp>20.5</gpxtpx:atemp>
            <gpxtpx:hr>130</gpxtpx:hr>
            <gpxtpx:cad>86</gpxtpx:cad>
          </gpxtpx:TrackPointExtension>
        </extensions>
      </trkpt>
      <trkpt lat="46.1835079199" lon="7.2301694959">
        <ele>299.40</ele>
        <time>2026-05-17T08:03:50.000Z</time>
        <extensions>
          <power>210</power>
          <gpxtpx:TrackPointExtension>
            <gpxtpx:atemp>20.5</gpxtpx:atemp>
            <gpxtpx:hr>130</gpxtpx:hr>
            <gpxtpx:cad>86</gpxtpx:cad>
          </gpxtpx:TrackPointExtension>
        </extensions>
      </trkpt>
      <trkpt lat="46.1835440100" lon="7.2302522828">
        <ele>299.48</ele>
        <time>2026-05-17T08:03:51.000Z</time>
        <extensions>
          <power>210</power>
          <gpxtpx:TrackPointExtension>
            <gpxtpx:atemp>20.5</gpxtpx:atemp>
            <gpxtpx:hr>130</gpxtpx:hr>
            <gpxtpx:cad>86</gpxtpx:cad>
          </gpxtpx:TrackPointExtension>
        </extensions>
      </trkpt>
      <trkpt lat="46.1835753777" lon="7.2303371820">
        <ele>299.55</ele>
        <time>2026-05-17T08:03:52.000Z</time>
        <extensions>
          <power>210</power>
          <gpxtpx:TrackPointExtension>
            <gpxtpx:atemp>20.5</gpxtpx:atemp>
            <gpxtpx:hr>129</gpxtpx:hr>
            <gpxtpx:cad>86</gpxtpx:cad>
          </gpxtpx:TrackPointExtension>
        </extensions>
      </trkpt>
      <trkpt lat="46.1836015772" lon="7.2304317091">
        <ele>299.63</ele>
        <time>2026-05-17T08:03:53.000Z</time>
        <extensions>
          <power>210</power>
          <gpxtpx:TrackPointExtension>
            <gpxtpx:atemp>20.5</gpxtpx:atemp>
            <gpxtpx:hr>129</gpxtpx:hr>
            <gpxtpx:cad>86</gpxtpx:cad>
          </gpxtpx:TrackPointExtension>
        </extensions>
      </trkpt>
      <trkpt lat="46.1836367702" lon="7.2305262210">
        <ele>299.70</ele>
        <time>2026-05-17T08:03:54.000Z</time>
        <extensions>
          <power>210</power>
          <gpxtpx:TrackPointExtension>
            <gpxtpx:atemp>20.5</gpxtpx:atemp>
            <gpxtpx:hr>129</gpxtpx:hr>
            <gpxtpx:cad>86</gpxtpx:cad>
          </gpxtpx:TrackPointExtension>
        </extensions>
      </trkpt>
      <trkpt lat="46.1836694756" lon="7.2306176216">
        <ele>299.78</ele>
        <time>2026-05-17T08:03:55.000Z</time>
        <extensions>
          <power>210</power>
          <gpxtpx:TrackPointExtension>
            <gpxtpx:atemp>20.5</gpxtpx:atemp>
            <gpxtpx:hr>129</gpxtpx:hr>
            <gpxtpx:cad>86</gpxtpx:cad>
          </gpxtpx:TrackPointExtension>
        </extensions>
      </trkpt>
      <trkpt lat="46.1836971980" lon="7.2307114561">
        <ele>299.86</ele>
        <time>2026-05-17T08:03:56.000Z</time>
        <extensions>
          <power>210</power>
          <gpxtpx:TrackPointExtension>
            <gpxtpx:atemp>20.5</gpxtpx:atemp>
            <gpxtpx:hr>129</gpxtpx:hr>
            <gpxtpx:cad>86</gpxtpx:cad>
          </gpxtpx:TrackPointExtension>
        </extensions>
      </trkpt>
      <trkpt lat="46.1837262893" lon="7.2308010573">
        <ele>299.93</ele>
        <time>2026-05-17T08:03:57.000Z</time>
        <extensions>
          <power>210</power>
          <gpxtpx:TrackPointExtension>
            <gpxtpx:atemp>20.5</gpxtpx:atemp>
            <gpxtpx:hr>129</gpxtpx:hr>
            <gpxtpx:cad>85</gpxtpx:cad>
          </gpxtpx:TrackPointExtension>
        </extensions>
      </trkpt>
      <trkpt lat="46.1837564904" lon="7.2308876616">
        <ele>300.01</ele>
        <time>2026-05-17T08:03:58.000Z</time>
        <extensions>
          <power>210</power>
          <gpxtpx:TrackPointExtension>
            <gpxtpx:atemp>20.5</gpxtpx:atemp>
            <gpxtpx:hr>129</gpxtpx:hr>
            <gpxtpx:cad>85</gpxtpx:cad>
          </gpxtpx:TrackPointExtension>
        </extensions>
      </trkpt>
      <trkpt lat="46.1837835104" lon="7.2309776274">
        <ele>300.09</ele>
        <time>2026-05-17T08:03:59.000Z</time>
        <extensions>
          <power>210</power>
          <gpxtpx:TrackPointExtension>
            <gpxtpx:atemp>20.5</gpxtpx:atemp>
            <gpxtpx:hr>129</gpxtpx:hr>
            <gpxtpx:cad>85</gpxtpx:cad>
          </gpxtpx:TrackPointExtension>
        </extensions>
      </trkpt>
      <trkpt lat="46.1838125690" lon="7.2310709851">
        <ele>300.16</ele>
        <time>2026-05-17T08:04:00.000Z</time>
        <extensions>
          <power>210</power>
          <gpxtpx:TrackPointExtension>
            <gpxtpx:atemp>20.6</gpxtpx:atemp>
            <gpxtpx:hr>129</gpxtpx:hr>
            <gpxtpx:cad>85</gpxtpx:cad>
          </gpxtpx:TrackPointExtension>
        </extensions>
      </trkpt>
      <trkpt lat="46.1838426482" lon="7.2311612614">
        <ele>300.24</ele>
        <time>2026-05-17T08:04:01.000Z</time>
        <extensions>
          <power>210</power>
          <gpxtpx:TrackPointExtension>
            <gpxtpx:atemp>20.6</gpxtpx:atemp>
            <gpxtpx:hr>129</gpxtpx:hr>
            <gpxtpx:cad>85</gpxtpx:cad>
          </gpxtpx:TrackPointExtension>
        </extensions>
      </trkpt>
      <trkpt lat="46.1838686134" lon="7.2312495400">
        <ele>300.31</ele>
        <time>2026-05-17T08:04:02.000Z</time>
        <extensions>
          <power>210</power>
          <gpxtpx:TrackPointExtension>
            <gpxtpx:atemp>20.6</gpxtpx:atemp>
            <gpxtpx:hr>129</gpxtpx:hr>
            <gpxtpx:cad>85</gpxtpx:cad>
          </gpxtpx:TrackPointExtension>
        </extensions>
      </trkpt>
      <trkpt lat="46.1838937699" lon="7.2313352625">
        <ele>300.39</ele>
        <time>2026-05-17T08:04:03.000Z</time>
        <extensions>
          <power>210</power>
          <gpxtpx:TrackPointExtension>
            <gpxtpx:atemp>20.6</gpxtpx:atemp>
            <gpxtpx:hr>129</gpxtpx:hr>
            <gpxtpx:cad>84</gpxtpx:cad>
          </gpxtpx:TrackPointExtension>
        </extensions>
      </trkpt>
      <trkpt lat="46.1839193609" lon="7.2314189721">
        <ele>300.47</ele>
        <time>2026-05-17T08:04:04.000Z</time>
        <extensions>
          <power>210</power>
          <gpxtpx:TrackPointExtension>
            <gpxtpx:atemp>20.6</gpxtpx:atemp>
            <gpxtpx:hr>128</gpxtpx:hr>
            <gpxtpx:cad>84</gpxtpx:cad>
          </gpxtpx:TrackPointExtension>
        </extensions>
      </trkpt>
      <trkpt lat="46.1839472663" lon="7.2315110724">
        <ele>300.54</ele>
        <time>2026-05-17T08:04:05.000Z</time>
        <extensions>
          <power>210</power>
          <gpxtpx:TrackPointExtension>
            <gpxtpx:atemp>20.6</gpxtpx:atemp>
            <gpxtpx:hr>128</gpxtpx:hr>
            <gpxtpx:cad>84</gpxtpx:cad>
          </gpxtpx:TrackPointExtension>
        </extensions>
      </trkpt>
      <trkpt lat="46.1839743633" lon="7.2315936952">
        <ele>300.62</ele>
        <time>2026-05-17T08:04:06.000Z</time>
        <extensions>
          <power>210</power>
          <gpxtpx:TrackPointExtension>
            <gpxtpx:atemp>20.6</gpxtpx:atemp>
            <gpxtpx:hr>128</gpxtpx:hr>
            <gpxtpx:cad>84</gpxtpx:cad>
          </gpxtpx:TrackPointExtension>
        </extensions>
      </trkpt>
      <trkpt lat="46.1840032602" lon="7.2316785547">
        <ele>300.69</ele>
        <time>2026-05-17T08:04:07.000Z</time>
        <extensions>
          <power>210</power>
          <gpxtpx:TrackPointExtension>
            <gpxtpx:atemp>20.6</gpxtpx:atemp>
            <gpxtpx:hr>128</gpxtpx:hr>
            <gpxtpx:cad>84</gpxtpx:cad>
          </gpxtpx:TrackPointExtension>
        </extensions>
      </trkpt>
      <trkpt lat="46.1840343443" lon="7.2317626430">
        <ele>300.77</ele>
        <time>2026-05-17T08:04:08.000Z</time>
        <extensions>
          <power>210</power>
          <gpxtpx:TrackPointExtension>
            <gpxtpx:atemp>20.6</gpxtpx:atemp>
            <gpxtpx:hr>128</gpxtpx:hr>
            <gpxtpx:cad>83</gpxtpx:cad>
          </gpxtpx:TrackPointExtension>
        </extensions>
      </trkpt>
      <trkpt lat="46.1840578029" lon="7.2318541749">
        <ele>300.85</ele>
        <time>2026-05-17T08:04:09.000Z</time>
        <extensions>
          <power>210</power>
          <gpxtpx:TrackPointExtension>
            <gpxtpx:atemp>20.6</gpxtpx:atemp>
            <gpxtpx:hr>128</gpxtpx:hr>
            <gpxtpx:cad>83</gpxtpx:cad>
          </gpxtpx:TrackPointExtension>
        </extensions>
      </trkpt>
      <trkpt lat="46.1840835896" lon="7.2319449875">
        <ele>300.92</ele>
        <time>2026-05-17T08:04:10.000Z</time>
        <extensions>
          <power>210</power>
          <gpxtpx:TrackPointExtension>
            <gpxtpx:atemp>20.6</gpxtpx:atemp>
            <gpxtpx:hr>128</gpxtpx:hr>
            <gpxtpx:cad>83</gpxtpx:cad>
          </gpxtpx:TrackPointExtension>
        </extensions>
      </trkpt>
      <trkpt lat="46.1841167212" lon="7.2320280981">
        <ele>301.00</ele>
        <time>2026-05-17T08:04:11.000Z</time>
        <extensions>
          <power>210</power>
          <gpxtpx:TrackPointExtension>
            <gpxtpx:atemp>20.6</gpxtpx:atemp>
            <gpxtpx:hr>128</gpxtpx:hr>
            <gpxtpx:cad>83</gpxtpx:cad>
          </gpxtpx:TrackPointExtension>
        </extensions>
      </trkpt>
      <trkpt lat="46.1841427350" lon="7.2321255032">
        <ele>301.08</ele>
        <time>2026-05-17T08:04:12.000Z</time>
        <extensions>
          <power>210</power>
          <gpxtpx:TrackPointExtension>
            <gpxtpx:atemp>20.6</gpxtpx:atemp>
            <gpxtpx:hr>128</gpxtpx:hr>
            <gpxtpx:cad>83</gpxtpx:cad>
          </gpxtpx:TrackPointExtension>
        </extensions>
      </trkpt>
      <trkpt lat="46.1841728641" lon="7.2322167319">
        <ele>301.15</ele>
        <time>2026-05-17T08:04:13.000Z</time>
        <extensions>
          <power>210</power>
          <gpxtpx:TrackPointExtension>
            <gpxtpx:atemp>20.6</gpxtpx:atemp>
            <gpxtpx:hr>128</gpxtpx:hr>
            <gpxtpx:cad>82</gpxtpx:cad>
          </gpxtpx:TrackPointExtension>
        </extensions>
      </trkpt>
      <trkpt lat="46.1842046922" lon="7.2323025390">
        <ele>301.23</ele>
        <time>2026-05-17T08:04:14.000Z</time>
        <extensions>
          <power>210</power>
          <gpxtpx:TrackPointExtension>
            <gpxtpx:atemp>20.6</gpxtpx:atemp>
            <gpxtpx:hr>128</gpxtpx:hr>
            <gpxtpx:cad>82</gpxtpx:cad>
          </gpxtpx:TrackPointExtension>
        </extensions>
      </trkpt>
      <trkpt lat="46.1842274689" lon="7.2323868798">
        <ele>301.31</ele>
        <time>2026-05-17T08:04:15.000Z</time>
        <extensions>
          <power>210</power>
          <gpxtpx:TrackPointExtension>
            <gpxtpx:atemp>20.6</gpxtpx:atemp>
            <gpxtpx:hr>127</gpxtpx:hr>
            <gpxtpx:cad>82</gpxtpx:cad>
          </gpxtpx:TrackPointExtension>
        </extensions>
      </trkpt>
      <trkpt lat="46.1842603531" lon="7.2324735750">
        <ele>301.38</ele>
        <time>2026-05-17T08:04:16.000Z</time>
        <extensions>
          <power>210</power>
          <gpxtpx:TrackPointExtension>
            <gpxtpx:atemp>20.6</gpxtpx:atemp>
            <gpxtpx:hr>127</gpxtpx:hr>
            <gpxtpx:cad>82</gpxtpx:cad>
          </gpxtpx:TrackPointExtension>
        </extensions>
      </trkpt>
      <trkpt lat="46.1842878336" lon="7.2325631463">
        <ele>301.46</ele>
        <time>2026-05-17T08:04:17.000Z</time>
        <extensions>
          <power>210</power>
          <gpxtpx:TrackPointExtension>
            <gpxtpx:atemp>20.6</gpxtpx:atemp>
            <gpxtpx:hr>127</gpxtpx:hr>
            <gpxtpx:cad>82</gpxtpx:cad>
          </gpxtpx:TrackPointExtension>
        </extensions>
      </trkpt>
      <trkpt lat="46.1843185130" lon="7.2326544478">
        <ele>301.54</ele>
        <time>2026-05-17T08:04:18.000Z</time>
        <extensions>
          <power>210</power>
          <gpxtpx:TrackPointExtension>
            <gpxtpx:atemp>20.6</gpxtpx:atemp>
            <gpxtpx:hr>127</gpxtpx:hr>
            <gpxtpx:cad>81</gpxtpx:cad>
          </gpxtpx:TrackPointExtension>
        </extensions>
      </trkpt>
      <trkpt lat="46.1843442888" lon="7.2327482807">
        <ele>301.61</ele>
        <time>2026-05-17T08:04:19.000Z</time>
        <extensions>
          <power>210</power>
          <gpxtpx:TrackPointExtension>
            <gpxtpx:atemp>20.6</gpxtpx:atemp>
            <gpxtpx:hr>127</gpxtpx:hr>
            <gpxtpx:cad>81</gpxtpx:cad>
          </gpxtpx:TrackPointExtension>
        </extensions>
      </trkpt>
      <trkpt lat="46.1843688314" lon="7.2328335197">
        <ele>301.69</ele>
        <time>2026-05-17T08:04:20.000Z</time>
        <extensions>
          <power>210</power>
          <gpxtpx:TrackPointExtension>
            <gpxtpx:atemp>20.6</gpxtpx:atemp>
            <gpxtpx:hr>127</gpxtpx:hr>
            <gpxtpx:cad>81</gpxtpx:cad>
          </gpxtpx:TrackPointExtension>
        </extensions>
      </trkpt>
      <trkpt lat="46.1843964200" lon="7.2329269268">
        <ele>301.77</ele>
        <time>2026-05-17T08:04:21.000Z</time>
        <extensions>
          <power>210</power>
          <gpxtpx:TrackPointExtension>
            <gpxtpx:atemp>20.6</gpxtpx:atemp>
            <gpxtpx:hr>127</gpxtpx:hr>
            <gpxtpx:cad>81</gpxtpx:cad>
          </gpxtpx:TrackPointExtension>
        </extensions>
      </trkpt>
      <trkpt lat="46.1844198180" lon="7.2330107030">
        <ele>301.84</ele>
        <time>2026-05-17T08:04:22.000Z</time>
        <extensions>
          <power>210</power>
          <gpxtpx:TrackPointExtension>
            <gpxtpx:atemp>20.6</gpxtpx:atemp>
            <gpxtpx:hr>127</gpxtpx:hr>
            <gpxtpx:cad>81</gpxtpx:cad>
          </gpxtpx:TrackPointExtension>
        </extensions>
      </trkpt>
      <trkpt lat="46.1844534629" lon="7.2330986817">
        <ele>301.92</ele>
        <time>2026-05-17T08:04:23.000Z</time>
        <extensions>
          <power>210</power>
          <gpxtpx:TrackPointExtension>
            <gpxtpx:atemp>20.6</gpxtpx:atemp>
            <gpxtpx:hr>127</gpxtpx:hr>
            <gpxtpx:cad>80</gpxtpx:cad>
          </gpxtpx:TrackPointExtension>
        </extensions>
      </trkpt>
      <trkpt lat="46.1844815648" lon="7.2331909059">
        <ele>302.00</ele>
        <time>2026-05-17T08:04:24.000Z</time>
        <extensions>
          <power>210</power>
          <gpxtpx:TrackPointExtension>
            <gpxtpx:atemp>20.6</gpxtpx:atemp>
            <gpxtpx:hr>127</gpxtpx:hr>
            <gpxtpx:cad>80</gpxtpx:cad>
          </gpxtpx:TrackPointExtension>
        </extensions>
      </trkpt>
      <trkpt lat="46.1845155861" lon="7.2332766403">
        <ele>302.08</ele>
        <time>2026-05-17T08:04:25.000Z</time>
        <extensions>
          <power>210</power>
          <gpxtpx:TrackPointExtension>
            <gpxtpx:atemp>20.6</gpxtpx:atemp>
            <gpxtpx:hr>126</gpxtpx:hr>
            <gpxtpx:cad>80</gpxtpx:cad>
          </gpxtpx:TrackPointExtension>
        </extensions>
      </trkpt>
      <trkpt lat="46.1845478225" lon="7.2333656024">
        <ele>302.15</ele>
        <time>2026-05-17T08:04:26.000Z</time>
        <extensions>
          <power>210</power>
          <gpxtpx:TrackPointExtension>
            <gpxtpx:atemp>20.6</gpxtpx:atemp>
            <gpxtpx:hr>126</gpxtpx:hr>
            <gpxtpx:cad>80</gpxtpx:cad>
          </gpxtpx:TrackPointExtension>
        </extensions>
      </trkpt>
      <trkpt lat="46.1845809733" lon="7.2334498747">
        <ele>302.23</ele>
        <time>2026-05-17T08:04:27.000Z</time>
        <extensions>
          <power>210</power>
          <gpxtpx:TrackPointExtension>
            <gpxtpx:atemp>20.6</gpxtpx:atemp>
            <gpxtpx:hr>126</gpxtpx:hr>
            <gpxtpx:cad>79</gpxtpx:cad>
          </gpxtpx:TrackPointExtension>
        </extensions>
      </trkpt>
      <trkpt lat="46.1846144295" lon="7.2335344957">
        <ele>302.31</ele>
        <time>2026-05-17T08:04:28.000Z</time>
        <extensions>
          <power>210</power>
          <gpxtpx:TrackPointExtension>
            <gpxtpx:atemp>20.6</gpxtpx:atemp>
            <gpxtpx:hr>126</gpxtpx:hr>
            <gpxtpx:cad>79</gpxtpx:cad>
          </gpxtpx:TrackPointExtension>
        </extensions>
      </trkpt>
      <trkpt lat="46.1846472103" lon="7.2336262380">
        <ele>302.39</ele>
        <time>2026-05-17T08:04:29.000Z</time>
        <extensions>
          <power>210</power>
          <gpxtpx:TrackPointExtension>
            <gpxtpx:atemp>20.6</gpxtpx:atemp>
            <gpxtpx:hr>126</gpxtpx:hr>
            <gpxtpx:cad>79</gpxtpx:cad>
          </gpxtpx:TrackPointExtension>
        </extensions>
      </trkpt>
      <trkpt lat="46.1846711647" lon="7.2337249868">
        <ele>302.46</ele>
        <time>2026-05-17T08:04:30.000Z</time>
        <extensions>
          <power>210</power>
          <gpxtpx:TrackPointExtension>
            <gpxtpx:atemp>20.6</gpxtpx:atemp>
            <gpxtpx:hr>126</gpxtpx:hr>
            <gpxtpx:cad>79</gpxtpx:cad>
          </gpxtpx:TrackPointExtension>
        </extensions>
      </trkpt>
      <trkpt lat="46.1847039672" lon="7.2338232108">
        <ele>302.54</ele>
        <time>2026-05-17T08:04:31.000Z</time>
        <extensions>
          <power>210</power>
          <gpxtpx:TrackPointExtension>
            <gpxtpx:atemp>20.6</gpxtpx:atemp>
            <gpxtpx:hr>126</gpxtpx:hr>
            <gpxtpx:cad>79</gpxtpx:cad>
          </gpxtpx:TrackPointExtension>
        </extensions>
      </trkpt>
      <trkpt lat="46.1847368420" lon="7.2339100791">
        <ele>302.62</ele>
        <time>2026-05-17T08:04:32.000Z</time>
        <extensions>
          <power>210</power>
          <gpxtpx:TrackPointExtension>
            <gpxtpx:atemp>20.6</gpxtpx:atemp>
            <gpxtpx:hr>126</gpxtpx:hr>
            <gpxtpx:cad>78</gpxtpx:cad>
          </gpxtpx:TrackPointExtension>
        </extensions>
      </trkpt>
      <trkpt lat="46.1847683024" lon="7.2339945053">
        <ele>302.70</ele>
        <time>2026-05-17T08:04:33.000Z</time>
        <extensions>
          <power>210</power>
          <gpxtpx:TrackPointExtension>
            <gpxtpx:atemp>20.6</gpxtpx:atemp>
            <gpxtpx:hr>126</gpxtpx:hr>
            <gpxtpx:cad>78</gpxtpx:cad>
          </gpxtpx:TrackPointExtension>
        </extensions>
      </trkpt>
      <trkpt lat="46.1847933889" lon="7.2340904757">
        <ele>302.78</ele>
        <time>2026-05-17T08:04:34.000Z</time>
        <extensions>
          <power>210</power>
          <gpxtpx:TrackPointExtension>
            <gpxtpx:atemp>20.6</gpxtpx:atemp>
            <gpxtpx:hr>126</gpxtpx:hr>
            <gpxtpx:cad>78</gpxtpx:cad>
          </gpxtpx:TrackPointExtension>
        </extensions>
      </trkpt>
      <trkpt lat="46.1848216521" lon="7.2341809066">
        <ele>302.85</ele>
        <time>2026-05-17T08:04:35.000Z</time>
        <extensions>
          <power>210</power>
          <gpxtpx:TrackPointExtension>
            <gpxtpx:atemp>20.6</gpxtpx:atemp>
            <gpxtpx:hr>125</gpxtpx:hr>
            <gpxtpx:cad>78</gpxtpx:cad>
          </gpxtpx:TrackPointExtension>
        </extensions>
      </trkpt>
      <trkpt lat="46.1848516701" lon="7.2342782554">
        <ele>302.93</ele>
        <time>2026-05-17T08:04:36.000Z</time>
        <extensions>
          <power>210</power>
          <gpxtpx:TrackPointExtension>
            <gpxtpx:atemp>20.6</gpxtpx:atemp>
            <gpxtpx:hr>125</gpxtpx:hr>
            <gpxtpx:cad>77</gpxtpx:cad>
          </gpxtpx:TrackPointExtension>
        </extensions>
      </trkpt>
      <trkpt lat="46.1848796689" lon="7.2343688322">
        <ele>303.01</ele>
        <time>2026-05-17T08:04:37.000Z</time>
        <extensions>
          <power>210</power>
          <gpxtpx:TrackPointExtension>
            <gpxtpx:atemp>20.6</gpxtpx:atemp>
            <gpxtpx:hr>125</gpxtpx:hr>
            <gpxtpx:cad>77</gpxtpx:cad>
          </gpxtpx:TrackPointExtension>
        </extensions>
      </trkpt>
      <trkpt lat="46.1849065576" lon="7.2344555676">
        <ele>303.09</ele>
        <time>2026-05-17T08:04:38.000Z</time>
        <extensions>
          <power>210</power>
          <gpxtpx:TrackPointExtension>
            <gpxtpx:atemp>20.6</gpxtpx:atemp>
            <gpxtpx:hr>125</gpxtpx:hr>
            <gpxtpx:cad>77</gpxtpx:cad>
          </gpxtpx:TrackPointExtension>
        </extensions>
      </trkpt>
      <trkpt lat="46.1849346648" lon="7.2345460771">
        <ele>303.17</ele>
        <time>2026-05-17T08:04:39.000Z</time>
        <extensions>
          <power>210</power>
          <gpxtpx:TrackPointExtension>
            <gpxtpx:atemp>20.6</gpxtpx:atemp>
            <gpxtpx:hr>125</gpxtpx:hr>
            <gpxtpx:cad>77</gpxtpx:cad>
          </gpxtpx:TrackPointExtension>
        </extensions>
      </trkpt>
      <trkpt lat="46.1849607492" lon="7.2346347593">
        <ele>303.25</ele>
        <time>2026-05-17T08:04:40.000Z</time>
        <extensions>
          <power>210</power>
          <gpxtpx:TrackPointExtension>
            <gpxtpx:atemp>20.6</gpxtpx:atemp>
            <gpxtpx:hr>125</gpxtpx:hr>
            <gpxtpx:cad>77</gpxtpx:cad>
          </gpxtpx:TrackPointExtension>
        </extensions>
      </trkpt>
      <trkpt lat="46.1849871848" lon="7.2347247972">
        <ele>303.32</ele>
        <time>2026-05-17T08:04:41.000Z</time>
        <extensions>
          <power>210</power>
          <gpxtpx:TrackPointExtension>
            <gpxtpx:atemp>20.6</gpxtpx:atemp>
            <gpxtpx:hr>125</gpxtpx:hr>
            <gpxtpx:cad>76</gpxtpx:cad>
          </gpxtpx:TrackPointExtension>
        </extensions>
      </trkpt>
      <trkpt lat="46.1850222116" lon="7.2348154709">
        <ele>303.40</ele>
        <time>2026-05-17T08:04:42.000Z</time>
        <extensions>
          <power>210</power>
          <gpxtpx:TrackPointExtension>
            <gpxtpx:atemp>20.6</gpxtpx:atemp>
            <gpxtpx:hr>125</gpxtpx:hr>
            <gpxtpx:cad>76</gpxtpx:cad>
          </gpxtpx:TrackPointExtension>
        </extensions>
      </trkpt>
      <trkpt lat="46.1850537561" lon="7.2349014771">
        <ele>303.48</ele>
        <time>2026-05-17T08:04:43.000Z</time>
        <extensions>
          <power>210</power>
          <gpxtpx:TrackPointExtension>
            <gpxtpx:atemp>20.6</gpxtpx:atemp>
            <gpxtpx:hr>125</gpxtpx:hr>
            <gpxtpx:cad>76</gpxtpx:cad>
          </gpxtpx:TrackPointExtension>
        </extensions>
      </trkpt>
      <trkpt lat="46.1850866701" lon="7.2349915901">
        <ele>303.56</ele>
        <time>2026-05-17T08:04:44.000Z</time>
        <extensions>
          <power>210</power>
          <gpxtpx:TrackPointExtension>
            <gpxtpx:atemp>20.6</gpxtpx:atemp>
            <gpxtpx:hr>125</gpxtpx:hr>
            <gpxtpx:cad>76</gpxtpx:cad>
          </gpxtpx:TrackPointExtension>
        </extensions>
      </trkpt>
      <trkpt lat="46.1851206583" lon="7.2350848114">
        <ele>303.64</ele>
        <time>2026-05-17T08:04:45.000Z</time>
        <extensions>
          <power>210</power>
          <gpxtpx:TrackPointExtension>
            <gpxtpx:atemp>20.6</gpxtpx:atemp>
            <gpxtpx:hr>124</gpxtpx:hr>
            <gpxtpx:cad>75</gpxtpx:cad>
          </gpxtpx:TrackPointExtension>
        </extensions>
      </trkpt>
      <trkpt lat="46.1851489857" lon="7.2351813365">
        <ele>303.72</ele>
        <time>2026-05-17T08:04:46.000Z</time>
        <extensions>
          <power>210</power>
          <gpxtpx:TrackPointExtension>
            <gpxtpx:atemp>20.6</gpxtpx:atemp>
            <gpxtpx:hr>124</gpxtpx:hr>
            <gpxtpx:cad>75</gpxtpx:cad>
          </gpxtpx:TrackPointExtension>
        </extensions>
      </trkpt>
      <trkpt lat="46.1851823505" lon="7.2352757652">
        <ele>303.80</ele>
        <time>2026-05-17T08:04:47.000Z</time>
        <extensions>
          <power>210</power>
          <gpxtpx:TrackPointExtension>
            <gpxtpx:atemp>20.6</gpxtpx:atemp>
            <gpxtpx:hr>124</gpxtpx:hr>
            <gpxtpx:cad>75</gpxtpx:cad>
          </gpxtpx:TrackPointExtension>
        </extensions>
      </trkpt>
      <trkpt lat="46.1852169547" lon="7.2353622050">
        <ele>303.88</ele>
        <time>2026-05-17T08:04:48.000Z</time>
        <extensions>
          <power>210</power>
          <gpxtpx:TrackPointExtension>
            <gpxtpx:atemp>20.6</gpxtpx:atemp>
            <gpxtpx:hr>124</gpxtpx:hr>
            <gpxtpx:cad>75</gpxtpx:cad>
          </gpxtpx:TrackPointExtension>
        </extensions>
      </trkpt>
      <trkpt lat="46.1852521403" lon="7.2354499446">
        <ele>303.96</ele>
        <time>2026-05-17T08:04:49.000Z</time>
        <extensions>
          <power>210</power>
          <gpxtpx:TrackPointExtension>
            <gpxtpx:atemp>20.6</gpxtpx:atemp>
            <gpxtpx:hr>124</gpxtpx:hr>
            <gpxtpx:cad>75</gpxtpx:cad>
          </gpxtpx:TrackPointExtension>
        </extensions>
      </trkpt>
      <trkpt lat="46.1852876845" lon="7.2355383923">
        <ele>304.04</ele>
        <time>2026-05-17T08:04:50.000Z</time>
        <extensions>
          <power>210</power>
          <gpxtpx:TrackPointExtension>
            <gpxtpx:atemp>20.6</gpxtpx:atemp>
            <gpxtpx:hr>124</gpxtpx:hr>
            <gpxtpx:cad>74</gpxtpx:cad>
          </gpxtpx:TrackPointExtension>
        </extensions>
      </trkpt>
      <trkpt lat="46.1853177694" lon="7.2356252497">
        <ele>304.12</ele>
        <time>2026-05-17T08:04:51.000Z</time>
        <extensions>
          <power>210</power>
          <gpxtpx:TrackPointExtension>
            <gpxtpx:atemp>20.6</gpxtpx:atemp>
            <gpxtpx:hr>124</gpxtpx:hr>
            <gpxtpx:cad>74</gpxtpx:cad>
          </gpxtpx:TrackPointExtension>
        </extensions>
      </trkpt>
      <trkpt lat="46.1853496918" lon="7.2357224380">
        <ele>304.20</ele>
        <time>2026-05-17T08:04:52.000Z</time>
        <extensions>
          <power>210</power>
          <gpxtpx:TrackPointExtension>
            <gpxtpx:atemp>20.6</gpxtpx:atemp>
            <gpxtpx:hr>124</gpxtpx:hr>
            <gpxtpx:cad>74</gpxtpx:cad>
          </gpxtpx:TrackPointExtension>
        </extensions>
      </trkpt>
      <trkpt lat="46.1853836783" lon="7.2358185003">
        <ele>304.28</ele>
        <time>2026-05-17T08:04:53.000Z</time>
        <extensions>
          <power>210</power>
          <gpxtpx:TrackPointExtension>
            <gpxtpx:atemp>20.6</gpxtpx:atemp>
            <gpxtpx:hr>124</gpxtpx:hr>
            <gpxtpx:cad>74</gpxtpx:cad>
          </gpxtpx:TrackPointExtension>
        </extensions>
      </trkpt>
      <trkpt lat="46.1854170545" lon="7.2359154283">
        <ele>304.36</ele>
        <time>2026-05-17T08:04:54.000Z</time>
        <extensions>
          <power>210</power>
          <gpxtpx:TrackPointExtension>
            <gpxtpx:atemp>20.6</gpxtpx:atemp>
            <gpxtpx:hr>124</gpxtpx:hr>
            <gpxtpx:cad>73</gpxtpx:cad>
          </gpxtpx:TrackPointExtension>
        </extensions>
      </trkpt>
      <trkpt lat="46.1854444328" lon="7.2360055298">
        <ele>304.44</ele>
        <time>2026-05-17T08:04:55.000Z</time>
        <extensions>
          <power>210</power>
          <gpxtpx:TrackPointExtension>
            <gpxtpx:atemp>20.6</gpxtpx:atemp>
            <gpxtpx:hr>124</gpxtpx:hr>
            <gpxtpx:cad>73</gpxtpx:cad>
          </gpxtpx:TrackPointExtension>
        </extensions>
      </trkpt>
      <trkpt lat="46.1854758722" lon="7.2361006510">
        <ele>304.52</ele>
        <time>2026-05-17T08:04:56.000Z</time>
        <extensions>
          <power>210</power>
          <gpxtpx:TrackPointExtension>
            <gpxtpx:atemp>20.6</gpxtpx:atemp>
            <gpxtpx:hr>123</gpxtpx:hr>
            <gpxtpx:cad>73</gpxtpx:cad>
          </gpxtpx:TrackPointExtension>
        </extensions>
      </trkpt>
      <trkpt lat="46.1855084117" lon="7.2361888303">
        <ele>304.60</ele>
        <time>2026-05-17T08:04:57.000Z</time>
        <extensions>
          <power>210</power>
          <gpxtpx:TrackPointExtension>
            <gpxtpx:atemp>20.6</gpxtpx:atemp>
            <gpxtpx:hr>123</gpxtpx:hr>
            <gpxtpx:cad>73</gpxtpx:cad>
          </gpxtpx:TrackPointExtension>
        </extensions>
      </trkpt>
      <trkpt lat="46.1855417263" lon="7.2362873822">
        <ele>304.68</ele>
        <time>2026-05-17T08:04:58.000Z</time>
        <extensions>
          <power>210</power>
          <gpxtpx:TrackPointExtension>
            <gpxtpx:atemp>20.6</gpxtpx:atemp>
            <gpxtpx:hr>123</gpxtpx:hr>
            <gpxtpx:cad>73</gpxtpx:cad>
          </gpxtpx:TrackPointExtension>
        </extensions>
      </trkpt>
      <trkpt lat="46.1855700187" lon="7.2363740587">
        <ele>304.76</ele>
        <time>2026-05-17T08:04:59.000Z</time>
        <extensions>
          <power>210</power>
          <gpxtpx:TrackPointExtension>
            <gpxtpx:atemp>20.6</gpxtpx:atemp>
            <gpxtpx:hr>123</gpxtpx:hr>
            <gpxtpx:cad>73</gpxtpx:cad>
          </gpxtpx:TrackPointExtension>
        </extensions>
      </trkpt>
      <trkpt lat="46.1855973848" lon="7.2364624385">
        <ele>304.84</ele>
        <time>2026-05-17T08:05:00.000Z</time>
        <extensions>
          <power>210</power>
          <gpxtpx:TrackPointExtension>
            <gpxtpx:atemp>20.6</gpxtpx:atemp>
            <gpxtpx:hr>123</gpxtpx:hr>
            <gpxtpx:cad>72</gpxtpx:cad>
          </gpxtpx:TrackPointExtension>
        </extensions>
      </trkpt>
      <trkpt lat="46.1856256041" lon="7.2365503868">
        <ele>304.92</ele>
        <time>2026-05-17T08:05:01.000Z</time>
        <extensions>
          <power>210</power>
          <gpxtpx:TrackPointExtension>
            <gpxtpx:atemp>20.6</gpxtpx:atemp>
            <gpxtpx:hr>123</gpxtpx:hr>
            <gpxtpx:cad>72</gpxtpx:cad>
          </gpxtpx:TrackPointExtension>
        </extensions>
      </trkpt>
      <trkpt lat="46.1856609349" lon="7.2366477441">
        <ele>305.00</ele>
        <time>2026-05-17T08:05:02.000Z</time>
        <extensions>
          <power>210</power>
          <gpxtpx:TrackPointExtension>
            <gpxtpx:atemp>20.6</gpxtpx:atemp>
            <gpxtpx:hr>123</gpxtpx:hr>
            <gpxtpx:cad>72</gpxtpx:cad>
          </gpxtpx:TrackPointExtension>
        </extensions>
      </trkpt>
      <trkpt lat="46.1856940594" lon="7.2367356642">
        <ele>305.08</ele>
        <time>2026-05-17T08:05:03.000Z</time>
        <extensions>
          <power>210</power>
          <gpxtpx:TrackPointExtension>
            <gpxtpx:atemp>20.6</gpxtpx:atemp>
            <gpxtpx:hr>123</gpxtpx:hr>
            <gpxtpx:cad>72</gpxtpx:cad>
          </gpxtpx:TrackPointExtension>
        </extensions>
      </trkpt>
      <trkpt lat="46.1857258347" lon="7.2368282747">
        <ele>305.17</ele>
        <time>2026-05-17T08:05:04.000Z</time>
        <extensions>
          <power>210</power>
          <gpxtpx:TrackPointExtension>
            <gpxtpx:atemp>20.6</gpxtpx:atemp>
            <gpxtpx:hr>123</gpxtpx:hr>
            <gpxtpx:cad>72</gpxtpx:cad>
          </gpxtpx:TrackPointExtension>
        </extensions>
      </trkpt>
      <trkpt lat="46.1857539788" lon="7.2369291288">
        <ele>305.25</ele>
        <time>2026-05-17T08:05:05.000Z</time>
        <extensions>
          <power>210</power>
          <gpxtpx:TrackPointExtension>
            <gpxtpx:atemp>20.6</gpxtpx:atemp>
            <gpxtpx:hr>123</gpxtpx:hr>
            <gpxtpx:cad>71</gpxtpx:cad>
          </gpxtpx:TrackPointExtension>
        </extensions>
      </trkpt>
      <trkpt lat="46.1857852046" lon="7.2370211686">
        <ele>305.33</ele>
        <time>2026-05-17T08:05:06.000Z</time>
        <extensions>
          <power>210</power>
          <gpxtpx:TrackPointExtension>
            <gpxtpx:atemp>20.6</gpxtpx:atemp>
            <gpxtpx:hr>123</gpxtpx:hr>
            <gpxtpx:cad>71</gpxtpx:cad>
          </gpxtpx:TrackPointExtension>
        </extensions>
      </trkpt>
      <trkpt lat="46.1858208862" lon="7.2371217912">
        <ele>305.41</ele>
        <time>2026-05-17T08:05:07.000Z</time>
        <extensions>
          <power>210</power>
          <gpxtpx:TrackPointExtension>
            <gpxtpx:atemp>20.6</gpxtpx:atemp>
            <gpxtpx:hr>122</gpxtpx:hr>
            <gpxtpx:cad>71</gpxtpx:cad>
          </gpxtpx:TrackPointExtension>
        </extensions>
      </trkpt>
      <trkpt lat="46.1858484438" lon="7.2372107932">
        <ele>305.49</ele>
        <time>2026-05-17T08:05:08.000Z</time>
        <extensions>
          <power>210</power>
          <gpxtpx:TrackPointExtension>
            <gpxtpx:atemp>20.6</gpxtpx:atemp>
            <gpxtpx:hr>122</gpxtpx:hr>
            <gpxtpx:cad>71</gpxtpx:cad>
          </gpxtpx:TrackPointExtension>
        </extensions>
      </trkpt>
      <trkpt lat="46.1858790332" lon="7.2373073029">
        <ele>305.57</ele>
        <time>2026-05-17T08:05:09.000Z</time>
        <extensions>
          <power>210</power>
          <gpxtpx:TrackPointExtension>
            <gpxtpx:atemp>20.6</gpxtpx:atemp>
            <gpxtpx:hr>122</gpxtpx:hr>
            <gpxtpx:cad>71</gpxtpx:cad>
          </gpxtpx:TrackPointExtension>
        </extensions>
      </trkpt>
      <trkpt lat="46.1859154703" lon="7.2374029664">
        <ele>305.66</ele>
        <time>2026-05-17T08:05:10.000Z</time>
        <extensions>
          <power>210</power>
          <gpxtpx:TrackPointExtension>
            <gpxtpx:atemp>20.6</gpxtpx:atemp>
            <gpxtpx:hr>122</gpxtpx:hr>
            <gpxtpx:cad>71</gpxtpx:cad>
          </gpxtpx:TrackPointExtension>
        </extensions>
      </trkpt>
      <trkpt lat="46.1859483426" lon="7.2375058452">
        <ele>305.74</ele>
        <time>2026-05-17T08:05:11.000Z</time>
        <extensions>
          <power>210</power>
          <gpxtpx:TrackPointExtension>
            <gpxtpx:atemp>20.6</gpxtpx:atemp>
            <gpxtpx:hr>122</gpxtpx:hr>
            <gpxtpx:cad>70</gpxtpx:cad>
          </gpxtpx:TrackPointExtension>
        </extensions>
      </trkpt>
      <trkpt lat="46.1859829027" lon="7.2375973636">
        <ele>305.82</ele>
        <time>2026-05-17T08:05:12.000Z</time>
        <extensions>
          <power>210</power>
          <gpxtpx:TrackPointExtension>
            <gpxtpx:atemp>20.6</gpxtpx:atemp>
            <gpxtpx:hr>122</gpxtpx:hr>
            <gpxtpx:cad>70</gpxtpx:cad>
          </gpxtpx:TrackPointExtension>
        </extensions>
      </trkpt>
      <trkpt lat="46.1860157288" lon="7.2376879192">
        <ele>305.90</ele>
        <time>2026-05-17T08:05:13.000Z</time>
        <extensions>
          <power>210</power>
          <gpxtpx:TrackPointExtension>
            <gpxtpx:atemp>20.6</gpxtpx:atemp>
            <gpxtpx:hr>122</gpxtpx:hr>
            <gpxtpx:cad>70</gpxtpx:cad>
          </gpxtpx:TrackPointExtension>
        </extensions>
      </trkpt>
      <trkpt lat="46.1860541123" lon="7.2377833061">
        <ele>305.98</ele>
        <time>2026-05-17T08:05:14.000Z</time>
        <extensions>
          <power>210</power>
          <gpxtpx:TrackPointExtension>
            <gpxtpx:atemp>20.6</gpxtpx:atemp>
            <gpxtpx:hr>122</gpxtpx:hr>
            <gpxtpx:cad>70</gpxtpx:cad>
          </gpxtpx:TrackPointExtension>
        </extensions>
      </trkpt>
      <trkpt lat="46.1860867640" lon="7.2378835282">
        <ele>306.07</ele>
        <time>2026-05-17T08:05:15.000Z</time>
        <extensions>
          <power>210</power>
          <gpxtpx:TrackPointExtension>
            <gpxtpx:atemp>20.6</gpxtpx:atemp>
            <gpxtpx:hr>122</gpxtpx:hr>
            <gpxtpx:cad>70</gpxtpx:cad>
          </gpxtpx:TrackPointExtension>
        </extensions>
      </trkpt>
      <trkpt lat="46.1861183835" lon="7.2379800799">
        <ele>306.15</ele>
        <time>2026-05-17T08:05:16.000Z</time>
        <extensions>
          <power>210</power>
          <gpxtpx:TrackPointExtension>
            <gpxtpx:atemp>20.6</gpxtpx:atemp>
            <gpxtpx:hr>122</gpxtpx:hr>
            <gpxtpx:cad>70</gpxtpx:cad>
          </gpxtpx:TrackPointExtension>
        </extensions>
      </trkpt>
      <trkpt lat="46.1861479055" lon="7.2380809632">
        <ele>306.23</ele>
        <time>2026-05-17T08:05:17.000Z</time>
        <extensions>
          <power>210</power>
          <gpxtpx:TrackPointExtension>
            <gpxtpx:atemp>20.6</gpxtpx:atemp>
            <gpxtpx:hr>122</gpxtpx:hr>
            <gpxtpx:cad>70</gpxtpx:cad>
          </gpxtpx:TrackPointExtension>
        </extensions>
      </trkpt>
      <trkpt lat="46.1861765894" lon="7.2381775757">
        <ele>306.31</ele>
        <time>2026-05-17T08:05:18.000Z</time>
        <extensions>
          <power>210</power>
          <gpxtpx:TrackPointExtension>
            <gpxtpx:atemp>20.6</gpxtpx:atemp>
            <gpxtpx:hr>122</gpxtpx:hr>
            <gpxtpx:cad>70</gpxtpx:cad>
          </gpxtpx:TrackPointExtension>
        </extensions>
      </trkpt>
      <trkpt lat="46.1862153457" lon="7.2382666710">
        <ele>306.40</ele>
        <time>2026-05-17T08:05:19.000Z</time>
        <extensions>
          <power>210</power>
          <gpxtpx:TrackPointExtension>
            <gpxtpx:atemp>20.6</gpxtpx:atemp>
            <gpxtpx:hr>121</gpxtpx:hr>
            <gpxtpx:cad>69</gpxtpx:cad>
          </gpxtpx:TrackPointExtension>
        </extensions>
      </trkpt>
      <trkpt lat="46.1862517363" lon="7.2383667971">
        <ele>306.48</ele>
        <time>2026-05-17T08:05:20.000Z</time>
        <extensions>
          <power>210</power>
          <gpxtpx:TrackPointExtension>
            <gpxtpx:atemp>20.6</gpxtpx:atemp>
            <gpxtpx:hr>121</gpxtpx:hr>
            <gpxtpx:cad>69</gpxtpx:cad>
          </gpxtpx:TrackPointExtension>
        </extensions>
      </trkpt>
      <trkpt lat="46.1862904846" lon="7.2384661148">
        <ele>306.56</ele>
        <time>2026-05-17T08:05:21.000Z</time>
        <extensions>
          <power>210</power>
          <gpxtpx:TrackPointExtension>
            <gpxtpx:atemp>20.7</gpxtpx:atemp>
            <gpxtpx:hr>121</gpxtpx:hr>
            <gpxtpx:cad>69</gpxtpx:cad>
          </gpxtpx:TrackPointExtension>
        </extensions>
      </trkpt>
      <trkpt lat="46.1863219218" lon="7.2385629374">
        <ele>306.64</ele>
        <time>2026-05-17T08:05:22.000Z</time>
        <extensions>
          <power>210</power>
          <gpxtpx:TrackPointExtension>
            <gpxtpx:atemp>20.7</gpxtpx:atemp>
            <gpxtpx:hr>121</gpxtpx:hr>
            <gpxtpx:cad>69</gpxtpx:cad>
          </gpxtpx:TrackPointExtension>
        </extensions>
      </trkpt>
      <trkpt lat="46.1863591901" lon="7.2386652767">
        <ele>306.73</ele>
        <time>2026-05-17T08:05:23.000Z</time>
        <extensions>
          <power>210</power>
          <gpxtpx:TrackPointExtension>
            <gpxtpx:atemp>20.7</gpxtpx:atemp>
            <gpxtpx:hr>121</gpxtpx:hr>
            <gpxtpx:cad>69</gpxtpx:cad>
          </gpxtpx:TrackPointExtension>
        </extensions>
      </trkpt>
      <trkpt lat="46.1863921454" lon="7.2387604911">
        <ele>306.81</ele>
        <time>2026-05-17T08:05:24.000Z</time>
        <extensions>
          <power>210</power>
          <gpxtpx:TrackPointExtension>
            <gpxtpx:atemp>20.7</gpxtpx:atemp>
            <gpxtpx:hr>121</gpxtpx:hr>
            <gpxtpx:cad>69</gpxtpx:cad>
          </gpxtpx:TrackPointExtension>
        </extensions>
      </trkpt>
      <trkpt lat="46.1864235992" lon="7.2388580191">
        <ele>306.89</ele>
        <time>2026-05-17T08:05:25.000Z</time>
        <extensions>
          <power>210</power>
          <gpxtpx:TrackPointExtension>
            <gpxtpx:atemp>20.7</gpxtpx:atemp>
            <gpxtpx:hr>121</gpxtpx:hr>
            <gpxtpx:cad>69</gpxtpx:cad>
          </gpxtpx:TrackPointExtension>
        </extensions>
      </trkpt>
      <trkpt lat="46.1864613227" lon="7.2389537155">
        <ele>306.98</ele>
        <time>2026-05-17T08:05:26.000Z</time>
        <extensions>
          <power>210</power>
          <gpxtpx:TrackPointExtension>
            <gpxtpx:atemp>20.7</gpxtpx:atemp>
            <gpxtpx:hr>121</gpxtpx:hr>
            <gpxtpx:cad>69</gpxtpx:cad>
          </gpxtpx:TrackPointExtension>
        </extensions>
      </trkpt>
      <trkpt lat="46.1864953086" lon="7.2390530973">
        <ele>307.06</ele>
        <time>2026-05-17T08:05:27.000Z</time>
        <extensions>
          <power>210</power>
          <gpxtpx:TrackPointExtension>
            <gpxtpx:atemp>20.7</gpxtpx:atemp>
            <gpxtpx:hr>121</gpxtpx:hr>
            <gpxtpx:cad>69</gpxtpx:cad>
          </gpxtpx:TrackPointExtension>
        </extensions>
      </trkpt>
      <trkpt lat="46.1865312501" lon="7.2391530780">
        <ele>307.14</ele>
        <time>2026-05-17T08:05:28.000Z</time>
        <extensions>
          <power>210</power>
          <gpxtpx:TrackPointExtension>
            <gpxtpx:atemp>20.7</gpxtpx:atemp>
            <gpxtpx:hr>121</gpxtpx:hr>
            <gpxtpx:cad>69</gpxtpx:cad>
          </gpxtpx:TrackPointExtension>
        </extensions>
      </trkpt>
      <trkpt lat="46.1865654822" lon="7.2392511489">
        <ele>307.23</ele>
        <time>2026-05-17T08:05:29.000Z</time>
        <extensions>
          <power>210</power>
          <gpxtpx:TrackPointExtension>
            <gpxtpx:atemp>20.7</gpxtpx:atemp>
            <gpxtpx:hr>121</gpxtpx:hr>
            <gpxtpx:cad>68</gpxtpx:cad>
          </gpxtpx:TrackPointExtension>
        </extensions>
      </trkpt>
      <trkpt lat="46.1866051162" lon="7.2393526122">
        <ele>307.31</ele>
        <time>2026-05-17T08:05:30.000Z</time>
        <extensions>
          <power>210</power>
          <gpxtpx:TrackPointExtension>
            <gpxtpx:atemp>20.7</gpxtpx:atemp>
            <gpxtpx:hr>121</gpxtpx:hr>
            <gpxtpx:cad>68</gpxtpx:cad>
          </gpxtpx:TrackPointExtension>
        </extensions>
      </trkpt>
      <trkpt lat="46.1866452201" lon="7.2394457238">
        <ele>307.39</ele>
        <time>2026-05-17T08:05:31.000Z</time>
        <extensions>
          <power>210</power>
          <gpxtpx:TrackPointExtension>
            <gpxtpx:atemp>20.7</gpxtpx:atemp>
            <gpxtpx:hr>121</gpxtpx:hr>
            <gpxtpx:cad>68</gpxtpx:cad>
          </gpxtpx:TrackPointExtension>
        </extensions>
      </trkpt>
      <trkpt lat="46.1866878413" lon="7.2395381996">
        <ele>307.48</ele>
        <time>2026-05-17T08:05:32.000Z</time>
        <extensions>
          <power>210</power>
          <gpxtpx:TrackPointExtension>
            <gpxtpx:atemp>20.7</gpxtpx:atemp>
            <gpxtpx:hr>121</gpxtpx:hr>
            <gpxtpx:cad>68</gpxtpx:cad>
          </gpxtpx:TrackPointExtension>
        </extensions>
      </trkpt>
      <trkpt lat="46.1867234459" lon="7.2396266589">
        <ele>307.56</ele>
        <time>2026-05-17T08:05:33.000Z</time>
        <extensions>
          <power>210</power>
          <gpxtpx:TrackPointExtension>
            <gpxtpx:atemp>20.7</gpxtpx:atemp>
            <gpxtpx:hr>121</gpxtpx:hr>
            <gpxtpx:cad>68</gpxtpx:cad>
          </gpxtpx:TrackPointExtension>
        </extensions>
      </trkpt>
      <trkpt lat="46.1867594398" lon="7.2397168983">
        <ele>307.64</ele>
        <time>2026-05-17T08:05:34.000Z</time>
        <extensions>
          <power>210</power>
          <gpxtpx:TrackPointExtension>
            <gpxtpx:atemp>20.7</gpxtpx:atemp>
            <gpxtpx:hr>121</gpxtpx:hr>
            <gpxtpx:cad>68</gpxtpx:cad>
          </gpxtpx:TrackPointExtension>
        </extensions>
      </trkpt>
      <trkpt lat="46.1867976308" lon="7.2398077982">
        <ele>307.73</ele>
        <time>2026-05-17T08:05:35.000Z</time>
        <extensions>
          <power>210</power>
          <gpxtpx:TrackPointExtension>
            <gpxtpx:atemp>20.7</gpxtpx:atemp>
            <gpxtpx:hr>120</gpxtpx:hr>
            <gpxtpx:cad>68</gpxtpx:cad>
          </gpxtpx:TrackPointExtension>
        </extensions>
      </trkpt>
      <trkpt lat="46.1868392587" lon="7.2399077345">
        <ele>307.81</ele>
        <time>2026-05-17T08:05:36.000Z</time>
        <extensions>
          <power>210</power>
          <gpxtpx:TrackPointExtension>
            <gpxtpx:atemp>20.7</gpxtpx:atemp>
            <gpxtpx:hr>120</gpxtpx:hr>
            <gpxtpx:cad>68</gpxtpx:cad>
          </gpxtpx:TrackPointExtension>
        </extensions>
      </trkpt>
      <trkpt lat="46.1868758844" lon="7.2400075859">
        <ele>307.90</ele>
        <time>2026-05-17T08:05:37.000Z</time>
        <extensions>
          <power>210</power>
          <gpxtpx:TrackPointExtension>
            <gpxtpx:atemp>20.7</gpxtpx:atemp>
            <gpxtpx:hr>120</gpxtpx:hr>
            <gpxtpx:cad>68</gpxtpx:cad>
          </gpxtpx:TrackPointExtension>
        </extensions>
      </trkpt>
      <trkpt lat="46.1869175280" lon="7.2400953769">
        <ele>307.98</ele>
        <time>2026-05-17T08:05:38.000Z</time>
        <extensions>
          <power>210</power>
          <gpxtpx:TrackPointExtension>
            <gpxtpx:atemp>20.7</gpxtpx:atemp>
            <gpxtpx:hr>120</gpxtpx:hr>
            <gpxtpx:cad>68</gpxtpx:cad>
          </gpxtpx:TrackPointExtension>
        </extensions>
      </trkpt>
      <trkpt lat="46.1869592102" lon="7.2401872576">
        <ele>308.06</ele>
        <time>2026-05-17T08:05:39.000Z</time>
        <extensions>
          <power>210</power>
          <gpxtpx:TrackPointExtension>
            <gpxtpx:atemp>20.7</gpxtpx:atemp>
            <gpxtpx:hr>120</gpxtpx:hr>
            <gpxtpx:cad>68</gpxtpx:cad>
          </gpxtpx:TrackPointExtension>
        </extensions>
      </trkpt>
      <trkpt lat="46.1870003201" lon="7.2402722139">
        <ele>308.15</ele>
        <time>2026-05-17T08:05:40.000Z</time>
        <extensions>
          <power>210</power>
          <gpxtpx:TrackPointExtension>
            <gpxtpx:atemp>20.7</gpxtpx:atemp>
            <gpxtpx:hr>120</gpxtpx:hr>
            <gpxtpx:cad>68</gpxtpx:cad>
          </gpxtpx:TrackPointExtension>
        </extensions>
      </trkpt>
      <trkpt lat="46.1870398191" lon="7.2403574308">
        <ele>308.23</ele>
        <time>2026-05-17T08:05:41.000Z</time>
        <extensions>
          <power>210</power>
          <gpxtpx:TrackPointExtension>
            <gpxtpx:atemp>20.7</gpxtpx:atemp>
            <gpxtpx:hr>120</gpxtpx:hr>
            <gpxtpx:cad>68</gpxtpx:cad>
          </gpxtpx:TrackPointExtension>
        </extensions>
      </trkpt>
      <trkpt lat="46.1870774893" lon="7.2404429586">
        <ele>308.31</ele>
        <time>2026-05-17T08:05:42.000Z</time>
        <extensions>
          <power>210</power>
          <gpxtpx:TrackPointExtension>
            <gpxtpx:atemp>20.7</gpxtpx:atemp>
            <gpxtpx:hr>120</gpxtpx:hr>
            <gpxtpx:cad>68</gpxtpx:cad>
          </gpxtpx:TrackPointExtension>
        </extensions>
      </trkpt>
      <trkpt lat="46.1871158316" lon="7.2405323610">
        <ele>308.40</ele>
        <time>2026-05-17T08:05:43.000Z</time>
        <extensions>
          <power>210</power>
          <gpxtpx:TrackPointExtension>
            <gpxtpx:atemp>20.7</gpxtpx:atemp>
            <gpxtpx:hr>120</gpxtpx:hr>
            <gpxtpx:cad>68</gpxtpx:cad>
          </gpxtpx:TrackPointExtension>
        </extensions>
      </trkpt>
      <trkpt lat="46.1871588769" lon="7.2406193255">
        <ele>308.48</ele>
        <time>2026-05-17T08:05:44.000Z</time>
        <extensions>
          <power>210</power>
          <gpxtpx:TrackPointExtension>
            <gpxtpx:atemp>20.7</gpxtpx:atemp>
            <gpxtpx:hr>120</gpxtpx:hr>
            <gpxtpx:cad>68</gpxtpx:cad>
          </gpxtpx:TrackPointExtension>
        </extensions>
      </trkpt>
      <trkpt lat="46.1872010291" lon="7.2407167662">
        <ele>308.57</ele>
        <time>2026-05-17T08:05:45.000Z</time>
        <extensions>
          <power>210</power>
          <gpxtpx:TrackPointExtension>
            <gpxtpx:atemp>20.7</gpxtpx:atemp>
            <gpxtpx:hr>120</gpxtpx:hr>
            <gpxtpx:cad>68</gpxtpx:cad>
          </gpxtpx:TrackPointExtension>
        </extensions>
      </trkpt>
      <trkpt lat="46.1872451230" lon="7.2408091583">
        <ele>308.65</ele>
        <time>2026-05-17T08:05:46.000Z</time>
        <extensions>
          <power>210</power>
          <gpxtpx:TrackPointExtension>
            <gpxtpx:atemp>20.7</gpxtpx:atemp>
            <gpxtpx:hr>120</gpxtpx:hr>
            <gpxtpx:cad>68</gpxtpx:cad>
          </gpxtpx:TrackPointExtension>
        </extensions>
      </trkpt>
      <trkpt lat="46.1872883170" lon="7.2409056059">
        <ele>308.73</ele>
        <time>2026-05-17T08:05:47.000Z</time>
        <extensions>
          <power>210</power>
          <gpxtpx:TrackPointExtension>
            <gpxtpx:atemp>20.7</gpxtpx:atemp>
            <gpxtpx:hr>120</gpxtpx:hr>
            <gpxtpx:cad>68</gpxtpx:cad>
          </gpxtpx:TrackPointExtension>
        </extensions>
      </trkpt>
      <trkpt lat="46.1873345581" lon="7.2410022039">
        <ele>308.82</ele>
        <time>2026-05-17T08:05:48.000Z</time>
        <extensions>
          <power>210</power>
          <gpxtpx:TrackPointExtension>
            <gpxtpx:atemp>20.7</gpxtpx:atemp>
            <gpxtpx:hr>120</gpxtpx:hr>
            <gpxtpx:cad>68</gpxtpx:cad>
          </gpxtpx:TrackPointExtension>
        </extensions>
      </trkpt>
      <trkpt lat="46.1873750429" lon="7.2410873074">
        <ele>308.90</ele>
        <time>2026-05-17T08:05:49.000Z</time>
        <extensions>
          <power>210</power>
          <gpxtpx:TrackPointExtension>
            <gpxtpx:atemp>20.7</gpxtpx:atemp>
            <gpxtpx:hr>120</gpxtpx:hr>
            <gpxtpx:cad>68</gpxtpx:cad>
          </gpxtpx:TrackPointExtension>
        </extensions>
      </trkpt>
      <trkpt lat="46.1874193130" lon="7.2411736008">
        <ele>308.99</ele>
        <time>2026-05-17T08:05:50.000Z</time>
        <extensions>
          <power>210</power>
          <gpxtpx:TrackPointExtension>
            <gpxtpx:atemp>20.7</gpxtpx:atemp>
            <gpxtpx:hr>120</gpxtpx:hr>
            <gpxtpx:cad>68</gpxtpx:cad>
          </gpxtpx:TrackPointExtension>
        </extensions>
      </trkpt>
      <trkpt lat="46.1874665807" lon="7.2412633843">
        <ele>309.07</ele>
        <time>2026-05-17T08:05:51.000Z</time>
        <extensions>
          <power>210</power>
          <gpxtpx:TrackPointExtension>
            <gpxtpx:atemp>20.7</gpxtpx:atemp>
            <gpxtpx:hr>120</gpxtpx:hr>
            <gpxtpx:cad>68</gpxtpx:cad>
          </gpxtpx:TrackPointExtension>
        </extensions>
      </trkpt>
      <trkpt lat="46.1875126094" lon="7.2413516802">
        <ele>309.15</ele>
        <time>2026-05-17T08:05:52.000Z</time>
        <extensions>
          <power>210</power>
          <gpxtpx:TrackPointExtension>
            <gpxtpx:atemp>20.7</gpxtpx:atemp>
            <gpxtpx:hr>120</gpxtpx:hr>
            <gpxtpx:cad>68</gpxtpx:cad>
          </gpxtpx:TrackPointExtension>
        </extensions>
      </trkpt>
      <trkpt lat="46.1875612452" lon="7.2414398800">
        <ele>309.24</ele>
        <time>2026-05-17T08:05:53.000Z</time>
        <extensions>
          <power>210</power>
          <gpxtpx:TrackPointExtension>
            <gpxtpx:atemp>20.7</gpxtpx:atemp>
            <gpxtpx:hr>120</gpxtpx:hr>
            <gpxtpx:cad>68</gpxtpx:cad>
          </gpxtpx:TrackPointExtension>
        </extensions>
      </trkpt>
      <trkpt lat="46.1876091563" lon="7.2415216832">
        <ele>309.32</ele>
        <time>2026-05-17T08:05:54.000Z</time>
        <extensions>
          <power>210</power>
          <gpxtpx:TrackPointExtension>
            <gpxtpx:atemp>20.7</gpxtpx:atemp>
            <gpxtpx:hr>120</gpxtpx:hr>
            <gpxtpx:cad>68</gpxtpx:cad>
          </gpxtpx:TrackPointExtension>
        </extensions>
      </trkpt>
      <trkpt lat="46.1876499160" lon="7.2416016768">
        <ele>309.41</ele>
        <time>2026-05-17T08:05:55.000Z</time>
        <extensions>
          <power>210</power>
          <gpxtpx:TrackPointExtension>
            <gpxtpx:atemp>20.7</gpxtpx:atemp>
            <gpxtpx:hr>120</gpxtpx:hr>
            <gpxtpx:cad>68</gpxtpx:cad>
          </gpxtpx:TrackPointExtension>
        </extensions>
      </trkpt>
      <trkpt lat="46.1876934332" lon="7.2416837020">
        <ele>309.49</ele>
        <time>2026-05-17T08:05:56.000Z</time>
        <extensions>
          <power>210</power>
          <gpxtpx:TrackPointExtension>
            <gpxtpx:atemp>20.7</gpxtpx:atemp>
            <gpxtpx:hr>120</gpxtpx:hr>
            <gpxtpx:cad>68</gpxtpx:cad>
          </gpxtpx:TrackPointExtension>
        </extensions>
      </trkpt>
      <trkpt lat="46.1877379979" lon="7.2417632263">
        <ele>309.57</ele>
        <time>2026-05-17T08:05:57.000Z</time>
        <extensions>
          <power>210</power>
          <gpxtpx:TrackPointExtension>
            <gpxtpx:atemp>20.7</gpxtpx:atemp>
            <gpxtpx:hr>120</gpxtpx:hr>
            <gpxtpx:cad>69</gpxtpx:cad>
          </gpxtpx:TrackPointExtension>
        </extensions>
      </trkpt>
      <trkpt lat="46.1877835686" lon="7.2418525157">
        <ele>309.66</ele>
        <time>2026-05-17T08:05:58.000Z</time>
        <extensions>
          <power>210</power>
          <gpxtpx:TrackPointExtension>
            <gpxtpx:atemp>20.7</gpxtpx:atemp>
            <gpxtpx:hr>120</gpxtpx:hr>
            <gpxtpx:cad>69</gpxtpx:cad>
          </gpxtpx:TrackPointExtension>
        </extensions>
      </trkpt>
      <trkpt lat="46.1878301039" lon="7.2419423143">
        <ele>309.74</ele>
        <time>2026-05-17T08:05:59.000Z</time>
        <extensions>
          <power>210</power>
          <gpxtpx:TrackPointExtension>
            <gpxtpx:atemp>20.7</gpxtpx:atemp>
            <gpxtpx:hr>120</gpxtpx:hr>
            <gpxtpx:cad>69</gpxtpx:cad>
          </gpxtpx:TrackPointExtension>
        </extensions>
      </trkpt>
      <trkpt lat="46.1878778699" lon="7.2420348937">
        <ele>309.83</ele>
        <time>2026-05-17T08:06:00.000Z</time>
        <extensions>
          <power>210</power>
          <gpxtpx:TrackPointExtension>
            <gpxtpx:atemp>20.7</gpxtpx:atemp>
            <gpxtpx:hr>120</gpxtpx:hr>
            <gpxtpx:cad>69</gpxtpx:cad>
          </gpxtpx:TrackPointExtension>
        </extensions>
      </trkpt>
      <trkpt lat="46.1879258540" lon="7.2421154381">
        <ele>309.91</ele>
        <time>2026-05-17T08:06:01.000Z</time>
        <extensions>
          <power>210</power>
          <gpxtpx:TrackPointExtension>
            <gpxtpx:atemp>20.7</gpxtpx:atemp>
            <gpxtpx:hr>120</gpxtpx:hr>
            <gpxtpx:cad>69</gpxtpx:cad>
          </gpxtpx:TrackPointExtension>
        </extensions>
      </trkpt>
      <trkpt lat="46.1879751439" lon="7.2422007709">
        <ele>309.99</ele>
        <time>2026-05-17T08:06:02.000Z</time>
        <extensions>
          <power>210</power>
          <gpxtpx:TrackPointExtension>
            <gpxtpx:atemp>20.7</gpxtpx:atemp>
            <gpxtpx:hr>120</gpxtpx:hr>
            <gpxtpx:cad>69</gpxtpx:cad>
          </gpxtpx:TrackPointExtension>
        </extensions>
      </trkpt>
      <trkpt lat="46.1880268533" lon="7.2422818109">
        <ele>310.08</ele>
        <time>2026-05-17T08:06:03.000Z</time>
        <extensions>
          <power>210</power>
          <gpxtpx:TrackPointExtension>
            <gpxtpx:atemp>20.7</gpxtpx:atemp>
            <gpxtpx:hr>120</gpxtpx:hr>
            <gpxtpx:cad>69</gpxtpx:cad>
          </gpxtpx:TrackPointExtension>
        </extensions>
      </trkpt>
      <trkpt lat="46.1880707407" lon="7.2423624527">
        <ele>310.16</ele>
        <time>2026-05-17T08:06:04.000Z</time>
        <extensions>
          <power>210</power>
          <gpxtpx:TrackPointExtension>
            <gpxtpx:atemp>20.7</gpxtpx:atemp>
            <gpxtpx:hr>120</gpxtpx:hr>
            <gpxtpx:cad>69</gpxtpx:cad>
          </gpxtpx:TrackPointExtension>
        </extensions>
      </trkpt>
      <trkpt lat="46.1881159506" lon="7.2424411591">
        <ele>310.24</ele>
        <time>2026-05-17T08:06:05.000Z</time>
        <extensions>
          <power>210</power>
          <gpxtpx:TrackPointExtension>
            <gpxtpx:atemp>20.7</gpxtpx:atemp>
            <gpxtpx:hr>120</gpxtpx:hr>
            <gpxtpx:cad>69</gpxtpx:cad>
          </gpxtpx:TrackPointExtension>
        </extensions>
      </trkpt>
      <trkpt lat="46.1881677295" lon="7.2425193623">
        <ele>310.33</ele>
        <time>2026-05-17T08:06:06.000Z</time>
        <extensions>
          <power>210</power>
          <gpxtpx:TrackPointExtension>
            <gpxtpx:atemp>20.7</gpxtpx:atemp>
            <gpxtpx:hr>120</gpxtpx:hr>
            <gpxtpx:cad>69</gpxtpx:cad>
          </gpxtpx:TrackPointExtension>
        </extensions>
      </trkpt>
      <trkpt lat="46.1882103926" lon="7.2425966867">
        <ele>310.41</ele>
        <time>2026-05-17T08:06:07.000Z</time>
        <extensions>
          <power>210</power>
          <gpxtpx:TrackPointExtension>
            <gpxtpx:atemp>20.7</gpxtpx:atemp>
            <gpxtpx:hr>120</gpxtpx:hr>
            <gpxtpx:cad>70</gpxtpx:cad>
          </gpxtpx:TrackPointExtension>
        </extensions>
      </trkpt>
      <trkpt lat="46.1882579067" lon="7.2426851281">
        <ele>310.50</ele>
        <time>2026-05-17T08:06:08.000Z</time>
        <extensions>
          <power>210</power>
          <gpxtpx:TrackPointExtension>
            <gpxtpx:atemp>20.7</gpxtpx:atemp>
            <gpxtpx:hr>120</gpxtpx:hr>
            <gpxtpx:cad>70</gpxtpx:cad>
          </gpxtpx:TrackPointExtension>
        </extensions>
      </trkpt>
      <trkpt lat="46.1883051912" lon="7.2427687354">
        <ele>310.58</ele>
        <time>2026-05-17T08:06:09.000Z</time>
        <extensions>
          <power>210</power>
          <gpxtpx:TrackPointExtension>
            <gpxtpx:atemp>20.7</gpxtpx:atemp>
            <gpxtpx:hr>120</gpxtpx:hr>
            <gpxtpx:cad>70</gpxtpx:cad>
          </gpxtpx:TrackPointExtension>
        </extensions>
      </trkpt>
      <trkpt lat="46.1883565576" lon="7.2428464246">
        <ele>310.66</ele>
        <time>2026-05-17T08:06:10.000Z</time>
        <extensions>
          <power>210</power>
          <gpxtpx:TrackPointExtension>
            <gpxtpx:atemp>20.7</gpxtpx:atemp>
            <gpxtpx:hr>120</gpxtpx:hr>
            <gpxtpx:cad>70</gpxtpx:cad>
          </gpxtpx:TrackPointExtension>
        </extensions>
      </trkpt>
      <trkpt lat="46.1884082173" lon="7.2429219056">
        <ele>310.75</ele>
        <time>2026-05-17T08:06:11.000Z</time>
        <extensions>
          <power>210</power>
          <gpxtpx:TrackPointExtension>
            <gpxtpx:atemp>20.7</gpxtpx:atemp>
            <gpxtpx:hr>120</gpxtpx:hr>
            <gpxtpx:cad>70</gpxtpx:cad>
          </gpxtpx:TrackPointExtension>
        </extensions>
      </trkpt>
      <trkpt lat="46.1884608807" lon="7.2430041898">
        <ele>310.83</ele>
        <time>2026-05-17T08:06:12.000Z</time>
        <extensions>
          <power>210</power>
          <gpxtpx:TrackPointExtension>
            <gpxtpx:atemp>20.7</gpxtpx:atemp>
            <gpxtpx:hr>120</gpxtpx:hr>
            <gpxtpx:cad>70</gpxtpx:cad>
          </gpxtpx:TrackPointExtension>
        </extensions>
      </trkpt>
      <trkpt lat="46.1885114140" lon="7.2430849704">
        <ele>310.91</ele>
        <time>2026-05-17T08:06:13.000Z</time>
        <extensions>
          <power>210</power>
          <gpxtpx:TrackPointExtension>
            <gpxtpx:atemp>20.7</gpxtpx:atemp>
            <gpxtpx:hr>120</gpxtpx:hr>
            <gpxtpx:cad>70</gpxtpx:cad>
          </gpxtpx:TrackPointExtension>
        </extensions>
      </trkpt>
      <trkpt lat="46.1885603274" lon="7.2431650008">
        <ele>311.00</ele>
        <time>2026-05-17T08:06:14.000Z</time>
        <extensions>
          <power>210</power>
          <gpxtpx:TrackPointExtension>
            <gpxtpx:atemp>20.7</gpxtpx:atemp>
            <gpxtpx:hr>120</gpxtpx:hr>
            <gpxtpx:cad>70</gpxtpx:cad>
          </gpxtpx:TrackPointExtension>
        </extensions>
      </trkpt>
      <trkpt lat="46.1886090468" lon="7.2432469138">
        <ele>311.08</ele>
        <time>2026-05-17T08:06:15.000Z</time>
        <extensions>
          <power>210</power>
          <gpxtpx:TrackPointExtension>
            <gpxtpx:atemp>20.7</gpxtpx:atemp>
            <gpxtpx:hr>120</gpxtpx:hr>
            <gpxtpx:cad>71</gpxtpx:cad>
          </gpxtpx:TrackPointExtension>
        </extensions>
      </trkpt>
      <trkpt lat="46.1886608585" lon="7.2433261556">
        <ele>311.16</ele>
        <time>2026-05-17T08:06:16.000Z</time>
        <extensions>
          <power>210</power>
          <gpxtpx:TrackPointExtension>
            <gpxtpx:atemp>20.7</gpxtpx:atemp>
            <gpxtpx:hr>120</gpxtpx:hr>
            <gpxtpx:cad>71</gpxtpx:cad>
          </gpxtpx:TrackPointExtension>
        </extensions>
      </trkpt>
      <trkpt lat="46.1887080082" lon="7.2434031737">
        <ele>311.25</ele>
        <time>2026-05-17T08:06:17.000Z</time>
        <extensions>
          <power>210</power>
          <gpxtpx:TrackPointExtension>
            <gpxtpx:atemp>20.7</gpxtpx:atemp>
            <gpxtpx:hr>120</gpxtpx:hr>
            <gpxtpx:cad>71</gpxtpx:cad>
          </gpxtpx:TrackPointExtension>
        </extensions>
      </trkpt>
      <trkpt lat="46.1887624723" lon="7.2434837377">
        <ele>311.33</ele>
        <time>2026-05-17T08:06:18.000Z</time>
        <extensions>
          <power>210</power>
          <gpxtpx:TrackPointExtension>
            <gpxtpx:atemp>20.7</gpxtpx:atemp>
            <gpxtpx:hr>120</gpxtpx:hr>
            <gpxtpx:cad>71</gpxtpx:cad>
          </gpxtpx:TrackPointExtension>
        </extensions>
      </trkpt>
      <trkpt lat="46.1888078345" lon="7.2435620312">
        <ele>311.41</ele>
        <time>2026-05-17T08:06:19.000Z</time>
        <extensions>
          <power>210</power>
          <gpxtpx:TrackPointExtension>
            <gpxtpx:atemp>20.7</gpxtpx:atemp>
            <gpxtpx:hr>120</gpxtpx:hr>
            <gpxtpx:cad>71</gpxtpx:cad>
          </gpxtpx:TrackPointExtension>
        </extensions>
      </trkpt>
      <trkpt lat="46.1888588966" lon="7.2436456333">
        <ele>311.49</ele>
        <time>2026-05-17T08:06:20.000Z</time>
        <extensions>
          <power>210</power>
          <gpxtpx:TrackPointExtension>
            <gpxtpx:atemp>20.7</gpxtpx:atemp>
            <gpxtpx:hr>120</gpxtpx:hr>
            <gpxtpx:cad>71</gpxtpx:cad>
          </gpxtpx:TrackPointExtension>
        </extensions>
      </trkpt>
      <trkpt lat="46.1889073422" lon="7.2437187144">
        <ele>311.58</ele>
        <time>2026-05-17T08:06:21.000Z</time>
        <extensions>
          <power>210</power>
          <gpxtpx:TrackPointExtension>
            <gpxtpx:atemp>20.7</gpxtpx:atemp>
            <gpxtpx:hr>120</gpxtpx:hr>
            <gpxtpx:cad>72</gpxtpx:cad>
          </gpxtpx:TrackPointExtension>
        </extensions>
      </trkpt>
      <trkpt lat="46.1889541393" lon="7.2438002767">
        <ele>311.66</ele>
        <time>2026-05-17T08:06:22.000Z</time>
        <extensions>
          <power>210</power>
          <gpxtpx:TrackPointExtension>
            <gpxtpx:atemp>20.7</gpxtpx:atemp>
            <gpxtpx:hr>120</gpxtpx:hr>
            <gpxtpx:cad>72</gpxtpx:cad>
          </gpxtpx:TrackPointExtension>
        </extensions>
      </trkpt>
      <trkpt lat="46.1889989650" lon="7.2438832912">
        <ele>311.74</ele>
        <time>2026-05-17T08:06:23.000Z</time>
        <extensions>
          <power>210</power>
          <gpxtpx:TrackPointExtension>
            <gpxtpx:atemp>20.7</gpxtpx:atemp>
            <gpxtpx:hr>120</gpxtpx:hr>
            <gpxtpx:cad>72</gpxtpx:cad>
          </gpxtpx:TrackPointExtension>
        </extensions>
      </trkpt>
      <trkpt lat="46.1890480136" lon="7.2439594561">
        <ele>311.82</ele>
        <time>2026-05-17T08:06:24.000Z</time>
        <extensions>
          <power>210</power>
          <gpxtpx:TrackPointExtension>
            <gpxtpx:atemp>20.7</gpxtpx:atemp>
            <gpxtpx:hr>120</gpxtpx:hr>
            <gpxtpx:cad>72</gpxtpx:cad>
          </gpxtpx:TrackPointExtension>
        </extensions>
      </trkpt>
      <trkpt lat="46.1891004077" lon="7.2440431422">
        <ele>311.91</ele>
        <time>2026-05-17T08:06:25.000Z</time>
        <extensions>
          <power>210</power>
          <gpxtpx:TrackPointExtension>
            <gpxtpx:atemp>20.7</gpxtpx:atemp>
            <gpxtpx:hr>120</gpxtpx:hr>
            <gpxtpx:cad>72</gpxtpx:cad>
          </gpxtpx:TrackPointExtension>
        </extensions>
      </trkpt>
      <trkpt lat="46.1891487997" lon="7.2441180755">
        <ele>311.99</ele>
        <time>2026-05-17T08:06:26.000Z</time>
        <extensions>
          <power>210</power>
          <gpxtpx:TrackPointExtension>
            <gpxtpx:atemp>20.7</gpxtpx:atemp>
            <gpxtpx:hr>120</gpxtpx:hr>
            <gpxtpx:cad>72</gpxtpx:cad>
          </gpxtpx:TrackPointExtension>
        </extensions>
      </trkpt>
      <trkpt lat="46.1891940947" lon="7.2442028660">
        <ele>312.07</ele>
        <time>2026-05-17T08:06:27.000Z</time>
        <extensions>
          <power>210</power>
          <gpxtpx:TrackPointExtension>
            <gpxtpx:atemp>20.7</gpxtpx:atemp>
            <gpxtpx:hr>120</gpxtpx:hr>
            <gpxtpx:cad>73</gpxtpx:cad>
          </gpxtpx:TrackPointExtension>
        </extensions>
      </trkpt>
      <trkpt lat="46.1892480603" lon="7.2442816024">
        <ele>312.15</ele>
        <time>2026-05-17T08:06:28.000Z</time>
        <extensions>
          <power>210</power>
          <gpxtpx:TrackPointExtension>
            <gpxtpx:atemp>20.7</gpxtpx:atemp>
            <gpxtpx:hr>120</gpxtpx:hr>
            <gpxtpx:cad>73</gpxtpx:cad>
          </gpxtpx:TrackPointExtension>
        </extensions>
      </trkpt>
      <trkpt lat="46.1893008101" lon="7.2443607575">
        <ele>312.24</ele>
        <time>2026-05-17T08:06:29.000Z</time>
        <extensions>
          <power>210</power>
          <gpxtpx:TrackPointExtension>
            <gpxtpx:atemp>20.7</gpxtpx:atemp>
            <gpxtpx:hr>120</gpxtpx:hr>
            <gpxtpx:cad>73</gpxtpx:cad>
          </gpxtpx:TrackPointExtension>
        </extensions>
      </trkpt>
      <trkpt lat="46.1893465733" lon="7.2444464139">
        <ele>312.32</ele>
        <time>2026-05-17T08:06:30.000Z</time>
        <extensions>
          <power>210</power>
          <gpxtpx:TrackPointExtension>
            <gpxtpx:atemp>20.7</gpxtpx:atemp>
            <gpxtpx:hr>120</gpxtpx:hr>
            <gpxtpx:cad>73</gpxtpx:cad>
          </gpxtpx:TrackPointExtension>
        </extensions>
      </trkpt>
      <trkpt lat="46.1893925571" lon="7.2445190233">
        <ele>312.40</ele>
        <time>2026-05-17T08:06:31.000Z</time>
        <extensions>
          <power>210</power>
          <gpxtpx:TrackPointExtension>
            <gpxtpx:atemp>20.7</gpxtpx:atemp>
            <gpxtpx:hr>120</gpxtpx:hr>
            <gpxtpx:cad>73</gpxtpx:cad>
          </gpxtpx:TrackPointExtension>
        </extensions>
      </trkpt>
      <trkpt lat="46.1894405714" lon="7.2446030963">
        <ele>312.48</ele>
        <time>2026-05-17T08:06:32.000Z</time>
        <extensions>
          <power>210</power>
          <gpxtpx:TrackPointExtension>
            <gpxtpx:atemp>20.7</gpxtpx:atemp>
            <gpxtpx:hr>120</gpxtpx:hr>
            <gpxtpx:cad>74</gpxtpx:cad>
          </gpxtpx:TrackPointExtension>
        </extensions>
      </trkpt>
      <trkpt lat="46.1894918223" lon="7.2446740279">
        <ele>312.56</ele>
        <time>2026-05-17T08:06:33.000Z</time>
        <extensions>
          <power>210</power>
          <gpxtpx:TrackPointExtension>
            <gpxtpx:atemp>20.7</gpxtpx:atemp>
            <gpxtpx:hr>120</gpxtpx:hr>
            <gpxtpx:cad>74</gpxtpx:cad>
          </gpxtpx:TrackPointExtension>
        </extensions>
      </trkpt>
      <trkpt lat="46.1895473720" lon="7.2447529696">
        <ele>312.64</ele>
        <time>2026-05-17T08:06:34.000Z</time>
        <extensions>
          <power>210</power>
          <gpxtpx:TrackPointExtension>
            <gpxtpx:atemp>20.7</gpxtpx:atemp>
            <gpxtpx:hr>120</gpxtpx:hr>
            <gpxtpx:cad>74</gpxtpx:cad>
          </gpxtpx:TrackPointExtension>
        </extensions>
      </trkpt>
      <trkpt lat="46.1896013787" lon="7.2448361797">
        <ele>312.73</ele>
        <time>2026-05-17T08:06:35.000Z</time>
        <extensions>
          <power>210</power>
          <gpxtpx:TrackPointExtension>
            <gpxtpx:atemp>20.7</gpxtpx:atemp>
            <gpxtpx:hr>120</gpxtpx:hr>
            <gpxtpx:cad>74</gpxtpx:cad>
          </gpxtpx:TrackPointExtension>
        </extensions>
      </trkpt>
      <trkpt lat="46.1896466842" lon="7.2449188700">
        <ele>312.81</ele>
        <time>2026-05-17T08:06:36.000Z</time>
        <extensions>
          <power>210</power>
          <gpxtpx:TrackPointExtension>
            <gpxtpx:atemp>20.7</gpxtpx:atemp>
            <gpxtpx:hr>120</gpxtpx:hr>
            <gpxtpx:cad>75</gpxtpx:cad>
          </gpxtpx:TrackPointExtension>
        </extensions>
      </trkpt>
      <trkpt lat="46.1896971919" lon="7.2449936943">
        <ele>312.89</ele>
        <time>2026-05-17T08:06:37.000Z</time>
        <extensions>
          <power>210</power>
          <gpxtpx:TrackPointExtension>
            <gpxtpx:atemp>20.7</gpxtpx:atemp>
            <gpxtpx:hr>120</gpxtpx:hr>
            <gpxtpx:cad>75</gpxtpx:cad>
          </gpxtpx:TrackPointExtension>
        </extensions>
      </trkpt>
      <trkpt lat="46.1897431156" lon="7.2450730257">
        <ele>312.97</ele>
        <time>2026-05-17T08:06:38.000Z</time>
        <extensions>
          <power>210</power>
          <gpxtpx:TrackPointExtension>
            <gpxtpx:atemp>20.7</gpxtpx:atemp>
            <gpxtpx:hr>120</gpxtpx:hr>
            <gpxtpx:cad>75</gpxtpx:cad>
          </gpxtpx:TrackPointExtension>
        </extensions>
      </trkpt>
      <trkpt lat="46.1897936224" lon="7.2451530752">
        <ele>313.05</ele>
        <time>2026-05-17T08:06:39.000Z</time>
        <extensions>
          <power>210</power>
          <gpxtpx:TrackPointExtension>
            <gpxtpx:atemp>20.7</gpxtpx:atemp>
            <gpxtpx:hr>120</gpxtpx:hr>
            <gpxtpx:cad>75</gpxtpx:cad>
          </gpxtpx:TrackPointExtension>
        </extensions>
      </trkpt>
      <trkpt lat="46.1898426509" lon="7.2452359234">
        <ele>313.13</ele>
        <time>2026-05-17T08:06:40.000Z</time>
        <extensions>
          <power>210</power>
          <gpxtpx:TrackPointExtension>
            <gpxtpx:atemp>20.8</gpxtpx:atemp>
            <gpxtpx:hr>120</gpxtpx:hr>
            <gpxtpx:cad>75</gpxtpx:cad>
          </gpxtpx:TrackPointExtension>
        </extensions>
      </trkpt>
      <trkpt lat="46.1898949946" lon="7.2453134030">
        <ele>313.21</ele>
        <time>2026-05-17T08:06:41.000Z</time>
        <extensions>
          <power>210</power>
          <gpxtpx:TrackPointExtension>
            <gpxtpx:atemp>20.8</gpxtpx:atemp>
            <gpxtpx:hr>121</gpxtpx:hr>
            <gpxtpx:cad>76</gpxtpx:cad>
          </gpxtpx:TrackPointExtension>
        </extensions>
      </trkpt>
      <trkpt lat="46.1899493184" lon="7.2453906360">
        <ele>313.29</ele>
        <time>2026-05-17T08:06:42.000Z</time>
        <extensions>
          <power>210</power>
          <gpxtpx:TrackPointExtension>
            <gpxtpx:atemp>20.8</gpxtpx:atemp>
            <gpxtpx:hr>121</gpxtpx:hr>
            <gpxtpx:cad>76</gpxtpx:cad>
          </gpxtpx:TrackPointExtension>
        </extensions>
      </trkpt>
      <trkpt lat="46.1899947858" lon="7.2454670812">
        <ele>313.37</ele>
        <time>2026-05-17T08:06:43.000Z</time>
        <extensions>
          <power>210</power>
          <gpxtpx:TrackPointExtension>
            <gpxtpx:atemp>20.8</gpxtpx:atemp>
            <gpxtpx:hr>121</gpxtpx:hr>
            <gpxtpx:cad>76</gpxtpx:cad>
          </gpxtpx:TrackPointExtension>
        </extensions>
      </trkpt>
      <trkpt lat="46.1900453294" lon="7.2455371863">
        <ele>313.45</ele>
        <time>2026-05-17T08:06:44.000Z</time>
        <extensions>
          <power>210</power>
          <gpxtpx:TrackPointExtension>
            <gpxtpx:atemp>20.8</gpxtpx:atemp>
            <gpxtpx:hr>121</gpxtpx:hr>
            <gpxtpx:cad>76</gpxtpx:cad>
          </gpxtpx:TrackPointExtension>
        </extensions>
      </trkpt>
      <trkpt lat="46.1901009437" lon="7.2456043962">
        <ele>313.53</ele>
        <time>2026-05-17T08:06:45.000Z</time>
        <extensions>
          <power>210</power>
          <gpxtpx:TrackPointExtension>
            <gpxtpx:atemp>20.8</gpxtpx:atemp>
            <gpxtpx:hr>121</gpxtpx:hr>
            <gpxtpx:cad>76</gpxtpx:cad>
          </gpxtpx:TrackPointExtension>
        </extensions>
      </trkpt>
      <trkpt lat="46.1901543622" lon="7.2456707239">
        <ele>313.61</ele>
        <time>2026-05-17T08:06:46.000Z</time>
        <extensions>
          <power>210</power>
          <gpxtpx:TrackPointExtension>
            <gpxtpx:atemp>20.8</gpxtpx:atemp>
            <gpxtpx:hr>121</gpxtpx:hr>
            <gpxtpx:cad>77</gpxtpx:cad>
          </gpxtpx:TrackPointExtension>
        </extensions>
      </trkpt>
      <trkpt lat="46.1902069977" lon="7.2457377993">
        <ele>313.69</ele>
        <time>2026-05-17T08:06:47.000Z</time>
        <extensions>
          <power>210</power>
          <gpxtpx:TrackPointExtension>
            <gpxtpx:atemp>20.8</gpxtpx:atemp>
            <gpxtpx:hr>121</gpxtpx:hr>
            <gpxtpx:cad>77</gpxtpx:cad>
          </gpxtpx:TrackPointExtension>
        </extensions>
      </trkpt>
      <trkpt lat="46.1902569153" lon="7.2458080610">
        <ele>313.77</ele>
        <time>2026-05-17T08:06:48.000Z</time>
        <extensions>
          <power>210</power>
          <gpxtpx:TrackPointExtension>
            <gpxtpx:atemp>20.8</gpxtpx:atemp>
            <gpxtpx:hr>121</gpxtpx:hr>
            <gpxtpx:cad>77</gpxtpx:cad>
          </gpxtpx:TrackPointExtension>
        </extensions>
      </trkpt>
      <trkpt lat="46.1903098946" lon="7.2458862565">
        <ele>313.85</ele>
        <time>2026-05-17T08:06:49.000Z</time>
        <extensions>
          <power>210</power>
          <gpxtpx:TrackPointExtension>
            <gpxtpx:atemp>20.8</gpxtpx:atemp>
            <gpxtpx:hr>121</gpxtpx:hr>
            <gpxtpx:cad>77</gpxtpx:cad>
          </gpxtpx:TrackPointExtension>
        </extensions>
      </trkpt>
      <trkpt lat="46.1903576839" lon="7.2459523363">
        <ele>313.93</ele>
        <time>2026-05-17T08:06:50.000Z</time>
        <extensions>
          <power>210</power>
          <gpxtpx:TrackPointExtension>
            <gpxtpx:atemp>20.8</gpxtpx:atemp>
            <gpxtpx:hr>121</gpxtpx:hr>
            <gpxtpx:cad>78</gpxtpx:cad>
          </gpxtpx:TrackPointExtension>
        </extensions>
      </trkpt>
      <trkpt lat="46.1904046485" lon="7.2460236055">
        <ele>314.01</ele>
        <time>2026-05-17T08:06:51.000Z</time>
        <extensions>
          <power>210</power>
          <gpxtpx:TrackPointExtension>
            <gpxtpx:atemp>20.8</gpxtpx:atemp>
            <gpxtpx:hr>121</gpxtpx:hr>
            <gpxtpx:cad>78</gpxtpx:cad>
          </gpxtpx:TrackPointExtension>
        </extensions>
      </trkpt>
      <trkpt lat="46.1904569433" lon="7.2461001060">
        <ele>314.09</ele>
        <time>2026-05-17T08:06:52.000Z</time>
        <extensions>
          <power>210</power>
          <gpxtpx:TrackPointExtension>
            <gpxtpx:atemp>20.8</gpxtpx:atemp>
            <gpxtpx:hr>121</gpxtpx:hr>
            <gpxtpx:cad>78</gpxtpx:cad>
          </gpxtpx:TrackPointExtension>
        </extensions>
      </trkpt>
      <trkpt lat="46.1905122829" lon="7.2461662416">
        <ele>314.17</ele>
        <time>2026-05-17T08:06:53.000Z</time>
        <extensions>
          <power>210</power>
          <gpxtpx:TrackPointExtension>
            <gpxtpx:atemp>20.8</gpxtpx:atemp>
            <gpxtpx:hr>121</gpxtpx:hr>
            <gpxtpx:cad>78</gpxtpx:cad>
          </gpxtpx:TrackPointExtension>
        </extensions>
      </trkpt>
      <trkpt lat="46.1905655929" lon="7.2462404708">
        <ele>314.25</ele>
        <time>2026-05-17T08:06:54.000Z</time>
        <extensions>
          <power>210</power>
          <gpxtpx:TrackPointExtension>
            <gpxtpx:atemp>20.8</gpxtpx:atemp>
            <gpxtpx:hr>121</gpxtpx:hr>
            <gpxtpx:cad>79</gpxtpx:cad>
          </gpxtpx:TrackPointExtension>
        </extensions>
      </trkpt>
      <trkpt lat="46.1906214914" lon="7.2463118358">
        <ele>314.33</ele>
        <time>2026-05-17T08:06:55.000Z</time>
        <extensions>
          <power>210</power>
          <gpxtpx:TrackPointExtension>
            <gpxtpx:atemp>20.8</gpxtpx:atemp>
            <gpxtpx:hr>121</gpxtpx:hr>
            <gpxtpx:cad>79</gpxtpx:cad>
          </gpxtpx:TrackPointExtension>
        </extensions>
      </trkpt>
      <trkpt lat="46.1906723404" lon="7.2463801028">
        <ele>314.41</ele>
        <time>2026-05-17T08:06:56.000Z</time>
        <extensions>
          <power>210</power>
          <gpxtpx:TrackPointExtension>
            <gpxtpx:atemp>20.8</gpxtpx:atemp>
            <gpxtpx:hr>121</gpxtpx:hr>
            <gpxtpx:cad>79</gpxtpx:cad>
          </gpxtpx:TrackPointExtension>
        </extensions>
      </trkpt>
      <trkpt lat="46.1907210235" lon="7.2464524922">
        <ele>314.49</ele>
        <time>2026-05-17T08:06:57.000Z</time>
        <extensions>
          <power>210</power>
          <gpxtpx:TrackPointExtension>
            <gpxtpx:atemp>20.8</gpxtpx:atemp>
            <gpxtpx:hr>122</gpxtpx:hr>
            <gpxtpx:cad>79</gpxtpx:cad>
          </gpxtpx:TrackPointExtension>
        </extensions>
      </trkpt>
      <trkpt lat="46.1907741838" lon="7.2465222793">
        <ele>314.57</ele>
        <time>2026-05-17T08:06:58.000Z</time>
        <extensions>
          <power>210</power>
          <gpxtpx:TrackPointExtension>
            <gpxtpx:atemp>20.8</gpxtpx:atemp>
            <gpxtpx:hr>122</gpxtpx:hr>
            <gpxtpx:cad>79</gpxtpx:cad>
          </gpxtpx:TrackPointExtension>
        </extensions>
      </trkpt>
      <trkpt lat="46.1908289523" lon="7.2465943752">
        <ele>314.65</ele>
        <time>2026-05-17T08:06:59.000Z</time>
        <extensions>
          <power>210</power>
          <gpxtpx:TrackPointExtension>
            <gpxtpx:atemp>20.8</gpxtpx:atemp>
            <gpxtpx:hr>122</gpxtpx:hr>
            <gpxtpx:cad>80</gpxtpx:cad>
          </gpxtpx:TrackPointExtension>
        </extensions>
      </trkpt>
      <trkpt lat="46.1908760468" lon="7.2466568837">
        <ele>314.73</ele>
        <time>2026-05-17T08:07:00.000Z</time>
        <extensions>
          <power>210</power>
          <gpxtpx:TrackPointExtension>
            <gpxtpx:atemp>20.8</gpxtpx:atemp>
            <gpxtpx:hr>122</gpxtpx:hr>
            <gpxtpx:cad>80</gpxtpx:cad>
          </gpxtpx:TrackPointExtension>
        </extensions>
      </trkpt>
      <trkpt lat="46.1909285163" lon="7.2467223197">
        <ele>314.81</ele>
        <time>2026-05-17T08:07:01.000Z</time>
        <extensions>
          <power>210</power>
          <gpxtpx:TrackPointExtension>
            <gpxtpx:atemp>20.8</gpxtpx:atemp>
            <gpxtpx:hr>122</gpxtpx:hr>
            <gpxtpx:cad>80</gpxtpx:cad>
          </gpxtpx:TrackPointExtension>
        </extensions>
      </trkpt>
      <trkpt lat="46.1909842989" lon="7.2467890866">
        <ele>314.88</ele>
        <time>2026-05-17T08:07:02.000Z</time>
        <extensions>
          <power>210</power>
          <gpxtpx:TrackPointExtension>
            <gpxtpx:atemp>20.8</gpxtpx:atemp>
            <gpxtpx:hr>122</gpxtpx:hr>
            <gpxtpx:cad>80</gpxtpx:cad>
          </gpxtpx:TrackPointExtension>
        </extensions>
      </trkpt>
      <trkpt lat="46.1910377270" lon="7.2468598644">
        <ele>314.96</ele>
        <time>2026-05-17T08:07:03.000Z</time>
        <extensions>
          <power>210</power>
          <gpxtpx:TrackPointExtension>
            <gpxtpx:atemp>20.8</gpxtpx:atemp>
            <gpxtpx:hr>122</gpxtpx:hr>
            <gpxtpx:cad>81</gpxtpx:cad>
          </gpxtpx:TrackPointExtension>
        </extensions>
      </trkpt>
      <trkpt lat="46.1910894143" lon="7.2469322297">
        <ele>315.04</ele>
        <time>2026-05-17T08:07:04.000Z</time>
        <extensions>
          <power>210</power>
          <gpxtpx:TrackPointExtension>
            <gpxtpx:atemp>20.8</gpxtpx:atemp>
            <gpxtpx:hr>122</gpxtpx:hr>
            <gpxtpx:cad>81</gpxtpx:cad>
          </gpxtpx:TrackPointExtension>
        </extensions>
      </trkpt>
      <trkpt lat="46.1911448353" lon="7.2469932357">
        <ele>315.12</ele>
        <time>2026-05-17T08:07:05.000Z</time>
        <extensions>
          <power>210</power>
          <gpxtpx:TrackPointExtension>
            <gpxtpx:atemp>20.8</gpxtpx:atemp>
            <gpxtpx:hr>122</gpxtpx:hr>
            <gpxtpx:cad>81</gpxtpx:cad>
          </gpxtpx:TrackPointExtension>
        </extensions>
      </trkpt>
      <trkpt lat="46.1911928768" lon="7.2470596039">
        <ele>315.20</ele>
        <time>2026-05-17T08:07:06.000Z</time>
        <extensions>
          <power>210</power>
          <gpxtpx:TrackPointExtension>
            <gpxtpx:atemp>20.8</gpxtpx:atemp>
            <gpxtpx:hr>122</gpxtpx:hr>
            <gpxtpx:cad>81</gpxtpx:cad>
          </gpxtpx:TrackPointExtension>
        </extensions>
      </trkpt>
      <trkpt lat="46.1912405939" lon="7.2471195739">
        <ele>315.28</ele>
        <time>2026-05-17T08:07:07.000Z</time>
        <extensions>
          <power>210</power>
          <gpxtpx:TrackPointExtension>
            <gpxtpx:atemp>20.8</gpxtpx:atemp>
            <gpxtpx:hr>122</gpxtpx:hr>
            <gpxtpx:cad>81</gpxtpx:cad>
          </gpxtpx:TrackPointExtension>
        </extensions>
      </trkpt>
      <trkpt lat="46.1912880144" lon="7.2471828999">
        <ele>315.35</ele>
        <time>2026-05-17T08:07:08.000Z</time>
        <extensions>
          <power>210</power>
          <gpxtpx:TrackPointExtension>
            <gpxtpx:atemp>20.8</gpxtpx:atemp>
            <gpxtpx:hr>122</gpxtpx:hr>
            <gpxtpx:cad>82</gpxtpx:cad>
          </gpxtpx:TrackPointExtension>
        </extensions>
      </trkpt>
      <trkpt lat="46.1913446539" lon="7.2472523307">
        <ele>315.43</ele>
        <time>2026-05-17T08:07:09.000Z</time>
        <extensions>
          <power>210</power>
          <gpxtpx:TrackPointExtension>
            <gpxtpx:atemp>20.8</gpxtpx:atemp>
            <gpxtpx:hr>122</gpxtpx:hr>
            <gpxtpx:cad>82</gpxtpx:cad>
          </gpxtpx:TrackPointExtension>
        </extensions>
      </trkpt>
      <trkpt lat="46.1914008400" lon="7.2473151902">
        <ele>315.51</ele>
        <time>2026-05-17T08:07:10.000Z</time>
        <extensions>
          <power>210</power>
          <gpxtpx:TrackPointExtension>
            <gpxtpx:atemp>20.8</gpxtpx:atemp>
            <gpxtpx:hr>123</gpxtpx:hr>
            <gpxtpx:cad>82</gpxtpx:cad>
          </gpxtpx:TrackPointExtension>
        </extensions>
      </trkpt>
      <trkpt lat="46.1914526023" lon="7.2473842422">
        <ele>315.59</ele>
        <time>2026-05-17T08:07:11.000Z</time>
        <extensions>
          <power>210</power>
          <gpxtpx:TrackPointExtension>
            <gpxtpx:atemp>20.8</gpxtpx:atemp>
            <gpxtpx:hr>123</gpxtpx:hr>
            <gpxtpx:cad>82</gpxtpx:cad>
          </gpxtpx:TrackPointExtension>
        </extensions>
      </trkpt>
      <trkpt lat="46.1915071907" lon="7.2474422997">
        <ele>315.66</ele>
        <time>2026-05-17T08:07:12.000Z</time>
        <extensions>
          <power>210</power>
          <gpxtpx:TrackPointExtension>
            <gpxtpx:atemp>20.8</gpxtpx:atemp>
            <gpxtpx:hr>123</gpxtpx:hr>
            <gpxtpx:cad>82</gpxtpx:cad>
          </gpxtpx:TrackPointExtension>
        </extensions>
      </trkpt>
      <trkpt lat="46.1915601390" lon="7.2475111940">
        <ele>315.74</ele>
        <time>2026-05-17T08:07:13.000Z</time>
        <extensions>
          <power>210</power>
          <gpxtpx:TrackPointExtension>
            <gpxtpx:atemp>20.8</gpxtpx:atemp>
            <gpxtpx:hr>123</gpxtpx:hr>
            <gpxtpx:cad>83</gpxtpx:cad>
          </gpxtpx:TrackPointExtension>
        </extensions>
      </trkpt>
      <trkpt lat="46.1916095523" lon="7.2475754986">
        <ele>315.82</ele>
        <time>2026-05-17T08:07:14.000Z</time>
        <extensions>
          <power>210</power>
          <gpxtpx:TrackPointExtension>
            <gpxtpx:atemp>20.8</gpxtpx:atemp>
            <gpxtpx:hr>123</gpxtpx:hr>
            <gpxtpx:cad>83</gpxtpx:cad>
          </gpxtpx:TrackPointExtension>
        </extensions>
      </trkpt>
      <trkpt lat="46.1916591939" lon="7.2476435871">
        <ele>315.90</ele>
        <time>2026-05-17T08:07:15.000Z</time>
        <extensions>
          <power>210</power>
          <gpxtpx:TrackPointExtension>
            <gpxtpx:atemp>20.8</gpxtpx:atemp>
            <gpxtpx:hr>123</gpxtpx:hr>
            <gpxtpx:cad>83</gpxtpx:cad>
          </gpxtpx:TrackPointExtension>
        </extensions>
      </trkpt>
      <trkpt lat="46.1917132505" lon="7.2477141071">
        <ele>315.97</ele>
        <time>2026-05-17T08:07:16.000Z</time>
        <extensions>
          <power>210</power>
          <gpxtpx:TrackPointExtension>
            <gpxtpx:atemp>20.8</gpxtpx:atemp>
            <gpxtpx:hr>123</gpxtpx:hr>
            <gpxtpx:cad>83</gpxtpx:cad>
          </gpxtpx:TrackPointExtension>
        </extensions>
      </trkpt>
      <trkpt lat="46.1917675579" lon="7.2477770559">
        <ele>316.05</ele>
        <time>2026-05-17T08:07:17.000Z</time>
        <extensions>
          <power>210</power>
          <gpxtpx:TrackPointExtension>
            <gpxtpx:atemp>20.8</gpxtpx:atemp>
            <gpxtpx:hr>123</gpxtpx:hr>
            <gpxtpx:cad>83</gpxtpx:cad>
          </gpxtpx:TrackPointExtension>
        </extensions>
      </trkpt>
      <trkpt lat="46.1918238268" lon="7.2478385249">
        <ele>316.13</ele>
        <time>2026-05-17T08:07:18.000Z</time>
        <extensions>
          <power>210</power>
          <gpxtpx:TrackPointExtension>
            <gpxtpx:atemp>20.8</gpxtpx:atemp>
            <gpxtpx:hr>123</gpxtpx:hr>
            <gpxtpx:cad>84</gpxtpx:cad>
          </gpxtpx:TrackPointExtension>
        </extensions>
      </trkpt>
      <trkpt lat="46.1918786408" lon="7.2478965683">
        <ele>316.21</ele>
        <time>2026-05-17T08:07:19.000Z</time>
        <extensions>
          <power>210</power>
          <gpxtpx:TrackPointExtension>
            <gpxtpx:atemp>20.8</gpxtpx:atemp>
            <gpxtpx:hr>123</gpxtpx:hr>
            <gpxtpx:cad>84</gpxtpx:cad>
          </gpxtpx:TrackPointExtension>
        </extensions>
      </trkpt>
      <trkpt lat="46.1919340470" lon="7.2479625509">
        <ele>316.28</ele>
        <time>2026-05-17T08:07:20.000Z</time>
        <extensions>
          <power>210</power>
          <gpxtpx:TrackPointExtension>
            <gpxtpx:atemp>20.8</gpxtpx:atemp>
            <gpxtpx:hr>123</gpxtpx:hr>
            <gpxtpx:cad>84</gpxtpx:cad>
          </gpxtpx:TrackPointExtension>
        </extensions>
      </trkpt>
      <trkpt lat="46.1919925719" lon="7.2480220174">
        <ele>316.36</ele>
        <time>2026-05-17T08:07:21.000Z</time>
        <extensions>
          <power>210</power>
          <gpxtpx:TrackPointExtension>
            <gpxtpx:atemp>20.8</gpxtpx:atemp>
            <gpxtpx:hr>124</gpxtpx:hr>
            <gpxtpx:cad>84</gpxtpx:cad>
          </gpxtpx:TrackPointExtension>
        </extensions>
      </trkpt>
      <trkpt lat="46.1920475513" lon="7.2480884580">
        <ele>316.44</ele>
        <time>2026-05-17T08:07:22.000Z</time>
        <extensions>
          <power>210</power>
          <gpxtpx:TrackPointExtension>
            <gpxtpx:atemp>20.8</gpxtpx:atemp>
            <gpxtpx:hr>124</gpxtpx:hr>
            <gpxtpx:cad>84</gpxtpx:cad>
          </gpxtpx:TrackPointExtension>
        </extensions>
      </trkpt>
      <trkpt lat="46.1921037285" lon="7.2481449944">
        <ele>316.51</ele>
        <time>2026-05-17T08:07:23.000Z</time>
        <extensions>
          <power>210</power>
          <gpxtpx:TrackPointExtension>
            <gpxtpx:atemp>20.8</gpxtpx:atemp>
            <gpxtpx:hr>124</gpxtpx:hr>
            <gpxtpx:cad>85</gpxtpx:cad>
          </gpxtpx:TrackPointExtension>
        </extensions>
      </trkpt>
      <trkpt lat="46.1921560562" lon="7.2482062594">
        <ele>316.59</ele>
        <time>2026-05-17T08:07:24.000Z</time>
        <extensions>
          <power>210</power>
          <gpxtpx:TrackPointExtension>
            <gpxtpx:atemp>20.8</gpxtpx:atemp>
            <gpxtpx:hr>124</gpxtpx:hr>
            <gpxtpx:cad>85</gpxtpx:cad>
          </gpxtpx:TrackPointExtension>
        </extensions>
      </trkpt>
      <trkpt lat="46.1922106969" lon="7.2482772602">
        <ele>316.67</ele>
        <time>2026-05-17T08:07:25.000Z</time>
        <extensions>
          <power>210</power>
          <gpxtpx:TrackPointExtension>
            <gpxtpx:atemp>20.8</gpxtpx:atemp>
            <gpxtpx:hr>124</gpxtpx:hr>
            <gpxtpx:cad>85</gpxtpx:cad>
          </gpxtpx:TrackPointExtension>
        </extensions>
      </trkpt>
      <trkpt lat="46.1922640264" lon="7.2483478033">
        <ele>316.74</ele>
        <time>2026-05-17T08:07:26.000Z</time>
        <extensions>
          <power>210</power>
          <gpxtpx:TrackPointExtension>
            <gpxtpx:atemp>20.8</gpxtpx:atemp>
            <gpxtpx:hr>124</gpxtpx:hr>
            <gpxtpx:cad>85</gpxtpx:cad>
          </gpxtpx:TrackPointExtension>
        </extensions>
      </trkpt>
      <trkpt lat="46.1923116448" lon="7.2484134496">
        <ele>316.82</ele>
        <time>2026-05-17T08:07:27.000Z</time>
        <extensions>
          <power>210</power>
          <gpxtpx:TrackPointExtension>
            <gpxtpx:atemp>20.8</gpxtpx:atemp>
            <gpxtpx:hr>124</gpxtpx:hr>
            <gpxtpx:cad>85</gpxtpx:cad>
          </gpxtpx:TrackPointExtension>
        </extensions>
      </trkpt>
      <trkpt lat="46.1923635375" lon="7.2484749615">
        <ele>316.90</ele>
        <time>2026-05-17T08:07:28.000Z</time>
        <extensions>
          <power>210</power>
          <gpxtpx:TrackPointExtension>
            <gpxtpx:atemp>20.8</gpxtpx:atemp>
            <gpxtpx:hr>124</gpxtpx:hr>
            <gpxtpx:cad>85</gpxtpx:cad>
          </gpxtpx:TrackPointExtension>
        </extensions>
      </trkpt>
      <trkpt lat="46.1924217117" lon="7.2485437872">
        <ele>316.97</ele>
        <time>2026-05-17T08:07:29.000Z</time>
        <extensions>
          <power>210</power>
          <gpxtpx:TrackPointExtension>
            <gpxtpx:atemp>20.8</gpxtpx:atemp>
            <gpxtpx:hr>124</gpxtpx:hr>
            <gpxtpx:cad>86</gpxtpx:cad>
          </gpxtpx:TrackPointExtension>
        </extensions>
      </trkpt>
      <trkpt lat="46.1924745409" lon="7.2486116159">
        <ele>317.05</ele>
        <time>2026-05-17T08:07:30.000Z</time>
        <extensions>
          <power>210</power>
          <gpxtpx:TrackPointExtension>
            <gpxtpx:atemp>20.8</gpxtpx:atemp>
            <gpxtpx:hr>124</gpxtpx:hr>
            <gpxtpx:cad>86</gpxtpx:cad>
          </gpxtpx:TrackPointExtension>
        </extensions>
      </trkpt>
      <trkpt lat="46.1925276322" lon="7.2486701478">
        <ele>317.13</ele>
        <time>2026-05-17T08:07:31.000Z</time>
        <extensions>
          <power>210</power>
          <gpxtpx:TrackPointExtension>
            <gpxtpx:atemp>20.8</gpxtpx:atemp>
            <gpxtpx:hr>125</gpxtpx:hr>
            <gpxtpx:cad>86</gpxtpx:cad>
          </gpxtpx:TrackPointExtension>
        </extensions>
      </trkpt>
      <trkpt lat="46.1925757058" lon="7.2487273645">
        <ele>317.20</ele>
        <time>2026-05-17T08:07:32.000Z</time>
        <extensions>
          <power>210</power>
          <gpxtpx:TrackPointExtension>
            <gpxtpx:atemp>20.8</gpxtpx:atemp>
            <gpxtpx:hr>125</gpxtpx:hr>
            <gpxtpx:cad>86</gpxtpx:cad>
          </gpxtpx:TrackPointExtension>
        </extensions>
      </trkpt>
      <trkpt lat="46.1926274261" lon="7.2487865234">
        <ele>317.28</ele>
        <time>2026-05-17T08:07:33.000Z</time>
        <extensions>
          <power>210</power>
          <gpxtpx:TrackPointExtension>
            <gpxtpx:atemp>20.8</gpxtpx:atemp>
            <gpxtpx:hr>125</gpxtpx:hr>
            <gpxtpx:cad>86</gpxtpx:cad>
          </gpxtpx:TrackPointExtension>
        </extensions>
      </trkpt>
      <trkpt lat="46.1926748711" lon="7.2488572936">
        <ele>317.35</ele>
        <time>2026-05-17T08:07:34.000Z</time>
        <extensions>
          <power>210</power>
          <gpxtpx:TrackPointExtension>
            <gpxtpx:atemp>20.8</gpxtpx:atemp>
            <gpxtpx:hr>125</gpxtpx:hr>
            <gpxtpx:cad>86</gpxtpx:cad>
          </gpxtpx:TrackPointExtension>
        </extensions>
      </trkpt>
      <trkpt lat="46.1927313780" lon="7.2489224586">
        <ele>317.43</ele>
        <time>2026-05-17T08:07:35.000Z</time>
        <extensions>
          <power>210</power>
          <gpxtpx:TrackPointExtension>
            <gpxtpx:atemp>20.8</gpxtpx:atemp>
            <gpxtpx:hr>125</gpxtpx:hr>
            <gpxtpx:cad>86</gpxtpx:cad>
          </gpxtpx:TrackPointExtension>
        </extensions>
      </trkpt>
      <trkpt lat="46.1927842204" lon="7.2489812804">
        <ele>317.51</ele>
        <time>2026-05-17T08:07:36.000Z</time>
        <extensions>
          <power>210</power>
          <gpxtpx:TrackPointExtension>
            <gpxtpx:atemp>20.8</gpxtpx:atemp>
            <gpxtpx:hr>125</gpxtpx:hr>
            <gpxtpx:cad>86</gpxtpx:cad>
          </gpxtpx:TrackPointExtension>
        </extensions>
      </trkpt>
      <trkpt lat="46.1928400269" lon="7.2490481246">
        <ele>317.58</ele>
        <time>2026-05-17T08:07:37.000Z</time>
        <extensions>
          <power>210</power>
          <gpxtpx:TrackPointExtension>
            <gpxtpx:atemp>20.8</gpxtpx:atemp>
            <gpxtpx:hr>125</gpxtpx:hr>
            <gpxtpx:cad>87</gpxtpx:cad>
          </gpxtpx:TrackPointExtension>
        </extensions>
      </trkpt>
      <trkpt lat="46.1928887555" lon="7.2491196712">
        <ele>317.66</ele>
        <time>2026-05-17T08:07:38.000Z</time>
        <extensions>
          <power>210</power>
          <gpxtpx:TrackPointExtension>
            <gpxtpx:atemp>20.8</gpxtpx:atemp>
            <gpxtpx:hr>125</gpxtpx:hr>
            <gpxtpx:cad>87</gpxtpx:cad>
          </gpxtpx:TrackPointExtension>
        </extensions>
      </trkpt>
      <trkpt lat="46.1929376282" lon="7.2491865303">
        <ele>317.73</ele>
        <time>2026-05-17T08:07:39.000Z</time>
        <extensions>
          <power>210</power>
          <gpxtpx:TrackPointExtension>
            <gpxtpx:atemp>20.8</gpxtpx:atemp>
            <gpxtpx:hr>125</gpxtpx:hr>
            <gpxtpx:cad>87</gpxtpx:cad>
          </gpxtpx:TrackPointExtension>
        </extensions>
      </trkpt>
      <trkpt lat="46.1929931947" lon="7.2492507990">
        <ele>317.81</ele>
        <time>2026-05-17T08:07:40.000Z</time>
        <extensions>
          <power>210</power>
          <gpxtpx:TrackPointExtension>
            <gpxtpx:atemp>20.8</gpxtpx:atemp>
            <gpxtpx:hr>125</gpxtpx:hr>
            <gpxtpx:cad>87</gpxtpx:cad>
          </gpxtpx:TrackPointExtension>
        </extensions>
      </trkpt>
      <trkpt lat="46.1930424996" lon="7.2493226793">
        <ele>317.89</ele>
        <time>2026-05-17T08:07:41.000Z</time>
        <extensions>
          <power>210</power>
          <gpxtpx:TrackPointExtension>
            <gpxtpx:atemp>20.8</gpxtpx:atemp>
            <gpxtpx:hr>126</gpxtpx:hr>
            <gpxtpx:cad>87</gpxtpx:cad>
          </gpxtpx:TrackPointExtension>
        </extensions>
      </trkpt>
      <trkpt lat="46.1930974624" lon="7.2493943960">
        <ele>317.96</ele>
        <time>2026-05-17T08:07:42.000Z</time>
        <extensions>
          <power>210</power>
          <gpxtpx:TrackPointExtension>
            <gpxtpx:atemp>20.8</gpxtpx:atemp>
            <gpxtpx:hr>126</gpxtpx:hr>
            <gpxtpx:cad>87</gpxtpx:cad>
          </gpxtpx:TrackPointExtension>
        </extensions>
      </trkpt>
      <trkpt lat="46.1931508377" lon="7.2494601681">
        <ele>318.04</ele>
        <time>2026-05-17T08:07:43.000Z</time>
        <extensions>
          <power>210</power>
          <gpxtpx:TrackPointExtension>
            <gpxtpx:atemp>20.8</gpxtpx:atemp>
            <gpxtpx:hr>126</gpxtpx:hr>
            <gpxtpx:cad>87</gpxtpx:cad>
          </gpxtpx:TrackPointExtension>
        </extensions>
      </trkpt>
      <trkpt lat="46.1932052629" lon="7.2495194469">
        <ele>318.11</ele>
        <time>2026-05-17T08:07:44.000Z</time>
        <extensions>
          <power>210</power>
          <gpxtpx:TrackPointExtension>
            <gpxtpx:atemp>20.8</gpxtpx:atemp>
            <gpxtpx:hr>126</gpxtpx:hr>
            <gpxtpx:cad>87</gpxtpx:cad>
          </gpxtpx:TrackPointExtension>
        </extensions>
      </trkpt>
      <trkpt lat="46.1932616682" lon="7.2495913927">
        <ele>318.19</ele>
        <time>2026-05-17T08:07:45.000Z</time>
        <extensions>
          <power>210</power>
          <gpxtpx:TrackPointExtension>
            <gpxtpx:atemp>20.8</gpxtpx:atemp>
            <gpxtpx:hr>126</gpxtpx:hr>
            <gpxtpx:cad>87</gpxtpx:cad>
          </gpxtpx:TrackPointExtension>
        </extensions>
      </trkpt>
      <trkpt lat="46.1933090345" lon="7.2496628197">
        <ele>318.27</ele>
        <time>2026-05-17T08:07:46.000Z</time>
        <extensions>
          <power>210</power>
          <gpxtpx:TrackPointExtension>
            <gpxtpx:atemp>20.8</gpxtpx:atemp>
            <gpxtpx:hr>126</gpxtpx:hr>
            <gpxtpx:cad>87</gpxtpx:cad>
          </gpxtpx:TrackPointExtension>
        </extensions>
      </trkpt>
      <trkpt lat="46.1933587266" lon="7.2497222469">
        <ele>318.34</ele>
        <time>2026-05-17T08:07:47.000Z</time>
        <extensions>
          <power>210</power>
          <gpxtpx:TrackPointExtension>
            <gpxtpx:atemp>20.8</gpxtpx:atemp>
            <gpxtpx:hr>126</gpxtpx:hr>
            <gpxtpx:cad>88</gpxtpx:cad>
          </gpxtpx:TrackPointExtension>
        </extensions>
      </trkpt>
      <trkpt lat="46.1934146075" lon="7.2497917223">
        <ele>318.42</ele>
        <time>2026-05-17T08:07:48.000Z</time>
        <extensions>
          <power>210</power>
          <gpxtpx:TrackPointExtension>
            <gpxtpx:atemp>20.8</gpxtpx:atemp>
            <gpxtpx:hr>126</gpxtpx:hr>
            <gpxtpx:cad>88</gpxtpx:cad>
          </gpxtpx:TrackPointExtension>
        </extensions>
      </trkpt>
      <trkpt lat="46.1934615522" lon="7.2498520182">
        <ele>318.49</ele>
        <time>2026-05-17T08:07:49.000Z</time>
        <extensions>
          <power>210</power>
          <gpxtpx:TrackPointExtension>
            <gpxtpx:atemp>20.8</gpxtpx:atemp>
            <gpxtpx:hr>126</gpxtpx:hr>
            <gpxtpx:cad>88</gpxtpx:cad>
          </gpxtpx:TrackPointExtension>
        </extensions>
      </trkpt>
      <trkpt lat="46.1935111077" lon="7.2499197867">
        <ele>318.57</ele>
        <time>2026-05-17T08:07:50.000Z</time>
        <extensions>
          <power>210</power>
          <gpxtpx:TrackPointExtension>
            <gpxtpx:atemp>20.8</gpxtpx:atemp>
            <gpxtpx:hr>126</gpxtpx:hr>
            <gpxtpx:cad>88</gpxtpx:cad>
          </gpxtpx:TrackPointExtension>
        </extensions>
      </trkpt>
      <trkpt lat="46.1935663948" lon="7.2499823423">
        <ele>318.65</ele>
        <time>2026-05-17T08:07:51.000Z</time>
        <extensions>
          <power>210</power>
          <gpxtpx:TrackPointExtension>
            <gpxtpx:atemp>20.8</gpxtpx:atemp>
            <gpxtpx:hr>127</gpxtpx:hr>
            <gpxtpx:cad>88</gpxtpx:cad>
          </gpxtpx:TrackPointExtension>
        </extensions>
      </trkpt>
      <trkpt lat="46.1936181523" lon="7.2500414928">
        <ele>318.72</ele>
        <time>2026-05-17T08:07:52.000Z</time>
        <extensions>
          <power>210</power>
          <gpxtpx:TrackPointExtension>
            <gpxtpx:atemp>20.8</gpxtpx:atemp>
            <gpxtpx:hr>127</gpxtpx:hr>
            <gpxtpx:cad>88</gpxtpx:cad>
          </gpxtpx:TrackPointExtension>
        </extensions>
      </trkpt>
      <trkpt lat="46.1936656395" lon="7.2501013040">
        <ele>318.80</ele>
        <time>2026-05-17T08:07:53.000Z</time>
        <extensions>
          <power>210</power>
          <gpxtpx:TrackPointExtension>
            <gpxtpx:atemp>20.8</gpxtpx:atemp>
            <gpxtpx:hr>127</gpxtpx:hr>
            <gpxtpx:cad>88</gpxtpx:cad>
          </gpxtpx:TrackPointExtension>
        </extensions>
      </trkpt>
      <trkpt lat="46.1937153453" lon="7.2501668099">
        <ele>318.88</ele>
        <time>2026-05-17T08:07:54.000Z</time>
        <extensions>
          <power>210</power>
          <gpxtpx:TrackPointExtension>
            <gpxtpx:atemp>20.8</gpxtpx:atemp>
            <gpxtpx:hr>127</gpxtpx:hr>
            <gpxtpx:cad>88</gpxtpx:cad>
          </gpxtpx:TrackPointExtension>
        </extensions>
      </trkpt>
      <trkpt lat="46.1937681728" lon="7.2502377040">
        <ele>318.95</ele>
        <time>2026-05-17T08:07:55.000Z</time>
        <extensions>
          <power>210</power>
          <gpxtpx:TrackPointExtension>
            <gpxtpx:atemp>20.8</gpxtpx:atemp>
            <gpxtpx:hr>127</gpxtpx:hr>
            <gpxtpx:cad>88</gpxtpx:cad>
          </gpxtpx:TrackPointExtension>
        </extensions>
      </trkpt>
      <trkpt lat="46.1938137175" lon="7.2502988505">
        <ele>319.03</ele>
        <time>2026-05-17T08:07:56.000Z</time>
        <extensions>
          <power>210</power>
          <gpxtpx:TrackPointExtension>
            <gpxtpx:atemp>20.8</gpxtpx:atemp>
            <gpxtpx:hr>127</gpxtpx:hr>
            <gpxtpx:cad>88</gpxtpx:cad>
          </gpxtpx:TrackPointExtension>
        </extensions>
      </trkpt>
      <trkpt lat="46.1938603615" lon="7.2503603832">
        <ele>319.10</ele>
        <time>2026-05-17T08:07:57.000Z</time>
        <extensions>
          <power>210</power>
          <gpxtpx:TrackPointExtension>
            <gpxtpx:atemp>20.8</gpxtpx:atemp>
            <gpxtpx:hr>127</gpxtpx:hr>
            <gpxtpx:cad>88</gpxtpx:cad>
          </gpxtpx:TrackPointExtension>
        </extensions>
      </trkpt>
      <trkpt lat="46.1939106558" lon="7.2504335375">
        <ele>319.18</ele>
        <time>2026-05-17T08:07:58.000Z</time>
        <extensions>
          <power>210</power>
          <gpxtpx:TrackPointExtension>
            <gpxtpx:atemp>20.8</gpxtpx:atemp>
            <gpxtpx:hr>127</gpxtpx:hr>
            <gpxtpx:cad>88</gpxtpx:cad>
          </gpxtpx:TrackPointExtension>
        </extensions>
      </trkpt>
      <trkpt lat="46.1939578783" lon="7.2505045943">
        <ele>319.26</ele>
        <time>2026-05-17T08:07:59.000Z</time>
        <extensions>
          <power>210</power>
          <gpxtpx:TrackPointExtension>
            <gpxtpx:atemp>20.8</gpxtpx:atemp>
            <gpxtpx:hr>127</gpxtpx:hr>
            <gpxtpx:cad>88</gpxtpx:cad>
          </gpxtpx:TrackPointExtension>
        </extensions>
      </trkpt>
      <trkpt lat="46.1940098224" lon="7.2505719471">
        <ele>319.33</ele>
        <time>2026-05-17T08:08:00.000Z</time>
        <extensions>
          <power>210</power>
          <gpxtpx:TrackPointExtension>
            <gpxtpx:atemp>20.9</gpxtpx:atemp>
            <gpxtpx:hr>127</gpxtpx:hr>
            <gpxtpx:cad>88</gpxtpx:cad>
          </gpxtpx:TrackPointExtension>
        </extensions>
      </trkpt>
      <trkpt lat="46.1940551622" lon="7.2506382648">
        <ele>319.41</ele>
        <time>2026-05-17T08:08:01.000Z</time>
        <extensions>
          <power>210</power>
          <gpxtpx:TrackPointExtension>
            <gpxtpx:atemp>20.9</gpxtpx:atemp>
            <gpxtpx:hr>127</gpxtpx:hr>
            <gpxtpx:cad>88</gpxtpx:cad>
          </gpxtpx:TrackPointExtension>
        </extensions>
      </trkpt>
      <trkpt lat="46.1941054384" lon="7.2507102158">
        <ele>319.48</ele>
        <time>2026-05-17T08:08:02.000Z</time>
        <extensions>
          <power>210</power>
          <gpxtpx:TrackPointExtension>
            <gpxtpx:atemp>20.9</gpxtpx:atemp>
            <gpxtpx:hr>128</gpxtpx:hr>
            <gpxtpx:cad>88</gpxtpx:cad>
          </gpxtpx:TrackPointExtension>
        </extensions>
      </trkpt>
      <trkpt lat="46.1941584145" lon="7.2507758002">
        <ele>319.56</ele>
        <time>2026-05-17T08:08:03.000Z</time>
        <extensions>
          <power>210</power>
          <gpxtpx:TrackPointExtension>
            <gpxtpx:atemp>20.9</gpxtpx:atemp>
            <gpxtpx:hr>128</gpxtpx:hr>
            <gpxtpx:cad>88</gpxtpx:cad>
          </gpxtpx:TrackPointExtension>
        </extensions>
      </trkpt>
      <trkpt lat="46.1942091876" lon="7.2508485939">
        <ele>319.64</ele>
        <time>2026-05-17T08:08:04.000Z</time>
        <extensions>
          <power>210</power>
          <gpxtpx:TrackPointExtension>
            <gpxtpx:atemp>20.9</gpxtpx:atemp>
            <gpxtpx:hr>128</gpxtpx:hr>
            <gpxtpx:cad>88</gpxtpx:cad>
          </gpxtpx:TrackPointExtension>
        </extensions>
      </trkpt>
      <trkpt lat="46.1942565579" lon="7.2509129002">
        <ele>319.71</ele>
        <time>2026-05-17T08:08:05.000Z</time>
        <extensions>
          <power>210</power>
          <gpxtpx:TrackPointExtension>
            <gpxtpx:atemp>20.9</gpxtpx:atemp>
            <gpxtpx:hr>128</gpxtpx:hr>
            <gpxtpx:cad>88</gpxtpx:cad>
          </gpxtpx:TrackPointExtension>
        </extensions>
      </trkpt>
      <trkpt lat="46.1943033777" lon="7.2509895801">
        <ele>319.79</ele>
        <time>2026-05-17T08:08:06.000Z</time>
        <extensions>
          <power>210</power>
          <gpxtpx:TrackPointExtension>
            <gpxtpx:atemp>20.9</gpxtpx:atemp>
            <gpxtpx:hr>128</gpxtpx:hr>
            <gpxtpx:cad>88</gpxtpx:cad>
          </gpxtpx:TrackPointExtension>
        </extensions>
      </trkpt>
      <trkpt lat="46.1943500345" lon="7.2510674814">
        <ele>319.87</ele>
        <time>2026-05-17T08:08:07.000Z</time>
        <extensions>
          <power>210</power>
          <gpxtpx:TrackPointExtension>
            <gpxtpx:atemp>20.9</gpxtpx:atemp>
            <gpxtpx:hr>128</gpxtpx:hr>
            <gpxtpx:cad>88</gpxtpx:cad>
          </gpxtpx:TrackPointExtension>
        </extensions>
      </trkpt>
      <trkpt lat="46.1943970475" lon="7.2511319190">
        <ele>319.94</ele>
        <time>2026-05-17T08:08:08.000Z</time>
        <extensions>
          <power>210</power>
          <gpxtpx:TrackPointExtension>
            <gpxtpx:atemp>20.9</gpxtpx:atemp>
            <gpxtpx:hr>128</gpxtpx:hr>
            <gpxtpx:cad>88</gpxtpx:cad>
          </gpxtpx:TrackPointExtension>
        </extensions>
      </trkpt>
      <trkpt lat="46.1944477622" lon="7.2512079148">
        <ele>320.02</ele>
        <time>2026-05-17T08:08:09.000Z</time>
        <extensions>
          <power>210</power>
          <gpxtpx:TrackPointExtension>
            <gpxtpx:atemp>20.9</gpxtpx:atemp>
            <gpxtpx:hr>128</gpxtpx:hr>
            <gpxtpx:cad>88</gpxtpx:cad>
          </gpxtpx:TrackPointExtension>
        </extensions>
      </trkpt>
      <trkpt lat="46.1945012083" lon="7.2512815378">
        <ele>320.10</ele>
        <time>2026-05-17T08:08:10.000Z</time>
        <extensions>
          <power>210</power>
          <gpxtpx:TrackPointExtension>
            <gpxtpx:atemp>20.9</gpxtpx:atemp>
            <gpxtpx:hr>128</gpxtpx:hr>
            <gpxtpx:cad>88</gpxtpx:cad>
          </gpxtpx:TrackPointExtension>
        </extensions>
      </trkpt>
      <trkpt lat="46.1945464163" lon="7.2513541005">
        <ele>320.17</ele>
        <time>2026-05-17T08:08:11.000Z</time>
        <extensions>
          <power>210</power>
          <gpxtpx:TrackPointExtension>
            <gpxtpx:atemp>20.9</gpxtpx:atemp>
            <gpxtpx:hr>128</gpxtpx:hr>
            <gpxtpx:cad>88</gpxtpx:cad>
          </gpxtpx:TrackPointExtension>
        </extensions>
      </trkpt>
      <trkpt lat="46.1945922202" lon="7.2514268916">
        <ele>320.25</ele>
        <time>2026-05-17T08:08:12.000Z</time>
        <extensions>
          <power>210</power>
          <gpxtpx:TrackPointExtension>
            <gpxtpx:atemp>20.9</gpxtpx:atemp>
            <gpxtpx:hr>129</gpxtpx:hr>
            <gpxtpx:cad>88</gpxtpx:cad>
          </gpxtpx:TrackPointExtension>
        </extensions>
      </trkpt>
      <trkpt lat="46.1946426579" lon="7.2515038443">
        <ele>320.33</ele>
        <time>2026-05-17T08:08:13.000Z</time>
        <extensions>
          <power>210</power>
          <gpxtpx:TrackPointExtension>
            <gpxtpx:atemp>20.9</gpxtpx:atemp>
            <gpxtpx:hr>129</gpxtpx:hr>
            <gpxtpx:cad>88</gpxtpx:cad>
          </gpxtpx:TrackPointExtension>
        </extensions>
      </trkpt>
      <trkpt lat="46.1946931964" lon="7.2515796594">
        <ele>320.41</ele>
        <time>2026-05-17T08:08:14.000Z</time>
        <extensions>
          <power>210</power>
          <gpxtpx:TrackPointExtension>
            <gpxtpx:atemp>20.9</gpxtpx:atemp>
            <gpxtpx:hr>129</gpxtpx:hr>
            <gpxtpx:cad>88</gpxtpx:cad>
          </gpxtpx:TrackPointExtension>
        </extensions>
      </trkpt>
      <trkpt lat="46.1947428895" lon="7.2516448053">
        <ele>320.48</ele>
        <time>2026-05-17T08:08:15.000Z</time>
        <extensions>
          <power>210</power>
          <gpxtpx:TrackPointExtension>
            <gpxtpx:atemp>20.9</gpxtpx:atemp>
            <gpxtpx:hr>129</gpxtpx:hr>
            <gpxtpx:cad>87</gpxtpx:cad>
          </gpxtpx:TrackPointExtension>
        </extensions>
      </trkpt>
      <trkpt lat="46.1947882727" lon="7.2517140489">
        <ele>320.56</ele>
        <time>2026-05-17T08:08:16.000Z</time>
        <extensions>
          <power>210</power>
          <gpxtpx:TrackPointExtension>
            <gpxtpx:atemp>20.9</gpxtpx:atemp>
            <gpxtpx:hr>129</gpxtpx:hr>
            <gpxtpx:cad>87</gpxtpx:cad>
          </gpxtpx:TrackPointExtension>
        </extensions>
      </trkpt>
      <trkpt lat="46.1948332529" lon="7.2517832118">
        <ele>320.64</ele>
        <time>2026-05-17T08:08:17.000Z</time>
        <extensions>
          <power>210</power>
          <gpxtpx:TrackPointExtension>
            <gpxtpx:atemp>20.9</gpxtpx:atemp>
            <gpxtpx:hr>129</gpxtpx:hr>
            <gpxtpx:cad>87</gpxtpx:cad>
          </gpxtpx:TrackPointExtension>
        </extensions>
      </trkpt>
      <trkpt lat="46.1948842950" lon="7.2518502902">
        <ele>320.71</ele>
        <time>2026-05-17T08:08:18.000Z</time>
        <extensions>
          <power>210</power>
          <gpxtpx:TrackPointExtension>
            <gpxtpx:atemp>20.9</gpxtpx:atemp>
            <gpxtpx:hr>129</gpxtpx:hr>
            <gpxtpx:cad>87</gpxtpx:cad>
          </gpxtpx:TrackPointExtension>
        </extensions>
      </trkpt>
      <trkpt lat="46.1949359193" lon="7.2519307836">
        <ele>320.79</ele>
        <time>2026-05-17T08:08:19.000Z</time>
        <extensions>
          <power>210</power>
          <gpxtpx:TrackPointExtension>
            <gpxtpx:atemp>20.9</gpxtpx:atemp>
            <gpxtpx:hr>129</gpxtpx:hr>
            <gpxtpx:cad>87</gpxtpx:cad>
          </gpxtpx:TrackPointExtension>
        </extensions>
      </trkpt>
      <trkpt lat="46.1949845130" lon="7.2520026770">
        <ele>320.87</ele>
        <time>2026-05-17T08:08:20.000Z</time>
        <extensions>
          <power>210</power>
          <gpxtpx:TrackPointExtension>
            <gpxtpx:atemp>20.9</gpxtpx:atemp>
            <gpxtpx:hr>129</gpxtpx:hr>
            <gpxtpx:cad>87</gpxtpx:cad>
          </gpxtpx:TrackPointExtension>
        </extensions>
      </trkpt>
      <trkpt lat="46.1950278502" lon="7.2520839880">
        <ele>320.95</ele>
        <time>2026-05-17T08:08:21.000Z</time>
        <extensions>
          <power>210</power>
          <gpxtpx:TrackPointExtension>
            <gpxtpx:atemp>20.9</gpxtpx:atemp>
            <gpxtpx:hr>129</gpxtpx:hr>
            <gpxtpx:cad>87</gpxtpx:cad>
          </gpxtpx:TrackPointExtension>
        </extensions>
      </trkpt>
      <trkpt lat="46.1950710871" lon="7.2521632622">
        <ele>321.02</ele>
        <time>2026-05-17T08:08:22.000Z</time>
        <extensions>
          <power>210</power>
          <gpxtpx:TrackPointExtension>
            <gpxtpx:atemp>20.9</gpxtpx:atemp>
            <gpxtpx:hr>129</gpxtpx:hr>
            <gpxtpx:cad>87</gpxtpx:cad>
          </gpxtpx:TrackPointExtension>
        </extensions>
      </trkpt>
      <trkpt lat="46.1951214295" lon="7.2522308341">
        <ele>321.10</ele>
        <time>2026-05-17T08:08:23.000Z</time>
        <extensions>
          <power>210</power>
          <gpxtpx:TrackPointExtension>
            <gpxtpx:atemp>20.9</gpxtpx:atemp>
            <gpxtpx:hr>129</gpxtpx:hr>
            <gpxtpx:cad>87</gpxtpx:cad>
          </gpxtpx:TrackPointExtension>
        </extensions>
      </trkpt>
      <trkpt lat="46.1951729140" lon="7.2523088864">
        <ele>321.18</ele>
        <time>2026-05-17T08:08:24.000Z</time>
        <extensions>
          <power>210</power>
          <gpxtpx:TrackPointExtension>
            <gpxtpx:atemp>20.9</gpxtpx:atemp>
            <gpxtpx:hr>129</gpxtpx:hr>
            <gpxtpx:cad>87</gpxtpx:cad>
          </gpxtpx:TrackPointExtension>
        </extensions>
      </trkpt>
      <trkpt lat="46.1952163599" lon="7.2523900634">
        <ele>321.26</ele>
        <time>2026-05-17T08:08:25.000Z</time>
        <extensions>
          <power>210</power>
          <gpxtpx:TrackPointExtension>
            <gpxtpx:atemp>20.9</gpxtpx:atemp>
            <gpxtpx:hr>130</gpxtpx:hr>
            <gpxtpx:cad>87</gpxtpx:cad>
          </gpxtpx:TrackPointExtension>
        </extensions>
      </trkpt>
      <trkpt lat="46.1952653104" lon="7.2524602628">
        <ele>321.34</ele>
        <time>2026-05-17T08:08:26.000Z</time>
        <extensions>
          <power>210</power>
          <gpxtpx:TrackPointExtension>
            <gpxtpx:atemp>20.9</gpxtpx:atemp>
            <gpxtpx:hr>130</gpxtpx:hr>
            <gpxtpx:cad>86</gpxtpx:cad>
          </gpxtpx:TrackPointExtension>
        </extensions>
      </trkpt>
      <trkpt lat="46.1953078006" lon="7.2525357695">
        <ele>321.41</ele>
        <time>2026-05-17T08:08:27.000Z</time>
        <extensions>
          <power>210</power>
          <gpxtpx:TrackPointExtension>
            <gpxtpx:atemp>20.9</gpxtpx:atemp>
            <gpxtpx:hr>130</gpxtpx:hr>
            <gpxtpx:cad>86</gpxtpx:cad>
          </gpxtpx:TrackPointExtension>
        </extensions>
      </trkpt>
      <trkpt lat="46.1953542661" lon="7.2526131987">
        <ele>321.49</ele>
        <time>2026-05-17T08:08:28.000Z</time>
        <extensions>
          <power>210</power>
          <gpxtpx:TrackPointExtension>
            <gpxtpx:atemp>20.9</gpxtpx:atemp>
            <gpxtpx:hr>130</gpxtpx:hr>
            <gpxtpx:cad>86</gpxtpx:cad>
          </gpxtpx:TrackPointExtension>
        </extensions>
      </trkpt>
      <trkpt lat="46.1953974071" lon="7.2526920946">
        <ele>321.57</ele>
        <time>2026-05-17T08:08:29.000Z</time>
        <extensions>
          <power>210</power>
          <gpxtpx:TrackPointExtension>
            <gpxtpx:atemp>20.9</gpxtpx:atemp>
            <gpxtpx:hr>130</gpxtpx:hr>
            <gpxtpx:cad>86</gpxtpx:cad>
          </gpxtpx:TrackPointExtension>
        </extensions>
      </trkpt>
      <trkpt lat="46.1954477828" lon="7.2527657304">
        <ele>321.65</ele>
        <time>2026-05-17T08:08:30.000Z</time>
        <extensions>
          <power>210</power>
          <gpxtpx:TrackPointExtension>
            <gpxtpx:atemp>20.9</gpxtpx:atemp>
            <gpxtpx:hr>130</gpxtpx:hr>
            <gpxtpx:cad>86</gpxtpx:cad>
          </gpxtpx:TrackPointExtension>
        </extensions>
      </trkpt>
      <trkpt lat="46.1954991388" lon="7.2528487052">
        <ele>321.73</ele>
        <time>2026-05-17T08:08:31.000Z</time>
        <extensions>
          <power>210</power>
          <gpxtpx:TrackPointExtension>
            <gpxtpx:atemp>20.9</gpxtpx:atemp>
            <gpxtpx:hr>130</gpxtpx:hr>
            <gpxtpx:cad>86</gpxtpx:cad>
          </gpxtpx:TrackPointExtension>
        </extensions>
      </trkpt>
      <trkpt lat="46.1955433046" lon="7.2529203974">
        <ele>321.81</ele>
        <time>2026-05-17T08:08:32.000Z</time>
        <extensions>
          <power>210</power>
          <gpxtpx:TrackPointExtension>
            <gpxtpx:atemp>20.9</gpxtpx:atemp>
            <gpxtpx:hr>130</gpxtpx:hr>
            <gpxtpx:cad>86</gpxtpx:cad>
          </gpxtpx:TrackPointExtension>
        </extensions>
      </trkpt>
      <trkpt lat="46.1955881882" lon="7.2529918466">
        <ele>321.89</ele>
        <time>2026-05-17T08:08:33.000Z</time>
        <extensions>
          <power>210</power>
          <gpxtpx:TrackPointExtension>
            <gpxtpx:atemp>20.9</gpxtpx:atemp>
            <gpxtpx:hr>130</gpxtpx:hr>
            <gpxtpx:cad>85</gpxtpx:cad>
          </gpxtpx:TrackPointExtension>
        </extensions>
      </trkpt>
      <trkpt lat="46.1956329467" lon="7.2530680920">
        <ele>321.96</ele>
        <time>2026-05-17T08:08:34.000Z</time>
        <extensions>
          <power>210</power>
          <gpxtpx:TrackPointExtension>
            <gpxtpx:atemp>20.9</gpxtpx:atemp>
            <gpxtpx:hr>130</gpxtpx:hr>
            <gpxtpx:cad>85</gpxtpx:cad>
          </gpxtpx:TrackPointExtension>
        </extensions>
      </trkpt>
      <trkpt lat="46.1956820548" lon="7.2531464585">
        <ele>322.04</ele>
        <time>2026-05-17T08:08:35.000Z</time>
        <extensions>
          <power>210</power>
          <gpxtpx:TrackPointExtension>
            <gpxtpx:atemp>20.9</gpxtpx:atemp>
            <gpxtpx:hr>130</gpxtpx:hr>
            <gpxtpx:cad>85</gpxtpx:cad>
          </gpxtpx:TrackPointExtension>
        </extensions>
      </trkpt>
      <trkpt lat="46.1957332890" lon="7.2532169197">
        <ele>322.12</ele>
        <time>2026-05-17T08:08:36.000Z</time>
        <extensions>
          <power>210</power>
          <gpxtpx:TrackPointExtension>
            <gpxtpx:atemp>20.9</gpxtpx:atemp>
            <gpxtpx:hr>130</gpxtpx:hr>
            <gpxtpx:cad>85</gpxtpx:cad>
          </gpxtpx:TrackPointExtension>
        </extensions>
      </trkpt>
      <trkpt lat="46.1957748536" lon="7.2532998581">
        <ele>322.20</ele>
        <time>2026-05-17T08:08:37.000Z</time>
        <extensions>
          <power>210</power>
          <gpxtpx:TrackPointExtension>
            <gpxtpx:atemp>20.9</gpxtpx:atemp>
            <gpxtpx:hr>130</gpxtpx:hr>
            <gpxtpx:cad>85</gpxtpx:cad>
          </gpxtpx:TrackPointExtension>
        </extensions>
      </trkpt>
      <trkpt lat="46.1958223208" lon="7.2533836242">
        <ele>322.28</ele>
        <time>2026-05-17T08:08:38.000Z</time>
        <extensions>
          <power>210</power>
          <gpxtpx:TrackPointExtension>
            <gpxtpx:atemp>20.9</gpxtpx:atemp>
            <gpxtpx:hr>130</gpxtpx:hr>
            <gpxtpx:cad>85</gpxtpx:cad>
          </gpxtpx:TrackPointExtension>
        </extensions>
      </trkpt>
      <trkpt lat="46.1958662772" lon="7.2534666321">
        <ele>322.36</ele>
        <time>2026-05-17T08:08:39.000Z</time>
        <extensions>
          <power>210</power>
          <gpxtpx:TrackPointExtension>
            <gpxtpx:atemp>20.9</gpxtpx:atemp>
            <gpxtpx:hr>131</gpxtpx:hr>
            <gpxtpx:cad>84</gpxtpx:cad>
          </gpxtpx:TrackPointExtension>
        </extensions>
      </trkpt>
      <trkpt lat="46.1959167525" lon="7.2535459584">
        <ele>322.44</ele>
        <time>2026-05-17T08:08:40.000Z</time>
        <extensions>
          <power>210</power>
          <gpxtpx:TrackPointExtension>
            <gpxtpx:atemp>20.9</gpxtpx:atemp>
            <gpxtpx:hr>131</gpxtpx:hr>
            <gpxtpx:cad>84</gpxtpx:cad>
          </gpxtpx:TrackPointExtension>
        </extensions>
      </trkpt>
      <trkpt lat="46.1959656985" lon="7.2536273570">
        <ele>322.52</ele>
        <time>2026-05-17T08:08:41.000Z</time>
        <extensions>
          <power>210</power>
          <gpxtpx:TrackPointExtension>
            <gpxtpx:atemp>20.9</gpxtpx:atemp>
            <gpxtpx:hr>131</gpxtpx:hr>
            <gpxtpx:cad>84</gpxtpx:cad>
          </gpxtpx:TrackPointExtension>
        </extensions>
      </trkpt>
      <trkpt lat="46.1960145877" lon="7.2537030371">
        <ele>322.60</ele>
        <time>2026-05-17T08:08:42.000Z</time>
        <extensions>
          <power>210</power>
          <gpxtpx:TrackPointExtension>
            <gpxtpx:atemp>20.9</gpxtpx:atemp>
            <gpxtpx:hr>131</gpxtpx:hr>
            <gpxtpx:cad>84</gpxtpx:cad>
          </gpxtpx:TrackPointExtension>
        </extensions>
      </trkpt>
      <trkpt lat="46.1960562159" lon="7.2537891517">
        <ele>322.68</ele>
        <time>2026-05-17T08:08:43.000Z</time>
        <extensions>
          <power>210</power>
          <gpxtpx:TrackPointExtension>
            <gpxtpx:atemp>20.9</gpxtpx:atemp>
            <gpxtpx:hr>131</gpxtpx:hr>
            <gpxtpx:cad>84</gpxtpx:cad>
          </gpxtpx:TrackPointExtension>
        </extensions>
      </trkpt>
      <trkpt lat="46.1961014438" lon="7.2538654537">
        <ele>322.76</ele>
        <time>2026-05-17T08:08:44.000Z</time>
        <extensions>
          <power>210</power>
          <gpxtpx:TrackPointExtension>
            <gpxtpx:atemp>20.9</gpxtpx:atemp>
            <gpxtpx:hr>131</gpxtpx:hr>
            <gpxtpx:cad>84</gpxtpx:cad>
          </gpxtpx:TrackPointExtension>
        </extensions>
      </trkpt>
      <trkpt lat="46.1961509690" lon="7.2539507519">
        <ele>322.84</ele>
        <time>2026-05-17T08:08:45.000Z</time>
        <extensions>
          <power>210</power>
          <gpxtpx:TrackPointExtension>
            <gpxtpx:atemp>20.9</gpxtpx:atemp>
            <gpxtpx:hr>131</gpxtpx:hr>
            <gpxtpx:cad>83</gpxtpx:cad>
          </gpxtpx:TrackPointExtension>
        </extensions>
      </trkpt>
      <trkpt lat="46.1961955958" lon="7.2540259045">
        <ele>322.92</ele>
        <time>2026-05-17T08:08:46.000Z</time>
        <extensions>
          <power>210</power>
          <gpxtpx:TrackPointExtension>
            <gpxtpx:atemp>20.9</gpxtpx:atemp>
            <gpxtpx:hr>131</gpxtpx:hr>
            <gpxtpx:cad>83</gpxtpx:cad>
          </gpxtpx:TrackPointExtension>
        </extensions>
      </trkpt>
      <trkpt lat="46.1962413898" lon="7.2540997391">
        <ele>323.00</ele>
        <time>2026-05-17T08:08:47.000Z</time>
        <extensions>
          <power>210</power>
          <gpxtpx:TrackPointExtension>
            <gpxtpx:atemp>20.9</gpxtpx:atemp>
            <gpxtpx:hr>131</gpxtpx:hr>
            <gpxtpx:cad>83</gpxtpx:cad>
          </gpxtpx:TrackPointExtension>
        </extensions>
      </trkpt>
      <trkpt lat="46.1962871513" lon="7.2541872771">
        <ele>323.08</ele>
        <time>2026-05-17T08:08:48.000Z</time>
        <extensions>
          <power>210</power>
          <gpxtpx:TrackPointExtension>
            <gpxtpx:atemp>20.9</gpxtpx:atemp>
            <gpxtpx:hr>131</gpxtpx:hr>
            <gpxtpx:cad>83</gpxtpx:cad>
          </gpxtpx:TrackPointExtension>
        </extensions>
      </trkpt>
      <trkpt lat="46.1963345568" lon="7.2542720070">
        <ele>323.16</ele>
        <time>2026-05-17T08:08:49.000Z</time>
        <extensions>
          <power>210</power>
          <gpxtpx:TrackPointExtension>
            <gpxtpx:atemp>20.9</gpxtpx:atemp>
            <gpxtpx:hr>131</gpxtpx:hr>
            <gpxtpx:cad>83</gpxtpx:cad>
          </gpxtpx:TrackPointExtension>
        </extensions>
      </trkpt>
      <trkpt lat="46.1963841550" lon="7.2543478514">
        <ele>323.24</ele>
        <time>2026-05-17T08:08:50.000Z</time>
        <extensions>
          <power>210</power>
          <gpxtpx:TrackPointExtension>
            <gpxtpx:atemp>20.9</gpxtpx:atemp>
            <gpxtpx:hr>131</gpxtpx:hr>
            <gpxtpx:cad>82</gpxtpx:cad>
          </gpxtpx:TrackPointExtension>
        </extensions>
      </trkpt>
      <trkpt lat="46.1964262445" lon="7.2544242855">
        <ele>323.32</ele>
        <time>2026-05-17T08:08:51.000Z</time>
        <extensions>
          <power>210</power>
          <gpxtpx:TrackPointExtension>
            <gpxtpx:atemp>20.9</gpxtpx:atemp>
            <gpxtpx:hr>131</gpxtpx:hr>
            <gpxtpx:cad>82</gpxtpx:cad>
          </gpxtpx:TrackPointExtension>
        </extensions>
      </trkpt>
      <trkpt lat="46.1964669247" lon="7.2545140769">
        <ele>323.40</ele>
        <time>2026-05-17T08:08:52.000Z</time>
        <extensions>
          <power>210</power>
          <gpxtpx:TrackPointExtension>
            <gpxtpx:atemp>20.9</gpxtpx:atemp>
            <gpxtpx:hr>131</gpxtpx:hr>
            <gpxtpx:cad>82</gpxtpx:cad>
          </gpxtpx:TrackPointExtension>
        </extensions>
      </trkpt>
      <trkpt lat="46.1965157294" lon="7.2545940129">
        <ele>323.48</ele>
        <time>2026-05-17T08:08:53.000Z</time>
        <extensions>
          <power>210</power>
          <gpxtpx:TrackPointExtension>
            <gpxtpx:atemp>20.9</gpxtpx:atemp>
            <gpxtpx:hr>131</gpxtpx:hr>
            <gpxtpx:cad>82</gpxtpx:cad>
          </gpxtpx:TrackPointExtension>
        </extensions>
      </trkpt>
      <trkpt lat="46.1965650809" lon="7.2546786592">
        <ele>323.56</ele>
        <time>2026-05-17T08:08:54.000Z</time>
        <extensions>
          <power>210</power>
          <gpxtpx:TrackPointExtension>
            <gpxtpx:atemp>20.9</gpxtpx:atemp>
            <gpxtpx:hr>131</gpxtpx:hr>
            <gpxtpx:cad>82</gpxtpx:cad>
          </gpxtpx:TrackPointExtension>
        </extensions>
      </trkpt>
      <trkpt lat="46.1966043570" lon="7.2547701766">
        <ele>323.64</ele>
        <time>2026-05-17T08:08:55.000Z</time>
        <extensions>
          <power>210</power>
          <gpxtpx:TrackPointExtension>
            <gpxtpx:atemp>20.9</gpxtpx:atemp>
            <gpxtpx:hr>131</gpxtpx:hr>
            <gpxtpx:cad>81</gpxtpx:cad>
          </gpxtpx:TrackPointExtension>
        </extensions>
      </trkpt>
      <trkpt lat="46.1966526374" lon="7.2548487215">
        <ele>323.73</ele>
        <time>2026-05-17T08:08:56.000Z</time>
        <extensions>
          <power>210</power>
          <gpxtpx:TrackPointExtension>
            <gpxtpx:atemp>20.9</gpxtpx:atemp>
            <gpxtpx:hr>131</gpxtpx:hr>
            <gpxtpx:cad>81</gpxtpx:cad>
          </gpxtpx:TrackPointExtension>
        </extensions>
      </trkpt>
      <trkpt lat="46.1966922166" lon="7.2549393893">
        <ele>323.81</ele>
        <time>2026-05-17T08:08:57.000Z</time>
        <extensions>
          <power>210</power>
          <gpxtpx:TrackPointExtension>
            <gpxtpx:atemp>20.9</gpxtpx:atemp>
            <gpxtpx:hr>131</gpxtpx:hr>
            <gpxtpx:cad>81</gpxtpx:cad>
          </gpxtpx:TrackPointExtension>
        </extensions>
      </trkpt>
      <trkpt lat="46.1967342444" lon="7.2550303279">
        <ele>323.89</ele>
        <time>2026-05-17T08:08:58.000Z</time>
        <extensions>
          <power>210</power>
          <gpxtpx:TrackPointExtension>
            <gpxtpx:atemp>20.9</gpxtpx:atemp>
            <gpxtpx:hr>131</gpxtpx:hr>
            <gpxtpx:cad>81</gpxtpx:cad>
          </gpxtpx:TrackPointExtension>
        </extensions>
      </trkpt>
      <trkpt lat="46.1967782998" lon="7.2551235414">
        <ele>323.97</ele>
        <time>2026-05-17T08:08:59.000Z</time>
        <extensions>
          <power>210</power>
          <gpxtpx:TrackPointExtension>
            <gpxtpx:atemp>20.9</gpxtpx:atemp>
            <gpxtpx:hr>131</gpxtpx:hr>
            <gpxtpx:cad>80</gpxtpx:cad>
          </gpxtpx:TrackPointExtension>
        </extensions>
      </trkpt>
      <trkpt lat="46.1968240243" lon="7.2552143335">
        <ele>324.05</ele>
        <time>2026-05-17T08:09:00.000Z</time>
        <extensions>
          <power>210</power>
          <gpxtpx:TrackPointExtension>
            <gpxtpx:atemp>20.9</gpxtpx:atemp>
            <gpxtpx:hr>131</gpxtpx:hr>
            <gpxtpx:cad>80</gpxtpx:cad>
          </gpxtpx:TrackPointExtension>
        </extensions>
      </trkpt>
      <trkpt lat="46.1968695948" lon="7.2552958316">
        <ele>324.13</ele>
        <time>2026-05-17T08:09:01.000Z</time>
        <extensions>
          <power>210</power>
          <gpxtpx:TrackPointExtension>
            <gpxtpx:atemp>20.9</gpxtpx:atemp>
            <gpxtpx:hr>131</gpxtpx:hr>
            <gpxtpx:cad>80</gpxtpx:cad>
          </gpxtpx:TrackPointExtension>
        </extensions>
      </trkpt>
      <trkpt lat="46.1969138675" lon="7.2553781731">
        <ele>324.21</ele>
        <time>2026-05-17T08:09:02.000Z</time>
        <extensions>
          <power>210</power>
          <gpxtpx:TrackPointExtension>
            <gpxtpx:atemp>20.9</gpxtpx:atemp>
            <gpxtpx:hr>131</gpxtpx:hr>
            <gpxtpx:cad>80</gpxtpx:cad>
          </gpxtpx:TrackPointExtension>
        </extensions>
      </trkpt>
      <trkpt lat="46.1969551814" lon="7.2554616082">
        <ele>324.30</ele>
        <time>2026-05-17T08:09:03.000Z</time>
        <extensions>
          <power>210</power>
          <gpxtpx:TrackPointExtension>
            <gpxtpx:atemp>20.9</gpxtpx:atemp>
            <gpxtpx:hr>131</gpxtpx:hr>
            <gpxtpx:cad>80</gpxtpx:cad>
          </gpxtpx:TrackPointExtension>
        </extensions>
      </trkpt>
      <trkpt lat="46.1969986528" lon="7.2555497789">
        <ele>324.38</ele>
        <time>2026-05-17T08:09:04.000Z</time>
        <extensions>
          <power>210</power>
          <gpxtpx:TrackPointExtension>
            <gpxtpx:atemp>20.9</gpxtpx:atemp>
            <gpxtpx:hr>132</gpxtpx:hr>
            <gpxtpx:cad>79</gpxtpx:cad>
          </gpxtpx:TrackPointExtension>
        </extensions>
      </trkpt>
      <trkpt lat="46.1970417540" lon="7.2556335158">
        <ele>324.46</ele>
        <time>2026-05-17T08:09:05.000Z</time>
        <extensions>
          <power>210</power>
          <gpxtpx:TrackPointExtension>
            <gpxtpx:atemp>20.9</gpxtpx:atemp>
            <gpxtpx:hr>132</gpxtpx:hr>
            <gpxtpx:cad>79</gpxtpx:cad>
          </gpxtpx:TrackPointExtension>
        </extensions>
      </trkpt>
      <trkpt lat="46.1970778479" lon="7.2557185172">
        <ele>324.54</ele>
        <time>2026-05-17T08:09:06.000Z</time>
        <extensions>
          <power>210</power>
          <gpxtpx:TrackPointExtension>
            <gpxtpx:atemp>20.9</gpxtpx:atemp>
            <gpxtpx:hr>132</gpxtpx:hr>
            <gpxtpx:cad>79</gpxtpx:cad>
          </gpxtpx:TrackPointExtension>
        </extensions>
      </trkpt>
      <trkpt lat="46.1971177845" lon="7.2558088529">
        <ele>324.63</ele>
        <time>2026-05-17T08:09:07.000Z</time>
        <extensions>
          <power>210</power>
          <gpxtpx:TrackPointExtension>
            <gpxtpx:atemp>20.9</gpxtpx:atemp>
            <gpxtpx:hr>132</gpxtpx:hr>
            <gpxtpx:cad>79</gpxtpx:cad>
          </gpxtpx:TrackPointExtension>
        </extensions>
      </trkpt>
      <trkpt lat="46.1971615464" lon="7.2558970418">
        <ele>324.71</ele>
        <time>2026-05-17T08:09:08.000Z</time>
        <extensions>
          <power>210</power>
          <gpxtpx:TrackPointExtension>
            <gpxtpx:atemp>20.9</gpxtpx:atemp>
            <gpxtpx:hr>132</gpxtpx:hr>
            <gpxtpx:cad>78</gpxtpx:cad>
          </gpxtpx:TrackPointExtension>
        </extensions>
      </trkpt>
      <trkpt lat="46.1971977430" lon="7.2559912516">
        <ele>324.79</ele>
        <time>2026-05-17T08:09:09.000Z</time>
        <extensions>
          <power>210</power>
          <gpxtpx:TrackPointExtension>
            <gpxtpx:atemp>20.9</gpxtpx:atemp>
            <gpxtpx:hr>132</gpxtpx:hr>
            <gpxtpx:cad>78</gpxtpx:cad>
          </gpxtpx:TrackPointExtension>
        </extensions>
      </trkpt>
      <trkpt lat="46.1972404950" lon="7.2560808280">
        <ele>324.87</ele>
        <time>2026-05-17T08:09:10.000Z</time>
        <extensions>
          <power>210</power>
          <gpxtpx:TrackPointExtension>
            <gpxtpx:atemp>20.9</gpxtpx:atemp>
            <gpxtpx:hr>132</gpxtpx:hr>
            <gpxtpx:cad>78</gpxtpx:cad>
          </gpxtpx:TrackPointExtension>
        </extensions>
      </trkpt>
      <trkpt lat="46.1972829058" lon="7.2561776891">
        <ele>324.96</ele>
        <time>2026-05-17T08:09:11.000Z</time>
        <extensions>
          <power>210</power>
          <gpxtpx:TrackPointExtension>
            <gpxtpx:atemp>20.9</gpxtpx:atemp>
            <gpxtpx:hr>132</gpxtpx:hr>
            <gpxtpx:cad>78</gpxtpx:cad>
          </gpxtpx:TrackPointExtension>
        </extensions>
      </trkpt>
      <trkpt lat="46.1973242287" lon="7.2562697981">
        <ele>325.04</ele>
        <time>2026-05-17T08:09:12.000Z</time>
        <extensions>
          <power>210</power>
          <gpxtpx:TrackPointExtension>
            <gpxtpx:atemp>20.9</gpxtpx:atemp>
            <gpxtpx:hr>132</gpxtpx:hr>
            <gpxtpx:cad>78</gpxtpx:cad>
          </gpxtpx:TrackPointExtension>
        </extensions>
      </trkpt>
      <trkpt lat="46.1973674167" lon="7.2563547924">
        <ele>325.12</ele>
        <time>2026-05-17T08:09:13.000Z</time>
        <extensions>
          <power>210</power>
          <gpxtpx:TrackPointExtension>
            <gpxtpx:atemp>20.9</gpxtpx:atemp>
            <gpxtpx:hr>132</gpxtpx:hr>
            <gpxtpx:cad>77</gpxtpx:cad>
          </gpxtpx:TrackPointExtension>
        </extensions>
      </trkpt>
      <trkpt lat="46.1974036926" lon="7.2564442857">
        <ele>325.20</ele>
        <time>2026-05-17T08:09:14.000Z</time>
        <extensions>
          <power>210</power>
          <gpxtpx:TrackPointExtension>
            <gpxtpx:atemp>20.9</gpxtpx:atemp>
            <gpxtpx:hr>132</gpxtpx:hr>
            <gpxtpx:cad>77</gpxtpx:cad>
          </gpxtpx:TrackPointExtension>
        </extensions>
      </trkpt>
      <trkpt lat="46.1974428711" lon="7.2565439007">
        <ele>325.29</ele>
        <time>2026-05-17T08:09:15.000Z</time>
        <extensions>
          <power>210</power>
          <gpxtpx:TrackPointExtension>
            <gpxtpx:atemp>20.9</gpxtpx:atemp>
            <gpxtpx:hr>132</gpxtpx:hr>
            <gpxtpx:cad>77</gpxtpx:cad>
          </gpxtpx:TrackPointExtension>
        </extensions>
      </trkpt>
      <trkpt lat="46.1974861226" lon="7.2566411764">
        <ele>325.37</ele>
        <time>2026-05-17T08:09:16.000Z</time>
        <extensions>
          <power>210</power>
          <gpxtpx:TrackPointExtension>
            <gpxtpx:atemp>20.9</gpxtpx:atemp>
            <gpxtpx:hr>132</gpxtpx:hr>
            <gpxtpx:cad>77</gpxtpx:cad>
          </gpxtpx:TrackPointExtension>
        </extensions>
      </trkpt>
      <trkpt lat="46.1975211880" lon="7.2567347482">
        <ele>325.45</ele>
        <time>2026-05-17T08:09:17.000Z</time>
        <extensions>
          <power>210</power>
          <gpxtpx:TrackPointExtension>
            <gpxtpx:atemp>20.9</gpxtpx:atemp>
            <gpxtpx:hr>132</gpxtpx:hr>
            <gpxtpx:cad>76</gpxtpx:cad>
          </gpxtpx:TrackPointExtension>
        </extensions>
      </trkpt>
      <trkpt lat="46.1975575987" lon="7.2568213106">
        <ele>325.54</ele>
        <time>2026-05-17T08:09:18.000Z</time>
        <extensions>
          <power>210</power>
          <gpxtpx:TrackPointExtension>
            <gpxtpx:atemp>20.9</gpxtpx:atemp>
            <gpxtpx:hr>132</gpxtpx:hr>
            <gpxtpx:cad>76</gpxtpx:cad>
          </gpxtpx:TrackPointExtension>
        </extensions>
      </trkpt>
      <trkpt lat="46.1975975624" lon="7.2569116704">
        <ele>325.62</ele>
        <time>2026-05-17T08:09:19.000Z</time>
        <extensions>
          <power>210</power>
          <gpxtpx:TrackPointExtension>
            <gpxtpx:atemp>20.9</gpxtpx:atemp>
            <gpxtpx:hr>132</gpxtpx:hr>
            <gpxtpx:cad>76</gpxtpx:cad>
          </gpxtpx:TrackPointExtension>
        </extensions>
      </trkpt>
      <trkpt lat="46.1976327437" lon="7.2570093656">
        <ele>325.70</ele>
        <time>2026-05-17T08:09:20.000Z</time>
        <extensions>
          <power>210</power>
          <gpxtpx:TrackPointExtension>
            <gpxtpx:atemp>20.9</gpxtpx:atemp>
            <gpxtpx:hr>132</gpxtpx:hr>
            <gpxtpx:cad>76</gpxtpx:cad>
          </gpxtpx:TrackPointExtension>
        </extensions>
      </trkpt>
      <trkpt lat="46.1976654744" lon="7.2570982277">
        <ele>325.79</ele>
        <time>2026-05-17T08:09:21.000Z</time>
        <extensions>
          <power>210</power>
          <gpxtpx:TrackPointExtension>
            <gpxtpx:atemp>21.0</gpxtpx:atemp>
            <gpxtpx:hr>132</gpxtpx:hr>
            <gpxtpx:cad>76</gpxtpx:cad>
          </gpxtpx:TrackPointExtension>
        </extensions>
      </trkpt>
      <trkpt lat="46.1977056041" lon="7.2571852350">
        <ele>325.87</ele>
        <time>2026-05-17T08:09:22.000Z</time>
        <extensions>
          <power>210</power>
          <gpxtpx:TrackPointExtension>
            <gpxtpx:atemp>21.0</gpxtpx:atemp>
            <gpxtpx:hr>132</gpxtpx:hr>
            <gpxtpx:cad>75</gpxtpx:cad>
          </gpxtpx:TrackPointExtension>
        </extensions>
      </trkpt>
      <trkpt lat="46.1977453922" lon="7.2572796874">
        <ele>325.95</ele>
        <time>2026-05-17T08:09:23.000Z</time>
        <extensions>
          <power>210</power>
          <gpxtpx:TrackPointExtension>
            <gpxtpx:atemp>21.0</gpxtpx:atemp>
            <gpxtpx:hr>132</gpxtpx:hr>
            <gpxtpx:cad>75</gpxtpx:cad>
          </gpxtpx:TrackPointExtension>
        </extensions>
      </trkpt>
      <trkpt lat="46.1977761084" lon="7.2573733700">
        <ele>326.04</ele>
        <time>2026-05-17T08:09:24.000Z</time>
        <extensions>
          <power>210</power>
          <gpxtpx:TrackPointExtension>
            <gpxtpx:atemp>21.0</gpxtpx:atemp>
            <gpxtpx:hr>132</gpxtpx:hr>
            <gpxtpx:cad>75</gpxtpx:cad>
          </gpxtpx:TrackPointExtension>
        </extensions>
      </trkpt>
      <trkpt lat="46.1978169355" lon="7.2574656311">
        <ele>326.12</ele>
        <time>2026-05-17T08:09:25.000Z</time>
        <extensions>
          <power>210</power>
          <gpxtpx:TrackPointExtension>
            <gpxtpx:atemp>21.0</gpxtpx:atemp>
            <gpxtpx:hr>132</gpxtpx:hr>
            <gpxtpx:cad>75</gpxtpx:cad>
          </gpxtpx:TrackPointExtension>
        </extensions>
      </trkpt>
      <trkpt lat="46.1978556752" lon="7.2575566557">
        <ele>326.20</ele>
        <time>2026-05-17T08:09:26.000Z</time>
        <extensions>
          <power>210</power>
          <gpxtpx:TrackPointExtension>
            <gpxtpx:atemp>21.0</gpxtpx:atemp>
            <gpxtpx:hr>132</gpxtpx:hr>
            <gpxtpx:cad>74</gpxtpx:cad>
          </gpxtpx:TrackPointExtension>
        </extensions>
      </trkpt>
      <trkpt lat="46.1978896609" lon="7.2576483382">
        <ele>326.29</ele>
        <time>2026-05-17T08:09:27.000Z</time>
        <extensions>
          <power>210</power>
          <gpxtpx:TrackPointExtension>
            <gpxtpx:atemp>21.0</gpxtpx:atemp>
            <gpxtpx:hr>132</gpxtpx:hr>
            <gpxtpx:cad>74</gpxtpx:cad>
          </gpxtpx:TrackPointExtension>
        </extensions>
      </trkpt>
      <trkpt lat="46.1979277167" lon="7.2577498203">
        <ele>326.37</ele>
        <time>2026-05-17T08:09:28.000Z</time>
        <extensions>
          <power>210</power>
          <gpxtpx:TrackPointExtension>
            <gpxtpx:atemp>21.0</gpxtpx:atemp>
            <gpxtpx:hr>132</gpxtpx:hr>
            <gpxtpx:cad>74</gpxtpx:cad>
          </gpxtpx:TrackPointExtension>
        </extensions>
      </trkpt>
      <trkpt lat="46.1979583339" lon="7.2578465130">
        <ele>326.45</ele>
        <time>2026-05-17T08:09:29.000Z</time>
        <extensions>
          <power>210</power>
          <gpxtpx:TrackPointExtension>
            <gpxtpx:atemp>21.0</gpxtpx:atemp>
            <gpxtpx:hr>131</gpxtpx:hr>
            <gpxtpx:cad>74</gpxtpx:cad>
          </gpxtpx:TrackPointExtension>
        </extensions>
      </trkpt>
      <trkpt lat="46.1979884018" lon="7.2579414671">
        <ele>326.54</ele>
        <time>2026-05-17T08:09:30.000Z</time>
        <extensions>
          <power>210</power>
          <gpxtpx:TrackPointExtension>
            <gpxtpx:atemp>21.0</gpxtpx:atemp>
            <gpxtpx:hr>131</gpxtpx:hr>
            <gpxtpx:cad>74</gpxtpx:cad>
          </gpxtpx:TrackPointExtension>
        </extensions>
      </trkpt>
      <trkpt lat="46.1980241021" lon="7.2580350576">
        <ele>326.62</ele>
        <time>2026-05-17T08:09:31.000Z</time>
        <extensions>
          <power>210</power>
          <gpxtpx:TrackPointExtension>
            <gpxtpx:atemp>21.0</gpxtpx:atemp>
            <gpxtpx:hr>131</gpxtpx:hr>
            <gpxtpx:cad>73</gpxtpx:cad>
          </gpxtpx:TrackPointExtension>
        </extensions>
      </trkpt>
      <trkpt lat="46.1980630060" lon="7.2581263549">
        <ele>326.71</ele>
        <time>2026-05-17T08:09:32.000Z</time>
        <extensions>
          <power>210</power>
          <gpxtpx:TrackPointExtension>
            <gpxtpx:atemp>21.0</gpxtpx:atemp>
            <gpxtpx:hr>131</gpxtpx:hr>
            <gpxtpx:cad>73</gpxtpx:cad>
          </gpxtpx:TrackPointExtension>
        </extensions>
      </trkpt>
      <trkpt lat="46.1980950881" lon="7.2582262939">
        <ele>326.79</ele>
        <time>2026-05-17T08:09:33.000Z</time>
        <extensions>
          <power>210</power>
          <gpxtpx:TrackPointExtension>
            <gpxtpx:atemp>21.0</gpxtpx:atemp>
            <gpxtpx:hr>131</gpxtpx:hr>
            <gpxtpx:cad>73</gpxtpx:cad>
          </gpxtpx:TrackPointExtension>
        </extensions>
      </trkpt>
      <trkpt lat="46.1981256262" lon="7.2583280851">
        <ele>326.87</ele>
        <time>2026-05-17T08:09:34.000Z</time>
        <extensions>
          <power>210</power>
          <gpxtpx:TrackPointExtension>
            <gpxtpx:atemp>21.0</gpxtpx:atemp>
            <gpxtpx:hr>131</gpxtpx:hr>
            <gpxtpx:cad>73</gpxtpx:cad>
          </gpxtpx:TrackPointExtension>
        </extensions>
      </trkpt>
      <trkpt lat="46.1981579580" lon="7.2584236550">
        <ele>326.96</ele>
        <time>2026-05-17T08:09:35.000Z</time>
        <extensions>
          <power>210</power>
          <gpxtpx:TrackPointExtension>
            <gpxtpx:atemp>21.0</gpxtpx:atemp>
            <gpxtpx:hr>131</gpxtpx:hr>
            <gpxtpx:cad>73</gpxtpx:cad>
          </gpxtpx:TrackPointExtension>
        </extensions>
      </trkpt>
      <trkpt lat="46.1981954959" lon="7.2585188074">
        <ele>327.04</ele>
        <time>2026-05-17T08:09:36.000Z</time>
        <extensions>
          <power>210</power>
          <gpxtpx:TrackPointExtension>
            <gpxtpx:atemp>21.0</gpxtpx:atemp>
            <gpxtpx:hr>131</gpxtpx:hr>
            <gpxtpx:cad>72</gpxtpx:cad>
          </gpxtpx:TrackPointExtension>
        </extensions>
      </trkpt>
      <trkpt lat="46.1982286658" lon="7.2586111827">
        <ele>327.12</ele>
        <time>2026-05-17T08:09:37.000Z</time>
        <extensions>
          <power>210</power>
          <gpxtpx:TrackPointExtension>
            <gpxtpx:atemp>21.0</gpxtpx:atemp>
            <gpxtpx:hr>131</gpxtpx:hr>
            <gpxtpx:cad>72</gpxtpx:cad>
          </gpxtpx:TrackPointExtension>
        </extensions>
      </trkpt>
      <trkpt lat="46.1982588488" lon="7.2587104938">
        <ele>327.21</ele>
        <time>2026-05-17T08:09:38.000Z</time>
        <extensions>
          <power>210</power>
          <gpxtpx:TrackPointExtension>
            <gpxtpx:atemp>21.0</gpxtpx:atemp>
            <gpxtpx:hr>131</gpxtpx:hr>
            <gpxtpx:cad>72</gpxtpx:cad>
          </gpxtpx:TrackPointExtension>
        </extensions>
      </trkpt>
      <trkpt lat="46.1982897451" lon="7.2588026347">
        <ele>327.29</ele>
        <time>2026-05-17T08:09:39.000Z</time>
        <extensions>
          <power>210</power>
          <gpxtpx:TrackPointExtension>
            <gpxtpx:atemp>21.0</gpxtpx:atemp>
            <gpxtpx:hr>131</gpxtpx:hr>
            <gpxtpx:cad>72</gpxtpx:cad>
          </gpxtpx:TrackPointExtension>
        </extensions>
      </trkpt>
      <trkpt lat="46.1983244331" lon="7.2589002930">
        <ele>327.38</ele>
        <time>2026-05-17T08:09:40.000Z</time>
        <extensions>
          <power>210</power>
          <gpxtpx:TrackPointExtension>
            <gpxtpx:atemp>21.0</gpxtpx:atemp>
            <gpxtpx:hr>131</gpxtpx:hr>
            <gpxtpx:cad>72</gpxtpx:cad>
          </gpxtpx:TrackPointExtension>
        </extensions>
      </trkpt>
      <trkpt lat="46.1983587585" lon="7.2589950754">
        <ele>327.46</ele>
        <time>2026-05-17T08:09:41.000Z</time>
        <extensions>
          <power>210</power>
          <gpxtpx:TrackPointExtension>
            <gpxtpx:atemp>21.0</gpxtpx:atemp>
            <gpxtpx:hr>131</gpxtpx:hr>
            <gpxtpx:cad>72</gpxtpx:cad>
          </gpxtpx:TrackPointExtension>
        </extensions>
      </trkpt>
      <trkpt lat="46.1983884440" lon="7.2590984699">
        <ele>327.54</ele>
        <time>2026-05-17T08:09:42.000Z</time>
        <extensions>
          <power>210</power>
          <gpxtpx:TrackPointExtension>
            <gpxtpx:atemp>21.0</gpxtpx:atemp>
            <gpxtpx:hr>131</gpxtpx:hr>
            <gpxtpx:cad>71</gpxtpx:cad>
          </gpxtpx:TrackPointExtension>
        </extensions>
      </trkpt>
      <trkpt lat="46.1984219305" lon="7.2591931219">
        <ele>327.63</ele>
        <time>2026-05-17T08:09:43.000Z</time>
        <extensions>
          <power>210</power>
          <gpxtpx:TrackPointExtension>
            <gpxtpx:atemp>21.0</gpxtpx:atemp>
            <gpxtpx:hr>131</gpxtpx:hr>
            <gpxtpx:cad>71</gpxtpx:cad>
          </gpxtpx:TrackPointExtension>
        </extensions>
      </trkpt>
      <trkpt lat="46.1984554069" lon="7.2592863792">
        <ele>327.71</ele>
        <time>2026-05-17T08:09:44.000Z</time>
        <extensions>
          <power>210</power>
          <gpxtpx:TrackPointExtension>
            <gpxtpx:atemp>21.0</gpxtpx:atemp>
            <gpxtpx:hr>131</gpxtpx:hr>
            <gpxtpx:cad>71</gpxtpx:cad>
          </gpxtpx:TrackPointExtension>
        </extensions>
      </trkpt>
      <trkpt lat="46.1984841779" lon="7.2593835755">
        <ele>327.80</ele>
        <time>2026-05-17T08:09:45.000Z</time>
        <extensions>
          <power>210</power>
          <gpxtpx:TrackPointExtension>
            <gpxtpx:atemp>21.0</gpxtpx:atemp>
            <gpxtpx:hr>131</gpxtpx:hr>
            <gpxtpx:cad>71</gpxtpx:cad>
          </gpxtpx:TrackPointExtension>
        </extensions>
      </trkpt>
      <trkpt lat="46.1985203405" lon="7.2594868890">
        <ele>327.88</ele>
        <time>2026-05-17T08:09:46.000Z</time>
        <extensions>
          <power>210</power>
          <gpxtpx:TrackPointExtension>
            <gpxtpx:atemp>21.0</gpxtpx:atemp>
            <gpxtpx:hr>131</gpxtpx:hr>
            <gpxtpx:cad>71</gpxtpx:cad>
          </gpxtpx:TrackPointExtension>
        </extensions>
      </trkpt>
      <trkpt lat="46.1985528743" lon="7.2595787548">
        <ele>327.96</ele>
        <time>2026-05-17T08:09:47.000Z</time>
        <extensions>
          <power>210</power>
          <gpxtpx:TrackPointExtension>
            <gpxtpx:atemp>21.0</gpxtpx:atemp>
            <gpxtpx:hr>131</gpxtpx:hr>
            <gpxtpx:cad>71</gpxtpx:cad>
          </gpxtpx:TrackPointExtension>
        </extensions>
      </trkpt>
      <trkpt lat="46.1985820598" lon="7.2596810894">
        <ele>328.05</ele>
        <time>2026-05-17T08:09:48.000Z</time>
        <extensions>
          <power>210</power>
          <gpxtpx:TrackPointExtension>
            <gpxtpx:atemp>21.0</gpxtpx:atemp>
            <gpxtpx:hr>131</gpxtpx:hr>
            <gpxtpx:cad>70</gpxtpx:cad>
          </gpxtpx:TrackPointExtension>
        </extensions>
      </trkpt>
      <trkpt lat="46.1986202159" lon="7.2597808503">
        <ele>328.13</ele>
        <time>2026-05-17T08:09:49.000Z</time>
        <extensions>
          <power>210</power>
          <gpxtpx:TrackPointExtension>
            <gpxtpx:atemp>21.0</gpxtpx:atemp>
            <gpxtpx:hr>131</gpxtpx:hr>
            <gpxtpx:cad>70</gpxtpx:cad>
          </gpxtpx:TrackPointExtension>
        </extensions>
      </trkpt>
      <trkpt lat="46.1986524614" lon="7.2598853208">
        <ele>328.22</ele>
        <time>2026-05-17T08:09:50.000Z</time>
        <extensions>
          <power>210</power>
          <gpxtpx:TrackPointExtension>
            <gpxtpx:atemp>21.0</gpxtpx:atemp>
            <gpxtpx:hr>131</gpxtpx:hr>
            <gpxtpx:cad>70</gpxtpx:cad>
          </gpxtpx:TrackPointExtension>
        </extensions>
      </trkpt>
      <trkpt lat="46.1986819655" lon="7.2599866157">
        <ele>328.30</ele>
        <time>2026-05-17T08:09:51.000Z</time>
        <extensions>
          <power>210</power>
          <gpxtpx:TrackPointExtension>
            <gpxtpx:atemp>21.0</gpxtpx:atemp>
            <gpxtpx:hr>131</gpxtpx:hr>
            <gpxtpx:cad>70</gpxtpx:cad>
          </gpxtpx:TrackPointExtension>
        </extensions>
      </trkpt>
      <trkpt lat="46.1987166331" lon="7.2600913515">
        <ele>328.38</ele>
        <time>2026-05-17T08:09:52.000Z</time>
        <extensions>
          <power>210</power>
          <gpxtpx:TrackPointExtension>
            <gpxtpx:atemp>21.0</gpxtpx:atemp>
            <gpxtpx:hr>131</gpxtpx:hr>
            <gpxtpx:cad>70</gpxtpx:cad>
          </gpxtpx:TrackPointExtension>
        </extensions>
      </trkpt>
      <trkpt lat="46.1987446785" lon="7.2601869945">
        <ele>328.47</ele>
        <time>2026-05-17T08:09:53.000Z</time>
        <extensions>
          <power>210</power>
          <gpxtpx:TrackPointExtension>
            <gpxtpx:atemp>21.0</gpxtpx:atemp>
            <gpxtpx:hr>131</gpxtpx:hr>
            <gpxtpx:cad>70</gpxtpx:cad>
          </gpxtpx:TrackPointExtension>
        </extensions>
      </trkpt>
      <trkpt lat="46.1987799078" lon="7.2602796546">
        <ele>328.55</ele>
        <time>2026-05-17T08:09:54.000Z</time>
        <extensions>
          <power>210</power>
          <gpxtpx:TrackPointExtension>
            <gpxtpx:atemp>21.0</gpxtpx:atemp>
            <gpxtpx:hr>130</gpxtpx:hr>
            <gpxtpx:cad>70</gpxtpx:cad>
          </gpxtpx:TrackPointExtension>
        </extensions>
      </trkpt>
      <trkpt lat="46.1988155758" lon="7.2603768692">
        <ele>328.64</ele>
        <time>2026-05-17T08:09:55.000Z</time>
        <extensions>
          <power>210</power>
          <gpxtpx:TrackPointExtension>
            <gpxtpx:atemp>21.0</gpxtpx:atemp>
            <gpxtpx:hr>130</gpxtpx:hr>
            <gpxtpx:cad>69</gpxtpx:cad>
          </gpxtpx:TrackPointExtension>
        </extensions>
      </trkpt>
      <trkpt lat="46.1988482920" lon="7.2604734932">
        <ele>328.72</ele>
        <time>2026-05-17T08:09:56.000Z</time>
        <extensions>
          <power>210</power>
          <gpxtpx:TrackPointExtension>
            <gpxtpx:atemp>21.0</gpxtpx:atemp>
            <gpxtpx:hr>130</gpxtpx:hr>
            <gpxtpx:cad>69</gpxtpx:cad>
          </gpxtpx:TrackPointExtension>
        </extensions>
      </trkpt>
      <trkpt lat="46.1988821265" lon="7.2605664429">
        <ele>328.80</ele>
        <time>2026-05-17T08:09:57.000Z</time>
        <extensions>
          <power>210</power>
          <gpxtpx:TrackPointExtension>
            <gpxtpx:atemp>21.0</gpxtpx:atemp>
            <gpxtpx:hr>130</gpxtpx:hr>
            <gpxtpx:cad>69</gpxtpx:cad>
          </gpxtpx:TrackPointExtension>
        </extensions>
      </trkpt>
      <trkpt lat="46.1989190746" lon="7.2606657196">
        <ele>328.89</ele>
        <time>2026-05-17T08:09:58.000Z</time>
        <extensions>
          <power>210</power>
          <gpxtpx:TrackPointExtension>
            <gpxtpx:atemp>21.0</gpxtpx:atemp>
            <gpxtpx:hr>130</gpxtpx:hr>
            <gpxtpx:cad>69</gpxtpx:cad>
          </gpxtpx:TrackPointExtension>
        </extensions>
      </trkpt>
      <trkpt lat="46.1989478679" lon="7.2607619502">
        <ele>328.97</ele>
        <time>2026-05-17T08:09:59.000Z</time>
        <extensions>
          <power>210</power>
          <gpxtpx:TrackPointExtension>
            <gpxtpx:atemp>21.0</gpxtpx:atemp>
            <gpxtpx:hr>130</gpxtpx:hr>
            <gpxtpx:cad>69</gpxtpx:cad>
          </gpxtpx:TrackPointExtension>
        </extensions>
      </trkpt>
    </trkseg>
  </trk>
</gpx>
